day,buzz,positive_buzz,negative_buzz,quality,postive_quality,negative_quality,impression,positive_impression,negative_impression,value,positive_value,negative_value,reputation,positive_reputation,negative_reputation,satisfaction,positive_satisfaction,negative_satisfaction,recommend,positive_recommend,negative_recommend,awareness,attention,ad_awareness,wom_exposure,consideration,purchase_intent
2015-01-01,785.458589,785.458589,785.458589,785.458589,785.458589,785.458589,785.458589,785.458589,785.458589,785.458589,785.458589,785.458589,785.458589,785.458589,785.458589,785.458589,785.458589,785.458589,785.458589,785.458589,785.458589,785.458589,785.458589,785.458589,785.458589,785.458589,785.458589
2015-01-02,784.734071,784.734071,784.734071,784.734071,784.734071,784.734071,784.734071,784.734071,784.734071,784.734071,784.734071,784.734071,784.734071,784.734071,784.734071,784.734071,784.734071,784.734071,784.734071,784.734071,784.734071,784.734071,784.734071,784.734071,784.734071,784.734071,784.734071
2015-01-03,777.957688,777.957688,777.957688,777.957688,777.957688,777.957688,777.957688,777.957688,777.957688,777.957688,777.957688,777.957688,777.957688,777.957688,777.957688,777.957688,777.957688,777.957688,777.957688,777.957688,777.957688,777.957688,777.957688,777.957688,777.957688,777.957688,777.957688
2015-01-04,781.948811,781.948811,781.948811,781.948811,781.948811,781.948811,781.948811,781.948811,781.948811,781.948811,781.948811,781.948811,781.948811,781.948811,781.948811,781.948811,781.948811,781.948811,781.948811,781.948811,781.948811,781.948811,781.948811,781.948811,781.948811,781.948811,781.948811
2015-01-05,784.96062,784.96062,784.96062,784.96062,784.96062,784.96062,784.96062,784.96062,784.96062,784.96062,784.96062,784.96062,784.96062,784.96062,784.96062,784.96062,784.96062,784.96062,784.96062,784.96062,784.96062,784.96062,784.96062,784.96062,784.96062,784.96062,784.96062
2015-01-06,787.840281,787.840281,787.840281,787.840281,787.840281,787.840281,787.840281,787.840281,787.840281,787.840281,787.840281,787.840281,787.840281,787.840281,787.840281,787.840281,787.840281,787.840281,787.840281,787.840281,787.840281,787.840281,787.840281,787.840281,787.840281,787.840281,787.840281
2015-01-07,813.147912,813.147912,813.147912,813.147912,813.147912,813.147912,813.147912,813.147912,813.147912,813.147912,813.147912,813.147912,813.147912,813.147912,813.147912,813.147912,813.147912,813.147912,813.147912,813.147912,813.147912,813.147912,813.147912,813.147912,813.147912,813.147912,813.147912
2015-01-08,799.782044,799.782044,799.782044,799.782044,799.782044,799.782044,799.782044,799.782044,799.782044,799.782044,799.782044,799.782044,799.782044,799.782044,799.782044,799.782044,799.782044,799.782044,799.782044,799.782044,799.782044,799.782044,799.782044,799.782044,799.782044,799.782044,799.782044
2015-01-09,799.061634,799.061634,799.061634,799.061634,799.061634,799.061634,799.061634,799.061634,799.061634,799.061634,799.061634,799.061634,799.061634,799.061634,799.061634,799.061634,799.061634,799.061634,799.061634,799.061634,799.061634,799.061634,799.061634,799.061634,799.061634,799.061634,799.061634
2015-01-10,815.528939,815.528939,815.528939,815.528939,815.528939,815.528939,815.528939,815.528939,815.528939,815.528939,815.528939,815.528939,815.528939,815.528939,815.528939,815.528939,815.528939,815.528939,815.528939,815.528939,815.528939,815.528939,815.528939,815.528939,815.528939,815.528939,815.528939
2015-01-11,796.397785,796.397785,796.397785,796.397785,796.397785,796.397785,796.397785,796.397785,796.397785,796.397785,796.397785,796.397785,796.397785,796.397785,796.397785,796.397785,796.397785,796.397785,796.397785,796.397785,796.397785,796.397785,796.397785,796.397785,796.397785,796.397785,796.397785
2015-01-12,778.056897,778.056897,778.056897,778.056897,778.056897,778.056897,778.056897,778.056897,778.056897,778.056897,778.056897,778.056897,778.056897,778.056897,778.056897,778.056897,778.056897,778.056897,778.056897,778.056897,778.056897,778.056897,778.056897,778.056897,778.056897,778.056897,778.056897
2015-01-13,778.003254,778.003254,778.003254,778.003254,778.003254,778.003254,778.003254,778.003254,778.003254,778.003254,778.003254,778.003254,778.003254,778.003254,778.003254,778.003254,778.003254,778.003254,778.003254,778.003254,778.003254,778.003254,778.003254,778.003254,778.003254,778.003254,778.003254
2015-01-14,742.843714,742.843714,742.843714,742.843714,742.843714,742.843714,742.843714,742.843714,742.843714,742.843714,742.843714,742.843714,742.843714,742.843714,742.843714,742.843714,742.843714,742.843714,742.843714,742.843714,742.843714,742.843714,742.843714,742.843714,742.843714,742.843714,742.843714
2015-01-15,739.70082,739.70082,739.70082,739.70082,739.70082,739.70082,739.70082,739.70082,739.70082,739.70082,739.70082,739.70082,739.70082,739.70082,739.70082,739.70082,739.70082,739.70082,739.70082,739.70082,739.70082,739.70082,739.70082,739.70082,739.70082,739.70082,739.70082
2015-01-16,748.320712,748.320712,748.320712,748.320712,748.320712,748.320712,748.320712,748.320712,748.320712,748.320712,748.320712,748.320712,748.320712,748.320712,748.320712,748.320712,748.320712,748.320712,748.320712,748.320712,748.320712,748.320712,748.320712,748.320712,748.320712,748.320712,748.320712
2015-01-17,728.013949,728.013949,728.013949,728.013949,728.013949,728.013949,728.013949,728.013949,728.013949,728.013949,728.013949,728.013949,728.013949,728.013949,728.013949,728.013949,728.013949,728.013949,728.013949,728.013949,728.013949,728.013949,728.013949,728.013949,728.013949,728.013949,728.013949
2015-01-18,751.795859,751.795859,751.795859,751.795859,751.795859,751.795859,751.795859,751.795859,751.795859,751.795859,751.795859,751.795859,751.795859,751.795859,751.795859,751.795859,751.795859,751.795859,751.795859,751.795859,751.795859,751.795859,751.795859,751.795859,751.795859,751.795859,751.795859
2015-01-19,769.71314,769.71314,769.71314,769.71314,769.71314,769.71314,769.71314,769.71314,769.71314,769.71314,769.71314,769.71314,769.71314,769.71314,769.71314,769.71314,769.71314,769.71314,769.71314,769.71314,769.71314,769.71314,769.71314,769.71314,769.71314,769.71314,769.71314
2015-01-20,790.177593,790.177593,790.177593,790.177593,790.177593,790.177593,790.177593,790.177593,790.177593,790.177593,790.177593,790.177593,790.177593,790.177593,790.177593,790.177593,790.177593,790.177593,790.177593,790.177593,790.177593,790.177593,790.177593,790.177593,790.177593,790.177593,790.177593
2015-01-21,797.571605,797.571605,797.571605,797.571605,797.571605,797.571605,797.571605,797.571605,797.571605,797.571605,797.571605,797.571605,797.571605,797.571605,797.571605,797.571605,797.571605,797.571605,797.571605,797.571605,797.571605,797.571605,797.571605,797.571605,797.571605,797.571605,797.571605
2015-01-22,779.471312,779.471312,779.471312,779.471312,779.471312,779.471312,779.471312,779.471312,779.471312,779.471312,779.471312,779.471312,779.471312,779.471312,779.471312,779.471312,779.471312,779.471312,779.471312,779.471312,779.471312,779.471312,779.471312,779.471312,779.471312,779.471312,779.471312
2015-01-23,780.844038,780.844038,780.844038,780.844038,780.844038,780.844038,780.844038,780.844038,780.844038,780.844038,780.844038,780.844038,780.844038,780.844038,780.844038,781.723627,781.723627,781.723627,780.844038,780.844038,780.844038,781.723627,781.723627,781.723627,781.723627,780.844038,781.723627
2015-01-24,789.105673,789.105673,789.105673,789.105673,789.105673,789.105673,789.105673,789.105673,789.105673,789.105673,789.105673,789.105673,789.105673,789.105673,789.105673,789.985262,789.985262,789.985262,789.105673,789.105673,789.105673,789.985262,789.985262,789.985262,789.985262,789.105673,789.985262
2015-01-25,783.082177,783.082177,783.082177,783.082177,783.082177,783.082177,783.082177,783.082177,783.082177,783.082177,783.082177,783.082177,783.082177,783.082177,783.082177,783.961766,783.961766,783.961766,783.082177,783.082177,783.082177,783.961766,783.961766,783.961766,783.961766,783.082177,783.961766
2015-01-26,802.640093,802.640093,802.640093,802.640093,802.640093,802.640093,802.640093,802.640093,802.640093,802.640093,802.640093,802.640093,802.640093,802.640093,802.640093,803.519682,803.519682,803.519682,802.640093,802.640093,802.640093,803.519682,803.519682,803.519682,803.519682,802.640093,803.519682
2015-01-27,791.632694,791.632694,791.632694,791.632694,791.632694,791.632694,791.632694,791.632694,791.632694,791.632694,791.632694,791.632694,791.632694,791.632694,791.632694,792.512283,792.512283,792.512283,791.632694,791.632694,791.632694,792.512283,792.512283,792.512283,792.512283,791.632694,792.512283
2015-01-28,806.619475,806.619475,806.619475,806.619475,806.619475,806.619475,806.619475,806.619475,806.619475,806.619475,806.619475,806.619475,806.619475,806.619475,806.619475,807.499064,807.499064,807.499064,806.619475,806.619475,806.619475,807.499064,807.499064,807.499064,807.499064,806.619475,807.499064
2015-01-29,833.539693,833.539693,833.539693,833.539693,833.539693,833.539693,833.539693,833.539693,833.539693,833.539693,833.539693,833.539693,833.539693,833.539693,833.539693,834.419282,834.419282,834.419282,833.539693,833.539693,833.539693,834.419282,834.419282,834.419282,834.419282,833.539693,834.419282
2015-01-30,837.494095,837.494095,837.494095,837.494095,837.494095,837.494095,837.494095,837.494095,837.494095,837.494095,837.494095,837.494095,837.494095,837.494095,837.494095,837.494095,837.494095,837.494095,837.494095,837.494095,837.494095,837.494095,837.494095,837.494095,837.494095,837.494095,837.494095
2015-01-31,827.80706,827.80706,827.80706,827.80706,827.80706,827.80706,827.80706,827.80706,827.80706,827.80706,827.80706,827.80706,827.80706,827.80706,827.80706,827.80706,827.80706,827.80706,827.80706,827.80706,827.80706,827.80706,827.80706,827.80706,827.80706,827.80706,827.80706
2015-02-01,838.077554,838.077554,838.077554,838.077554,838.077554,838.077554,838.077554,838.077554,838.077554,838.077554,838.077554,838.077554,838.077554,838.077554,838.077554,838.077554,838.077554,838.077554,838.077554,838.077554,838.077554,838.077554,838.077554,838.077554,838.077554,838.077554,838.077554
2015-02-02,812.179556,812.179556,812.179556,812.179556,812.179556,812.179556,812.179556,812.179556,812.179556,812.179556,812.179556,812.179556,812.179556,812.179556,812.179556,812.179556,812.179556,812.179556,812.179556,812.179556,812.179556,812.179556,812.179556,812.179556,812.179556,812.179556,812.179556
2015-02-03,794.505946,794.505946,794.505946,794.505946,794.505946,794.505946,794.505946,794.505946,794.505946,794.505946,794.505946,794.505946,794.505946,794.505946,794.505946,794.505946,794.505946,794.505946,794.505946,794.505946,794.505946,794.505946,794.505946,794.505946,794.505946,794.505946,794.505946
2015-02-04,813.292686,813.292686,813.292686,813.292686,813.292686,813.292686,813.292686,813.292686,813.292686,813.292686,813.292686,813.292686,813.292686,813.292686,813.292686,813.292686,813.292686,813.292686,813.292686,813.292686,813.292686,813.292686,813.292686,813.292686,813.292686,813.292686,813.292686
2015-02-05,788.558562,788.558562,788.558562,788.558562,788.558562,788.558562,788.558562,788.558562,788.558562,788.558562,788.558562,788.558562,788.558562,788.558562,788.558562,788.558562,788.558562,788.558562,788.558562,788.558562,788.558562,788.558562,788.558562,788.558562,788.558562,788.558562,788.558562
2015-02-06,786.567033,786.567033,786.567033,786.567033,786.567033,786.567033,786.567033,786.567033,786.567033,786.567033,786.567033,786.567033,786.567033,786.567033,786.567033,786.567033,786.567033,786.567033,786.567033,786.567033,786.567033,786.567033,786.567033,786.567033,786.567033,786.567033,786.567033
2015-02-07,785.48293,785.48293,785.48293,785.48293,785.48293,785.48293,785.48293,785.48293,785.48293,785.48293,785.48293,785.48293,785.48293,785.48293,785.48293,785.48293,785.48293,785.48293,785.48293,785.48293,785.48293,785.48293,785.48293,785.48293,785.48293,785.48293,785.48293
2015-02-08,766.489962,766.489962,766.489962,766.489962,766.489962,766.489962,766.489962,766.489962,766.489962,766.489962,766.489962,766.489962,766.489962,766.489962,766.489962,766.489962,766.489962,766.489962,766.489962,766.489962,766.489962,766.489962,766.489962,766.489962,766.489962,766.489962,766.489962
2015-02-09,784.080491,784.080491,784.080491,784.080491,784.080491,784.080491,784.080491,784.080491,784.080491,784.080491,784.080491,784.080491,784.080491,784.080491,784.080491,784.080491,784.080491,784.080491,784.080491,784.080491,784.080491,784.080491,784.080491,784.080491,784.080491,784.080491,784.080491
2015-02-10,810.440459,810.440459,810.440459,810.440459,810.440459,810.440459,810.440459,810.440459,810.440459,810.440459,810.440459,810.440459,810.440459,810.440459,810.440459,810.440459,810.440459,810.440459,810.440459,810.440459,810.440459,810.440459,810.440459,810.440459,810.440459,810.440459,810.440459
2015-02-11,794.58623,794.58623,794.58623,794.58623,794.58623,794.58623,794.58623,794.58623,794.58623,794.58623,794.58623,794.58623,794.58623,794.58623,794.58623,794.58623,794.58623,794.58623,794.58623,794.58623,794.58623,794.58623,794.58623,794.58623,794.58623,794.58623,794.58623
2015-02-12,831.564956,831.564956,831.564956,831.564956,831.564956,831.564956,831.564956,831.564956,831.564956,831.564956,831.564956,831.564956,831.564956,831.564956,831.564956,831.564956,831.564956,831.564956,831.564956,831.564956,831.564956,831.564956,831.564956,831.564956,831.564956,831.564956,831.564956
2015-02-13,832.713159,832.713159,832.713159,832.713159,832.713159,832.713159,832.713159,832.713159,832.713159,832.713159,832.713159,832.713159,832.713159,832.713159,832.713159,832.713159,832.713159,832.713159,832.713159,832.713159,832.713159,832.713159,832.713159,832.713159,832.713159,832.713159,832.713159
2015-02-14,842.035932,842.035932,842.035932,842.035932,842.035932,842.035932,842.035932,842.035932,842.035932,842.035932,842.035932,842.035932,842.035932,842.035932,842.035932,842.035932,842.035932,842.035932,842.035932,842.035932,842.035932,842.035932,842.035932,842.035932,842.035932,842.035932,842.035932
2015-02-15,841.88821,841.88821,841.88821,841.88821,841.88821,841.88821,841.88821,841.88821,841.88821,841.88821,841.88821,841.88821,841.88821,841.88821,841.88821,841.88821,841.88821,841.88821,841.88821,841.88821,841.88821,841.88821,841.88821,841.88821,841.88821,841.88821,841.88821
2015-02-16,832.903043,832.903043,832.903043,832.903043,832.903043,832.903043,832.903043,832.903043,832.903043,832.903043,832.903043,832.903043,832.903043,832.903043,832.903043,832.903043,832.903043,832.903043,832.903043,832.903043,832.903043,832.903043,832.903043,832.903043,832.903043,832.903043,832.903043
2015-02-17,849.474314,849.474314,849.474314,849.474314,849.474314,849.474314,849.474314,849.474314,849.474314,849.474314,849.474314,849.474314,849.474314,849.474314,849.474314,849.474314,849.474314,849.474314,849.474314,849.474314,849.474314,849.474314,849.474314,849.474314,849.474314,849.474314,849.474314
2015-02-18,841.465755,841.465755,841.465755,841.465755,841.465755,841.465755,841.465755,841.465755,841.465755,841.465755,841.465755,841.465755,841.465755,841.465755,841.465755,841.465755,841.465755,841.465755,841.465755,841.465755,841.465755,841.465755,841.465755,841.465755,841.465755,841.465755,841.465755
2015-02-19,831.892292,831.892292,831.892292,831.892292,831.892292,831.892292,831.892292,831.892292,831.892292,831.892292,831.892292,831.892292,831.892292,831.892292,831.892292,831.892292,831.892292,831.892292,831.892292,831.892292,831.892292,831.892292,831.892292,831.892292,831.892292,831.892292,831.892292
2015-02-20,851.916939,851.916939,851.916939,851.916939,851.916939,851.916939,851.916939,851.916939,851.916939,851.916939,851.916939,851.916939,851.916939,851.916939,851.916939,851.916939,851.916939,851.916939,851.916939,851.916939,851.916939,851.916939,851.916939,851.916939,851.916939,851.916939,851.916939
2015-02-21,850.985968,850.985968,850.985968,850.985968,850.985968,850.985968,850.985968,850.985968,850.985968,850.985968,850.985968,850.985968,850.985968,850.985968,850.985968,850.985968,850.985968,850.985968,850.985968,850.985968,850.985968,850.985968,850.985968,850.985968,850.985968,850.985968,850.985968
2015-02-22,859.657281,859.657281,859.657281,859.657281,859.657281,859.657281,859.657281,859.657281,859.657281,859.657281,859.657281,859.657281,859.657281,859.657281,859.657281,859.657281,859.657281,859.657281,859.657281,859.657281,859.657281,859.657281,859.657281,859.657281,859.657281,859.657281,859.657281
2015-02-23,846.087959,846.087959,846.087959,846.087959,846.087959,846.087959,846.087959,846.087959,846.087959,846.087959,846.087959,846.087959,846.087959,846.087959,846.087959,846.087959,846.087959,846.087959,846.087959,846.087959,846.087959,846.087959,846.087959,846.087959,846.087959,846.087959,846.087959
2015-02-24,827.533304,827.533304,827.533304,827.533304,827.533304,827.533304,827.533304,827.533304,827.533304,827.533304,827.533304,827.533304,827.533304,827.533304,827.533304,827.533304,827.533304,827.533304,827.533304,827.533304,827.533304,827.533304,827.533304,827.533304,827.533304,827.533304,827.533304
2015-02-25,802.472389,802.472389,802.472389,802.472389,802.472389,802.472389,802.472389,802.472389,802.472389,802.472389,802.472389,802.472389,802.472389,802.472389,802.472389,802.472389,802.472389,802.472389,802.472389,802.472389,802.472389,802.472389,802.472389,802.472389,802.472389,802.472389,802.472389
2015-02-26,760.682207,760.682207,760.682207,760.682207,760.682207,760.682207,760.682207,760.682207,760.682207,760.682207,760.682207,760.682207,760.682207,760.682207,760.682207,760.682207,760.682207,760.682207,760.682207,760.682207,760.682207,760.682207,760.682207,760.682207,760.682207,760.682207,760.682207
2015-02-27,719.331659,719.331659,719.331659,719.331659,719.331659,719.331659,719.331659,719.331659,719.331659,719.331659,719.331659,719.331659,719.331659,719.331659,719.331659,719.331659,719.331659,719.331659,719.331659,719.331659,719.331659,719.331659,719.331659,719.331659,719.331659,719.331659,719.331659
2015-02-28,675.839683,675.839683,675.839683,675.839683,675.839683,675.839683,675.839683,675.839683,675.839683,675.839683,675.839683,675.839683,675.839683,675.839683,675.839683,675.839683,675.839683,675.839683,675.839683,675.839683,675.839683,675.839683,675.839683,675.839683,675.839683,675.839683,675.839683
2015-03-01,651.449714,651.449714,651.449714,651.449714,651.449714,651.449714,651.449714,651.449714,651.449714,651.449714,651.449714,651.449714,651.449714,651.449714,651.449714,651.449714,651.449714,651.449714,651.449714,651.449714,651.449714,651.449714,651.449714,651.449714,651.449714,651.449714,651.449714
2015-03-02,627.059988,627.059988,627.059988,627.059988,627.059988,627.059988,627.059988,627.059988,627.059988,627.059988,627.059988,627.059988,627.059988,627.059988,627.059988,627.059988,627.059988,627.059988,627.059988,627.059988,627.059988,627.059988,627.059988,627.059988,627.059988,627.059988,627.059988
2015-03-03,585.406825,585.406825,585.406825,585.406825,585.406825,585.406825,585.406825,585.406825,585.406825,585.406825,585.406825,585.406825,585.406825,585.406825,585.406825,585.406825,585.406825,585.406825,585.406825,585.406825,585.406825,585.406825,585.406825,585.406825,585.406825,585.406825,585.406825
2015-03-04,579.056409,579.056409,579.056409,579.056409,579.056409,579.056409,579.056409,579.056409,579.056409,579.056409,579.056409,579.056409,579.056409,579.056409,579.056409,579.056409,579.056409,579.056409,579.056409,579.056409,579.056409,579.056409,579.056409,579.056409,579.056409,579.056409,579.056409
2015-03-05,588.404235,588.404235,588.404235,588.404235,588.404235,588.404235,588.404235,588.404235,588.404235,588.404235,588.404235,588.404235,588.404235,588.404235,588.404235,588.404235,588.404235,588.404235,588.404235,588.404235,588.404235,588.404235,588.404235,588.404235,588.404235,588.404235,588.404235
2015-03-06,584.180275,584.180275,584.180275,584.180275,584.180275,584.180275,584.180275,584.180275,584.180275,584.180275,584.180275,584.180275,584.180275,584.180275,584.180275,584.180275,584.180275,584.180275,584.180275,584.180275,584.180275,584.180275,584.180275,584.180275,584.180275,584.180275,584.180275
2015-03-07,594.600059,594.600059,594.600059,594.600059,594.600059,594.600059,594.600059,594.600059,594.600059,594.600059,594.600059,594.600059,594.600059,594.600059,594.600059,594.600059,594.600059,594.600059,594.600059,594.600059,594.600059,594.600059,594.600059,594.600059,594.600059,594.600059,594.600059
2015-03-08,583.079822,583.079822,583.079822,583.079822,583.079822,583.079822,583.079822,583.079822,583.079822,583.079822,583.079822,583.079822,583.079822,583.079822,583.079822,583.079822,583.079822,583.079822,583.079822,583.079822,583.079822,583.079822,583.079822,583.079822,583.079822,583.079822,583.079822
2015-03-09,588.158468,588.158468,588.158468,588.158468,588.158468,588.158468,588.158468,588.158468,588.158468,588.158468,588.158468,588.158468,588.158468,588.158468,588.158468,588.158468,588.158468,588.158468,588.158468,588.158468,588.158468,588.158468,588.158468,588.158468,588.158468,588.158468,588.158468
2015-03-10,582.175022,582.175022,582.175022,582.175022,582.175022,582.175022,582.175022,582.175022,582.175022,582.175022,582.175022,582.175022,582.175022,582.175022,582.175022,582.175022,582.175022,582.175022,582.175022,582.175022,582.175022,582.175022,582.175022,582.175022,582.175022,582.175022,582.175022
2015-03-11,582.342418,582.342418,582.342418,582.342418,582.342418,582.342418,582.342418,582.342418,582.342418,582.342418,582.342418,582.342418,582.342418,582.342418,582.342418,582.342418,582.342418,582.342418,582.342418,582.342418,582.342418,582.342418,582.342418,582.342418,582.342418,582.342418,582.342418
2015-03-12,603.203198,603.203198,603.203198,603.203198,603.203198,603.203198,603.203198,603.203198,603.203198,603.203198,603.203198,603.203198,603.203198,603.203198,603.203198,603.203198,603.203198,603.203198,603.203198,603.203198,603.203198,603.203198,603.203198,603.203198,603.203198,603.203198,603.203198
2015-03-13,584.436254,584.436254,584.436254,584.436254,584.436254,584.436254,584.436254,584.436254,584.436254,584.436254,584.436254,584.436254,584.436254,584.436254,584.436254,584.436254,584.436254,584.436254,584.436254,584.436254,584.436254,584.436254,584.436254,584.436254,584.436254,584.436254,584.436254
2015-03-14,587.339339,587.339339,587.339339,587.339339,587.339339,587.339339,587.339339,587.339339,587.339339,587.339339,587.339339,587.339339,587.339339,587.339339,587.339339,587.339339,587.339339,587.339339,587.339339,587.339339,587.339339,587.339339,587.339339,587.339339,587.339339,587.339339,587.339339
2015-03-15,583.101322,583.101322,583.101322,583.101322,583.101322,583.101322,583.101322,583.101322,583.101322,583.101322,583.101322,583.101322,583.101322,583.101322,583.101322,583.101322,583.101322,583.101322,583.101322,583.101322,583.101322,583.101322,583.101322,583.101322,583.101322,583.101322,583.101322
2015-03-16,590.323462,590.323462,590.323462,590.323462,590.323462,590.323462,590.323462,590.323462,590.323462,590.323462,590.323462,590.323462,590.323462,590.323462,590.323462,590.323462,590.323462,590.323462,590.323462,590.323462,590.323462,590.323462,590.323462,590.323462,590.323462,590.323462,590.323462
2015-03-17,591.213753,591.213753,591.213753,591.213753,591.213753,591.213753,591.213753,591.213753,591.213753,591.213753,591.213753,591.213753,591.213753,591.213753,591.213753,591.213753,591.213753,591.213753,591.213753,591.213753,591.213753,591.213753,591.213753,591.213753,591.213753,591.213753,591.213753
2015-03-18,595.424589,595.424589,595.424589,595.424589,595.424589,595.424589,595.424589,595.424589,595.424589,595.424589,595.424589,595.424589,595.424589,595.424589,595.424589,595.424589,595.424589,595.424589,595.424589,595.424589,595.424589,595.424589,595.424589,595.424589,595.424589,595.424589,595.424589
2015-03-19,573.48235,573.48235,573.48235,573.48235,573.48235,573.48235,573.48235,573.48235,573.48235,573.48235,573.48235,573.48235,573.48235,573.48235,573.48235,573.48235,573.48235,573.48235,573.48235,573.48235,573.48235,573.48235,573.48235,573.48235,573.48235,573.48235,573.48235
2015-03-20,576.21977,576.21977,576.21977,576.21977,576.21977,576.21977,576.21977,576.21977,576.21977,576.21977,576.21977,576.21977,576.21977,576.21977,576.21977,576.21977,576.21977,576.21977,576.21977,576.21977,576.21977,576.21977,576.21977,576.21977,576.21977,576.21977,576.21977
2015-03-21,572.56895,572.56895,572.56895,572.56895,572.56895,572.56895,572.56895,572.56895,572.56895,572.56895,572.56895,572.56895,572.56895,572.56895,572.56895,572.56895,572.56895,572.56895,572.56895,572.56895,572.56895,572.56895,572.56895,572.56895,572.56895,572.56895,572.56895
2015-03-22,574.893696,574.893696,574.893696,574.893696,574.893696,574.893696,574.893696,574.893696,574.893696,574.893696,574.893696,574.893696,574.893696,574.893696,574.893696,574.893696,574.893696,574.893696,574.893696,574.893696,574.893696,574.893696,574.893696,574.893696,574.893696,574.893696,574.893696
2015-03-23,566.946901,566.946901,566.946901,566.946901,566.946901,566.946901,566.946901,566.946901,566.946901,566.946901,566.946901,566.946901,566.946901,566.946901,566.946901,566.946901,566.946901,566.946901,566.946901,566.946901,566.946901,566.946901,566.946901,566.946901,566.946901,566.946901,566.946901
2015-03-24,591.42888,591.42888,591.42888,591.42888,591.42888,591.42888,591.42888,591.42888,591.42888,591.42888,591.42888,591.42888,591.42888,591.42888,591.42888,591.42888,591.42888,591.42888,591.42888,591.42888,591.42888,591.42888,591.42888,591.42888,591.42888,591.42888,591.42888
2015-03-25,593.958666,593.958666,593.958666,593.958666,593.958666,593.958666,593.958666,593.958666,593.958666,593.958666,593.958666,593.958666,593.958666,593.958666,593.958666,593.958666,593.958666,593.958666,593.958666,593.958666,593.958666,593.958666,593.958666,593.958666,593.958666,593.958666,593.958666
2015-03-26,604.194339,604.194339,604.194339,604.194339,604.194339,604.194339,604.194339,604.194339,604.194339,604.194339,604.194339,604.194339,604.194339,604.194339,604.194339,604.194339,604.194339,604.194339,604.194339,604.194339,604.194339,604.194339,604.194339,604.194339,604.194339,604.194339,604.194339
2015-03-27,612.625143,612.625143,612.625143,612.625143,612.625143,612.625143,612.625143,612.625143,612.625143,612.625143,612.625143,612.625143,612.625143,612.625143,612.625143,612.625143,612.625143,612.625143,612.625143,612.625143,612.625143,612.625143,612.625143,612.625143,612.625143,612.625143,612.625143
2015-03-28,621.500822,621.500822,621.500822,621.500822,621.500822,621.500822,621.500822,621.500822,621.500822,621.500822,621.500822,621.500822,621.500822,621.500822,621.500822,621.500822,621.500822,621.500822,621.500822,621.500822,621.500822,621.500822,621.500822,621.500822,621.500822,621.500822,621.500822
2015-03-29,622.827459,622.827459,622.827459,622.827459,622.827459,622.827459,622.827459,622.827459,622.827459,622.827459,622.827459,622.827459,622.827459,622.827459,622.827459,622.827459,622.827459,622.827459,622.827459,622.827459,622.827459,622.827459,622.827459,622.827459,622.827459,622.827459,622.827459
2015-03-30,626.925029,626.925029,626.925029,626.925029,626.925029,626.925029,626.925029,626.925029,626.925029,626.925029,626.925029,626.925029,626.925029,626.925029,626.925029,626.925029,626.925029,626.925029,626.925029,626.925029,626.925029,626.925029,626.925029,626.925029,626.925029,626.925029,626.925029
2015-03-31,616.077521,616.077521,616.077521,616.077521,616.077521,616.077521,616.077521,616.077521,616.077521,616.077521,616.077521,616.077521,616.077521,616.077521,616.077521,616.077521,616.077521,616.077521,616.077521,616.077521,616.077521,616.077521,616.077521,616.077521,616.077521,616.077521,616.077521
2015-04-01,613.589346,613.589346,613.589346,613.589346,613.589346,613.589346,613.589346,613.589346,613.589346,613.589346,613.589346,613.589346,613.589346,613.589346,613.589346,613.589346,613.589346,613.589346,613.589346,613.589346,613.589346,613.589346,613.589346,613.589346,613.589346,613.589346,613.589346
2015-04-02,617.819343,617.819343,617.819343,617.819343,617.819343,617.819343,617.819343,617.819343,617.819343,617.819343,617.819343,617.819343,617.819343,617.819343,617.819343,617.819343,617.819343,617.819343,617.819343,617.819343,617.819343,617.819343,617.819343,617.819343,617.819343,617.819343,617.819343
2015-04-03,619.703203,619.703203,619.703203,619.703203,619.703203,619.703203,619.703203,619.703203,619.703203,619.703203,619.703203,619.703203,619.703203,619.703203,619.703203,619.703203,619.703203,619.703203,619.703203,619.703203,619.703203,619.703203,619.703203,619.703203,619.703203,619.703203,619.703203
2015-04-04,615.093603,615.093603,615.093603,615.093603,615.093603,615.093603,615.093603,615.093603,615.093603,615.093603,615.093603,615.093603,615.093603,615.093603,615.093603,615.093603,615.093603,615.093603,615.093603,615.093603,615.093603,615.093603,615.093603,615.093603,615.093603,615.093603,615.093603
2015-04-05,623.563448,623.563448,623.563448,623.563448,623.563448,623.563448,623.563448,623.563448,623.563448,623.563448,623.563448,623.563448,623.563448,623.563448,623.563448,623.563448,623.563448,623.563448,623.563448,623.563448,623.563448,623.563448,623.563448,623.563448,623.563448,623.563448,623.563448
2015-04-06,619.377343,619.377343,619.377343,619.377343,619.377343,619.377343,619.377343,619.377343,619.377343,619.377343,619.377343,619.377343,619.377343,619.377343,619.377343,619.377343,619.377343,619.377343,619.377343,619.377343,619.377343,619.377343,619.377343,619.377343,619.377343,619.377343,619.377343
2015-04-07,630.642967,630.642967,630.642967,630.642967,630.642967,630.642967,630.642967,630.642967,630.642967,630.642967,630.642967,630.642967,630.642967,630.642967,630.642967,630.642967,630.642967,630.642967,630.642967,630.642967,630.642967,630.642967,630.642967,630.642967,630.642967,630.642967,630.642967
2015-04-08,627.77532,627.77532,627.77532,627.77532,627.77532,627.77532,627.77532,627.77532,627.77532,627.77532,627.77532,627.77532,627.77532,627.77532,627.77532,627.77532,627.77532,627.77532,627.77532,627.77532,627.77532,627.77532,627.77532,627.77532,627.77532,627.77532,627.77532
2015-04-09,599.733907,599.733907,599.733907,599.733907,599.733907,599.733907,599.733907,599.733907,599.733907,599.733907,599.733907,599.733907,599.733907,599.733907,599.733907,599.733907,599.733907,599.733907,599.733907,599.733907,599.733907,599.733907,599.733907,599.733907,599.733907,599.733907,599.733907
2015-04-10,606.829677,606.829677,606.829677,606.829677,606.829677,606.829677,606.829677,606.829677,606.829677,606.829677,606.829677,606.829677,606.829677,606.829677,606.829677,606.829677,606.829677,606.829677,606.829677,606.829677,606.829677,606.829677,606.829677,606.829677,606.829677,606.829677,606.829677
2015-04-11,610.388868,610.388868,610.388868,610.388868,610.388868,610.388868,610.388868,610.388868,610.388868,610.388868,610.388868,610.388868,610.388868,610.388868,610.388868,610.388868,610.388868,610.388868,610.388868,610.388868,610.388868,610.388868,610.388868,610.388868,610.388868,610.388868,610.388868
2015-04-12,596.111142,596.111142,596.111142,596.111142,596.111142,596.111142,596.111142,596.111142,596.111142,596.111142,596.111142,596.111142,596.111142,596.111142,596.111142,596.111142,596.111142,596.111142,596.111142,596.111142,596.111142,596.111142,596.111142,596.111142,596.111142,596.111142,596.111142
2015-04-13,611.514473,611.514473,611.514473,611.514473,611.514473,611.514473,611.514473,611.514473,611.514473,611.514473,611.514473,611.514473,611.514473,611.514473,611.514473,611.514473,611.514473,611.514473,611.514473,611.514473,611.514473,611.514473,611.514473,611.514473,611.514473,611.514473,611.514473
2015-04-14,594.801764,594.801764,594.801764,594.801764,594.801764,594.801764,594.801764,594.801764,594.801764,594.801764,594.801764,594.801764,594.801764,594.801764,594.801764,594.801764,594.801764,594.801764,594.801764,594.801764,594.801764,594.801764,594.801764,594.801764,594.801764,594.801764,594.801764
2015-04-15,599.833132,599.833132,599.833132,599.833132,599.833132,599.833132,599.833132,599.833132,599.833132,599.833132,599.833132,599.833132,599.833132,599.833132,599.833132,599.833132,599.833132,599.833132,599.833132,599.833132,599.833132,599.833132,599.833132,599.833132,599.833132,599.833132,599.833132
2015-04-16,618.72786,618.72786,618.72786,618.72786,618.72786,618.72786,618.72786,618.72786,618.72786,618.72786,618.72786,618.72786,618.72786,618.72786,618.72786,618.72786,618.72786,618.72786,618.72786,618.72786,618.72786,618.72786,618.72786,618.72786,618.72786,618.72786,618.72786
2015-04-17,614.532775,614.532775,614.532775,614.532775,614.532775,614.532775,614.532775,614.532775,614.532775,614.532775,614.532775,614.532775,614.532775,614.532775,614.532775,614.532775,614.532775,614.532775,614.532775,614.532775,614.532775,614.532775,614.532775,614.532775,614.532775,614.532775,614.532775
2015-04-18,604.316711,604.316711,604.316711,604.316711,604.316711,604.316711,604.316711,604.316711,604.316711,604.316711,604.316711,604.316711,604.316711,604.316711,604.316711,604.316711,604.316711,604.316711,604.316711,604.316711,604.316711,604.316711,604.316711,604.316711,604.316711,604.316711,604.316711
2015-04-19,615.664381,615.664381,615.664381,615.664381,615.664381,615.664381,615.664381,615.664381,615.664381,615.664381,615.664381,615.664381,615.664381,615.664381,615.664381,615.664381,615.664381,615.664381,615.664381,615.664381,615.664381,615.664381,615.664381,615.664381,615.664381,615.664381,615.664381
2015-04-20,606.838605,606.838605,606.838605,606.838605,606.838605,606.838605,606.838605,606.838605,606.838605,606.838605,606.838605,606.838605,606.838605,606.838605,606.838605,606.838605,606.838605,606.838605,606.838605,606.838605,606.838605,606.838605,606.838605,606.838605,606.838605,606.838605,606.838605
2015-04-21,617.004209,617.004209,617.004209,617.004209,617.004209,617.004209,617.004209,617.004209,617.004209,617.004209,617.004209,617.004209,617.004209,617.004209,617.004209,617.004209,617.004209,617.004209,617.004209,617.004209,617.004209,617.004209,617.004209,617.004209,617.004209,617.004209,617.004209
2015-04-22,620.312686,620.312686,620.312686,620.312686,620.312686,620.312686,620.312686,620.312686,620.312686,620.312686,620.312686,620.312686,620.312686,620.312686,620.312686,620.312686,620.312686,620.312686,620.312686,620.312686,620.312686,620.312686,620.312686,620.312686,620.312686,620.312686,620.312686
2015-04-23,618.044368,618.044368,618.044368,618.044368,618.044368,618.044368,618.044368,618.044368,618.044368,618.044368,618.044368,618.044368,618.044368,618.044368,618.044368,618.044368,618.044368,618.044368,618.044368,618.044368,618.044368,618.044368,618.044368,618.044368,618.044368,618.044368,618.044368
2015-04-24,626.328283,626.328283,626.328283,626.328283,626.328283,626.328283,626.328283,626.328283,626.328283,626.328283,626.328283,626.328283,626.328283,626.328283,626.328283,626.328283,626.328283,626.328283,626.328283,626.328283,626.328283,626.328283,626.328283,626.328283,626.328283,626.328283,626.328283
2015-04-25,644.775993,644.775993,644.775993,644.775993,644.775993,644.775993,644.775993,644.775993,644.775993,644.775993,644.775993,644.775993,644.775993,644.775993,644.775993,644.775993,644.775993,644.775993,644.775993,644.775993,644.775993,644.775993,644.775993,644.775993,644.775993,644.775993,644.775993
2015-04-26,647.120076,647.120076,647.120076,647.120076,647.120076,647.120076,647.120076,647.120076,647.120076,647.120076,647.120076,647.120076,647.120076,647.120076,647.120076,647.120076,647.120076,647.120076,647.120076,647.120076,647.120076,647.120076,647.120076,647.120076,647.120076,647.120076,647.120076
2015-04-27,649.173404,649.173404,649.173404,649.173404,649.173404,649.173404,649.173404,649.173404,649.173404,649.173404,649.173404,649.173404,649.173404,649.173404,649.173404,649.173404,649.173404,649.173404,649.173404,649.173404,649.173404,649.173404,649.173404,649.173404,649.173404,649.173404,649.173404
2015-04-28,638.513465,638.513465,638.513465,638.513465,638.513465,638.513465,638.513465,638.513465,638.513465,638.513465,638.513465,638.513465,638.513465,638.513465,638.513465,638.513465,638.513465,638.513465,638.513465,638.513465,638.513465,638.513465,638.513465,638.513465,638.513465,638.513465,638.513465
2015-04-29,627.543439,627.543439,627.543439,627.543439,627.543439,627.543439,627.543439,627.543439,627.543439,627.543439,627.543439,627.543439,627.543439,627.543439,627.543439,627.543439,627.543439,627.543439,627.543439,627.543439,627.543439,627.543439,627.543439,627.543439,627.543439,627.543439,627.543439
2015-04-30,630.784382,630.784382,630.784382,630.784382,630.784382,630.784382,630.784382,630.784382,630.784382,630.784382,630.784382,630.784382,630.784382,630.784382,630.784382,630.784382,630.784382,630.784382,630.784382,630.784382,630.784382,630.784382,630.784382,630.784382,630.784382,630.784382,630.784382
2015-05-01,625.164993,625.164993,625.164993,625.164993,625.164993,625.164993,625.164993,625.164993,625.164993,625.164993,625.164993,625.164993,625.164993,625.164993,625.164993,625.164993,625.164993,625.164993,625.164993,625.164993,625.164993,625.164993,625.164993,625.164993,625.164993,625.164993,625.164993
2015-05-02,621.40336,621.40336,621.40336,621.40336,621.40336,621.40336,621.40336,621.40336,621.40336,621.40336,621.40336,621.40336,621.40336,621.40336,621.40336,621.40336,621.40336,621.40336,621.40336,621.40336,621.40336,621.40336,621.40336,621.40336,621.40336,621.40336,621.40336
2015-05-03,618.994031,618.994031,618.994031,618.994031,618.994031,618.994031,618.994031,618.994031,618.994031,618.994031,618.994031,618.994031,618.994031,618.994031,618.994031,618.994031,618.994031,618.994031,618.994031,618.994031,618.994031,618.994031,618.994031,618.994031,618.994031,618.994031,618.994031
2015-05-04,610.383259,610.383259,610.383259,610.383259,610.383259,610.383259,610.383259,610.383259,610.383259,610.383259,610.383259,610.383259,610.383259,610.383259,610.383259,610.383259,610.383259,610.383259,610.383259,610.383259,610.383259,610.383259,610.383259,610.383259,610.383259,610.383259,610.383259
2015-05-05,612.108766,612.108766,612.108766,612.108766,612.108766,612.108766,612.108766,612.108766,612.108766,612.108766,612.108766,612.108766,612.108766,612.108766,612.108766,612.108766,612.108766,612.108766,612.108766,612.108766,612.108766,612.108766,612.108766,612.108766,612.108766,612.108766,612.108766
2015-05-06,606.102267,606.102267,606.102267,606.102267,606.102267,606.102267,606.102267,606.102267,606.102267,606.102267,606.102267,606.102267,606.102267,606.102267,606.102267,606.102267,606.102267,606.102267,606.102267,606.102267,606.102267,606.102267,606.102267,606.102267,606.102267,606.102267,606.102267
2015-05-07,615.200785,615.200785,615.200785,615.200785,615.200785,615.200785,615.200785,615.200785,615.200785,615.200785,615.200785,615.200785,615.200785,615.200785,615.200785,615.200785,615.200785,615.200785,615.200785,615.200785,615.200785,615.200785,615.200785,615.200785,615.200785,615.200785,615.200785
2015-05-08,617.741343,617.741343,617.741343,617.741343,617.741343,617.741343,617.741343,617.741343,617.741343,617.741343,617.741343,617.741343,617.741343,617.741343,617.741343,617.741343,617.741343,617.741343,617.741343,617.741343,617.741343,617.741343,617.741343,617.741343,617.741343,617.741343,617.741343
2015-05-09,612.987403,612.987403,612.987403,612.987403,612.987403,612.987403,612.987403,612.987403,612.987403,612.987403,612.987403,612.987403,612.987403,612.987403,612.987403,612.987403,612.987403,612.987403,612.987403,612.987403,612.987403,612.987403,612.987403,612.987403,612.987403,612.987403,612.987403
2015-05-10,615.550997,615.550997,615.550997,615.550997,615.550997,615.550997,615.550997,615.550997,615.550997,615.550997,615.550997,615.550997,615.550997,615.550997,615.550997,615.550997,615.550997,615.550997,615.550997,615.550997,615.550997,615.550997,615.550997,615.550997,615.550997,615.550997,615.550997
2015-05-11,632.553937,632.553937,632.553937,632.553937,632.553937,632.553937,632.553937,632.553937,632.553937,632.553937,632.553937,632.553937,632.553937,632.553937,632.553937,632.553937,632.553937,632.553937,632.553937,632.553937,632.553937,632.553937,632.553937,632.553937,632.553937,632.553937,632.553937
2015-05-12,631.925481,631.925481,631.925481,631.925481,631.925481,631.925481,631.925481,631.925481,631.925481,631.925481,631.925481,631.925481,631.925481,631.925481,631.925481,631.925481,631.925481,631.925481,631.925481,631.925481,631.925481,631.925481,631.925481,631.925481,631.925481,631.925481,631.925481
2015-05-13,646.843386,646.843386,646.843386,646.843386,646.843386,646.843386,646.843386,646.843386,646.843386,646.843386,646.843386,646.843386,646.843386,646.843386,646.843386,646.843386,646.843386,646.843386,646.843386,646.843386,646.843386,646.843386,646.843386,646.843386,646.843386,646.843386,646.843386
2015-05-14,628.870563,628.870563,628.870563,628.870563,628.870563,628.870563,628.870563,628.870563,628.870563,628.870563,628.870563,628.870563,628.870563,628.870563,628.870563,628.870563,628.870563,628.870563,628.870563,628.870563,628.870563,628.870563,628.870563,628.870563,628.870563,628.870563,628.870563
2015-05-15,610.738583,610.738583,610.738583,610.738583,610.738583,610.738583,610.738583,610.738583,610.738583,610.738583,610.738583,610.738583,610.738583,610.738583,610.738583,610.738583,610.738583,610.738583,610.738583,610.738583,610.738583,610.738583,610.738583,610.738583,610.738583,610.738583,610.738583
2015-05-16,603.983052,603.983052,603.983052,603.983052,603.983052,603.983052,603.983052,603.983052,603.983052,603.983052,603.983052,603.983052,603.983052,603.983052,603.983052,603.983052,603.983052,603.983052,603.983052,603.983052,603.983052,603.983052,603.983052,603.983052,603.983052,603.983052,603.983052
2015-05-17,589.358634,589.358634,589.358634,589.358634,589.358634,589.358634,589.358634,589.358634,589.358634,589.358634,589.358634,589.358634,589.358634,589.358634,589.358634,589.358634,589.358634,589.358634,589.358634,589.358634,589.358634,589.358634,589.358634,589.358634,589.358634,589.358634,589.358634
2015-05-18,577.834896,577.834896,577.834896,577.834896,577.834896,577.834896,577.834896,577.834896,577.834896,577.834896,577.834896,577.834896,577.834896,577.834896,577.834896,577.834896,577.834896,577.834896,577.834896,577.834896,577.834896,577.834896,577.834896,577.834896,577.834896,577.834896,577.834896
2015-05-19,592.012621,592.012621,592.012621,592.012621,592.012621,592.012621,592.012621,592.012621,592.012621,592.012621,592.012621,592.012621,592.012621,592.012621,592.012621,592.012621,592.012621,592.012621,592.012621,592.012621,592.012621,592.012621,592.012621,592.012621,592.012621,592.012621,592.012621
2015-05-20,584.41193,584.41193,584.41193,584.41193,584.41193,584.41193,584.41193,584.41193,584.41193,584.41193,584.41193,584.41193,584.41193,584.41193,584.41193,584.41193,584.41193,584.41193,584.41193,584.41193,584.41193,584.41193,584.41193,584.41193,584.41193,584.41193,584.41193
2015-05-21,580.955219,580.955219,580.955219,580.955219,580.955219,580.955219,580.955219,580.955219,580.955219,580.955219,580.955219,580.955219,580.955219,580.955219,580.955219,580.955219,580.955219,580.955219,580.955219,580.955219,580.955219,580.955219,580.955219,580.955219,580.955219,580.955219,580.955219
2015-05-22,604.931938,604.931938,604.931938,604.931938,604.931938,604.931938,604.931938,604.931938,604.931938,604.931938,604.931938,604.931938,604.931938,604.931938,604.931938,604.931938,604.931938,604.931938,604.931938,604.931938,604.931938,604.931938,604.931938,604.931938,604.931938,604.931938,604.931938
2015-05-23,598.082742,598.082742,598.082742,598.082742,598.082742,598.082742,598.082742,598.082742,598.082742,598.082742,598.082742,598.082742,598.082742,598.082742,598.082742,598.082742,598.082742,598.082742,598.082742,598.082742,598.082742,598.082742,598.082742,598.082742,598.082742,598.082742,598.082742
2015-05-24,618.269116,618.269116,618.269116,618.269116,618.269116,618.269116,618.269116,618.269116,618.269116,618.269116,618.269116,618.269116,618.269116,618.269116,618.269116,618.269116,618.269116,618.269116,618.269116,618.269116,618.269116,618.269116,618.269116,618.269116,618.269116,618.269116,618.269116
2015-05-25,613.799826,613.799826,613.799826,613.799826,613.799826,613.799826,613.799826,613.799826,613.799826,613.799826,613.799826,613.799826,613.799826,613.799826,613.799826,613.799826,613.799826,613.799826,613.799826,613.799826,613.799826,613.799826,613.799826,613.799826,613.799826,613.799826,613.799826
2015-05-26,613.543921,613.543921,613.543921,613.543921,613.543921,613.543921,613.543921,613.543921,613.543921,613.543921,613.543921,613.543921,613.543921,613.543921,613.543921,613.543921,613.543921,613.543921,613.543921,613.543921,613.543921,613.543921,613.543921,613.543921,613.543921,613.543921,613.543921
2015-05-27,605.323993,605.323993,605.323993,605.323993,605.323993,605.323993,605.323993,605.323993,605.323993,605.323993,605.323993,605.323993,605.323993,605.323993,605.323993,605.323993,605.323993,605.323993,605.323993,605.323993,605.323993,605.323993,605.323993,605.323993,605.323993,605.323993,605.323993
2015-05-28,622.538744,622.538744,622.538744,622.538744,622.538744,622.538744,622.538744,622.538744,622.538744,622.538744,622.538744,622.538744,622.538744,622.538744,622.538744,622.538744,622.538744,622.538744,622.538744,622.538744,622.538744,622.538744,622.538744,622.538744,622.538744,622.538744,622.538744
2015-05-29,607.606845,607.606845,607.606845,607.606845,607.606845,607.606845,607.606845,607.606845,607.606845,607.606845,607.606845,607.606845,607.606845,607.606845,607.606845,607.606845,607.606845,607.606845,607.606845,607.606845,607.606845,607.606845,607.606845,607.606845,607.606845,607.606845,607.606845
2015-05-30,621.230965,621.230965,621.230965,621.230965,621.230965,621.230965,621.230965,621.230965,621.230965,621.230965,621.230965,621.230965,621.230965,621.230965,621.230965,621.230965,621.230965,621.230965,621.230965,621.230965,621.230965,621.230965,621.230965,621.230965,621.230965,621.230965,621.230965
2015-05-31,623.368573,623.368573,623.368573,623.368573,623.368573,623.368573,623.368573,623.368573,623.368573,623.368573,623.368573,623.368573,623.368573,623.368573,623.368573,623.368573,623.368573,623.368573,623.368573,623.368573,623.368573,623.368573,623.368573,623.368573,623.368573,623.368573,623.368573
2015-06-01,629.54945,629.54945,629.54945,629.54945,629.54945,629.54945,629.54945,629.54945,629.54945,629.54945,629.54945,629.54945,629.54945,629.54945,629.54945,629.54945,629.54945,629.54945,629.54945,629.54945,629.54945,629.54945,629.54945,629.54945,629.54945,629.54945,629.54945
2015-06-02,625.70026,625.70026,625.70026,625.70026,625.70026,625.70026,625.70026,625.70026,625.70026,625.70026,625.70026,625.70026,625.70026,625.70026,625.70026,625.70026,625.70026,625.70026,625.70026,625.70026,625.70026,625.70026,625.70026,625.70026,625.70026,625.70026,625.70026
2015-06-03,634.778004,634.778004,634.778004,634.778004,634.778004,634.778004,634.778004,634.778004,634.778004,634.778004,634.778004,634.778004,634.778004,634.778004,634.778004,634.778004,634.778004,634.778004,634.778004,634.778004,634.778004,634.778004,634.778004,634.778004,634.778004,634.778004,634.778004
2015-06-04,627.549543,627.549543,627.549543,627.549543,627.549543,627.549543,627.549543,627.549543,627.549543,627.549543,627.549543,627.549543,627.549543,627.549543,627.549543,627.549543,627.549543,627.549543,627.549543,627.549543,627.549543,627.549543,627.549543,627.549543,627.549543,627.549543,627.549543
2015-06-05,645.545092,645.545092,645.545092,645.545092,645.545092,645.545092,645.545092,645.545092,645.545092,645.545092,645.545092,645.545092,645.545092,645.545092,645.545092,645.545092,645.545092,645.545092,645.545092,645.545092,645.545092,645.545092,645.545092,645.545092,645.545092,645.545092,645.545092
2015-06-06,641.339691,641.339691,641.339691,641.339691,641.339691,641.339691,641.339691,641.339691,641.339691,641.339691,641.339691,641.339691,641.339691,641.339691,641.339691,641.339691,641.339691,641.339691,641.339691,641.339691,641.339691,641.339691,641.339691,641.339691,641.339691,641.339691,641.339691
2015-06-07,636.757808,636.757808,636.757808,636.757808,636.757808,636.757808,636.757808,636.757808,636.757808,636.757808,636.757808,636.757808,636.757808,636.757808,636.757808,636.757808,636.757808,636.757808,636.757808,636.757808,636.757808,636.757808,636.757808,636.757808,636.757808,636.757808,636.757808
2015-06-08,633.340334,633.340334,633.340334,633.340334,633.340334,633.340334,633.340334,633.340334,633.340334,633.340334,633.340334,633.340334,633.340334,633.340334,633.340334,633.340334,633.340334,633.340334,633.340334,633.340334,633.340334,633.340334,633.340334,633.340334,633.340334,633.340334,633.340334
2015-06-09,632.288577,632.288577,632.288577,632.288577,632.288577,632.288577,632.288577,632.288577,632.288577,632.288577,632.288577,632.288577,632.288577,632.288577,632.288577,632.288577,632.288577,632.288577,632.288577,632.288577,632.288577,632.288577,632.288577,632.288577,632.288577,632.288577,632.288577
2015-06-10,636.637567,636.637567,636.637567,636.637567,636.637567,636.637567,636.637567,636.637567,636.637567,636.637567,636.637567,636.637567,636.637567,636.637567,636.637567,636.637567,636.637567,636.637567,636.637567,636.637567,636.637567,636.637567,636.637567,636.637567,636.637567,636.637567,636.637567
2015-06-11,639.994894,639.994894,639.994894,639.994894,639.994894,639.994894,639.994894,639.994894,639.994894,639.994894,639.994894,639.994894,639.994894,639.994894,639.994894,639.994894,639.994894,639.994894,639.994894,639.994894,639.994894,639.994894,639.994894,639.994894,639.994894,639.994894,639.994894
2015-06-12,634.159729,634.159729,634.159729,634.159729,634.159729,634.159729,634.159729,634.159729,634.159729,634.159729,634.159729,634.159729,634.159729,634.159729,634.159729,634.159729,634.159729,634.159729,634.159729,634.159729,634.159729,634.159729,634.159729,634.159729,634.159729,634.159729,634.159729
2015-06-13,629.706259,629.706259,629.706259,629.706259,629.706259,629.706259,629.706259,629.706259,629.706259,629.706259,629.706259,629.706259,629.706259,629.706259,629.706259,629.706259,629.706259,629.706259,629.706259,629.706259,629.706259,629.706259,629.706259,629.706259,629.706259,629.706259,629.706259
2015-06-14,620.104194,620.104194,620.104194,620.104194,620.104194,620.104194,620.104194,620.104194,620.104194,620.104194,620.104194,620.104194,620.104194,620.104194,620.104194,620.104194,620.104194,620.104194,620.104194,620.104194,620.104194,620.104194,620.104194,620.104194,620.104194,620.104194,620.104194
2015-06-15,626.729684,626.729684,626.729684,626.729684,626.729684,626.729684,626.729684,626.729684,626.729684,626.729684,626.729684,626.729684,626.729684,626.729684,626.729684,626.729684,626.729684,626.729684,626.729684,626.729684,626.729684,626.729684,626.729684,626.729684,626.729684,626.729684,626.729684
2015-06-16,615.855677,615.855677,615.855677,615.855677,615.855677,615.855677,615.855677,615.855677,615.855677,615.855677,615.855677,615.855677,615.855677,615.855677,615.855677,615.855677,615.855677,615.855677,615.855677,615.855677,615.855677,615.855677,615.855677,615.855677,615.855677,615.855677,615.855677
2015-06-17,616.399153,616.399153,616.399153,616.399153,616.399153,616.399153,616.399153,616.399153,616.399153,616.399153,616.399153,616.399153,616.399153,616.399153,616.399153,616.399153,616.399153,616.399153,616.399153,616.399153,616.399153,616.399153,616.399153,616.399153,616.399153,616.399153,616.399153
2015-06-18,617.922261,617.922261,617.922261,617.922261,617.922261,617.922261,617.922261,617.922261,617.922261,617.922261,617.922261,617.922261,617.922261,617.922261,617.922261,617.922261,617.922261,617.922261,617.922261,617.922261,617.922261,617.922261,617.922261,617.922261,617.922261,617.922261,617.922261
2015-06-19,613.214222,613.214222,613.214222,613.214222,613.214222,613.214222,613.214222,613.214222,613.214222,613.214222,613.214222,613.214222,613.214222,613.214222,613.214222,613.214222,613.214222,613.214222,613.214222,613.214222,613.214222,613.214222,613.214222,613.214222,613.214222,613.214222,613.214222
2015-06-20,629.297635,629.297635,629.297635,629.297635,629.297635,629.297635,629.297635,629.297635,629.297635,629.297635,629.297635,629.297635,629.297635,629.297635,629.297635,629.297635,629.297635,629.297635,629.297635,629.297635,629.297635,629.297635,629.297635,629.297635,629.297635,629.297635,629.297635
2015-06-21,620.217716,620.217716,620.217716,620.217716,620.217716,620.217716,620.217716,620.217716,620.217716,620.217716,620.217716,620.217716,620.217716,620.217716,620.217716,620.217716,620.217716,620.217716,620.217716,620.217716,620.217716,620.217716,620.217716,620.217716,620.217716,620.217716,620.217716
2015-06-22,611.057951,611.057951,611.057951,611.057951,611.057951,611.057951,611.057951,611.057951,611.057951,611.057951,611.057951,611.057951,611.057951,611.057951,611.057951,611.057951,611.057951,611.057951,611.057951,611.057951,611.057951,611.057951,611.057951,611.057951,611.057951,611.057951,611.057951
2015-06-23,618.492815,618.492815,618.492815,618.492815,618.492815,618.492815,618.492815,618.492815,618.492815,618.492815,618.492815,618.492815,618.492815,618.492815,618.492815,618.492815,618.492815,618.492815,618.492815,618.492815,618.492815,618.492815,618.492815,618.492815,618.492815,618.492815,618.492815
2015-06-24,630.640953,630.640953,630.640953,630.640953,630.640953,630.640953,630.640953,630.640953,630.640953,630.640953,630.640953,630.640953,630.640953,630.640953,630.640953,630.640953,630.640953,630.640953,630.640953,630.640953,630.640953,630.640953,630.640953,630.640953,630.640953,630.640953,630.640953
2015-06-25,627.592613,627.592613,627.592613,627.592613,627.592613,627.592613,627.592613,627.592613,627.592613,627.592613,627.592613,627.592613,627.592613,627.592613,627.592613,627.592613,627.592613,627.592613,627.592613,627.592613,627.592613,627.592613,627.592613,627.592613,627.592613,627.592613,627.592613
2015-06-26,625.758208,625.758208,625.758208,625.758208,625.758208,625.758208,625.758208,625.758208,625.758208,625.758208,625.758208,625.758208,625.758208,625.758208,625.758208,625.758208,625.758208,625.758208,625.758208,625.758208,625.758208,625.758208,625.758208,625.758208,625.758208,625.758208,625.758208
2015-06-27,608.948568,608.948568,608.948568,608.948568,608.948568,608.948568,608.948568,608.948568,608.948568,608.948568,608.948568,608.948568,608.948568,608.948568,608.948568,608.948568,608.948568,608.948568,608.948568,608.948568,608.948568,608.948568,608.948568,608.948568,608.948568,608.948568,608.948568
2015-06-28,624.443581,624.443581,624.443581,624.443581,624.443581,624.443581,624.443581,624.443581,624.443581,624.443581,624.443581,624.443581,624.443581,624.443581,624.443581,624.443581,624.443581,624.443581,624.443581,624.443581,624.443581,624.443581,624.443581,624.443581,624.443581,624.443581,624.443581
2015-06-29,627.793499,627.793499,627.793499,627.793499,627.793499,627.793499,627.793499,627.793499,627.793499,627.793499,627.793499,627.793499,627.793499,627.793499,627.793499,627.793499,627.793499,627.793499,627.793499,627.793499,627.793499,627.793499,627.793499,627.793499,627.793499,627.793499,627.793499
2015-06-30,630.970389,630.970389,630.970389,630.970389,630.970389,630.970389,630.970389,630.970389,630.970389,630.970389,630.970389,630.970389,630.970389,630.970389,630.970389,630.970389,630.970389,630.970389,630.970389,630.970389,630.970389,630.970389,630.970389,630.970389,630.970389,630.970389,630.970389
2015-07-01,627.9176,627.9176,627.9176,627.9176,627.9176,627.9176,627.9176,627.9176,627.9176,627.9176,627.9176,627.9176,627.9176,627.9176,627.9176,627.9176,627.9176,627.9176,627.9176,627.9176,627.9176,627.9176,627.9176,627.9176,627.9176,627.9176,627.9176
2015-07-02,633.661899,633.661899,633.661899,633.661899,633.661899,633.661899,633.661899,633.661899,633.661899,633.661899,633.661899,633.661899,633.661899,633.661899,633.661899,633.661899,633.661899,633.661899,633.661899,633.661899,633.661899,633.661899,633.661899,633.661899,633.661899,633.661899,633.661899
2015-07-03,639.10877,639.10877,639.10877,639.10877,639.10877,639.10877,639.10877,639.10877,639.10877,639.10877,639.10877,639.10877,639.10877,639.10877,639.10877,639.10877,639.10877,639.10877,639.10877,639.10877,639.10877,639.10877,639.10877,639.10877,639.10877,639.10877,639.10877
2015-07-04,651.056385,651.056385,651.056385,651.056385,651.056385,651.056385,651.056385,651.056385,651.056385,651.056385,651.056385,651.056385,651.056385,651.056385,651.056385,651.056385,651.056385,651.056385,651.056385,651.056385,651.056385,651.056385,651.056385,651.056385,651.056385,651.056385,651.056385
2015-07-05,640.497258,640.497258,640.497258,640.497258,640.497258,640.497258,640.497258,640.497258,640.497258,640.497258,640.497258,640.497258,640.497258,640.497258,640.497258,640.497258,640.497258,640.497258,640.497258,640.497258,640.497258,640.497258,640.497258,640.497258,640.497258,640.497258,640.497258
2015-07-06,628.730951,628.730951,628.730951,628.730951,628.730951,628.730951,628.730951,628.730951,628.730951,628.730951,628.730951,628.730951,628.730951,628.730951,628.730951,628.730951,628.730951,628.730951,628.730951,628.730951,628.730951,628.730951,628.730951,628.730951,628.730951,628.730951,628.730951
2015-07-07,627.474148,627.474148,627.474148,627.474148,627.474148,627.474148,627.474148,627.474148,627.474148,627.474148,627.474148,627.474148,627.474148,627.474148,627.474148,627.474148,627.474148,627.474148,627.474148,627.474148,627.474148,627.474148,627.474148,627.474148,627.474148,627.474148,627.474148
2015-07-08,613.585555,613.585555,613.585555,613.585555,613.585555,613.585555,613.585555,613.585555,613.585555,613.585555,613.585555,613.585555,613.585555,613.585555,613.585555,613.585555,613.585555,613.585555,613.585555,613.585555,613.585555,613.585555,613.585555,613.585555,613.585555,613.585555,613.585555
2015-07-09,612.529316,612.529316,612.529316,612.529316,612.529316,612.529316,612.529316,612.529316,612.529316,612.529316,612.529316,612.529316,612.529316,612.529316,612.529316,612.529316,612.529316,612.529316,612.529316,612.529316,612.529316,612.529316,612.529316,612.529316,612.529316,612.529316,612.529316
2015-07-10,601.461431,601.461431,601.461431,601.461431,601.461431,601.461431,601.461431,601.461431,601.461431,601.461431,601.461431,601.461431,601.461431,601.461431,601.461431,601.461431,601.461431,601.461431,601.461431,601.461431,601.461431,601.461431,601.461431,601.461431,601.461431,601.461431,601.461431
2015-07-11,601.97104,601.97104,601.97104,601.97104,601.97104,601.97104,601.97104,601.97104,601.97104,601.97104,601.97104,601.97104,601.97104,601.97104,601.97104,601.97104,601.97104,601.97104,601.97104,601.97104,601.97104,601.97104,601.97104,601.97104,601.97104,601.97104,601.97104
2015-07-12,621.98737,621.98737,621.98737,621.98737,621.98737,621.98737,621.98737,621.98737,621.98737,621.98737,621.98737,621.98737,621.98737,621.98737,621.98737,621.98737,621.98737,621.98737,621.98737,621.98737,621.98737,621.98737,621.98737,621.98737,621.98737,621.98737,621.98737
2015-07-13,639.211575,639.211575,639.211575,639.211575,639.211575,639.211575,639.211575,639.211575,639.211575,639.211575,639.211575,639.211575,639.211575,639.211575,639.211575,639.211575,639.211575,639.211575,639.211575,639.211575,639.211575,639.211575,639.211575,639.211575,639.211575,639.211575,639.211575
2015-07-14,637.869231,637.869231,637.869231,637.869231,637.869231,637.869231,637.869231,637.869231,637.869231,637.869231,637.869231,637.869231,637.869231,637.869231,637.869231,637.869231,637.869231,637.869231,637.869231,637.869231,637.869231,637.869231,637.869231,637.869231,637.869231,637.869231,637.869231
2015-07-15,646.682925,646.682925,646.682925,646.682925,646.682925,646.682925,646.682925,646.682925,646.682925,646.682925,646.682925,646.682925,646.682925,646.682925,646.682925,646.682925,646.682925,646.682925,646.682925,646.682925,646.682925,646.682925,646.682925,646.682925,646.682925,646.682925,646.682925
2015-07-16,648.955464,648.955464,648.955464,648.955464,648.955464,648.955464,648.955464,648.955464,648.955464,648.955464,648.955464,648.955464,648.955464,648.955464,648.955464,648.955464,648.955464,648.955464,648.955464,648.955464,648.955464,648.955464,648.955464,648.955464,648.955464,648.955464,648.955464
2015-07-17,658.609229,658.609229,658.609229,658.609229,658.609229,658.609229,658.609229,658.609229,658.609229,658.609229,658.609229,658.609229,658.609229,658.609229,658.609229,658.609229,658.609229,658.609229,658.609229,658.609229,658.609229,658.609229,658.609229,658.609229,658.609229,658.609229,658.609229
2015-07-18,647.115884,647.115884,647.115884,647.115884,647.115884,647.115884,647.115884,647.115884,647.115884,647.115884,647.115884,647.115884,647.115884,647.115884,647.115884,647.115884,647.115884,647.115884,647.115884,647.115884,647.115884,647.115884,647.115884,647.115884,647.115884,647.115884,647.115884
2015-07-19,626.044404,626.044404,626.044404,626.044404,626.044404,626.044404,626.044404,626.044404,626.044404,626.044404,626.044404,626.044404,626.044404,626.044404,626.044404,626.044404,626.044404,626.044404,626.044404,626.044404,626.044404,626.044404,626.044404,626.044404,626.044404,626.044404,626.044404
2015-07-20,634.729671,634.729671,634.729671,634.729671,634.729671,634.729671,634.729671,634.729671,634.729671,634.729671,634.729671,634.729671,634.729671,634.729671,634.729671,634.729671,634.729671,634.729671,634.729671,634.729671,634.729671,634.729671,634.729671,634.729671,634.729671,634.729671,634.729671
2015-07-21,623.536009,623.536009,623.536009,623.536009,623.536009,623.536009,623.536009,623.536009,623.536009,623.536009,623.536009,623.536009,623.536009,623.536009,623.536009,623.536009,623.536009,623.536009,623.536009,623.536009,623.536009,623.536009,623.536009,623.536009,623.536009,623.536009,623.536009
2015-07-22,618.512375,618.512375,618.512375,618.512375,618.512375,618.512375,618.512375,618.512375,618.512375,618.512375,618.512375,618.512375,618.512375,618.512375,618.512375,618.512375,618.512375,618.512375,618.512375,618.512375,618.512375,618.512375,618.512375,618.512375,618.512375,618.512375,618.512375
2015-07-23,611.744808,611.744808,611.744808,611.744808,611.744808,611.744808,611.744808,611.744808,611.744808,611.744808,611.744808,611.744808,611.744808,611.744808,611.744808,611.744808,611.744808,611.744808,611.744808,611.744808,611.744808,611.744808,611.744808,611.744808,611.744808,611.744808,611.744808
2015-07-24,603.595011,603.595011,603.595011,603.595011,603.595011,603.595011,603.595011,603.595011,603.595011,603.595011,603.595011,603.595011,603.595011,603.595011,603.595011,603.595011,603.595011,603.595011,603.595011,603.595011,603.595011,603.595011,603.595011,603.595011,603.595011,603.595011,603.595011
2015-07-25,624.066361,624.066361,624.066361,624.066361,624.066361,624.066361,624.066361,624.066361,624.066361,624.066361,624.066361,624.066361,624.066361,624.066361,624.066361,624.066361,624.066361,624.066361,624.066361,624.066361,624.066361,624.066361,624.066361,624.066361,624.066361,624.066361,624.066361
2015-07-26,641.683956,641.683956,641.683956,641.683956,641.683956,641.683956,641.683956,641.683956,641.683956,641.683956,641.683956,641.683956,641.683956,641.683956,641.683956,641.683956,641.683956,641.683956,641.683956,641.683956,641.683956,641.683956,641.683956,641.683956,641.683956,641.683956,641.683956
2015-07-27,640.213064,640.213064,640.213064,640.213064,640.213064,640.213064,640.213064,640.213064,640.213064,640.213064,640.213064,640.213064,640.213064,640.213064,640.213064,640.213064,640.213064,640.213064,640.213064,640.213064,640.213064,640.213064,640.213064,640.213064,640.213064,640.213064,640.213064
2015-07-28,652.74595,652.74595,652.74595,652.74595,652.74595,652.74595,652.74595,652.74595,652.74595,652.74595,652.74595,652.74595,652.74595,652.74595,652.74595,652.74595,652.74595,652.74595,652.74595,652.74595,652.74595,652.74595,652.74595,652.74595,652.74595,652.74595,652.74595
2015-07-29,645.319982,645.319982,645.319982,645.319982,645.319982,645.319982,645.319982,645.319982,645.319982,645.319982,645.319982,645.319982,645.319982,645.319982,645.319982,645.319982,645.319982,645.319982,645.319982,645.319982,645.319982,645.319982,645.319982,645.319982,645.319982,645.319982,645.319982
2015-07-30,644.29908,644.29908,644.29908,644.29908,644.29908,644.29908,644.29908,644.29908,644.29908,644.29908,644.29908,644.29908,644.29908,644.29908,644.29908,644.29908,644.29908,644.29908,644.29908,644.29908,644.29908,644.29908,644.29908,644.29908,644.29908,644.29908,644.29908
2015-07-31,645.071536,645.071536,645.071536,645.071536,645.071536,645.071536,645.071536,645.071536,645.071536,645.071536,645.071536,645.071536,645.071536,645.071536,645.071536,645.071536,645.071536,645.071536,645.071536,645.071536,645.071536,645.071536,645.071536,645.071536,645.071536,645.071536,645.071536
2015-08-01,630.354487,630.354487,630.354487,630.354487,630.354487,630.354487,630.354487,630.354487,630.354487,630.354487,630.354487,630.354487,630.354487,630.354487,630.354487,630.354487,630.354487,630.354487,630.354487,630.354487,630.354487,630.354487,630.354487,630.354487,630.354487,630.354487,630.354487
2015-08-02,613.64772,613.64772,613.64772,613.64772,613.64772,613.64772,613.64772,613.64772,613.64772,613.64772,613.64772,613.64772,613.64772,613.64772,613.64772,613.64772,613.64772,613.64772,613.64772,613.64772,613.64772,613.64772,613.64772,613.64772,613.64772,613.64772,613.64772
2015-08-03,605.416975,605.416975,605.416975,605.416975,605.416975,605.416975,605.416975,605.416975,605.416975,605.416975,605.416975,605.416975,605.416975,605.416975,605.416975,605.416975,605.416975,605.416975,605.416975,605.416975,605.416975,605.416975,605.416975,605.416975,605.416975,605.416975,605.416975
2015-08-04,602.440882,602.440882,602.440882,602.440882,602.440882,602.440882,602.440882,602.440882,602.440882,602.440882,602.440882,602.440882,602.440882,602.440882,602.440882,602.440882,602.440882,602.440882,602.440882,602.440882,602.440882,602.440882,602.440882,602.440882,602.440882,602.440882,602.440882
2015-08-05,609.064368,609.064368,609.064368,609.064368,609.064368,609.064368,609.064368,609.064368,609.064368,609.064368,609.064368,609.064368,609.064368,609.064368,609.064368,609.064368,609.064368,609.064368,609.064368,609.064368,609.064368,609.064368,609.064368,609.064368,609.064368,609.064368,609.064368
2015-08-06,617.790626,617.790626,617.790626,617.790626,617.790626,617.790626,617.790626,617.790626,617.790626,617.790626,617.790626,617.790626,617.790626,617.790626,617.790626,617.790626,617.790626,617.790626,617.790626,617.790626,617.790626,617.790626,617.790626,617.790626,617.790626,617.790626,617.790626
2015-08-07,622.524631,622.524631,622.524631,622.524631,622.524631,622.524631,622.524631,622.524631,622.524631,622.524631,622.524631,622.524631,622.524631,622.524631,622.524631,622.524631,622.524631,622.524631,622.524631,622.524631,622.524631,622.524631,622.524631,622.524631,622.524631,622.524631,622.524631
2015-08-08,627.363416,627.363416,627.363416,627.363416,627.363416,627.363416,627.363416,627.363416,627.363416,627.363416,627.363416,627.363416,627.363416,627.363416,627.363416,627.363416,627.363416,627.363416,627.363416,627.363416,627.363416,627.363416,627.363416,627.363416,627.363416,627.363416,627.363416
2015-08-09,633.30562,633.30562,633.30562,633.30562,633.30562,633.30562,633.30562,633.30562,633.30562,633.30562,633.30562,633.30562,633.30562,633.30562,633.30562,633.30562,633.30562,633.30562,633.30562,633.30562,633.30562,633.30562,633.30562,633.30562,633.30562,633.30562,633.30562
2015-08-10,640.775663,640.775663,640.775663,640.775663,640.775663,640.775663,640.775663,640.775663,640.775663,640.775663,640.775663,640.775663,640.775663,640.775663,640.775663,640.775663,640.775663,640.775663,640.775663,640.775663,640.775663,640.775663,640.775663,640.775663,640.775663,640.775663,640.775663
2015-08-11,647.705147,647.705147,647.705147,647.705147,647.705147,647.705147,647.705147,647.705147,647.705147,647.705147,647.705147,647.705147,647.705147,647.705147,647.705147,647.705147,647.705147,647.705147,647.705147,647.705147,647.705147,647.705147,647.705147,647.705147,647.705147,647.705147,647.705147
2015-08-12,661.611257,661.611257,661.611257,661.611257,661.611257,661.611257,661.611257,661.611257,661.611257,661.611257,661.611257,661.611257,661.611257,661.611257,661.611257,661.611257,661.611257,661.611257,661.611257,661.611257,661.611257,661.611257,661.611257,661.611257,661.611257,661.611257,661.611257
2015-08-13,655.063586,655.063586,655.063586,655.063586,655.063586,655.063586,655.063586,655.063586,655.063586,655.063586,655.063586,655.063586,655.063586,655.063586,655.063586,655.063586,655.063586,655.063586,655.063586,655.063586,655.063586,655.063586,655.063586,655.063586,655.063586,655.063586,655.063586
2015-08-14,647.199142,647.199142,647.199142,647.199142,647.199142,647.199142,647.199142,647.199142,647.199142,647.199142,647.199142,647.199142,647.199142,647.199142,647.199142,647.199142,647.199142,647.199142,647.199142,647.199142,647.199142,647.199142,647.199142,647.199142,647.199142,647.199142,647.199142
2015-08-15,635.800558,635.800558,635.800558,635.800558,635.800558,635.800558,635.800558,635.800558,635.800558,635.800558,635.800558,635.800558,635.800558,635.800558,635.800558,635.800558,635.800558,635.800558,635.800558,635.800558,635.800558,635.800558,635.800558,635.800558,635.800558,635.800558,635.800558
2015-08-16,631.391442,631.391442,631.391442,631.391442,631.391442,631.391442,631.391442,631.391442,631.391442,631.391442,631.391442,631.391442,631.391442,631.391442,631.391442,631.391442,631.391442,631.391442,631.391442,631.391442,631.391442,631.391442,631.391442,631.391442,631.391442,631.391442,631.391442
2015-08-17,618.798531,618.798531,618.798531,618.798531,618.798531,618.798531,618.798531,618.798531,618.798531,618.798531,618.798531,618.798531,618.798531,618.798531,618.798531,618.798531,618.798531,618.798531,618.798531,618.798531,618.798531,618.798531,618.798531,618.798531,618.798531,618.798531,618.798531
2015-08-18,619.064427,619.064427,619.064427,619.064427,619.064427,619.064427,619.064427,619.064427,619.064427,619.064427,619.064427,619.064427,619.064427,619.064427,619.064427,619.064427,619.064427,619.064427,619.064427,619.064427,619.064427,619.064427,619.064427,619.064427,619.064427,619.064427,619.064427
2015-08-19,613.170266,613.170266,613.170266,613.170266,613.170266,613.170266,613.170266,613.170266,613.170266,613.170266,613.170266,613.170266,613.170266,613.170266,613.170266,613.170266,613.170266,613.170266,613.170266,613.170266,613.170266,613.170266,613.170266,613.170266,613.170266,613.170266,613.170266
2015-08-20,614.749188,614.749188,614.749188,614.749188,614.749188,614.749188,614.749188,614.749188,614.749188,614.749188,614.749188,614.749188,614.749188,614.749188,614.749188,614.749188,614.749188,614.749188,614.749188,614.749188,614.749188,614.749188,614.749188,614.749188,614.749188,614.749188,614.749188
2015-08-21,631.790272,631.790272,631.790272,631.790272,631.790272,631.790272,631.790272,631.790272,631.790272,631.790272,631.790272,631.790272,631.790272,631.790272,631.790272,631.790272,631.790272,631.790272,631.790272,631.790272,631.790272,631.790272,631.790272,631.790272,631.790272,631.790272,631.790272
2015-08-22,636.002326,636.002326,636.002326,636.002326,636.002326,636.002326,636.002326,636.002326,636.002326,636.002326,636.002326,636.002326,636.002326,636.002326,636.002326,636.002326,636.002326,636.002326,636.002326,636.002326,636.002326,636.002326,636.002326,636.002326,636.002326,636.002326,636.002326
2015-08-23,655.768698,655.768698,655.768698,655.768698,655.768698,655.768698,655.768698,655.768698,655.768698,655.768698,655.768698,655.768698,655.768698,655.768698,655.768698,655.768698,655.768698,655.768698,655.768698,655.768698,655.768698,655.768698,655.768698,655.768698,655.768698,655.768698,655.768698
2015-08-24,649.269944,649.269944,649.269944,649.269944,649.269944,649.269944,649.269944,649.269944,649.269944,649.269944,649.269944,649.269944,649.269944,649.269944,649.269944,649.269944,649.269944,649.269944,649.269944,649.269944,649.269944,649.269944,649.269944,649.269944,649.269944,649.269944,649.269944
2015-08-25,637.306006,637.306006,637.306006,637.306006,637.306006,637.306006,637.306006,637.306006,637.306006,637.306006,637.306006,637.306006,637.306006,637.306006,637.306006,637.306006,637.306006,637.306006,637.306006,637.306006,637.306006,637.306006,637.306006,637.306006,637.306006,637.306006,637.306006
2015-08-26,619.818142,619.818142,619.818142,619.818142,619.818142,619.818142,619.818142,619.818142,619.818142,619.818142,619.818142,619.818142,619.818142,619.818142,619.818142,619.818142,619.818142,619.818142,619.818142,619.818142,619.818142,619.818142,619.818142,619.818142,619.818142,619.818142,619.818142
2015-08-27,617.305765,617.305765,617.305765,617.305765,617.305765,617.305765,617.305765,617.305765,617.305765,617.305765,617.305765,617.305765,617.305765,617.305765,617.305765,617.305765,617.305765,617.305765,617.305765,617.305765,617.305765,617.305765,617.305765,617.305765,617.305765,617.305765,617.305765
2015-08-28,611.122338,611.122338,611.122338,611.122338,611.122338,611.122338,611.122338,611.122338,611.122338,611.122338,611.122338,611.122338,611.122338,611.122338,611.122338,611.122338,611.122338,611.122338,611.122338,611.122338,611.122338,611.122338,611.122338,611.122338,611.122338,611.122338,611.122338
2015-08-29,619.595849,619.595849,619.595849,619.595849,619.595849,619.595849,619.595849,619.595849,619.595849,619.595849,619.595849,619.595849,619.595849,619.595849,619.595849,619.595849,619.595849,619.595849,619.595849,619.595849,619.595849,619.595849,619.595849,619.595849,619.595849,619.595849,619.595849
2015-08-30,608.245336,608.245336,608.245336,608.245336,608.245336,608.245336,608.245336,608.245336,608.245336,608.245336,608.245336,608.245336,608.245336,608.245336,608.245336,608.245336,608.245336,608.245336,608.245336,608.245336,608.245336,608.245336,608.245336,608.245336,608.245336,608.245336,608.245336
2015-08-31,607.813017,607.813017,607.813017,607.813017,607.813017,607.813017,607.813017,607.813017,607.813017,607.813017,607.813017,607.813017,607.813017,607.813017,607.813017,607.813017,607.813017,607.813017,607.813017,607.813017,607.813017,607.813017,607.813017,607.813017,607.813017,607.813017,607.813017
2015-09-01,601.45752,601.45752,601.45752,601.45752,601.45752,601.45752,601.45752,601.45752,601.45752,601.45752,601.45752,601.45752,601.45752,601.45752,601.45752,601.45752,601.45752,601.45752,601.45752,601.45752,601.45752,601.45752,601.45752,601.45752,601.45752,601.45752,601.45752
2015-09-02,603.828818,603.828818,603.828818,603.828818,603.828818,603.828818,603.828818,603.828818,603.828818,603.828818,603.828818,603.828818,603.828818,603.828818,603.828818,603.828818,603.828818,603.828818,603.828818,603.828818,603.828818,603.828818,603.828818,603.828818,603.828818,603.828818,603.828818
2015-09-03,606.738861,606.738861,606.738861,606.738861,606.738861,606.738861,606.738861,606.738861,606.738861,606.738861,606.738861,606.738861,606.738861,606.738861,606.738861,606.738861,606.738861,606.738861,606.738861,606.738861,606.738861,606.738861,606.738861,606.738861,606.738861,606.738861,606.738861
2015-09-04,601.306912,601.306912,601.306912,601.306912,601.306912,601.306912,601.306912,601.306912,601.306912,601.306912,601.306912,601.306912,601.306912,601.306912,601.306912,601.306912,601.306912,601.306912,601.306912,601.306912,601.306912,601.306912,601.306912,601.306912,601.306912,601.306912,601.306912
2015-09-05,597.83257,597.83257,597.83257,597.83257,597.83257,597.83257,597.83257,597.83257,597.83257,597.83257,597.83257,597.83257,597.83257,597.83257,597.83257,597.83257,597.83257,597.83257,597.83257,597.83257,597.83257,597.83257,597.83257,597.83257,597.83257,597.83257,597.83257
2015-09-06,589.47125,589.47125,589.47125,589.47125,589.47125,589.47125,589.47125,589.47125,589.47125,589.47125,589.47125,589.47125,589.47125,589.47125,589.47125,589.47125,589.47125,589.47125,589.47125,589.47125,589.47125,589.47125,589.47125,589.47125,589.47125,589.47125,589.47125
2015-09-07,587.168047,587.168047,587.168047,587.168047,587.168047,587.168047,587.168047,587.168047,587.168047,587.168047,587.168047,587.168047,587.168047,587.168047,587.168047,587.168047,587.168047,587.168047,587.168047,587.168047,587.168047,587.168047,587.168047,587.168047,587.168047,587.168047,587.168047
2015-09-08,604.264661,604.264661,604.264661,604.264661,604.264661,604.264661,604.264661,604.264661,604.264661,604.264661,604.264661,604.264661,604.264661,604.264661,604.264661,604.264661,604.264661,604.264661,604.264661,604.264661,604.264661,604.264661,604.264661,604.264661,604.264661,604.264661,604.264661
2015-09-09,620.500587,620.500587,620.500587,620.500587,620.500587,620.500587,620.500587,620.500587,620.500587,620.500587,620.500587,620.500587,620.500587,620.500587,620.500587,620.500587,620.500587,620.500587,620.500587,620.500587,620.500587,620.500587,620.500587,620.500587,620.500587,620.500587,620.500587
2015-09-10,620.436653,620.436653,620.436653,620.436653,620.436653,620.436653,620.436653,620.436653,620.436653,620.436653,620.436653,620.436653,620.436653,620.436653,620.436653,620.436653,620.436653,620.436653,620.436653,620.436653,620.436653,620.436653,620.436653,620.436653,620.436653,620.436653,620.436653
2015-09-11,611.662563,611.662563,611.662563,611.662563,611.662563,611.662563,611.662563,611.662563,611.662563,611.662563,611.662563,611.662563,611.662563,611.662563,611.662563,611.662563,611.662563,611.662563,611.662563,611.662563,611.662563,611.662563,611.662563,611.662563,611.662563,611.662563,611.662563
2015-09-12,622.093173,622.093173,622.093173,622.093173,622.093173,622.093173,622.093173,622.093173,622.093173,622.093173,622.093173,622.093173,622.093173,622.093173,622.093173,622.093173,622.093173,622.093173,622.093173,622.093173,622.093173,622.093173,622.093173,622.093173,622.093173,622.093173,622.093173
2015-09-13,640.829637,640.829637,640.829637,640.829637,640.829637,640.829637,640.829637,640.829637,640.829637,640.829637,640.829637,640.829637,640.829637,640.829637,640.829637,640.829637,640.829637,640.829637,640.829637,640.829637,640.829637,640.829637,640.829637,640.829637,640.829637,640.829637,640.829637
2015-09-14,648.824785,648.824785,648.824785,648.824785,648.824785,648.824785,648.824785,648.824785,648.824785,648.824785,648.824785,648.824785,648.824785,648.824785,648.824785,648.824785,648.824785,648.824785,648.824785,648.824785,648.824785,648.824785,648.824785,648.824785,648.824785,648.824785,648.824785
2015-09-15,660.490714,660.490714,660.490714,660.490714,660.490714,660.490714,660.490714,660.490714,660.490714,660.490714,660.490714,660.490714,660.490714,660.490714,660.490714,660.490714,660.490714,660.490714,660.490714,660.490714,660.490714,660.490714,660.490714,660.490714,660.490714,660.490714,660.490714
2015-09-16,664.560846,664.560846,664.560846,664.560846,664.560846,664.560846,664.560846,664.560846,664.560846,664.560846,664.560846,664.560846,664.560846,664.560846,664.560846,664.560846,664.560846,664.560846,664.560846,664.560846,664.560846,664.560846,664.560846,664.560846,664.560846,664.560846,664.560846
2015-09-17,666.634875,666.634875,666.634875,666.634875,666.634875,666.634875,666.634875,666.634875,666.634875,666.634875,666.634875,666.634875,666.634875,666.634875,666.634875,666.634875,666.634875,666.634875,666.634875,666.634875,666.634875,666.634875,666.634875,666.634875,666.634875,666.634875,666.634875
2015-09-18,682.036885,682.036885,682.036885,682.036885,682.036885,682.036885,682.036885,682.036885,682.036885,682.036885,682.036885,682.036885,682.036885,682.036885,682.036885,682.036885,682.036885,682.036885,682.036885,682.036885,682.036885,682.036885,682.036885,682.036885,682.036885,682.036885,682.036885
2015-09-19,674.819915,674.819915,674.819915,674.819915,674.819915,674.819915,674.819915,674.819915,674.819915,674.819915,674.819915,674.819915,674.819915,674.819915,674.819915,674.819915,674.819915,674.819915,674.819915,674.819915,674.819915,674.819915,674.819915,674.819915,674.819915,674.819915,674.819915
2015-09-20,654.113916,654.113916,654.113916,654.113916,654.113916,654.113916,654.113916,654.113916,654.113916,654.113916,654.113916,654.113916,654.113916,654.113916,654.113916,654.113916,654.113916,654.113916,654.113916,654.113916,654.113916,654.113916,654.113916,654.113916,654.113916,654.113916,654.113916
2015-09-21,647.544983,647.544983,647.544983,647.544983,647.544983,647.544983,647.544983,647.544983,647.544983,647.544983,647.544983,647.544983,647.544983,647.544983,647.544983,647.544983,647.544983,647.544983,647.544983,647.544983,647.544983,647.544983,647.544983,647.544983,647.544983,647.544983,647.544983
2015-09-22,619.620808,619.620808,619.620808,619.620808,619.620808,619.620808,619.620808,619.620808,619.620808,619.620808,619.620808,619.620808,619.620808,619.620808,619.620808,619.620808,619.620808,619.620808,619.620808,619.620808,619.620808,619.620808,619.620808,619.620808,619.620808,619.620808,619.620808
2015-09-23,610.928155,610.928155,610.928155,610.928155,610.928155,610.928155,610.928155,610.928155,610.928155,610.928155,610.928155,610.928155,610.928155,610.928155,610.928155,610.928155,610.928155,610.928155,610.928155,610.928155,610.928155,610.928155,610.928155,610.928155,610.928155,610.928155,610.928155
2015-09-24,607.727643,607.727643,607.727643,607.727643,607.727643,607.727643,607.727643,607.727643,607.727643,607.727643,607.727643,607.727643,607.727643,607.727643,607.727643,607.727643,607.727643,607.727643,607.727643,607.727643,607.727643,607.727643,607.727643,607.727643,607.727643,607.727643,607.727643
2015-09-25,614.458905,614.458905,614.458905,614.458905,614.458905,614.458905,614.458905,614.458905,614.458905,614.458905,614.458905,614.458905,614.458905,614.458905,614.458905,614.458905,614.458905,614.458905,614.458905,614.458905,614.458905,614.458905,614.458905,614.458905,614.458905,614.458905,614.458905
2015-09-26,601.157653,601.157653,601.157653,601.157653,601.157653,601.157653,601.157653,601.157653,601.157653,601.157653,601.157653,601.157653,601.157653,601.157653,601.157653,601.157653,601.157653,601.157653,601.157653,601.157653,601.157653,601.157653,601.157653,601.157653,601.157653,601.157653,601.157653
2015-09-27,612.919262,612.919262,612.919262,612.919262,612.919262,612.919262,612.919262,612.919262,612.919262,612.919262,612.919262,612.919262,612.919262,612.919262,612.919262,612.919262,612.919262,612.919262,612.919262,612.919262,612.919262,612.919262,612.919262,612.919262,612.919262,612.919262,612.919262
2015-09-28,616.667477,616.667477,616.667477,616.667477,616.667477,616.667477,616.667477,616.667477,616.667477,616.667477,616.667477,616.667477,616.667477,616.667477,616.667477,616.667477,616.667477,616.667477,616.667477,616.667477,616.667477,616.667477,616.667477,616.667477,616.667477,616.667477,616.667477
2015-09-29,624.260025,624.260025,624.260025,624.260025,624.260025,624.260025,624.260025,624.260025,624.260025,624.260025,624.260025,624.260025,624.260025,624.260025,624.260025,624.260025,624.260025,624.260025,624.260025,624.260025,624.260025,624.260025,624.260025,624.260025,624.260025,624.260025,624.260025
2015-09-30,620.186095,620.186095,620.186095,620.186095,620.186095,620.186095,620.186095,620.186095,620.186095,620.186095,620.186095,620.186095,620.186095,620.186095,620.186095,620.186095,620.186095,620.186095,620.186095,620.186095,620.186095,620.186095,620.186095,620.186095,620.186095,620.186095,620.186095
2015-10-01,629.866566,629.866566,629.866566,629.866566,629.866566,629.866566,629.866566,629.866566,629.866566,629.866566,629.866566,629.866566,629.866566,629.866566,629.866566,629.866566,629.866566,629.866566,629.866566,629.866566,629.866566,629.866566,629.866566,629.866566,629.866566,629.866566,629.866566
2015-10-02,614.707444,614.707444,614.707444,614.707444,614.707444,614.707444,614.707444,614.707444,614.707444,614.707444,614.707444,614.707444,614.707444,614.707444,614.707444,614.707444,614.707444,614.707444,614.707444,614.707444,614.707444,614.707444,614.707444,614.707444,614.707444,614.707444,614.707444
2015-10-03,614.446573,614.446573,614.446573,614.446573,614.446573,614.446573,614.446573,614.446573,614.446573,614.446573,614.446573,614.446573,614.446573,614.446573,614.446573,614.446573,614.446573,614.446573,614.446573,614.446573,614.446573,614.446573,614.446573,614.446573,614.446573,614.446573,614.446573
2015-10-04,613.235635,613.235635,613.235635,613.235635,613.235635,613.235635,613.235635,613.235635,613.235635,613.235635,613.235635,613.235635,613.235635,613.235635,613.235635,613.235635,613.235635,613.235635,613.235635,613.235635,613.235635,613.235635,613.235635,613.235635,613.235635,613.235635,613.235635
2015-10-05,627.783331,627.783331,627.783331,627.783331,627.783331,627.783331,627.783331,627.783331,627.783331,627.783331,627.783331,627.783331,627.783331,627.783331,627.783331,627.783331,627.783331,627.783331,627.783331,627.783331,627.783331,627.783331,627.783331,627.783331,627.783331,627.783331,627.783331
2015-10-06,619.322097,619.322097,619.322097,619.322097,619.322097,619.322097,619.322097,619.322097,619.322097,619.322097,619.322097,619.322097,619.322097,619.322097,619.322097,619.322097,619.322097,619.322097,619.322097,619.322097,619.322097,619.322097,619.322097,619.322097,619.322097,619.322097,619.322097
2015-10-07,618.026131,618.026131,618.026131,618.026131,618.026131,618.026131,618.026131,618.026131,618.026131,618.026131,618.026131,618.026131,618.026131,618.026131,618.026131,618.026131,618.026131,618.026131,618.026131,618.026131,618.026131,618.026131,618.026131,618.026131,618.026131,618.026131,618.026131
2015-10-08,598.520946,598.520946,598.520946,598.520946,598.520946,598.520946,598.520946,598.520946,598.520946,598.520946,598.520946,598.520946,598.520946,598.520946,598.520946,598.520946,598.520946,598.520946,598.520946,598.520946,598.520946,598.520946,598.520946,598.520946,598.520946,598.520946,598.520946
2015-10-09,618.300962,618.300962,618.300962,618.300962,618.300962,618.300962,618.300962,618.300962,618.300962,618.300962,618.300962,618.300962,618.300962,618.300962,618.300962,618.300962,618.300962,618.300962,618.300962,618.300962,618.300962,618.300962,618.300962,618.300962,618.300962,618.300962,618.300962
2015-10-10,621.599323,621.599323,621.599323,621.599323,621.599323,621.599323,621.599323,621.599323,621.599323,621.599323,621.599323,621.599323,621.599323,621.599323,621.599323,621.599323,621.599323,621.599323,621.599323,621.599323,621.599323,621.599323,621.599323,621.599323,621.599323,621.599323,621.599323
2015-10-11,622.261915,622.261915,622.261915,622.261915,622.261915,622.261915,622.261915,622.261915,622.261915,622.261915,622.261915,622.261915,622.261915,622.261915,622.261915,622.261915,622.261915,622.261915,622.261915,622.261915,622.261915,622.261915,622.261915,622.261915,622.261915,622.261915,622.261915
2015-10-12,601.670938,601.670938,601.670938,601.670938,601.670938,601.670938,601.670938,601.670938,601.670938,601.670938,601.670938,601.670938,601.670938,601.670938,601.670938,601.670938,601.670938,601.670938,601.670938,601.670938,601.670938,601.670938,601.670938,601.670938,601.670938,601.670938,601.670938
2015-10-13,602.889975,602.889975,602.889975,602.889975,602.889975,602.889975,602.889975,602.889975,602.889975,602.889975,602.889975,602.889975,602.889975,602.889975,602.889975,602.889975,602.889975,602.889975,602.889975,602.889975,602.889975,602.889975,602.889975,602.889975,602.889975,602.889975,602.889975
2015-10-14,612.413223,612.413223,612.413223,612.413223,612.413223,612.413223,612.413223,612.413223,612.413223,612.413223,612.413223,612.413223,612.413223,612.413223,612.413223,612.413223,612.413223,612.413223,612.413223,612.413223,612.413223,612.413223,612.413223,612.413223,612.413223,612.413223,612.413223
2015-10-15,614.834297,614.834297,614.834297,614.834297,614.834297,614.834297,614.834297,614.834297,614.834297,614.834297,614.834297,614.834297,614.834297,614.834297,614.834297,614.834297,614.834297,614.834297,614.834297,614.834297,614.834297,614.834297,614.834297,614.834297,614.834297,614.834297,614.834297
2015-10-16,596.559938,596.559938,596.559938,596.559938,596.559938,596.559938,596.559938,596.559938,596.559938,596.559938,596.559938,596.559938,596.559938,596.559938,596.559938,596.559938,596.559938,596.559938,596.559938,596.559938,596.559938,596.559938,596.559938,596.559938,596.559938,596.559938,596.559938
2015-10-17,598.244096,598.244096,598.244096,598.244096,598.244096,598.244096,598.244096,598.244096,598.244096,598.244096,598.244096,598.244096,598.244096,598.244096,598.244096,598.244096,598.244096,598.244096,598.244096,598.244096,598.244096,598.244096,598.244096,598.244096,598.244096,598.244096,598.244096
2015-10-18,601.357972,601.357972,601.357972,601.357972,601.357972,601.357972,601.357972,601.357972,601.357972,601.357972,601.357972,601.357972,601.357972,601.357972,601.357972,601.357972,601.357972,601.357972,601.357972,601.357972,601.357972,601.357972,601.357972,601.357972,601.357972,601.357972,601.357972
2015-10-19,609.671086,609.671086,609.671086,609.671086,609.671086,609.671086,609.671086,609.671086,609.671086,609.671086,609.671086,609.671086,609.671086,609.671086,609.671086,609.671086,609.671086,609.671086,609.671086,609.671086,609.671086,609.671086,609.671086,609.671086,609.671086,609.671086,609.671086
2015-10-20,616.153319,616.153319,616.153319,616.153319,616.153319,616.153319,616.153319,616.153319,616.153319,616.153319,616.153319,616.153319,616.153319,616.153319,616.153319,616.153319,616.153319,616.153319,616.153319,616.153319,616.153319,616.153319,616.153319,616.153319,616.153319,616.153319,616.153319
2015-10-21,613.22735,613.22735,613.22735,613.22735,613.22735,613.22735,613.22735,613.22735,613.22735,613.22735,613.22735,613.22735,613.22735,613.22735,613.22735,613.22735,613.22735,613.22735,613.22735,613.22735,613.22735,613.22735,613.22735,613.22735,613.22735,613.22735,613.22735
2015-10-22,624.140988,624.140988,624.140988,624.140988,624.140988,624.140988,624.140988,624.140988,624.140988,624.140988,624.140988,624.140988,624.140988,624.140988,624.140988,624.140988,624.140988,624.140988,624.140988,624.140988,624.140988,624.140988,624.140988,624.140988,624.140988,624.140988,624.140988
2015-10-23,625.257225,625.257225,625.257225,625.257225,625.257225,625.257225,625.257225,625.257225,625.257225,625.257225,625.257225,625.257225,625.257225,625.257225,625.257225,625.257225,625.257225,625.257225,625.257225,625.257225,625.257225,625.257225,625.257225,625.257225,625.257225,625.257225,625.257225
2015-10-24,633.002015,633.002015,633.002015,633.002015,633.002015,633.002015,633.002015,633.002015,633.002015,633.002015,633.002015,633.002015,633.002015,633.002015,633.002015,633.002015,633.002015,633.002015,633.002015,633.002015,633.002015,633.002015,633.002015,633.002015,633.002015,633.002015,633.002015
2015-10-25,624.522218,624.522218,624.522218,624.522218,624.522218,624.522218,624.522218,624.522218,624.522218,624.522218,624.522218,624.522218,624.522218,624.522218,624.522218,624.522218,624.522218,624.522218,624.522218,624.522218,624.522218,624.522218,624.522218,624.522218,624.522218,624.522218,624.522218
2015-10-26,627.174843,627.174843,627.174843,627.174843,627.174843,627.174843,627.174843,627.174843,627.174843,627.174843,627.174843,627.174843,627.174843,627.174843,627.174843,627.174843,627.174843,627.174843,627.174843,627.174843,627.174843,627.174843,627.174843,627.174843,627.174843,627.174843,627.174843
2015-10-27,633.840951,633.840951,633.840951,633.840951,633.840951,633.840951,633.840951,633.840951,633.840951,633.840951,633.840951,633.840951,633.840951,633.840951,633.840951,633.840951,633.840951,633.840951,633.840951,633.840951,633.840951,633.840951,633.840951,633.840951,633.840951,633.840951,633.840951
2015-10-28,627.639816,627.639816,627.639816,627.639816,627.639816,627.639816,627.639816,627.639816,627.639816,627.639816,627.639816,627.639816,627.639816,627.639816,627.639816,627.639816,627.639816,627.639816,627.639816,627.639816,627.639816,627.639816,627.639816,627.639816,627.639816,627.639816,627.639816
2015-10-29,614.54624,614.54624,614.54624,614.54624,614.54624,614.54624,614.54624,614.54624,614.54624,614.54624,614.54624,614.54624,614.54624,614.54624,614.54624,614.54624,614.54624,614.54624,614.54624,614.54624,614.54624,614.54624,614.54624,614.54624,614.54624,614.54624,614.54624
2015-10-30,592.369857,592.369857,592.369857,592.369857,592.369857,592.369857,592.369857,592.369857,592.369857,592.369857,592.369857,592.369857,592.369857,592.369857,592.369857,592.369857,592.369857,592.369857,592.369857,592.369857,592.369857,592.369857,592.369857,592.369857,592.369857,592.369857,592.369857
2015-10-31,587.208821,587.208821,587.208821,587.208821,587.208821,587.208821,587.208821,587.208821,587.208821,587.208821,587.208821,587.208821,587.208821,587.208821,587.208821,587.208821,587.208821,587.208821,587.208821,587.208821,587.208821,587.208821,587.208821,587.208821,587.208821,587.208821,587.208821
2015-11-01,596.247105,596.247105,596.247105,596.247105,596.247105,596.247105,596.247105,596.247105,596.247105,596.247105,596.247105,596.247105,596.247105,596.247105,596.247105,596.247105,596.247105,596.247105,596.247105,596.247105,596.247105,596.247105,596.247105,596.247105,596.247105,596.247105,596.247105
2015-11-02,599.965006,599.965006,599.965006,599.965006,599.965006,599.965006,599.965006,599.965006,599.965006,599.965006,599.965006,599.965006,599.965006,599.965006,599.965006,599.965006,599.965006,599.965006,599.965006,599.965006,599.965006,599.965006,599.965006,599.965006,599.965006,599.965006,599.965006
2015-11-03,596.229458,596.229458,596.229458,596.229458,596.229458,596.229458,596.229458,596.229458,596.229458,596.229458,596.229458,596.229458,596.229458,596.229458,596.229458,596.229458,596.229458,596.229458,596.229458,596.229458,596.229458,596.229458,596.229458,596.229458,596.229458,596.229458,596.229458
2015-11-04,597.482702,597.482702,597.482702,597.482702,597.482702,597.482702,597.482702,597.482702,597.482702,597.482702,597.482702,597.482702,597.482702,597.482702,597.482702,597.482702,597.482702,597.482702,597.482702,597.482702,597.482702,597.482702,597.482702,597.482702,597.482702,597.482702,597.482702
2015-11-05,584.998547,584.998547,584.998547,584.998547,584.998547,584.998547,584.998547,584.998547,584.998547,584.998547,584.998547,584.998547,584.998547,584.998547,584.998547,584.998547,584.998547,584.998547,584.998547,584.998547,584.998547,584.998547,584.998547,584.998547,584.998547,584.998547,584.998547
2015-11-06,599.52053,599.52053,599.52053,599.52053,599.52053,599.52053,599.52053,599.52053,599.52053,599.52053,599.52053,599.52053,599.52053,599.52053,599.52053,599.52053,599.52053,599.52053,599.52053,599.52053,599.52053,599.52053,599.52053,599.52053,599.52053,599.52053,599.52053
2015-11-07,590.310499,590.310499,590.310499,590.310499,590.310499,590.310499,590.310499,590.310499,590.310499,590.310499,590.310499,590.310499,590.310499,590.310499,590.310499,590.310499,590.310499,590.310499,590.310499,590.310499,590.310499,590.310499,590.310499,590.310499,590.310499,590.310499,590.310499
2015-11-08,577.143694,577.143694,577.143694,577.143694,577.143694,577.143694,577.143694,577.143694,577.143694,577.143694,577.143694,577.143694,577.143694,577.143694,577.143694,577.143694,577.143694,577.143694,577.143694,577.143694,577.143694,577.143694,577.143694,577.143694,577.143694,577.143694,577.143694
2015-11-09,580.520595,580.520595,580.520595,580.520595,580.520595,580.520595,580.520595,580.520595,580.520595,580.520595,580.520595,580.520595,580.520595,580.520595,580.520595,580.520595,580.520595,580.520595,580.520595,580.520595,580.520595,580.520595,580.520595,580.520595,580.520595,580.520595,580.520595
2015-11-10,580.246561,580.246561,580.246561,580.246561,580.246561,580.246561,580.246561,580.246561,580.246561,580.246561,580.246561,580.246561,580.246561,580.246561,580.246561,580.246561,580.246561,580.246561,580.246561,580.246561,580.246561,580.246561,580.246561,580.246561,580.246561,580.246561,580.246561
2015-11-11,560.639367,560.639367,560.639367,560.639367,560.639367,560.639367,560.639367,560.639367,560.639367,560.639367,560.639367,560.639367,560.639367,560.639367,560.639367,560.639367,560.639367,560.639367,560.639367,560.639367,560.639367,560.639367,560.639367,560.639367,560.639367,560.639367,560.639367
2015-11-12,579.560579,579.560579,579.560579,579.560579,579.560579,579.560579,579.560579,579.560579,579.560579,579.560579,579.560579,579.560579,579.560579,579.560579,579.560579,579.560579,579.560579,579.560579,579.560579,579.560579,579.560579,579.560579,579.560579,579.560579,579.560579,579.560579,579.560579
2015-11-13,590.508933,590.508933,590.508933,590.508933,590.508933,590.508933,590.508933,590.508933,590.508933,590.508933,590.508933,590.508933,590.508933,590.508933,590.508933,590.508933,590.508933,590.508933,590.508933,590.508933,590.508933,590.508933,590.508933,590.508933,590.508933,590.508933,590.508933
2015-11-14,589.086093,589.086093,589.086093,589.086093,589.086093,589.086093,589.086093,589.086093,589.086093,589.086093,589.086093,589.086093,589.086093,589.086093,589.086093,589.086093,589.086093,589.086093,589.086093,589.086093,589.086093,589.086093,589.086093,589.086093,589.086093,589.086093,589.086093
2015-11-15,587.606399,587.606399,587.606399,587.606399,587.606399,587.606399,587.606399,587.606399,587.606399,587.606399,587.606399,587.606399,587.606399,587.606399,587.606399,587.606399,587.606399,587.606399,587.606399,587.606399,587.606399,587.606399,587.606399,587.606399,587.606399,587.606399,587.606399
2015-11-16,579.343996,579.343996,579.343996,579.343996,579.343996,579.343996,579.343996,579.343996,579.343996,579.343996,579.343996,579.343996,579.343996,579.343996,579.343996,579.343996,579.343996,579.343996,579.343996,579.343996,579.343996,579.343996,579.343996,579.343996,579.343996,579.343996,579.343996
2015-11-17,574.074321,574.074321,574.074321,574.074321,574.074321,574.074321,574.074321,574.074321,574.074321,574.074321,574.074321,574.074321,574.074321,574.074321,574.074321,574.074321,574.074321,574.074321,574.074321,574.074321,574.074321,574.074321,574.074321,574.074321,574.074321,574.074321,574.074321
2015-11-18,587.085654,587.085654,587.085654,587.085654,587.085654,587.085654,587.085654,587.085654,587.085654,587.085654,587.085654,587.085654,587.085654,587.085654,587.085654,587.085654,587.085654,587.085654,587.085654,587.085654,587.085654,587.085654,587.085654,587.085654,587.085654,587.085654,587.085654
2015-11-19,592.454664,592.454664,592.454664,592.454664,592.454664,592.454664,592.454664,592.454664,592.454664,592.454664,592.454664,592.454664,592.454664,592.454664,592.454664,592.454664,592.454664,592.454664,592.454664,592.454664,592.454664,592.454664,592.454664,592.454664,592.454664,592.454664,592.454664
2015-11-20,590.479422,590.479422,590.479422,590.479422,590.479422,590.479422,590.479422,590.479422,590.479422,590.479422,590.479422,590.479422,590.479422,590.479422,590.479422,590.479422,590.479422,590.479422,590.479422,590.479422,590.479422,590.479422,590.479422,590.479422,590.479422,590.479422,590.479422
2015-11-21,594.057584,594.057584,594.057584,594.057584,594.057584,594.057584,594.057584,594.057584,594.057584,594.057584,594.057584,594.057584,594.057584,594.057584,594.057584,594.057584,594.057584,594.057584,594.057584,594.057584,594.057584,594.057584,594.057584,594.057584,594.057584,594.057584,594.057584
2015-11-22,582.731682,582.731682,582.731682,582.731682,582.731682,582.731682,582.731682,582.731682,582.731682,582.731682,582.731682,582.731682,582.731682,582.731682,582.731682,582.731682,582.731682,582.731682,582.731682,582.731682,582.731682,582.731682,582.731682,582.731682,582.731682,582.731682,582.731682
2015-11-23,576.128368,576.128368,576.128368,576.128368,576.128368,576.128368,576.128368,576.128368,576.128368,576.128368,576.128368,576.128368,576.128368,576.128368,576.128368,576.128368,576.128368,576.128368,576.128368,576.128368,576.128368,576.128368,576.128368,576.128368,576.128368,576.128368,576.128368
2015-11-24,572.566159,572.566159,572.566159,572.566159,572.566159,572.566159,572.566159,572.566159,572.566159,572.566159,572.566159,572.566159,572.566159,572.566159,572.566159,572.566159,572.566159,572.566159,572.566159,572.566159,572.566159,572.566159,572.566159,572.566159,572.566159,572.566159,572.566159
2015-11-25,580.421983,580.421983,580.421983,580.421983,580.421983,580.421983,580.421983,580.421983,580.421983,580.421983,580.421983,580.421983,580.421983,580.421983,580.421983,580.421983,580.421983,580.421983,580.421983,580.421983,580.421983,580.421983,580.421983,580.421983,580.421983,580.421983,580.421983
2015-11-26,579.345957,579.345957,579.345957,579.345957,579.345957,579.345957,579.345957,579.345957,579.345957,579.345957,579.345957,579.345957,579.345957,579.345957,579.345957,579.345957,579.345957,579.345957,579.345957,579.345957,579.345957,579.345957,579.345957,579.345957,579.345957,579.345957,579.345957
2015-11-27,575.383457,575.383457,575.383457,575.383457,575.383457,575.383457,575.383457,575.383457,575.383457,575.383457,575.383457,575.383457,575.383457,575.383457,575.383457,575.383457,575.383457,575.383457,575.383457,575.383457,575.383457,575.383457,575.383457,575.383457,575.383457,575.383457,575.383457
2015-11-28,588.164076,588.164076,588.164076,588.164076,588.164076,588.164076,588.164076,588.164076,588.164076,588.164076,588.164076,588.164076,588.164076,588.164076,588.164076,588.164076,588.164076,588.164076,588.164076,588.164076,588.164076,588.164076,588.164076,588.164076,588.164076,588.164076,588.164076
2015-11-29,608.602658,608.602658,608.602658,608.602658,608.602658,608.602658,608.602658,608.602658,608.602658,608.602658,608.602658,608.602658,608.602658,608.602658,608.602658,608.602658,608.602658,608.602658,608.602658,608.602658,608.602658,608.602658,608.602658,608.602658,608.602658,608.602658,608.602658
2015-11-30,598.501231,598.501231,598.501231,598.501231,598.501231,598.501231,598.501231,598.501231,598.501231,598.501231,598.501231,598.501231,598.501231,598.501231,598.501231,598.501231,598.501231,598.501231,598.501231,598.501231,598.501231,598.501231,598.501231,598.501231,598.501231,598.501231,598.501231
2015-12-01,598.789093,598.789093,598.789093,598.789093,598.789093,598.789093,598.789093,598.789093,598.789093,598.789093,598.789093,598.789093,598.789093,598.789093,598.789093,598.789093,598.789093,598.789093,598.789093,598.789093,598.789093,598.789093,598.789093,598.789093,598.789093,598.789093,598.789093
2015-12-02,589.943388,589.943388,589.943388,589.943388,589.943388,589.943388,589.943388,589.943388,589.943388,589.943388,589.943388,589.943388,589.943388,589.943388,589.943388,589.943388,589.943388,589.943388,589.943388,589.943388,589.943388,589.943388,589.943388,589.943388,589.943388,589.943388,589.943388
2015-12-03,583.925319,583.925319,583.925319,583.925319,583.925319,583.925319,583.925319,583.925319,583.925319,583.925319,583.925319,583.925319,583.925319,583.925319,583.925319,583.925319,583.925319,583.925319,583.925319,583.925319,583.925319,583.925319,583.925319,583.925319,583.925319,583.925319,583.925319
2015-12-04,585.767849,585.767849,585.767849,585.767849,585.767849,585.767849,585.767849,585.767849,585.767849,585.767849,585.767849,585.767849,585.767849,585.767849,585.767849,585.767849,585.767849,585.767849,585.767849,585.767849,585.767849,585.767849,585.767849,585.767849,585.767849,585.767849,585.767849
2015-12-05,581.342803,581.342803,581.342803,581.342803,581.342803,581.342803,581.342803,581.342803,581.342803,581.342803,581.342803,581.342803,581.342803,581.342803,581.342803,581.342803,581.342803,581.342803,581.342803,581.342803,581.342803,581.342803,581.342803,581.342803,581.342803,581.342803,581.342803
2015-12-06,581.472012,581.472012,581.472012,581.472012,581.472012,581.472012,581.472012,581.472012,581.472012,581.472012,581.472012,581.472012,581.472012,581.472012,581.472012,581.472012,581.472012,581.472012,581.472012,581.472012,581.472012,581.472012,581.472012,581.472012,581.472012,581.472012,581.472012
2015-12-07,604.131609,604.131609,604.131609,604.131609,604.131609,604.131609,604.131609,604.131609,604.131609,604.131609,604.131609,604.131609,604.131609,604.131609,604.131609,604.131609,604.131609,604.131609,604.131609,604.131609,604.131609,604.131609,604.131609,604.131609,604.131609,604.131609,604.131609
2015-12-08,617.853476,617.853476,617.853476,617.853476,617.853476,617.853476,617.853476,617.853476,617.853476,617.853476,617.853476,617.853476,617.853476,617.853476,617.853476,617.853476,617.853476,617.853476,617.853476,617.853476,617.853476,617.853476,617.853476,617.853476,617.853476,617.853476,617.853476
2015-12-09,632.007911,632.007911,632.007911,632.007911,632.007911,632.007911,632.007911,632.007911,632.007911,632.007911,632.007911,632.007911,632.007911,632.007911,632.007911,632.007911,632.007911,632.007911,632.007911,632.007911,632.007911,632.007911,632.007911,632.007911,632.007911,632.007911,632.007911
2015-12-10,633.672225,633.672225,633.672225,633.672225,633.672225,633.672225,633.672225,633.672225,633.672225,633.672225,633.672225,633.672225,633.672225,633.672225,633.672225,633.672225,633.672225,633.672225,633.672225,633.672225,633.672225,633.672225,633.672225,633.672225,633.672225,633.672225,633.672225
2015-12-11,632.946237,632.946237,632.946237,632.946237,632.946237,632.946237,632.946237,632.946237,632.946237,632.946237,632.946237,632.946237,632.946237,632.946237,632.946237,632.946237,632.946237,632.946237,632.946237,632.946237,632.946237,632.946237,632.946237,632.946237,632.946237,632.946237,632.946237
2015-12-12,650.40208,650.40208,650.40208,650.40208,650.40208,650.40208,650.40208,650.40208,650.40208,650.40208,650.40208,650.40208,650.40208,650.40208,650.40208,650.40208,650.40208,650.40208,650.40208,650.40208,650.40208,650.40208,650.40208,650.40208,650.40208,650.40208,650.40208
2015-12-13,636.500346,636.500346,636.500346,636.500346,636.500346,636.500346,636.500346,636.500346,636.500346,636.500346,636.500346,636.500346,636.500346,636.500346,636.500346,636.500346,636.500346,636.500346,636.500346,636.500346,636.500346,636.500346,636.500346,636.500346,636.500346,636.500346,636.500346
2015-12-14,637.364558,637.364558,637.364558,637.364558,637.364558,637.364558,637.364558,637.364558,637.364558,637.364558,637.364558,637.364558,637.364558,637.364558,637.364558,637.364558,637.364558,637.364558,637.364558,637.364558,637.364558,637.364558,637.364558,637.364558,637.364558,637.364558,637.364558
2015-12-15,639.855906,639.855906,639.855906,639.855906,639.855906,639.855906,639.855906,639.855906,639.855906,639.855906,639.855906,639.855906,639.855906,639.855906,639.855906,639.855906,639.855906,639.855906,639.855906,639.855906,639.855906,639.855906,639.855906,639.855906,639.855906,639.855906,639.855906
2015-12-16,635.728618,635.728618,635.728618,635.728618,635.728618,635.728618,635.728618,635.728618,635.728618,635.728618,635.728618,635.728618,635.728618,635.728618,635.728618,635.728618,635.728618,635.728618,635.728618,635.728618,635.728618,635.728618,635.728618,635.728618,635.728618,635.728618,635.728618
2015-12-17,632.514477,632.514477,632.514477,632.514477,632.514477,632.514477,632.514477,632.514477,632.514477,632.514477,632.514477,632.514477,632.514477,632.514477,632.514477,632.514477,632.514477,632.514477,632.514477,632.514477,632.514477,632.514477,632.514477,632.514477,632.514477,632.514477,632.514477
2015-12-18,635.361872,635.361872,635.361872,635.361872,635.361872,635.361872,635.361872,635.361872,635.361872,635.361872,635.361872,635.361872,635.361872,635.361872,635.361872,635.361872,635.361872,635.361872,635.361872,635.361872,635.361872,635.361872,635.361872,635.361872,635.361872,635.361872,635.361872
2015-12-19,618.142967,618.142967,618.142967,618.142967,618.142967,618.142967,618.142967,618.142967,618.142967,618.142967,618.142967,618.142967,618.142967,618.142967,618.142967,618.142967,618.142967,618.142967,618.142967,618.142967,618.142967,618.142967,618.142967,618.142967,618.142967,618.142967,618.142967
2015-12-20,632.030793,632.030793,632.030793,632.030793,632.030793,632.030793,632.030793,632.030793,632.030793,632.030793,632.030793,632.030793,632.030793,632.030793,632.030793,632.030793,632.030793,632.030793,632.030793,632.030793,632.030793,632.030793,632.030793,632.030793,632.030793,632.030793,632.030793
2015-12-21,617.085075,617.085075,617.085075,617.085075,617.085075,617.085075,617.085075,617.085075,617.085075,617.085075,617.085075,617.085075,617.085075,617.085075,617.085075,617.085075,617.085075,617.085075,617.085075,617.085075,617.085075,617.085075,617.085075,617.085075,617.085075,617.085075,617.085075
2015-12-22,623.35967,623.35967,623.35967,623.35967,623.35967,623.35967,623.35967,623.35967,623.35967,623.35967,623.35967,623.35967,623.35967,623.35967,623.35967,623.35967,623.35967,623.35967,623.35967,623.35967,623.35967,623.35967,623.35967,623.35967,623.35967,623.35967,623.35967
2015-12-23,608.078676,608.078676,608.078676,608.078676,608.078676,608.078676,608.078676,608.078676,608.078676,608.078676,608.078676,608.078676,608.078676,608.078676,608.078676,608.078676,608.078676,608.078676,608.078676,608.078676,608.078676,608.078676,608.078676,608.078676,608.078676,608.078676,608.078676
2015-12-24,634.824431,634.824431,634.824431,634.824431,634.824431,634.824431,634.824431,634.824431,634.824431,634.824431,634.824431,634.824431,634.824431,634.824431,634.824431,634.824431,634.824431,634.824431,634.824431,634.824431,634.824431,634.824431,634.824431,634.824431,634.824431,634.824431,634.824431
2015-12-25,625.999374,625.999374,625.999374,625.999374,625.999374,625.999374,625.999374,625.999374,625.999374,625.999374,625.999374,625.999374,625.999374,625.999374,625.999374,625.999374,625.999374,625.999374,625.999374,625.999374,625.999374,625.999374,625.999374,625.999374,625.999374,625.999374,625.999374
2015-12-26,619.564587,619.564587,619.564587,619.564587,619.564587,619.564587,619.564587,619.564587,619.564587,619.564587,619.564587,619.564587,619.564587,619.564587,619.564587,619.564587,619.564587,619.564587,619.564587,619.564587,619.564587,619.564587,619.564587,619.564587,619.564587,619.564587,619.564587
2015-12-27,606.971493,606.971493,606.971493,606.971493,606.971493,606.971493,606.971493,606.971493,606.971493,606.971493,606.971493,606.971493,606.971493,606.971493,606.971493,606.971493,606.971493,606.971493,606.971493,606.971493,606.971493,606.971493,606.971493,606.971493,606.971493,606.971493,606.971493
2015-12-28,618.438838,618.438838,618.438838,618.438838,618.438838,618.438838,618.438838,618.438838,618.438838,618.438838,618.438838,618.438838,618.438838,618.438838,618.438838,618.438838,618.438838,618.438838,618.438838,618.438838,618.438838,618.438838,618.438838,618.438838,618.438838,618.438838,618.438838
2015-12-29,599.017509,599.017509,599.017509,599.017509,599.017509,599.017509,599.017509,599.017509,599.017509,599.017509,599.017509,599.017509,599.017509,599.017509,599.017509,599.017509,599.017509,599.017509,599.017509,599.017509,599.017509,599.017509,599.017509,599.017509,599.017509,599.017509,599.017509
2015-12-30,599.57742,599.57742,599.57742,599.57742,599.57742,599.57742,599.57742,599.57742,599.57742,599.57742,599.57742,599.57742,599.57742,599.57742,599.57742,599.57742,599.57742,599.57742,599.57742,599.57742,599.57742,599.57742,599.57742,599.57742,599.57742,599.57742,599.57742
2015-12-31,572.142084,572.142084,572.142084,572.142084,572.142084,572.142084,572.142084,572.142084,572.142084,572.142084,572.142084,572.142084,572.142084,572.142084,572.142084,572.142084,572.142084,572.142084,572.142084,572.142084,572.142084,572.142084,572.142084,572.142084,572.142084,572.142084,572.142084
2016-01-01,570.126275,570.126275,570.126275,570.126275,570.126275,570.126275,570.126275,570.126275,570.126275,570.126275,570.126275,570.126275,570.126275,570.126275,570.126275,570.126275,570.126275,570.126275,570.126275,570.126275,570.126275,570.126275,570.126275,570.126275,570.126275,570.126275,570.126275
2016-01-02,563.601319,563.601319,563.601319,563.601319,563.601319,563.601319,563.601319,563.601319,563.601319,563.601319,563.601319,563.601319,563.601319,563.601319,563.601319,563.601319,563.601319,563.601319,563.601319,563.601319,563.601319,563.601319,563.601319,563.601319,563.601319,563.601319,563.601319
2016-01-03,568.435644,568.435644,568.435644,568.435644,568.435644,568.435644,568.435644,568.435644,568.435644,568.435644,568.435644,568.435644,568.435644,568.435644,568.435644,568.435644,568.435644,568.435644,568.435644,568.435644,568.435644,568.435644,568.435644,568.435644,568.435644,568.435644,568.435644
2016-01-04,552.46493,552.46493,552.46493,552.46493,552.46493,552.46493,552.46493,552.46493,552.46493,552.46493,552.46493,552.46493,552.46493,552.46493,552.46493,552.46493,552.46493,552.46493,552.46493,552.46493,552.46493,552.46493,552.46493,552.46493,552.46493,552.46493,552.46493
2016-01-05,554.073068,554.073068,554.073068,554.073068,554.073068,554.073068,554.073068,554.073068,554.073068,554.073068,554.073068,554.073068,554.073068,554.073068,554.073068,554.073068,554.073068,554.073068,554.073068,554.073068,554.073068,554.073068,554.073068,554.073068,554.073068,554.073068,554.073068
2016-01-06,563.663047,563.663047,563.663047,563.663047,563.663047,563.663047,563.663047,563.663047,563.663047,563.663047,563.663047,563.663047,563.663047,563.663047,563.663047,563.663047,563.663047,563.663047,563.663047,563.663047,563.663047,563.663047,563.663047,563.663047,563.663047,563.663047,563.663047
2016-01-07,559.617125,559.617125,559.617125,559.617125,559.617125,559.617125,559.617125,559.617125,559.617125,559.617125,559.617125,559.617125,559.617125,559.617125,559.617125,559.617125,559.617125,559.617125,559.617125,559.617125,559.617125,559.617125,559.617125,559.617125,559.617125,559.617125,559.617125
2016-01-08,580.058712,580.058712,580.058712,580.058712,580.058712,580.058712,580.058712,580.058712,580.058712,580.058712,580.058712,580.058712,580.058712,580.058712,580.058712,580.058712,580.058712,580.058712,580.058712,580.058712,580.058712,580.058712,580.058712,580.058712,580.058712,580.058712,580.058712
2016-01-09,590.929994,590.929994,590.929994,590.929994,590.929994,590.929994,590.929994,590.929994,590.929994,590.929994,590.929994,590.929994,590.929994,590.929994,590.929994,590.929994,590.929994,590.929994,590.929994,590.929994,590.929994,590.929994,590.929994,590.929994,590.929994,590.929994,590.929994
2016-01-10,592.569639,592.569639,592.569639,592.569639,592.569639,592.569639,592.569639,592.569639,592.569639,592.569639,592.569639,592.569639,592.569639,592.569639,592.569639,592.569639,592.569639,592.569639,592.569639,592.569639,592.569639,592.569639,592.569639,592.569639,592.569639,592.569639,592.569639
2016-01-11,608.827204,608.827204,608.827204,608.827204,608.827204,608.827204,608.827204,608.827204,608.827204,608.827204,608.827204,608.827204,608.827204,608.827204,608.827204,608.827204,608.827204,608.827204,608.827204,608.827204,608.827204,608.827204,608.827204,608.827204,608.827204,608.827204,608.827204
2016-01-12,615.577949,615.577949,615.577949,615.577949,615.577949,615.577949,615.577949,615.577949,615.577949,615.577949,615.577949,615.577949,615.577949,615.577949,615.577949,615.577949,615.577949,615.577949,615.577949,615.577949,615.577949,615.577949,615.577949,615.577949,615.577949,615.577949,615.577949
2016-01-13,609.758717,609.758717,609.758717,609.758717,609.758717,609.758717,609.758717,609.758717,609.758717,609.758717,609.758717,609.758717,609.758717,609.758717,609.758717,609.758717,609.758717,609.758717,609.758717,609.758717,609.758717,609.758717,609.758717,609.758717,609.758717,609.758717,609.758717
2016-01-14,608.750665,608.750665,608.750665,608.750665,608.750665,608.750665,608.750665,608.750665,608.750665,608.750665,608.750665,608.750665,608.750665,608.750665,608.750665,608.750665,608.750665,608.750665,608.750665,608.750665,608.750665,608.750665,608.750665,608.750665,608.750665,608.750665,608.750665
2016-01-15,588.123282,588.123282,588.123282,588.123282,588.123282,588.123282,588.123282,588.123282,588.123282,588.123282,588.123282,588.123282,588.123282,588.123282,588.123282,588.123282,588.123282,588.123282,588.123282,588.123282,588.123282,588.123282,588.123282,588.123282,588.123282,588.123282,588.123282
2016-01-16,588.407399,588.407399,588.407399,588.407399,588.407399,588.407399,588.407399,588.407399,588.407399,588.407399,588.407399,588.407399,588.407399,588.407399,588.407399,588.407399,588.407399,588.407399,588.407399,588.407399,588.407399,588.407399,588.407399,588.407399,588.407399,588.407399,588.407399
2016-01-17,595.807946,595.807946,595.807946,595.807946,595.807946,595.807946,595.807946,595.807946,595.807946,595.807946,595.807946,595.807946,595.807946,595.807946,595.807946,595.807946,595.807946,595.807946,595.807946,595.807946,595.807946,595.807946,595.807946,595.807946,595.807946,595.807946,595.807946
2016-01-18,604.496827,604.496827,604.496827,604.496827,604.496827,604.496827,604.496827,604.496827,604.496827,604.496827,604.496827,604.496827,604.496827,604.496827,604.496827,604.496827,604.496827,604.496827,604.496827,604.496827,604.496827,604.496827,604.496827,604.496827,604.496827,604.496827,604.496827
2016-01-19,598.583031,598.583031,598.583031,598.583031,598.583031,598.583031,598.583031,598.583031,598.583031,598.583031,598.583031,598.583031,598.583031,598.583031,598.583031,598.583031,598.583031,598.583031,598.583031,598.583031,598.583031,598.583031,598.583031,598.583031,598.583031,598.583031,598.583031
2016-01-20,602.570596,602.570596,602.570596,602.570596,602.570596,602.570596,602.570596,602.570596,602.570596,602.570596,602.570596,602.570596,602.570596,602.570596,602.570596,602.570596,602.570596,602.570596,602.570596,602.570596,602.570596,602.570596,602.570596,602.570596,602.570596,602.570596,602.570596
2016-01-21,601.309354,601.309354,601.309354,601.309354,601.309354,601.309354,601.309354,601.309354,601.309354,601.309354,601.309354,601.309354,601.309354,601.309354,601.309354,601.309354,601.309354,601.309354,601.309354,601.309354,601.309354,601.309354,601.309354,601.309354,601.309354,601.309354,601.309354
2016-01-22,600.232344,600.232344,600.232344,600.232344,600.232344,600.232344,600.232344,600.232344,600.232344,600.232344,600.232344,600.232344,600.232344,600.232344,600.232344,600.232344,600.232344,600.232344,600.232344,600.232344,600.232344,600.232344,600.232344,600.232344,600.232344,600.232344,600.232344
2016-01-23,594.136205,594.136205,594.136205,594.136205,594.136205,594.136205,594.136205,594.136205,594.136205,594.136205,594.136205,594.136205,594.136205,594.136205,594.136205,594.136205,594.136205,594.136205,594.136205,594.136205,594.136205,594.136205,594.136205,594.136205,594.136205,594.136205,594.136205
2016-01-24,582.215021,582.215021,582.215021,582.215021,582.215021,582.215021,582.215021,582.215021,582.215021,582.215021,582.215021,582.215021,582.215021,582.215021,582.215021,582.215021,582.215021,582.215021,582.215021,582.215021,582.215021,582.215021,582.215021,582.215021,582.215021,582.215021,582.215021
2016-01-25,561.75453,561.75453,561.75453,561.75453,561.75453,561.75453,561.75453,561.75453,561.75453,561.75453,561.75453,561.75453,561.75453,561.75453,561.75453,561.75453,561.75453,561.75453,561.75453,561.75453,561.75453,561.75453,561.75453,561.75453,561.75453,561.75453,561.75453
2016-01-26,563.754939,563.754939,563.754939,563.754939,563.754939,563.754939,563.754939,563.754939,563.754939,563.754939,563.754939,563.754939,563.754939,563.754939,563.754939,563.754939,563.754939,563.754939,563.754939,563.754939,563.754939,563.754939,563.754939,563.754939,563.754939,563.754939,563.754939
2016-01-27,567.566295,567.566295,567.566295,567.566295,567.566295,567.566295,567.566295,567.566295,567.566295,567.566295,567.566295,567.566295,567.566295,567.566295,567.566295,567.566295,567.566295,567.566295,567.566295,567.566295,567.566295,567.566295,567.566295,567.566295,567.566295,567.566295,567.566295
2016-01-28,584.246479,584.246479,584.246479,584.246479,584.246479,584.246479,584.246479,584.246479,584.246479,584.246479,584.246479,584.246479,584.246479,584.246479,584.246479,584.246479,584.246479,584.246479,584.246479,584.246479,584.246479,584.246479,584.246479,584.246479,584.246479,584.246479,584.246479
2016-01-29,592.975337,592.975337,592.975337,592.975337,592.975337,592.975337,592.975337,592.975337,592.975337,592.975337,592.975337,592.975337,592.975337,592.975337,592.975337,592.975337,592.975337,592.975337,592.975337,592.975337,592.975337,592.975337,592.975337,592.975337,592.975337,592.975337,592.975337
2016-01-30,599.442674,599.442674,599.442674,599.442674,599.442674,599.442674,599.442674,599.442674,599.442674,599.442674,599.442674,599.442674,599.442674,599.442674,599.442674,599.442674,599.442674,599.442674,599.442674,599.442674,599.442674,599.442674,599.442674,599.442674,599.442674,599.442674,599.442674
2016-01-31,616.589996,616.589996,616.589996,616.589996,616.589996,616.589996,616.589996,616.589996,616.589996,616.589996,616.589996,616.589996,616.589996,616.589996,616.589996,616.589996,616.589996,616.589996,616.589996,616.589996,616.589996,616.589996,616.589996,616.589996,616.589996,616.589996,616.589996
2016-02-01,640.326341,640.326341,640.326341,640.326341,640.326341,640.326341,640.326341,640.326341,640.326341,640.326341,640.326341,640.326341,640.326341,640.326341,640.326341,640.326341,640.326341,640.326341,640.326341,640.326341,640.326341,640.326341,640.326341,640.326341,640.326341,640.326341,640.326341
2016-02-02,643.525266,643.525266,643.525266,643.525266,643.525266,643.525266,643.525266,643.525266,643.525266,643.525266,643.525266,643.525266,643.525266,643.525266,643.525266,643.525266,643.525266,643.525266,643.525266,643.525266,643.525266,643.525266,643.525266,643.525266,643.525266,643.525266,643.525266
2016-02-03,631.872278,631.872278,631.872278,631.872278,631.872278,631.872278,631.872278,631.872278,631.872278,631.872278,631.872278,631.872278,631.872278,631.872278,631.872278,631.872278,631.872278,631.872278,631.872278,631.872278,631.872278,631.872278,631.872278,631.872278,631.872278,631.872278,631.872278
2016-02-04,622.787145,622.787145,622.787145,622.787145,622.787145,622.787145,622.787145,622.787145,622.787145,622.787145,622.787145,622.787145,622.787145,622.787145,622.787145,622.787145,622.787145,622.787145,622.787145,622.787145,622.787145,622.787145,622.787145,622.787145,622.787145,622.787145,622.787145
2016-02-05,620.741689,620.741689,620.741689,620.741689,620.741689,620.741689,620.741689,620.741689,620.741689,620.741689,620.741689,620.741689,620.741689,620.741689,620.741689,620.741689,620.741689,620.741689,620.741689,620.741689,620.741689,620.741689,620.741689,620.741689,620.741689,620.741689,620.741689
2016-02-06,603.522104,603.522104,603.522104,603.522104,603.522104,603.522104,603.522104,603.522104,603.522104,603.522104,603.522104,603.522104,603.522104,603.522104,603.522104,603.522104,603.522104,603.522104,603.522104,603.522104,603.522104,603.522104,603.522104,603.522104,603.522104,603.522104,603.522104
2016-02-07,592.101551,592.101551,592.101551,592.101551,592.101551,592.101551,592.101551,592.101551,592.101551,592.101551,592.101551,592.101551,592.101551,592.101551,592.101551,592.101551,592.101551,592.101551,592.101551,592.101551,592.101551,592.101551,592.101551,592.101551,592.101551,592.101551,592.101551
2016-02-08,580.203517,580.203517,580.203517,580.203517,580.203517,580.203517,580.203517,580.203517,580.203517,580.203517,580.203517,580.203517,580.203517,580.203517,580.203517,580.203517,580.203517,580.203517,580.203517,580.203517,580.203517,580.203517,580.203517,580.203517,580.203517,580.203517,580.203517
2016-02-09,579.678713,579.678713,579.678713,579.678713,579.678713,579.678713,579.678713,579.678713,579.678713,579.678713,579.678713,579.678713,579.678713,579.678713,579.678713,579.678713,579.678713,579.678713,579.678713,579.678713,579.678713,579.678713,579.678713,579.678713,579.678713,579.678713,579.678713
2016-02-10,578.890805,578.890805,578.890805,578.890805,578.890805,578.890805,578.890805,578.890805,578.890805,578.890805,578.890805,578.890805,578.890805,578.890805,578.890805,578.890805,578.890805,578.890805,578.890805,578.890805,578.890805,578.890805,578.890805,578.890805,578.890805,578.890805,578.890805
2016-02-11,583.445577,583.445577,583.445577,583.445577,583.445577,583.445577,583.445577,583.445577,583.445577,583.445577,583.445577,583.445577,583.445577,583.445577,583.445577,583.445577,583.445577,583.445577,583.445577,583.445577,583.445577,583.445577,583.445577,583.445577,583.445577,583.445577,583.445577
2016-02-12,585.068238,585.068238,585.068238,585.068238,585.068238,585.068238,585.068238,585.068238,585.068238,585.068238,585.068238,585.068238,585.068238,585.068238,585.068238,585.068238,585.068238,585.068238,585.068238,585.068238,585.068238,585.068238,585.068238,585.068238,585.068238,585.068238,585.068238
2016-02-13,609.367884,609.367884,609.367884,609.367884,609.367884,609.367884,609.367884,609.367884,609.367884,609.367884,609.367884,609.367884,609.367884,609.367884,609.367884,609.367884,609.367884,609.367884,609.367884,609.367884,609.367884,609.367884,609.367884,609.367884,609.367884,609.367884,609.367884
2016-02-14,606.415844,606.415844,606.415844,606.415844,606.415844,606.415844,606.415844,606.415844,606.415844,606.415844,606.415844,606.415844,606.415844,606.415844,606.415844,606.415844,606.415844,606.415844,606.415844,606.415844,606.415844,606.415844,606.415844,606.415844,606.415844,606.415844,606.415844
2016-02-15,621.714229,621.714229,621.714229,621.714229,621.714229,621.714229,621.714229,621.714229,621.714229,621.714229,621.714229,621.714229,621.714229,621.714229,621.714229,621.714229,621.714229,621.714229,621.714229,621.714229,621.714229,621.714229,621.714229,621.714229,621.714229,621.714229,621.714229
2016-02-16,618.456404,618.456404,618.456404,618.456404,618.456404,618.456404,618.456404,618.456404,618.456404,618.456404,618.456404,618.456404,618.456404,618.456404,618.456404,618.456404,618.456404,618.456404,618.456404,618.456404,618.456404,618.456404,618.456404,618.456404,618.456404,618.456404,618.456404
2016-02-17,622.65701,622.65701,622.65701,622.65701,622.65701,622.65701,622.65701,622.65701,622.65701,622.65701,622.65701,622.65701,622.65701,622.65701,622.65701,622.65701,622.65701,622.65701,622.65701,622.65701,622.65701,622.65701,622.65701,622.65701,622.65701,622.65701,622.65701
2016-02-18,617.559691,617.559691,617.559691,617.559691,617.559691,617.559691,617.559691,617.559691,617.559691,617.559691,617.559691,617.559691,617.559691,617.559691,617.559691,617.559691,617.559691,617.559691,617.559691,617.559691,617.559691,617.559691,617.559691,617.559691,617.559691,617.559691,617.559691
2016-02-19,620.054132,620.054132,620.054132,620.054132,620.054132,620.054132,620.054132,620.054132,620.054132,620.054132,620.054132,620.054132,620.054132,620.054132,620.054132,620.054132,620.054132,620.054132,620.054132,620.054132,620.054132,620.054132,620.054132,620.054132,620.054132,620.054132,620.054132
2016-02-20,618.234911,618.234911,618.234911,618.234911,618.234911,618.234911,618.234911,618.234911,618.234911,618.234911,618.234911,618.234911,618.234911,618.234911,618.234911,618.234911,618.234911,618.234911,618.234911,618.234911,618.234911,618.234911,618.234911,618.234911,618.234911,618.234911,618.234911
2016-02-21,633.60936,633.60936,633.60936,633.60936,633.60936,633.60936,633.60936,633.60936,633.60936,633.60936,633.60936,633.60936,633.60936,633.60936,633.60936,633.60936,633.60936,633.60936,633.60936,633.60936,633.60936,633.60936,633.60936,633.60936,633.60936,633.60936,633.60936
2016-02-22,628.85046,628.85046,628.85046,628.85046,628.85046,628.85046,628.85046,628.85046,628.85046,628.85046,628.85046,628.85046,628.85046,628.85046,628.85046,628.85046,628.85046,628.85046,628.85046,628.85046,628.85046,628.85046,628.85046,628.85046,628.85046,628.85046,628.85046
2016-02-23,624.885533,624.885533,624.885533,624.885533,624.885533,624.885533,624.885533,624.885533,624.885533,624.885533,624.885533,624.885533,624.885533,624.885533,624.885533,624.885533,624.885533,624.885533,624.885533,624.885533,624.885533,624.885533,624.885533,624.885533,624.885533,624.885533,624.885533
2016-02-24,632.382326,632.382326,632.382326,632.382326,632.382326,632.382326,632.382326,632.382326,632.382326,632.382326,632.382326,632.382326,632.382326,632.382326,632.382326,632.382326,632.382326,632.382326,632.382326,632.382326,632.382326,632.382326,632.382326,632.382326,632.382326,632.382326,632.382326
2016-02-25,636.854991,636.854991,636.854991,636.854991,636.854991,636.854991,636.854991,636.854991,636.854991,636.854991,636.854991,636.854991,636.854991,636.854991,636.854991,636.854991,636.854991,636.854991,636.854991,636.854991,636.854991,636.854991,636.854991,636.854991,636.854991,636.854991,636.854991
2016-02-26,623.400073,623.400073,623.400073,623.400073,623.400073,623.400073,623.400073,623.400073,623.400073,623.400073,623.400073,623.400073,623.400073,623.400073,623.400073,623.400073,623.400073,623.400073,623.400073,623.400073,623.400073,623.400073,623.400073,623.400073,623.400073,623.400073,623.400073
2016-02-27,617.475522,617.475522,617.475522,617.475522,617.475522,617.475522,617.475522,617.475522,617.475522,617.475522,617.475522,617.475522,617.475522,617.475522,617.475522,617.475522,617.475522,617.475522,617.475522,617.475522,617.475522,617.475522,617.475522,617.475522,617.475522,617.475522,617.475522
2016-02-28,601.524419,601.524419,601.524419,601.524419,601.524419,601.524419,601.524419,601.524419,601.524419,601.524419,601.524419,601.524419,601.524419,601.524419,601.524419,601.524419,601.524419,601.524419,601.524419,601.524419,601.524419,601.524419,601.524419,601.524419,601.524419,601.524419,601.524419
2016-02-29,565.612777,565.612777,565.612777,565.612777,565.612777,565.612777,565.612777,565.612777,565.612777,565.612777,565.612777,565.612777,565.612777,565.612777,565.612777,565.612777,565.612777,565.612777,565.612777,565.612777,565.612777,565.612777,565.612777,565.612777,565.612777,565.612777,565.612777
2016-03-01,565.325181,565.325181,565.325181,565.325181,565.325181,565.325181,565.325181,565.325181,565.325181,565.325181,565.325181,565.325181,565.325181,565.325181,565.325181,565.325181,565.325181,565.325181,565.325181,565.325181,565.325181,565.325181,565.325181,565.325181,565.325181,565.325181,565.325181
2016-03-02,555.45047,555.45047,555.45047,555.45047,555.45047,555.45047,555.45047,555.45047,555.45047,555.45047,555.45047,555.45047,555.45047,555.45047,555.45047,555.45047,555.45047,555.45047,555.45047,555.45047,555.45047,555.45047,555.45047,555.45047,555.45047,555.45047,555.45047
2016-03-03,553.425397,553.425397,553.425397,553.425397,553.425397,553.425397,553.425397,553.425397,553.425397,553.425397,553.425397,553.425397,553.425397,553.425397,553.425397,553.425397,553.425397,553.425397,553.425397,553.425397,553.425397,553.425397,553.425397,553.425397,553.425397,553.425397,553.425397
2016-03-04,559.990939,559.990939,559.990939,559.990939,559.990939,559.990939,559.990939,559.990939,559.990939,559.990939,559.990939,559.990939,559.990939,559.990939,559.990939,559.990939,559.990939,559.990939,559.990939,559.990939,559.990939,559.990939,559.990939,559.990939,559.990939,559.990939,559.990939
2016-03-05,552.556518,552.556518,552.556518,552.556518,552.556518,552.556518,552.556518,552.556518,552.556518,552.556518,552.556518,552.556518,552.556518,552.556518,552.556518,552.556518,552.556518,552.556518,552.556518,552.556518,552.556518,552.556518,552.556518,552.556518,552.556518,552.556518,552.556518
2016-03-06,557.898757,557.898757,557.898757,557.898757,557.898757,557.898757,557.898757,557.898757,557.898757,557.898757,557.898757,557.898757,557.898757,557.898757,557.898757,557.898757,557.898757,557.898757,557.898757,557.898757,557.898757,557.898757,557.898757,557.898757,557.898757,557.898757,557.898757
2016-03-07,575.678403,575.678403,575.678403,575.678403,575.678403,575.678403,575.678403,575.678403,575.678403,575.678403,575.678403,575.678403,575.678403,575.678403,575.678403,575.678403,575.678403,575.678403,575.678403,575.678403,575.678403,575.678403,575.678403,575.678403,575.678403,575.678403,575.678403
2016-03-08,561.816903,561.816903,561.816903,561.816903,561.816903,561.816903,561.816903,561.816903,561.816903,561.816903,561.816903,561.816903,561.816903,561.816903,561.816903,561.816903,561.816903,561.816903,561.816903,561.816903,561.816903,561.816903,561.816903,561.816903,561.816903,561.816903,561.816903
2016-03-09,568.576682,568.576682,568.576682,568.576682,568.576682,568.576682,568.576682,568.576682,568.576682,568.576682,568.576682,568.576682,568.576682,568.576682,568.576682,568.576682,568.576682,568.576682,568.576682,568.576682,568.576682,568.576682,568.576682,568.576682,568.576682,568.576682,568.576682
2016-03-10,571.825907,571.825907,571.825907,571.825907,571.825907,571.825907,571.825907,571.825907,571.825907,571.825907,571.825907,571.825907,571.825907,571.825907,571.825907,571.825907,571.825907,571.825907,571.825907,571.825907,571.825907,571.825907,571.825907,571.825907,571.825907,571.825907,571.825907
2016-03-11,566.952401,566.952401,566.952401,566.952401,566.952401,566.952401,566.952401,566.952401,566.952401,566.952401,566.952401,566.952401,566.952401,566.952401,566.952401,566.952401,566.952401,566.952401,566.952401,566.952401,566.952401,566.952401,566.952401,566.952401,566.952401,566.952401,566.952401
2016-03-12,566.782733,566.782733,566.782733,566.782733,566.782733,566.782733,566.782733,566.782733,566.782733,566.782733,566.782733,566.782733,566.782733,566.782733,566.782733,566.782733,566.782733,566.782733,566.782733,566.782733,566.782733,566.782733,566.782733,566.782733,566.782733,566.782733,566.782733
2016-03-13,559.984806,559.984806,559.984806,559.984806,559.984806,559.984806,559.984806,559.984806,559.984806,559.984806,559.984806,559.984806,559.984806,559.984806,559.984806,559.984806,559.984806,559.984806,559.984806,559.984806,559.984806,559.984806,559.984806,559.984806,559.984806,559.984806,559.984806
2016-03-14,571.42863,571.42863,571.42863,571.42863,571.42863,571.42863,571.42863,571.42863,571.42863,571.42863,571.42863,571.42863,571.42863,571.42863,571.42863,571.42863,571.42863,571.42863,571.42863,571.42863,571.42863,571.42863,571.42863,571.42863,571.42863,571.42863,571.42863
2016-03-15,588.134425,588.134425,588.134425,588.134425,588.134425,588.134425,588.134425,588.134425,588.134425,588.134425,588.134425,588.134425,588.134425,588.134425,588.134425,588.134425,588.134425,588.134425,588.134425,588.134425,588.134425,588.134425,588.134425,588.134425,588.134425,588.134425,588.134425
2016-03-16,589.677095,589.677095,589.677095,589.677095,589.677095,589.677095,589.677095,589.677095,589.677095,589.677095,589.677095,589.677095,589.677095,589.677095,589.677095,589.677095,589.677095,589.677095,589.677095,589.677095,589.677095,589.677095,589.677095,589.677095,589.677095,589.677095,589.677095
2016-03-17,582.294618,582.294618,582.294618,582.294618,582.294618,582.294618,582.294618,582.294618,582.294618,582.294618,582.294618,582.294618,582.294618,582.294618,582.294618,582.294618,582.294618,582.294618,582.294618,582.294618,582.294618,582.294618,582.294618,582.294618,582.294618,582.294618,582.294618
2016-03-18,598.356214,598.356214,598.356214,598.356214,598.356214,598.356214,598.356214,598.356214,598.356214,598.356214,598.356214,598.356214,598.356214,598.356214,598.356214,598.356214,598.356214,598.356214,598.356214,598.356214,598.356214,598.356214,598.356214,598.356214,598.356214,598.356214,598.356214
2016-03-19,597.532317,597.532317,597.532317,597.532317,597.532317,597.532317,597.532317,597.532317,597.532317,597.532317,597.532317,597.532317,597.532317,597.532317,597.532317,597.532317,597.532317,597.532317,597.532317,597.532317,597.532317,597.532317,597.532317,597.532317,597.532317,597.532317,597.532317
2016-03-20,607.135166,607.135166,607.135166,607.135166,607.135166,607.135166,607.135166,607.135166,607.135166,607.135166,607.135166,607.135166,607.135166,607.135166,607.135166,607.135166,607.135166,607.135166,607.135166,607.135166,607.135166,607.135166,607.135166,607.135166,607.135166,607.135166,607.135166
2016-03-21,600.552191,600.552191,600.552191,600.552191,600.552191,600.552191,600.552191,600.552191,600.552191,600.552191,600.552191,600.552191,600.552191,600.552191,600.552191,600.552191,600.552191,600.552191,600.552191,600.552191,600.552191,600.552191,600.552191,600.552191,600.552191,600.552191,600.552191
2016-03-22,599.8052,599.8052,599.8052,599.8052,599.8052,599.8052,599.8052,599.8052,599.8052,599.8052,599.8052,599.8052,599.8052,599.8052,599.8052,599.8052,599.8052,599.8052,599.8052,599.8052,599.8052,599.8052,599.8052,599.8052,599.8052,599.8052,599.8052
2016-03-23,604.091612,604.091612,604.091612,604.091612,604.091612,604.091612,604.091612,604.091612,604.091612,604.091612,604.091612,604.091612,604.091612,604.091612,604.091612,604.091612,604.091612,604.091612,604.091612,604.091612,604.091612,604.091612,604.091612,604.091612,604.091612,604.091612,604.091612
2016-03-24,610.603678,610.603678,610.603678,610.603678,610.603678,610.603678,610.603678,610.603678,610.603678,610.603678,610.603678,610.603678,610.603678,610.603678,610.603678,610.603678,610.603678,610.603678,610.603678,610.603678,610.603678,610.603678,610.603678,610.603678,610.603678,610.603678,610.603678
2016-03-25,603.617565,603.617565,603.617565,603.617565,603.617565,603.617565,603.617565,603.617565,603.617565,603.617565,603.617565,603.617565,603.617565,603.617565,603.617565,603.617565,603.617565,603.617565,603.617565,603.617565,603.617565,603.617565,603.617565,603.617565,603.617565,603.617565,603.617565
2016-03-26,610.72896,610.72896,610.72896,610.72896,610.72896,610.72896,610.72896,610.72896,610.72896,610.72896,610.72896,610.72896,610.72896,610.72896,610.72896,610.72896,610.72896,610.72896,610.72896,610.72896,610.72896,610.72896,610.72896,610.72896,610.72896,610.72896,610.72896
2016-03-27,588.077797,588.077797,588.077797,588.077797,588.077797,588.077797,588.077797,588.077797,588.077797,588.077797,588.077797,588.077797,588.077797,588.077797,588.077797,588.077797,588.077797,588.077797,588.077797,588.077797,588.077797,588.077797,588.077797,588.077797,588.077797,588.077797,588.077797
2016-03-28,576.847485,576.847485,576.847485,576.847485,576.847485,576.847485,576.847485,576.847485,576.847485,576.847485,576.847485,576.847485,576.847485,576.847485,576.847485,576.847485,576.847485,576.847485,576.847485,576.847485,576.847485,576.847485,576.847485,576.847485,576.847485,576.847485,576.847485
2016-03-29,589.901904,589.901904,589.901904,589.901904,589.901904,589.901904,589.901904,589.901904,589.901904,589.901904,589.901904,589.901904,589.901904,589.901904,589.901904,589.901904,589.901904,589.901904,589.901904,589.901904,589.901904,589.901904,589.901904,589.901904,589.901904,589.901904,589.901904
2016-03-30,575.581257,575.581257,575.581257,575.581257,575.581257,575.581257,575.581257,575.581257,575.581257,575.581257,575.581257,575.581257,575.581257,575.581257,575.581257,575.581257,575.581257,575.581257,575.581257,575.581257,575.581257,575.581257,575.581257,575.581257,575.581257,575.581257,575.581257
2016-03-31,570.040118,570.040118,570.040118,570.040118,570.040118,570.040118,570.040118,570.040118,570.040118,570.040118,570.040118,570.040118,570.040118,570.040118,570.040118,570.040118,570.040118,570.040118,570.040118,570.040118,570.040118,570.040118,570.040118,570.040118,570.040118,570.040118,570.040118
2016-04-01,565.357739,565.357739,565.357739,565.357739,565.357739,565.357739,565.357739,565.357739,565.357739,565.357739,565.357739,565.357739,565.357739,565.357739,565.357739,565.357739,565.357739,565.357739,565.357739,565.357739,565.357739,565.357739,565.357739,565.357739,565.357739,565.357739,565.357739
2016-04-02,563.982046,563.982046,563.982046,563.982046,563.982046,563.982046,563.982046,563.982046,563.982046,563.982046,563.982046,563.982046,563.982046,563.982046,563.982046,563.982046,563.982046,563.982046,563.982046,563.982046,563.982046,563.982046,563.982046,563.982046,563.982046,563.982046,563.982046
2016-04-03,593.790223,593.790223,593.790223,593.790223,593.790223,593.790223,593.790223,593.790223,593.790223,593.790223,593.790223,593.790223,593.790223,593.790223,593.790223,593.790223,593.790223,593.790223,593.790223,593.790223,593.790223,593.790223,593.790223,593.790223,593.790223,593.790223,593.790223
2016-04-04,605.894684,605.894684,605.894684,605.894684,605.894684,605.894684,605.894684,605.894684,605.894684,605.894684,605.894684,605.894684,605.894684,605.894684,605.894684,605.894684,605.894684,605.894684,605.894684,605.894684,605.894684,605.894684,605.894684,605.894684,605.894684,605.894684,605.894684
2016-04-05,596.398101,596.398101,596.398101,596.398101,596.398101,596.398101,596.398101,596.398101,596.398101,596.398101,596.398101,596.398101,596.398101,596.398101,596.398101,596.398101,596.398101,596.398101,596.398101,596.398101,596.398101,596.398101,596.398101,596.398101,596.398101,596.398101,596.398101
2016-04-06,594.109587,594.109587,594.109587,594.109587,594.109587,594.109587,594.109587,594.109587,594.109587,594.109587,594.109587,594.109587,594.109587,594.109587,594.109587,594.109587,594.109587,594.109587,594.109587,594.109587,594.109587,594.109587,594.109587,594.109587,594.109587,594.109587,594.109587
2016-04-07,597.987473,597.987473,597.987473,597.987473,597.987473,597.987473,597.987473,597.987473,597.987473,597.987473,597.987473,597.987473,597.987473,597.987473,597.987473,597.987473,597.987473,597.987473,597.987473,597.987473,597.987473,597.987473,597.987473,597.987473,597.987473,597.987473,597.987473
2016-04-08,602.203542,602.203542,602.203542,602.203542,602.203542,602.203542,602.203542,602.203542,602.203542,602.203542,602.203542,602.203542,602.203542,602.203542,602.203542,602.203542,602.203542,602.203542,602.203542,602.203542,602.203542,602.203542,602.203542,602.203542,602.203542,602.203542,602.203542
2016-04-09,606.163323,606.163323,606.163323,606.163323,606.163323,606.163323,606.163323,606.163323,606.163323,606.163323,606.163323,606.163323,606.163323,606.163323,606.163323,606.163323,606.163323,606.163323,606.163323,606.163323,606.163323,606.163323,606.163323,606.163323,606.163323,606.163323,606.163323
2016-04-10,591.720371,591.720371,591.720371,591.720371,591.720371,591.720371,591.720371,591.720371,591.720371,591.720371,591.720371,591.720371,591.720371,591.720371,591.720371,591.720371,591.720371,591.720371,591.720371,591.720371,591.720371,591.720371,591.720371,591.720371,591.720371,591.720371,591.720371
2016-04-11,602.534117,602.534117,602.534117,602.534117,602.534117,602.534117,602.534117,602.534117,602.534117,602.534117,602.534117,602.534117,602.534117,602.534117,602.534117,602.534117,602.534117,602.534117,602.534117,602.534117,602.534117,602.534117,602.534117,602.534117,602.534117,602.534117,602.534117
2016-04-12,593.534681,593.534681,593.534681,593.534681,593.534681,593.534681,593.534681,593.534681,593.534681,593.534681,593.534681,593.534681,593.534681,593.534681,593.534681,593.534681,593.534681,593.534681,593.534681,593.534681,593.534681,593.534681,593.534681,593.534681,593.534681,593.534681,593.534681
2016-04-13,599.742559,599.742559,599.742559,599.742559,599.742559,599.742559,599.742559,599.742559,599.742559,599.742559,599.742559,599.742559,599.742559,599.742559,599.742559,599.742559,599.742559,599.742559,599.742559,599.742559,599.742559,599.742559,599.742559,599.742559,599.742559,599.742559,599.742559
2016-04-14,596.027869,596.027869,596.027869,596.027869,596.027869,596.027869,596.027869,596.027869,596.027869,596.027869,596.027869,596.027869,596.027869,596.027869,596.027869,596.027869,596.027869,596.027869,596.027869,596.027869,596.027869,596.027869,596.027869,596.027869,596.027869,596.027869,596.027869
2016-04-15,600.832328,600.832328,600.832328,600.832328,600.832328,600.832328,600.832328,600.832328,600.832328,600.832328,600.832328,600.832328,600.832328,600.832328,600.832328,600.832328,600.832328,600.832328,600.832328,600.832328,600.832328,600.832328,600.832328,600.832328,600.832328,600.832328,600.832328
2016-04-16,598.756864,598.756864,598.756864,598.756864,598.756864,598.756864,598.756864,598.756864,598.756864,598.756864,598.756864,598.756864,598.756864,598.756864,598.756864,598.756864,598.756864,598.756864,598.756864,598.756864,598.756864,598.756864,598.756864,598.756864,598.756864,598.756864,598.756864
2016-04-17,605.46356,605.46356,605.46356,605.46356,605.46356,605.46356,605.46356,605.46356,605.46356,605.46356,605.46356,605.46356,605.46356,605.46356,605.46356,605.46356,605.46356,605.46356,605.46356,605.46356,605.46356,605.46356,605.46356,605.46356,605.46356,605.46356,605.46356
2016-04-18,595.438139,595.438139,595.438139,595.438139,595.438139,595.438139,595.438139,595.438139,595.438139,595.438139,595.438139,595.438139,595.438139,595.438139,595.438139,595.438139,595.438139,595.438139,595.438139,595.438139,595.438139,595.438139,595.438139,595.438139,595.438139,595.438139,595.438139
2016-04-19,603.492694,603.492694,603.492694,603.492694,603.492694,603.492694,603.492694,603.492694,603.492694,603.492694,603.492694,603.492694,603.492694,603.492694,603.492694,603.492694,603.492694,603.492694,603.492694,603.492694,603.492694,603.492694,603.492694,603.492694,603.492694,603.492694,603.492694
2016-04-20,602.441074,602.441074,602.441074,602.441074,602.441074,602.441074,602.441074,602.441074,602.441074,602.441074,602.441074,602.441074,602.441074,602.441074,602.441074,602.441074,602.441074,602.441074,602.441074,602.441074,602.441074,602.441074,602.441074,602.441074,602.441074,602.441074,602.441074
2016-04-21,605.031572,605.031572,605.031572,605.031572,605.031572,605.031572,605.031572,605.031572,605.031572,605.031572,605.031572,605.031572,605.031572,605.031572,605.031572,605.031572,605.031572,605.031572,605.031572,605.031572,605.031572,605.031572,605.031572,605.031572,605.031572,605.031572,605.031572
2016-04-22,598.174364,598.174364,598.174364,598.174364,598.174364,598.174364,598.174364,598.174364,598.174364,598.174364,598.174364,598.174364,598.174364,598.174364,598.174364,598.174364,598.174364,598.174364,598.174364,598.174364,598.174364,598.174364,598.174364,598.174364,598.174364,598.174364,598.174364
2016-04-23,609.004906,609.004906,609.004906,609.004906,609.004906,609.004906,609.004906,609.004906,609.004906,609.004906,609.004906,609.004906,609.004906,609.004906,609.004906,609.004906,609.004906,609.004906,609.004906,609.004906,609.004906,609.004906,609.004906,609.004906,609.004906,609.004906,609.004906
2016-04-24,609.473776,609.473776,609.473776,609.473776,609.473776,609.473776,609.473776,609.473776,609.473776,609.473776,609.473776,609.473776,609.473776,609.473776,609.473776,609.473776,609.473776,609.473776,609.473776,609.473776,609.473776,609.473776,609.473776,609.473776,609.473776,609.473776,609.473776
2016-04-25,605.095487,605.095487,605.095487,605.095487,605.095487,605.095487,605.095487,605.095487,605.095487,605.095487,605.095487,605.095487,605.095487,605.095487,605.095487,605.095487,605.095487,605.095487,605.095487,605.095487,605.095487,605.095487,605.095487,605.095487,605.095487,605.095487,605.095487
2016-04-26,622.88303,622.88303,622.88303,622.88303,622.88303,622.88303,622.88303,622.88303,622.88303,622.88303,622.88303,622.88303,622.88303,622.88303,622.88303,622.88303,622.88303,622.88303,622.88303,622.88303,622.88303,622.88303,622.88303,622.88303,622.88303,622.88303,622.88303
2016-04-27,630.464266,630.464266,630.464266,630.464266,630.464266,630.464266,630.464266,630.464266,630.464266,630.464266,630.464266,630.464266,630.464266,630.464266,630.464266,630.464266,630.464266,630.464266,630.464266,630.464266,630.464266,630.464266,630.464266,630.464266,630.464266,630.464266,630.464266
2016-04-28,623.482382,623.482382,623.482382,623.482382,623.482382,623.482382,623.482382,623.482382,623.482382,623.482382,623.482382,623.482382,623.482382,623.482382,623.482382,623.482382,623.482382,623.482382,623.482382,623.482382,623.482382,623.482382,623.482382,623.482382,623.482382,623.482382,623.482382
2016-04-29,626.653237,626.653237,626.653237,626.653237,626.653237,626.653237,626.653237,626.653237,626.653237,626.653237,626.653237,626.653237,626.653237,626.653237,626.653237,626.653237,626.653237,626.653237,626.653237,626.653237,626.653237,626.653237,626.653237,626.653237,626.653237,626.653237,626.653237
2016-04-30,622.793685,622.793685,622.793685,622.793685,622.793685,622.793685,622.793685,622.793685,622.793685,622.793685,622.793685,622.793685,622.793685,622.793685,622.793685,622.793685,622.793685,622.793685,622.793685,622.793685,622.793685,622.793685,622.793685,622.793685,622.793685,622.793685,622.793685
2016-05-01,615.362999,615.362999,615.362999,615.362999,615.362999,615.362999,615.362999,615.362999,615.362999,615.362999,615.362999,615.362999,615.362999,615.362999,615.362999,615.362999,615.362999,615.362999,615.362999,615.362999,615.362999,615.362999,615.362999,615.362999,615.362999,615.362999,615.362999
2016-05-02,618.009632,618.009632,618.009632,618.009632,618.009632,618.009632,618.009632,618.009632,618.009632,618.009632,618.009632,618.009632,618.009632,618.009632,618.009632,618.009632,618.009632,618.009632,618.009632,618.009632,618.009632,618.009632,618.009632,618.009632,618.009632,618.009632,618.009632
2016-05-03,593.481527,593.481527,593.481527,593.481527,593.481527,593.481527,593.481527,593.481527,593.481527,593.481527,593.481527,593.481527,593.481527,593.481527,593.481527,593.481527,593.481527,593.481527,593.481527,593.481527,593.481527,593.481527,593.481527,593.481527,593.481527,593.481527,593.481527
2016-05-04,615.970261,615.970261,615.970261,615.970261,615.970261,615.970261,615.970261,615.970261,615.970261,615.970261,615.970261,615.970261,615.970261,615.970261,615.970261,615.970261,615.970261,615.970261,615.970261,615.970261,615.970261,615.970261,615.970261,615.970261,615.970261,615.970261,615.970261
2016-05-05,622.686252,622.686252,622.686252,622.686252,622.686252,622.686252,622.686252,622.686252,622.686252,622.686252,622.686252,622.686252,622.686252,622.686252,622.686252,622.686252,622.686252,622.686252,622.686252,622.686252,622.686252,622.686252,622.686252,622.686252,622.686252,622.686252,622.686252
2016-05-06,634.747805,634.747805,634.747805,634.747805,634.747805,634.747805,634.747805,634.747805,634.747805,634.747805,634.747805,634.747805,634.747805,634.747805,634.747805,634.747805,634.747805,634.747805,634.747805,634.747805,634.747805,634.747805,634.747805,634.747805,634.747805,634.747805,634.747805
2016-05-07,639.607929,639.607929,639.607929,639.607929,639.607929,639.607929,639.607929,639.607929,639.607929,639.607929,639.607929,639.607929,639.607929,639.607929,639.607929,639.607929,639.607929,639.607929,639.607929,639.607929,639.607929,639.607929,639.607929,639.607929,639.607929,639.607929,639.607929
2016-05-08,642.16068,642.16068,642.16068,642.16068,642.16068,642.16068,642.16068,642.16068,642.16068,642.16068,642.16068,642.16068,642.16068,642.16068,642.16068,642.16068,642.16068,642.16068,642.16068,642.16068,642.16068,642.16068,642.16068,642.16068,642.16068,642.16068,642.16068
2016-05-09,629.003353,629.003353,629.003353,629.003353,629.003353,629.003353,629.003353,629.003353,629.003353,629.003353,629.003353,629.003353,629.003353,629.003353,629.003353,629.003353,629.003353,629.003353,629.003353,629.003353,629.003353,629.003353,629.003353,629.003353,629.003353,629.003353,629.003353
2016-05-10,624.671452,624.671452,624.671452,624.671452,624.671452,624.671452,624.671452,624.671452,624.671452,624.671452,624.671452,624.671452,624.671452,624.671452,624.671452,624.671452,624.671452,624.671452,624.671452,624.671452,624.671452,624.671452,624.671452,624.671452,624.671452,624.671452,624.671452
2016-05-11,603.363215,603.363215,603.363215,603.363215,603.363215,603.363215,603.363215,603.363215,603.363215,603.363215,603.363215,603.363215,603.363215,603.363215,603.363215,603.363215,603.363215,603.363215,603.363215,603.363215,603.363215,603.363215,603.363215,603.363215,603.363215,603.363215,603.363215
2016-05-12,628.004069,628.004069,628.004069,628.004069,628.004069,628.004069,628.004069,628.004069,628.004069,628.004069,628.004069,628.004069,628.004069,628.004069,628.004069,628.004069,628.004069,628.004069,628.004069,628.004069,628.004069,628.004069,628.004069,628.004069,628.004069,628.004069,628.004069
2016-05-13,609.303298,609.303298,609.303298,609.303298,609.303298,609.303298,609.303298,609.303298,609.303298,609.303298,609.303298,609.303298,609.303298,609.303298,609.303298,609.303298,609.303298,609.303298,609.303298,609.303298,609.303298,609.303298,609.303298,609.303298,609.303298,609.303298,609.303298
2016-05-14,600.332687,600.332687,600.332687,600.332687,600.332687,600.332687,600.332687,600.332687,600.332687,600.332687,600.332687,600.332687,600.332687,600.332687,600.332687,600.332687,600.332687,600.332687,600.332687,600.332687,600.332687,600.332687,600.332687,600.332687,600.332687,600.332687,600.332687
2016-05-15,593.673966,593.673966,593.673966,593.673966,593.673966,593.673966,593.673966,593.673966,593.673966,593.673966,593.673966,593.673966,593.673966,593.673966,593.673966,593.673966,593.673966,593.673966,593.673966,593.673966,593.673966,593.673966,593.673966,593.673966,593.673966,593.673966,593.673966
2016-05-16,605.945354,605.945354,605.945354,605.945354,605.945354,605.945354,605.945354,605.945354,605.945354,605.945354,605.945354,605.945354,605.945354,605.945354,605.945354,605.945354,605.945354,605.945354,605.945354,605.945354,605.945354,605.945354,605.945354,605.945354,605.945354,605.945354,605.945354
2016-05-17,618.05547,618.05547,618.05547,618.05547,618.05547,618.05547,618.05547,618.05547,618.05547,618.05547,618.05547,618.05547,618.05547,618.05547,618.05547,618.05547,618.05547,618.05547,618.05547,618.05547,618.05547,618.05547,618.05547,618.05547,618.05547,618.05547,618.05547
2016-05-18,617.886157,617.886157,617.886157,617.886157,617.886157,617.886157,617.886157,617.886157,617.886157,617.886157,617.886157,617.886157,617.886157,617.886157,617.886157,617.886157,617.886157,617.886157,617.886157,617.886157,617.886157,617.886157,617.886157,617.886157,617.886157,617.886157,617.886157
2016-05-19,589.152548,589.152548,589.152548,589.152548,589.152548,589.152548,589.152548,589.152548,589.152548,589.152548,589.152548,589.152548,589.152548,589.152548,589.152548,589.152548,589.152548,589.152548,589.152548,589.152548,589.152548,589.152548,589.152548,589.152548,589.152548,589.152548,589.152548
2016-05-20,595.268477,595.268477,595.268477,595.268477,595.268477,595.268477,595.268477,595.268477,595.268477,595.268477,595.268477,595.268477,595.268477,595.268477,595.268477,595.268477,595.268477,595.268477,595.268477,595.268477,595.268477,595.268477,595.268477,595.268477,595.268477,595.268477,595.268477
2016-05-21,587.36178,587.36178,587.36178,587.36178,587.36178,587.36178,587.36178,587.36178,587.36178,587.36178,587.36178,587.36178,587.36178,587.36178,587.36178,587.36178,587.36178,587.36178,587.36178,587.36178,587.36178,587.36178,587.36178,587.36178,587.36178,587.36178,587.36178
2016-05-22,595.341087,595.341087,595.341087,595.341087,595.341087,595.341087,595.341087,595.341087,595.341087,595.341087,595.341087,595.341087,595.341087,595.341087,595.341087,595.341087,595.341087,595.341087,595.341087,595.341087,595.341087,595.341087,595.341087,595.341087,595.341087,595.341087,595.341087
2016-05-23,587.275102,587.275102,587.275102,587.275102,587.275102,587.275102,587.275102,587.275102,587.275102,587.275102,587.275102,587.275102,587.275102,587.275102,587.275102,587.275102,587.275102,587.275102,587.275102,587.275102,587.275102,587.275102,587.275102,587.275102,587.275102,587.275102,587.275102
2016-05-24,595.18733,595.18733,595.18733,595.18733,595.18733,595.18733,595.18733,595.18733,595.18733,595.18733,595.18733,595.18733,595.18733,595.18733,595.18733,595.18733,595.18733,595.18733,595.18733,595.18733,595.18733,595.18733,595.18733,595.18733,595.18733,595.18733,595.18733
2016-05-25,577.562606,577.562606,577.562606,577.562606,577.562606,577.562606,577.562606,577.562606,577.562606,577.562606,577.562606,577.562606,577.562606,577.562606,577.562606,577.562606,577.562606,577.562606,577.562606,577.562606,577.562606,577.562606,577.562606,577.562606,577.562606,577.562606,577.562606
2016-05-26,581.99515,581.99515,581.99515,581.99515,581.99515,581.99515,581.99515,581.99515,581.99515,581.99515,581.99515,581.99515,581.99515,581.99515,581.99515,581.99515,581.99515,581.99515,581.99515,581.99515,581.99515,581.99515,581.99515,581.99515,581.99515,581.99515,581.99515
2016-05-27,591.125987,591.125987,591.125987,591.125987,591.125987,591.125987,591.125987,591.125987,591.125987,591.125987,591.125987,591.125987,591.125987,591.125987,591.125987,591.125987,591.125987,591.125987,591.125987,591.125987,591.125987,591.125987,591.125987,591.125987,591.125987,591.125987,591.125987
2016-05-28,600.745695,600.745695,600.745695,600.745695,600.745695,600.745695,600.745695,600.745695,600.745695,600.745695,600.745695,600.745695,600.745695,600.745695,600.745695,600.745695,600.745695,600.745695,600.745695,600.745695,600.745695,600.745695,600.745695,600.745695,600.745695,600.745695,600.745695
2016-05-29,597.319023,597.319023,597.319023,597.319023,597.319023,597.319023,597.319023,597.319023,597.319023,597.319023,597.319023,597.319023,597.319023,597.319023,597.319023,597.319023,597.319023,597.319023,597.319023,597.319023,597.319023,597.319023,597.319023,597.319023,597.319023,597.319023,597.319023
2016-05-30,607.645788,607.645788,607.645788,607.645788,607.645788,607.645788,607.645788,607.645788,607.645788,607.645788,607.645788,607.645788,607.645788,607.645788,607.645788,607.645788,607.645788,607.645788,607.645788,607.645788,607.645788,607.645788,607.645788,607.645788,607.645788,607.645788,607.645788
2016-05-31,600.451408,600.451408,600.451408,600.451408,600.451408,600.451408,600.451408,600.451408,600.451408,600.451408,600.451408,600.451408,600.451408,600.451408,600.451408,600.451408,600.451408,600.451408,600.451408,600.451408,600.451408,600.451408,600.451408,600.451408,600.451408,600.451408,600.451408
2016-06-01,616.842186,616.842186,616.842186,616.842186,616.842186,616.842186,616.842186,616.842186,616.842186,616.842186,616.842186,616.842186,616.842186,616.842186,616.842186,616.842186,616.842186,616.842186,616.842186,616.842186,616.842186,616.842186,616.842186,616.842186,616.842186,616.842186,616.842186
2016-06-02,618.583641,618.583641,618.583641,618.583641,618.583641,618.583641,618.583641,618.583641,618.583641,618.583641,618.583641,618.583641,618.583641,618.583641,618.583641,618.583641,618.583641,618.583641,618.583641,618.583641,618.583641,618.583641,618.583641,618.583641,618.583641,618.583641,618.583641
2016-06-03,598.682095,598.682095,598.682095,598.682095,598.682095,598.682095,598.682095,598.682095,598.682095,598.682095,598.682095,598.682095,598.682095,598.682095,598.682095,598.682095,598.682095,598.682095,598.682095,598.682095,598.682095,598.682095,598.682095,598.682095,598.682095,598.682095,598.682095
2016-06-04,592.430489,592.430489,592.430489,592.430489,592.430489,592.430489,592.430489,592.430489,592.430489,592.430489,592.430489,592.430489,592.430489,592.430489,592.430489,592.430489,592.430489,592.430489,592.430489,592.430489,592.430489,592.430489,592.430489,592.430489,592.430489,592.430489,592.430489
2016-06-05,596.825266,596.825266,596.825266,596.825266,596.825266,596.825266,596.825266,596.825266,596.825266,596.825266,596.825266,596.825266,596.825266,596.825266,596.825266,596.825266,596.825266,596.825266,596.825266,596.825266,596.825266,596.825266,596.825266,596.825266,596.825266,596.825266,596.825266
2016-06-06,581.137934,581.137934,581.137934,581.137934,581.137934,581.137934,581.137934,581.137934,581.137934,581.137934,581.137934,581.137934,581.137934,581.137934,581.137934,581.137934,581.137934,581.137934,581.137934,581.137934,581.137934,581.137934,581.137934,581.137934,581.137934,581.137934,581.137934
2016-06-07,568.417893,568.417893,568.417893,568.417893,568.417893,568.417893,568.417893,568.417893,568.417893,568.417893,568.417893,568.417893,568.417893,568.417893,568.417893,568.417893,568.417893,568.417893,568.417893,568.417893,568.417893,568.417893,568.417893,568.417893,568.417893,568.417893,568.417893
2016-06-08,555.835238,555.835238,555.835238,555.835238,555.835238,555.835238,555.835238,555.835238,555.835238,555.835238,555.835238,555.835238,555.835238,555.835238,555.835238,555.835238,555.835238,555.835238,555.835238,555.835238,555.835238,555.835238,555.835238,555.835238,555.835238,555.835238,555.835238
2016-06-09,561.75139,561.75139,561.75139,561.75139,561.75139,561.75139,561.75139,561.75139,561.75139,561.75139,561.75139,561.75139,561.75139,561.75139,561.75139,561.75139,561.75139,561.75139,561.75139,561.75139,561.75139,561.75139,561.75139,561.75139,561.75139,561.75139,561.75139
2016-06-10,578.063156,578.063156,578.063156,578.063156,578.063156,578.063156,578.063156,578.063156,578.063156,578.063156,578.063156,578.063156,578.063156,578.063156,578.063156,578.063156,578.063156,578.063156,578.063156,578.063156,578.063156,578.063156,578.063156,578.063156,578.063156,578.063156,578.063156
2016-06-11,581.655322,581.655322,581.655322,581.655322,581.655322,581.655322,581.655322,581.655322,581.655322,581.655322,581.655322,581.655322,581.655322,581.655322,581.655322,581.655322,581.655322,581.655322,581.655322,581.655322,581.655322,581.655322,581.655322,581.655322,581.655322,581.655322,581.655322
2016-06-12,570.973128,570.973128,570.973128,570.973128,570.973128,570.973128,570.973128,570.973128,570.973128,570.973128,570.973128,570.973128,570.973128,570.973128,570.973128,570.973128,570.973128,570.973128,570.973128,570.973128,570.973128,570.973128,570.973128,570.973128,570.973128,570.973128,570.973128
2016-06-13,576.361586,576.361586,576.361586,576.361586,576.361586,576.361586,576.361586,576.361586,576.361586,576.361586,576.361586,576.361586,576.361586,576.361586,576.361586,576.361586,576.361586,576.361586,576.361586,576.361586,576.361586,576.361586,576.361586,576.361586,576.361586,576.361586,576.361586
2016-06-14,584.100775,584.100775,584.100775,584.100775,584.100775,584.100775,584.100775,584.100775,584.100775,584.100775,584.100775,584.100775,584.100775,584.100775,584.100775,584.100775,584.100775,584.100775,584.100775,584.100775,584.100775,584.100775,584.100775,584.100775,584.100775,584.100775,584.100775
2016-06-15,604.495365,604.495365,604.495365,604.495365,604.495365,604.495365,604.495365,604.495365,604.495365,604.495365,604.495365,604.495365,604.495365,604.495365,604.495365,604.495365,604.495365,604.495365,604.495365,604.495365,604.495365,604.495365,604.495365,604.495365,604.495365,604.495365,604.495365
2016-06-16,596.589443,596.589443,596.589443,596.589443,596.589443,596.589443,596.589443,596.589443,596.589443,596.589443,596.589443,596.589443,596.589443,596.589443,596.589443,596.589443,596.589443,596.589443,596.589443,596.589443,596.589443,596.589443,596.589443,596.589443,596.589443,596.589443,596.589443
2016-06-17,595.669414,595.669414,595.669414,595.669414,595.669414,595.669414,595.669414,595.669414,595.669414,595.669414,595.669414,595.669414,595.669414,595.669414,595.669414,595.669414,595.669414,595.669414,595.669414,595.669414,595.669414,595.669414,595.669414,595.669414,595.669414,595.669414,595.669414
2016-06-18,595.04634,595.04634,595.04634,595.04634,595.04634,595.04634,595.04634,595.04634,595.04634,595.04634,595.04634,595.04634,595.04634,595.04634,595.04634,595.04634,595.04634,595.04634,595.04634,595.04634,595.04634,595.04634,595.04634,595.04634,595.04634,595.04634,595.04634
2016-06-19,586.36125,586.36125,586.36125,586.36125,586.36125,586.36125,586.36125,586.36125,586.36125,586.36125,586.36125,586.36125,586.36125,586.36125,586.36125,586.36125,586.36125,586.36125,586.36125,586.36125,586.36125,586.36125,586.36125,586.36125,586.36125,586.36125,586.36125
2016-06-20,597.744098,597.744098,597.744098,597.744098,597.744098,597.744098,597.744098,597.744098,597.744098,597.744098,597.744098,597.744098,597.744098,597.744098,597.744098,597.744098,597.744098,597.744098,597.744098,597.744098,597.744098,597.744098,597.744098,597.744098,597.744098,597.744098,597.744098
2016-06-21,587.823843,587.823843,587.823843,587.823843,587.823843,587.823843,587.823843,587.823843,587.823843,587.823843,587.823843,587.823843,587.823843,587.823843,587.823843,587.823843,587.823843,587.823843,587.823843,587.823843,587.823843,587.823843,587.823843,587.823843,587.823843,587.823843,587.823843
2016-06-22,580.893761,580.893761,580.893761,580.893761,580.893761,580.893761,580.893761,580.893761,580.893761,580.893761,580.893761,580.893761,580.893761,580.893761,580.893761,580.893761,580.893761,580.893761,580.893761,580.893761,580.893761,580.893761,580.893761,580.893761,580.893761,580.893761,580.893761
2016-06-23,588.428781,588.428781,588.428781,588.428781,588.428781,588.428781,588.428781,588.428781,588.428781,588.428781,588.428781,588.428781,588.428781,588.428781,588.428781,588.428781,588.428781,588.428781,588.428781,588.428781,588.428781,588.428781,588.428781,588.428781,588.428781,588.428781,588.428781
2016-06-24,593.062813,593.062813,593.062813,593.062813,593.062813,593.062813,593.062813,593.062813,593.062813,593.062813,593.062813,593.062813,593.062813,593.062813,593.062813,593.062813,593.062813,593.062813,593.062813,593.062813,593.062813,593.062813,593.062813,593.062813,593.062813,593.062813,593.062813
2016-06-25,583.707047,583.707047,583.707047,583.707047,583.707047,583.707047,583.707047,583.707047,583.707047,583.707047,583.707047,583.707047,583.707047,583.707047,583.707047,583.707047,583.707047,583.707047,583.707047,583.707047,583.707047,583.707047,583.707047,583.707047,583.707047,583.707047,583.707047
2016-06-26,597.944852,597.944852,597.944852,597.944852,597.944852,597.944852,597.944852,597.944852,597.944852,597.944852,597.944852,597.944852,597.944852,597.944852,597.944852,597.944852,597.944852,597.944852,597.944852,597.944852,597.944852,597.944852,597.944852,597.944852,597.944852,597.944852,597.944852
2016-06-27,606.454753,606.454753,606.454753,606.454753,606.454753,606.454753,606.454753,606.454753,606.454753,606.454753,606.454753,606.454753,606.454753,606.454753,606.454753,606.454753,606.454753,606.454753,606.454753,606.454753,606.454753,606.454753,606.454753,606.454753,606.454753,606.454753,606.454753
2016-06-28,615.15136,615.15136,615.15136,615.15136,615.15136,615.15136,615.15136,615.15136,615.15136,615.15136,615.15136,615.15136,615.15136,615.15136,615.15136,615.15136,615.15136,615.15136,615.15136,615.15136,615.15136,615.15136,615.15136,615.15136,615.15136,615.15136,615.15136
2016-06-29,609.105068,609.105068,609.105068,609.105068,609.105068,609.105068,609.105068,609.105068,609.105068,609.105068,609.105068,609.105068,609.105068,609.105068,609.105068,609.105068,609.105068,609.105068,609.105068,609.105068,609.105068,609.105068,609.105068,609.105068,609.105068,609.105068,609.105068
2016-06-30,607.392261,607.392261,607.392261,607.392261,607.392261,607.392261,607.392261,607.392261,607.392261,607.392261,607.392261,607.392261,607.392261,607.392261,607.392261,607.392261,607.392261,607.392261,607.392261,607.392261,607.392261,607.392261,607.392261,607.392261,607.392261,607.392261,607.392261
2016-07-01,594.737366,594.737366,594.737366,594.737366,594.737366,594.737366,594.737366,594.737366,594.737366,594.737366,594.737366,594.737366,594.737366,594.737366,594.737366,594.737366,594.737366,594.737366,594.737366,594.737366,594.737366,594.737366,594.737366,594.737366,594.737366,594.737366,594.737366
2016-07-02,603.947633,603.947633,603.947633,603.947633,603.947633,603.947633,603.947633,603.947633,603.947633,603.947633,603.947633,603.947633,603.947633,603.947633,603.947633,603.947633,603.947633,603.947633,603.947633,603.947633,603.947633,603.947633,603.947633,603.947633,603.947633,603.947633,603.947633
2016-07-03,603.624502,603.624502,603.624502,603.624502,603.624502,603.624502,603.624502,603.624502,603.624502,603.624502,603.624502,603.624502,603.624502,603.624502,603.624502,603.624502,603.624502,603.624502,603.624502,603.624502,603.624502,603.624502,603.624502,603.624502,603.624502,603.624502,603.624502
2016-07-04,595.33256,595.33256,595.33256,595.33256,595.33256,595.33256,595.33256,595.33256,595.33256,595.33256,595.33256,595.33256,595.33256,595.33256,595.33256,595.33256,595.33256,595.33256,595.33256,595.33256,595.33256,595.33256,595.33256,595.33256,595.33256,595.33256,595.33256
2016-07-05,588.227072,588.227072,588.227072,588.227072,588.227072,588.227072,588.227072,588.227072,588.227072,588.227072,588.227072,588.227072,588.227072,588.227072,588.227072,588.227072,588.227072,588.227072,588.227072,588.227072,588.227072,588.227072,588.227072,588.227072,588.227072,588.227072,588.227072
2016-07-06,599.692358,599.692358,599.692358,599.692358,599.692358,599.692358,599.692358,599.692358,599.692358,599.692358,599.692358,599.692358,599.692358,599.692358,599.692358,599.692358,599.692358,599.692358,599.692358,599.692358,599.692358,599.692358,599.692358,599.692358,599.692358,599.692358,599.692358
2016-07-07,601.455154,601.455154,601.455154,601.455154,601.455154,601.455154,601.455154,601.455154,601.455154,601.455154,601.455154,601.455154,601.455154,601.455154,601.455154,601.455154,601.455154,601.455154,601.455154,601.455154,601.455154,601.455154,601.455154,601.455154,601.455154,601.455154,601.455154
2016-07-08,611.066044,611.066044,611.066044,611.066044,611.066044,611.066044,611.066044,611.066044,611.066044,611.066044,611.066044,611.066044,611.066044,611.066044,611.066044,611.066044,611.066044,611.066044,611.066044,611.066044,611.066044,611.066044,611.066044,611.066044,611.066044,611.066044,611.066044
2016-07-09,597.855298,597.855298,597.855298,597.855298,597.855298,597.855298,597.855298,597.855298,597.855298,597.855298,597.855298,597.855298,597.855298,597.855298,597.855298,597.855298,597.855298,597.855298,597.855298,597.855298,597.855298,597.855298,597.855298,597.855298,597.855298,597.855298,597.855298
2016-07-10,609.847995,609.847995,609.847995,609.847995,609.847995,609.847995,609.847995,609.847995,609.847995,609.847995,609.847995,609.847995,609.847995,609.847995,609.847995,609.847995,609.847995,609.847995,609.847995,609.847995,609.847995,609.847995,609.847995,609.847995,609.847995,609.847995,609.847995
2016-07-11,601.08588,601.08588,601.08588,601.08588,601.08588,601.08588,601.08588,601.08588,601.08588,601.08588,601.08588,601.08588,601.08588,601.08588,601.08588,601.08588,601.08588,601.08588,601.08588,601.08588,601.08588,601.08588,601.08588,601.08588,601.08588,601.08588,601.08588
2016-07-12,606.992087,606.992087,606.992087,606.992087,606.992087,606.992087,606.992087,606.992087,606.992087,606.992087,606.992087,606.992087,606.992087,606.992087,606.992087,606.992087,606.992087,606.992087,606.992087,606.992087,606.992087,606.992087,606.992087,606.992087,606.992087,606.992087,606.992087
2016-07-13,592.165303,592.165303,592.165303,592.165303,592.165303,592.165303,592.165303,592.165303,592.165303,592.165303,592.165303,592.165303,592.165303,592.165303,592.165303,592.165303,592.165303,592.165303,592.165303,592.165303,592.165303,592.165303,592.165303,592.165303,592.165303,592.165303,592.165303
2016-07-14,599.449385,599.449385,599.449385,599.449385,599.449385,599.449385,599.449385,599.449385,599.449385,599.449385,599.449385,599.449385,599.449385,599.449385,599.449385,599.449385,599.449385,599.449385,599.449385,599.449385,599.449385,599.449385,599.449385,599.449385,599.449385,599.449385,599.449385
2016-07-15,602.937058,602.937058,602.937058,602.937058,602.937058,602.937058,602.937058,602.937058,602.937058,602.937058,602.937058,602.937058,602.937058,602.937058,602.937058,602.937058,602.937058,602.937058,602.937058,602.937058,602.937058,602.937058,602.937058,602.937058,602.937058,602.937058,602.937058
2016-07-16,615.483069,615.483069,615.483069,615.483069,615.483069,615.483069,615.483069,615.483069,615.483069,615.483069,615.483069,615.483069,615.483069,615.483069,615.483069,615.483069,615.483069,615.483069,615.483069,615.483069,615.483069,615.483069,615.483069,615.483069,615.483069,615.483069,615.483069
2016-07-17,608.706625,608.706625,608.706625,608.706625,608.706625,608.706625,608.706625,608.706625,608.706625,608.706625,608.706625,608.706625,608.706625,608.706625,608.706625,608.706625,608.706625,608.706625,608.706625,608.706625,608.706625,608.706625,608.706625,608.706625,608.706625,608.706625,608.706625
2016-07-18,617.288862,617.288862,617.288862,617.288862,617.288862,617.288862,617.288862,617.288862,617.288862,617.288862,617.288862,617.288862,617.288862,617.288862,617.288862,617.288862,617.288862,617.288862,617.288862,617.288862,617.288862,617.288862,617.288862,617.288862,617.288862,617.288862,617.288862
2016-07-19,628.209579,628.209579,628.209579,628.209579,628.209579,628.209579,628.209579,628.209579,628.209579,628.209579,628.209579,628.209579,628.209579,628.209579,628.209579,628.209579,628.209579,628.209579,628.209579,628.209579,628.209579,628.209579,628.209579,628.209579,628.209579,628.209579,628.209579
2016-07-20,637.684729,637.684729,637.684729,637.684729,637.684729,637.684729,637.684729,637.684729,637.684729,637.684729,637.684729,637.684729,637.684729,637.684729,637.684729,637.684729,637.684729,637.684729,637.684729,637.684729,637.684729,637.684729,637.684729,637.684729,637.684729,637.684729,637.684729
2016-07-21,618.698961,618.698961,618.698961,618.698961,618.698961,618.698961,618.698961,618.698961,618.698961,618.698961,618.698961,618.698961,618.698961,618.698961,618.698961,618.698961,618.698961,618.698961,618.698961,618.698961,618.698961,618.698961,618.698961,618.698961,618.698961,618.698961,618.698961
2016-07-22,604.727753,604.727753,604.727753,604.727753,604.727753,604.727753,604.727753,604.727753,604.727753,604.727753,604.727753,604.727753,604.727753,604.727753,604.727753,604.727753,604.727753,604.727753,604.727753,604.727753,604.727753,604.727753,604.727753,604.727753,604.727753,604.727753,604.727753
2016-07-23,603.520814,603.520814,603.520814,603.520814,603.520814,603.520814,603.520814,603.520814,603.520814,603.520814,603.520814,603.520814,603.520814,603.520814,603.520814,603.520814,603.520814,603.520814,603.520814,603.520814,603.520814,603.520814,603.520814,603.520814,603.520814,603.520814,603.520814
2016-07-24,595.593865,595.593865,595.593865,595.593865,595.593865,595.593865,595.593865,595.593865,595.593865,595.593865,595.593865,595.593865,595.593865,595.593865,595.593865,595.593865,595.593865,595.593865,595.593865,595.593865,595.593865,595.593865,595.593865,595.593865,595.593865,595.593865,595.593865
2016-07-25,588.67499,588.67499,588.67499,588.67499,588.67499,588.67499,588.67499,588.67499,588.67499,588.67499,588.67499,588.67499,588.67499,588.67499,588.67499,588.67499,588.67499,588.67499,588.67499,588.67499,588.67499,588.67499,588.67499,588.67499,588.67499,588.67499,588.67499
2016-07-26,572.752956,572.752956,572.752956,572.752956,572.752956,572.752956,572.752956,572.752956,572.752956,572.752956,572.752956,572.752956,572.752956,572.752956,572.752956,572.752956,572.752956,572.752956,572.752956,572.752956,572.752956,572.752956,572.752956,572.752956,572.752956,572.752956,572.752956
2016-07-27,565.67564,565.67564,565.67564,565.67564,565.67564,565.67564,565.67564,565.67564,565.67564,565.67564,565.67564,565.67564,565.67564,565.67564,565.67564,565.67564,565.67564,565.67564,565.67564,565.67564,565.67564,565.67564,565.67564,565.67564,565.67564,565.67564,565.67564
2016-07-28,579.118638,579.118638,579.118638,579.118638,579.118638,579.118638,579.118638,579.118638,579.118638,579.118638,579.118638,579.118638,579.118638,579.118638,579.118638,579.118638,579.118638,579.118638,579.118638,579.118638,579.118638,579.118638,579.118638,579.118638,579.118638,579.118638,579.118638
2016-07-29,573.736153,573.736153,573.736153,573.736153,573.736153,573.736153,573.736153,573.736153,573.736153,573.736153,573.736153,573.736153,573.736153,573.736153,573.736153,573.736153,573.736153,573.736153,573.736153,573.736153,573.736153,573.736153,573.736153,573.736153,573.736153,573.736153,573.736153
2016-07-30,564.419286,564.419286,564.419286,564.419286,564.419286,564.419286,564.419286,564.419286,564.419286,564.419286,564.419286,564.419286,564.419286,564.419286,564.419286,564.419286,564.419286,564.419286,564.419286,564.419286,564.419286,564.419286,564.419286,564.419286,564.419286,564.419286,564.419286
2016-07-31,570.440741,570.440741,570.440741,570.440741,570.440741,570.440741,570.440741,570.440741,570.440741,570.440741,570.440741,570.440741,570.440741,570.440741,570.440741,570.440741,570.440741,570.440741,570.440741,570.440741,570.440741,570.440741,570.440741,570.440741,570.440741,570.440741,570.440741
2016-08-01,579.374912,579.374912,579.374912,579.374912,579.374912,579.374912,579.374912,579.374912,579.374912,579.374912,579.374912,579.374912,579.374912,579.374912,579.374912,579.374912,579.374912,579.374912,579.374912,579.374912,579.374912,579.374912,579.374912,579.374912,579.374912,579.374912,579.374912
2016-08-02,586.005755,586.005755,586.005755,586.005755,586.005755,586.005755,586.005755,586.005755,586.005755,586.005755,586.005755,586.005755,586.005755,586.005755,586.005755,586.005755,586.005755,586.005755,586.005755,586.005755,586.005755,586.005755,586.005755,586.005755,586.005755,586.005755,586.005755
2016-08-03,598.352208,598.352208,598.352208,598.352208,598.352208,598.352208,598.352208,598.352208,598.352208,598.352208,598.352208,598.352208,598.352208,598.352208,598.352208,598.352208,598.352208,598.352208,598.352208,598.352208,598.352208,598.352208,598.352208,598.352208,598.352208,598.352208,598.352208
2016-08-04,591.118256,591.118256,591.118256,591.118256,591.118256,591.118256,591.118256,591.118256,591.118256,591.118256,591.118256,591.118256,591.118256,591.118256,591.118256,591.118256,591.118256,591.118256,591.118256,591.118256,591.118256,591.118256,591.118256,591.118256,591.118256,591.118256,591.118256
2016-08-05,604.436556,604.436556,604.436556,604.436556,604.436556,604.436556,604.436556,604.436556,604.436556,604.436556,604.436556,604.436556,604.436556,604.436556,604.436556,604.436556,604.436556,604.436556,604.436556,604.436556,604.436556,604.436556,604.436556,604.436556,604.436556,604.436556,604.436556
2016-08-06,601.501578,601.501578,601.501578,601.501578,601.501578,601.501578,601.501578,601.501578,601.501578,601.501578,601.501578,601.501578,601.501578,601.501578,601.501578,601.501578,601.501578,601.501578,601.501578,601.501578,601.501578,601.501578,601.501578,601.501578,601.501578,601.501578,601.501578
2016-08-07,597.533139,597.533139,597.533139,597.533139,597.533139,597.533139,597.533139,597.533139,597.533139,597.533139,597.533139,597.533139,597.533139,597.533139,597.533139,597.533139,597.533139,597.533139,597.533139,597.533139,597.533139,597.533139,597.533139,597.533139,597.533139,597.533139,597.533139
2016-08-08,593.144906,593.144906,593.144906,593.144906,593.144906,593.144906,593.144906,593.144906,593.144906,593.144906,593.144906,593.144906,593.144906,593.144906,593.144906,593.144906,593.144906,593.144906,593.144906,593.144906,593.144906,593.144906,593.144906,593.144906,593.144906,593.144906,593.144906
2016-08-09,597.033825,597.033825,597.033825,597.033825,597.033825,597.033825,597.033825,597.033825,597.033825,597.033825,597.033825,597.033825,597.033825,597.033825,597.033825,597.033825,597.033825,597.033825,597.033825,597.033825,597.033825,597.033825,597.033825,597.033825,597.033825,597.033825,597.033825
2016-08-10,583.846608,583.846608,583.846608,583.846608,583.846608,583.846608,583.846608,583.846608,583.846608,583.846608,583.846608,583.846608,583.846608,583.846608,583.846608,583.846608,583.846608,583.846608,583.846608,583.846608,583.846608,583.846608,583.846608,583.846608,583.846608,583.846608,583.846608
2016-08-11,576.313503,576.313503,576.313503,576.313503,576.313503,576.313503,576.313503,576.313503,576.313503,576.313503,576.313503,576.313503,576.313503,576.313503,576.313503,576.313503,576.313503,576.313503,576.313503,576.313503,576.313503,576.313503,576.313503,576.313503,576.313503,576.313503,576.313503
2016-08-12,556.350489,556.350489,556.350489,556.350489,556.350489,556.350489,556.350489,556.350489,556.350489,556.350489,556.350489,556.350489,556.350489,556.350489,556.350489,556.350489,556.350489,556.350489,556.350489,556.350489,556.350489,556.350489,556.350489,556.350489,556.350489,556.350489,556.350489
2016-08-13,571.743229,571.743229,571.743229,571.743229,571.743229,571.743229,571.743229,571.743229,571.743229,571.743229,571.743229,571.743229,571.743229,571.743229,571.743229,571.743229,571.743229,571.743229,571.743229,571.743229,571.743229,571.743229,571.743229,571.743229,571.743229,571.743229,571.743229
2016-08-14,573.377867,573.377867,573.377867,573.377867,573.377867,573.377867,573.377867,573.377867,573.377867,573.377867,573.377867,573.377867,573.377867,573.377867,573.377867,573.377867,573.377867,573.377867,573.377867,573.377867,573.377867,573.377867,573.377867,573.377867,573.377867,573.377867,573.377867
2016-08-15,578.504242,578.504242,578.504242,578.504242,578.504242,578.504242,578.504242,578.504242,578.504242,578.504242,578.504242,578.504242,578.504242,578.504242,578.504242,578.504242,578.504242,578.504242,578.504242,578.504242,578.504242,578.504242,578.504242,578.504242,578.504242,578.504242,578.504242
2016-08-16,580.249901,580.249901,580.249901,580.249901,580.249901,580.249901,580.249901,580.249901,580.249901,580.249901,580.249901,580.249901,580.249901,580.249901,580.249901,580.249901,580.249901,580.249901,580.249901,580.249901,580.249901,580.249901,580.249901,580.249901,580.249901,580.249901,580.249901
2016-08-17,582.104445,582.104445,582.104445,582.104445,582.104445,582.104445,582.104445,582.104445,582.104445,582.104445,582.104445,582.104445,582.104445,582.104445,582.104445,582.104445,582.104445,582.104445,582.104445,582.104445,582.104445,582.104445,582.104445,582.104445,582.104445,582.104445,582.104445
2016-08-18,584.372954,584.372954,584.372954,584.372954,584.372954,584.372954,584.372954,584.372954,584.372954,584.372954,584.372954,584.372954,584.372954,584.372954,584.372954,584.372954,584.372954,584.372954,584.372954,584.372954,584.372954,584.372954,584.372954,584.372954,584.372954,584.372954,584.372954
2016-08-19,593.513999,593.513999,593.513999,593.513999,593.513999,593.513999,593.513999,593.513999,593.513999,593.513999,593.513999,593.513999,593.513999,593.513999,593.513999,593.513999,593.513999,593.513999,593.513999,593.513999,593.513999,593.513999,593.513999,593.513999,593.513999,593.513999,593.513999
2016-08-20,589.019475,589.019475,589.019475,589.019475,589.019475,589.019475,589.019475,589.019475,589.019475,589.019475,589.019475,589.019475,589.019475,589.019475,589.019475,589.019475,589.019475,589.019475,589.019475,589.019475,589.019475,589.019475,589.019475,589.019475,589.019475,589.019475,589.019475
2016-08-21,589.498771,589.498771,589.498771,589.498771,589.498771,589.498771,589.498771,589.498771,589.498771,589.498771,589.498771,589.498771,589.498771,589.498771,589.498771,589.498771,589.498771,589.498771,589.498771,589.498771,589.498771,589.498771,589.498771,589.498771,589.498771,589.498771,589.498771
2016-08-22,587.913842,587.913842,587.913842,587.913842,587.913842,587.913842,587.913842,587.913842,587.913842,587.913842,587.913842,587.913842,587.913842,587.913842,587.913842,587.913842,587.913842,587.913842,587.913842,587.913842,587.913842,587.913842,587.913842,587.913842,587.913842,587.913842,587.913842
2016-08-23,594.245858,594.245858,594.245858,594.245858,594.245858,594.245858,594.245858,594.245858,594.245858,594.245858,594.245858,594.245858,594.245858,594.245858,594.245858,594.245858,594.245858,594.245858,594.245858,594.245858,594.245858,594.245858,594.245858,594.245858,594.245858,594.245858,594.245858
2016-08-24,597.366804,597.366804,597.366804,597.366804,597.366804,597.366804,597.366804,597.366804,597.366804,597.366804,597.366804,597.366804,597.366804,597.366804,597.366804,597.366804,597.366804,597.366804,597.366804,597.366804,597.366804,597.366804,597.366804,597.366804,597.366804,597.366804,597.366804
2016-08-25,589.42773,589.42773,589.42773,589.42773,589.42773,589.42773,589.42773,589.42773,589.42773,589.42773,589.42773,589.42773,589.42773,589.42773,589.42773,589.42773,589.42773,589.42773,589.42773,589.42773,589.42773,589.42773,589.42773,589.42773,589.42773,589.42773,589.42773
2016-08-26,585.681323,585.681323,585.681323,585.681323,585.681323,585.681323,585.681323,585.681323,585.681323,585.681323,585.681323,585.681323,585.681323,585.681323,585.681323,585.681323,585.681323,585.681323,585.681323,585.681323,585.681323,585.681323,585.681323,585.681323,585.681323,585.681323,585.681323
2016-08-27,582.548921,582.548921,582.548921,582.548921,582.548921,582.548921,582.548921,582.548921,582.548921,582.548921,582.548921,582.548921,582.548921,582.548921,582.548921,582.548921,582.548921,582.548921,582.548921,582.548921,582.548921,582.548921,582.548921,582.548921,582.548921,582.548921,582.548921
2016-08-28,581.587668,581.587668,581.587668,581.587668,581.587668,581.587668,581.587668,581.587668,581.587668,581.587668,581.587668,581.587668,581.587668,581.587668,581.587668,581.587668,581.587668,581.587668,581.587668,581.587668,581.587668,581.587668,581.587668,581.587668,581.587668,581.587668,581.587668
2016-08-29,577.793092,577.793092,577.793092,577.793092,577.793092,577.793092,577.793092,577.793092,577.793092,577.793092,577.793092,577.793092,577.793092,577.793092,577.793092,577.793092,577.793092,577.793092,577.793092,577.793092,577.793092,577.793092,577.793092,577.793092,577.793092,577.793092,577.793092
2016-08-30,568.327801,568.327801,568.327801,568.327801,568.327801,568.327801,568.327801,568.327801,568.327801,568.327801,568.327801,568.327801,568.327801,568.327801,568.327801,568.327801,568.327801,568.327801,568.327801,568.327801,568.327801,568.327801,568.327801,568.327801,568.327801,568.327801,568.327801
2016-08-31,568.506787,568.506787,568.506787,568.506787,568.506787,568.506787,568.506787,568.506787,568.506787,568.506787,568.506787,568.506787,568.506787,568.506787,568.506787,568.506787,568.506787,568.506787,568.506787,568.506787,568.506787,568.506787,568.506787,568.506787,568.506787,568.506787,568.506787
2016-09-01,572.858631,572.858631,572.858631,572.858631,572.858631,572.858631,572.858631,572.858631,572.858631,572.858631,572.858631,572.858631,572.858631,572.858631,572.858631,572.858631,572.858631,572.858631,572.858631,572.858631,572.858631,572.858631,572.858631,572.858631,572.858631,572.858631,572.858631
2016-09-02,570.433805,570.433805,570.433805,570.433805,570.433805,570.433805,570.433805,570.433805,570.433805,570.433805,570.433805,570.433805,570.433805,570.433805,570.433805,570.433805,570.433805,570.433805,570.433805,570.433805,570.433805,570.433805,570.433805,570.433805,570.433805,570.433805,570.433805
2016-09-03,569.636207,569.636207,569.636207,569.636207,569.636207,569.636207,569.636207,569.636207,569.636207,569.636207,569.636207,569.636207,569.636207,569.636207,569.636207,569.636207,569.636207,569.636207,569.636207,569.636207,569.636207,569.636207,569.636207,569.636207,569.636207,569.636207,569.636207
2016-09-04,570.076855,570.076855,570.076855,570.076855,570.076855,570.076855,570.076855,570.076855,570.076855,570.076855,570.076855,570.076855,570.076855,570.076855,570.076855,570.076855,570.076855,570.076855,570.076855,570.076855,570.076855,570.076855,570.076855,570.076855,570.076855,570.076855,570.076855
2016-09-05,567.847049,567.847049,567.847049,567.847049,567.847049,567.847049,567.847049,567.847049,567.847049,567.847049,567.847049,567.847049,567.847049,567.847049,567.847049,567.847049,567.847049,567.847049,567.847049,567.847049,567.847049,567.847049,567.847049,567.847049,567.847049,567.847049,567.847049
2016-09-06,574.26803,574.26803,574.26803,574.26803,574.26803,574.26803,574.26803,574.26803,574.26803,574.26803,574.26803,574.26803,574.26803,574.26803,574.26803,574.26803,574.26803,574.26803,574.26803,574.26803,574.26803,574.26803,574.26803,574.26803,574.26803,574.26803,574.26803
2016-09-07,584.07688,584.07688,584.07688,584.07688,584.07688,584.07688,584.07688,584.07688,584.07688,584.07688,584.07688,584.07688,584.07688,584.07688,584.07688,584.07688,584.07688,584.07688,584.07688,584.07688,584.07688,584.07688,584.07688,584.07688,584.07688,584.07688,584.07688
2016-09-08,589.659273,589.659273,589.659273,589.659273,589.659273,589.659273,589.659273,589.659273,589.659273,589.659273,589.659273,589.659273,589.659273,589.659273,589.659273,589.659273,589.659273,589.659273,589.659273,589.659273,589.659273,589.659273,589.659273,589.659273,589.659273,589.659273,589.659273
2016-09-09,592.778561,592.778561,592.778561,592.778561,592.778561,592.778561,592.778561,592.778561,592.778561,592.778561,592.778561,592.778561,592.778561,592.778561,592.778561,592.778561,592.778561,592.778561,592.778561,592.778561,592.778561,592.778561,592.778561,592.778561,592.778561,592.778561,592.778561
2016-09-10,588.372712,588.372712,588.372712,588.372712,588.372712,588.372712,588.372712,588.372712,588.372712,588.372712,588.372712,588.372712,588.372712,588.372712,588.372712,588.372712,588.372712,588.372712,588.372712,588.372712,588.372712,588.372712,588.372712,588.372712,588.372712,588.372712,588.372712
2016-09-11,586.679392,586.679392,586.679392,586.679392,586.679392,586.679392,586.679392,586.679392,586.679392,586.679392,586.679392,586.679392,586.679392,586.679392,586.679392,586.679392,586.679392,586.679392,586.679392,586.679392,586.679392,586.679392,586.679392,586.679392,586.679392,586.679392,586.679392
2016-09-12,592.610416,592.610416,592.610416,592.610416,592.610416,592.610416,592.610416,592.610416,592.610416,592.610416,592.610416,592.610416,592.610416,592.610416,592.610416,592.610416,592.610416,592.610416,592.610416,592.610416,592.610416,592.610416,592.610416,592.610416,592.610416,592.610416,592.610416
2016-09-13,579.698796,579.698796,579.698796,579.698796,579.698796,579.698796,579.698796,579.698796,579.698796,579.698796,579.698796,579.698796,579.698796,579.698796,579.698796,579.698796,579.698796,579.698796,579.698796,579.698796,579.698796,579.698796,579.698796,579.698796,579.698796,579.698796,579.698796
2016-09-14,568.068981,568.068981,568.068981,568.068981,568.068981,568.068981,568.068981,568.068981,568.068981,568.068981,568.068981,568.068981,568.068981,568.068981,568.068981,568.068981,568.068981,568.068981,568.068981,568.068981,568.068981,568.068981,568.068981,568.068981,568.068981,568.068981,568.068981
2016-09-15,566.243751,566.243751,566.243751,566.243751,566.243751,566.243751,566.243751,566.243751,566.243751,566.243751,566.243751,566.243751,566.243751,566.243751,566.243751,566.243751,566.243751,566.243751,566.243751,566.243751,566.243751,566.243751,566.243751,566.243751,566.243751,566.243751,566.243751
2016-09-16,579.192871,579.192871,579.192871,579.192871,579.192871,579.192871,579.192871,579.192871,579.192871,579.192871,579.192871,579.192871,579.192871,579.192871,579.192871,579.192871,579.192871,579.192871,579.192871,579.192871,579.192871,579.192871,579.192871,579.192871,579.192871,579.192871,579.192871
2016-09-17,588.562276,588.562276,588.562276,588.562276,588.562276,588.562276,588.562276,588.562276,588.562276,588.562276,588.562276,588.562276,588.562276,588.562276,588.562276,588.562276,588.562276,588.562276,588.562276,588.562276,588.562276,588.562276,588.562276,588.562276,588.562276,588.562276,588.562276
2016-09-18,586.673288,586.673288,586.673288,586.673288,586.673288,586.673288,586.673288,586.673288,586.673288,586.673288,586.673288,586.673288,586.673288,586.673288,586.673288,586.673288,586.673288,586.673288,586.673288,586.673288,586.673288,586.673288,586.673288,586.673288,586.673288,586.673288,586.673288
2016-09-19,586.963154,586.963154,586.963154,586.963154,586.963154,586.963154,586.963154,586.963154,586.963154,586.963154,586.963154,586.963154,586.963154,586.963154,586.963154,586.963154,586.963154,586.963154,586.963154,586.963154,586.963154,586.963154,586.963154,586.963154,586.963154,586.963154,586.963154
2016-09-20,592.508702,592.508702,592.508702,592.508702,592.508702,592.508702,592.508702,592.508702,592.508702,592.508702,592.508702,592.508702,592.508702,592.508702,592.508702,592.508702,592.508702,592.508702,592.508702,592.508702,592.508702,592.508702,592.508702,592.508702,592.508702,592.508702,592.508702
2016-09-21,589.358255,589.358255,589.358255,589.358255,589.358255,589.358255,589.358255,589.358255,589.358255,589.358255,589.358255,589.358255,589.358255,589.358255,589.358255,589.358255,589.358255,589.358255,589.358255,589.358255,589.358255,589.358255,589.358255,589.358255,589.358255,589.358255,589.358255
2016-09-22,580.004915,580.004915,580.004915,580.004915,580.004915,580.004915,580.004915,580.004915,580.004915,580.004915,580.004915,580.004915,580.004915,580.004915,580.004915,580.004915,580.004915,580.004915,580.004915,580.004915,580.004915,580.004915,580.004915,580.004915,580.004915,580.004915,580.004915
2016-09-23,583.766344,583.766344,583.766344,583.766344,583.766344,583.766344,583.766344,583.766344,583.766344,583.766344,583.766344,583.766344,583.766344,583.766344,583.766344,583.766344,583.766344,583.766344,583.766344,583.766344,583.766344,583.766344,583.766344,583.766344,583.766344,583.766344,583.766344
2016-09-24,576.383872,576.383872,576.383872,576.383872,576.383872,576.383872,576.383872,576.383872,576.383872,576.383872,576.383872,576.383872,576.383872,576.383872,576.383872,576.383872,576.383872,576.383872,576.383872,576.383872,576.383872,576.383872,576.383872,576.383872,576.383872,576.383872,576.383872
2016-09-25,575.790598,575.790598,575.790598,575.790598,575.790598,575.790598,575.790598,575.790598,575.790598,575.790598,575.790598,575.790598,575.790598,575.790598,575.790598,575.790598,575.790598,575.790598,575.790598,575.790598,575.790598,575.790598,575.790598,575.790598,575.790598,575.790598,575.790598
2016-09-26,567.890394,567.890394,567.890394,567.890394,567.890394,567.890394,567.890394,567.890394,567.890394,567.890394,567.890394,567.890394,567.890394,567.890394,567.890394,567.890394,567.890394,567.890394,567.890394,567.890394,567.890394,567.890394,567.890394,567.890394,567.890394,567.890394,567.890394
2016-09-27,576.561563,576.561563,576.561563,576.561563,576.561563,576.561563,576.561563,576.561563,576.561563,576.561563,576.561563,576.561563,576.561563,576.561563,576.561563,576.561563,576.561563,576.561563,576.561563,576.561563,576.561563,576.561563,576.561563,576.561563,576.561563,576.561563,576.561563
2016-09-28,582.663821,582.663821,582.663821,582.663821,582.663821,582.663821,582.663821,582.663821,582.663821,582.663821,582.663821,582.663821,582.663821,582.663821,582.663821,582.663821,582.663821,582.663821,582.663821,582.663821,582.663821,582.663821,582.663821,582.663821,582.663821,582.663821,582.663821
2016-09-29,594.285668,594.285668,594.285668,594.285668,594.285668,594.285668,594.285668,594.285668,594.285668,594.285668,594.285668,594.285668,594.285668,594.285668,594.285668,594.285668,594.285668,594.285668,594.285668,594.285668,594.285668,594.285668,594.285668,594.285668,594.285668,594.285668,594.285668
2016-09-30,589.093767,589.093767,589.093767,589.093767,589.093767,589.093767,589.093767,589.093767,589.093767,589.093767,589.093767,589.093767,589.093767,589.093767,589.093767,589.093767,589.093767,589.093767,589.093767,589.093767,589.093767,589.093767,589.093767,589.093767,589.093767,589.093767,589.093767
2016-10-01,595.696038,595.696038,595.696038,595.696038,595.696038,595.696038,595.696038,595.696038,595.696038,595.696038,595.696038,595.696038,595.696038,595.696038,595.696038,595.696038,595.696038,595.696038,595.696038,595.696038,595.696038,595.696038,595.696038,595.696038,595.696038,595.696038,595.696038
2016-10-02,608.242649,608.242649,608.242649,608.242649,608.242649,608.242649,608.242649,608.242649,608.242649,608.242649,608.242649,608.242649,608.242649,608.242649,608.242649,608.242649,608.242649,608.242649,608.242649,608.242649,608.242649,608.242649,608.242649,608.242649,608.242649,608.242649,608.242649
2016-10-03,627.989032,627.989032,627.989032,627.989032,627.989032,627.989032,627.989032,627.989032,627.989032,627.989032,627.989032,627.989032,627.989032,627.989032,627.989032,627.989032,627.989032,627.989032,627.989032,627.989032,627.989032,627.989032,627.989032,627.989032,627.989032,627.989032,627.989032
2016-10-04,623.158199,623.158199,623.158199,623.158199,623.158199,623.158199,623.158199,623.158199,623.158199,623.158199,623.158199,623.158199,623.158199,623.158199,623.158199,623.158199,623.158199,623.158199,623.158199,623.158199,623.158199,623.158199,623.158199,623.158199,623.158199,623.158199,623.158199
2016-10-05,629.447728,629.447728,629.447728,629.447728,629.447728,629.447728,629.447728,629.447728,629.447728,629.447728,629.447728,629.447728,629.447728,629.447728,629.447728,629.447728,629.447728,629.447728,629.447728,629.447728,629.447728,629.447728,629.447728,629.447728,629.447728,629.447728,629.447728
2016-10-06,625.952195,625.952195,625.952195,625.952195,625.952195,625.952195,625.952195,625.952195,625.952195,625.952195,625.952195,625.952195,625.952195,625.952195,625.952195,625.952195,625.952195,625.952195,625.952195,625.952195,625.952195,625.952195,625.952195,625.952195,625.952195,625.952195,625.952195
2016-10-07,624.248408,624.248408,624.248408,624.248408,624.248408,624.248408,624.248408,624.248408,624.248408,624.248408,624.248408,624.248408,624.248408,624.248408,624.248408,624.248408,624.248408,624.248408,624.248408,624.248408,624.248408,624.248408,624.248408,624.248408,624.248408,624.248408,624.248408
2016-10-08,624.518577,624.518577,624.518577,624.518577,624.518577,624.518577,624.518577,624.518577,624.518577,624.518577,624.518577,624.518577,624.518577,624.518577,624.518577,624.518577,624.518577,624.518577,624.518577,624.518577,624.518577,624.518577,624.518577,624.518577,624.518577,624.518577,624.518577
2016-10-09,625.111847,625.111847,625.111847,625.111847,625.111847,625.111847,625.111847,625.111847,625.111847,625.111847,625.111847,625.111847,625.111847,625.111847,625.111847,625.111847,625.111847,625.111847,625.111847,625.111847,625.111847,625.111847,625.111847,625.111847,625.111847,625.111847,625.111847
2016-10-10,584.597048,584.597048,584.597048,584.597048,584.597048,584.597048,584.597048,584.597048,584.597048,584.597048,584.597048,584.597048,584.597048,584.597048,584.597048,584.597048,584.597048,584.597048,584.597048,584.597048,584.597048,584.597048,584.597048,584.597048,584.597048,584.597048,584.597048
2016-10-11,557.937727,557.937727,557.937727,557.937727,557.937727,557.937727,557.937727,557.937727,557.937727,557.937727,557.937727,557.937727,557.937727,557.937727,557.937727,557.937727,557.937727,557.937727,557.937727,557.937727,557.937727,557.937727,557.937727,557.937727,557.937727,557.937727,557.937727
2016-10-12,551.211163,551.211163,551.211163,551.211163,551.211163,551.211163,551.211163,551.211163,551.211163,551.211163,551.211163,551.211163,551.211163,551.211163,551.211163,551.211163,551.211163,551.211163,551.211163,551.211163,551.211163,551.211163,551.211163,551.211163,551.211163,551.211163,551.211163
2016-10-13,544.752059,544.752059,544.752059,544.752059,544.752059,544.752059,544.752059,544.752059,544.752059,544.752059,544.752059,544.752059,544.752059,544.752059,544.752059,544.752059,544.752059,544.752059,544.752059,544.752059,544.752059,544.752059,544.752059,544.752059,544.752059,544.752059,544.752059
2016-10-14,543.837486,543.837486,543.837486,543.837486,543.837486,543.837486,543.837486,543.837486,543.837486,543.837486,543.837486,543.837486,543.837486,543.837486,543.837486,543.837486,543.837486,543.837486,543.837486,543.837486,543.837486,543.837486,543.837486,543.837486,543.837486,543.837486,543.837486
2016-10-15,550.165445,550.165445,550.165445,550.165445,550.165445,550.165445,550.165445,550.165445,550.165445,550.165445,550.165445,550.165445,550.165445,550.165445,550.165445,550.165445,550.165445,550.165445,550.165445,550.165445,550.165445,550.165445,550.165445,550.165445,550.165445,550.165445,550.165445
2016-10-16,538.583,538.583,538.583,538.583,538.583,538.583,538.583,538.583,538.583,538.583,538.583,538.583,538.583,538.583,538.583,538.583,538.583,538.583,538.583,538.583,538.583,538.583,538.583,538.583,538.583,538.583,538.583
2016-10-17,564.196195,564.196195,564.196195,564.196195,564.196195,564.196195,564.196195,564.196195,564.196195,564.196195,564.196195,564.196195,564.196195,564.196195,564.196195,564.196195,564.196195,564.196195,564.196195,564.196195,564.196195,564.196195,564.196195,564.196195,564.196195,564.196195,564.196195
2016-10-18,577.46069,577.46069,577.46069,577.46069,577.46069,577.46069,577.46069,577.46069,577.46069,577.46069,577.46069,577.46069,577.46069,577.46069,577.46069,577.46069,577.46069,577.46069,577.46069,577.46069,577.46069,577.46069,577.46069,577.46069,577.46069,577.46069,577.46069
2016-10-19,581.539101,581.539101,581.539101,581.539101,581.539101,581.539101,581.539101,581.539101,581.539101,581.539101,581.539101,581.539101,581.539101,581.539101,581.539101,581.539101,581.539101,581.539101,581.539101,581.539101,581.539101,581.539101,581.539101,581.539101,581.539101,581.539101,581.539101
2016-10-20,593.11984,593.11984,593.11984,593.11984,593.11984,593.11984,593.11984,593.11984,593.11984,593.11984,593.11984,593.11984,593.11984,593.11984,593.11984,593.11984,593.11984,593.11984,593.11984,593.11984,593.11984,593.11984,593.11984,593.11984,593.11984,593.11984,593.11984
2016-10-21,587.148605,587.148605,587.148605,587.148605,587.148605,587.148605,587.148605,587.148605,587.148605,587.148605,587.148605,587.148605,587.148605,587.148605,587.148605,587.148605,587.148605,587.148605,587.148605,587.148605,587.148605,587.148605,587.148605,587.148605,587.148605,587.148605,587.148605
2016-10-22,579.824605,579.824605,579.824605,579.824605,579.824605,579.824605,579.824605,579.824605,579.824605,579.824605,579.824605,579.824605,579.824605,579.824605,579.824605,579.824605,579.824605,579.824605,579.824605,579.824605,579.824605,579.824605,579.824605,579.824605,579.824605,579.824605,579.824605
2016-10-23,579.03405,579.03405,579.03405,579.03405,579.03405,579.03405,579.03405,579.03405,579.03405,579.03405,579.03405,579.03405,579.03405,579.03405,579.03405,579.03405,579.03405,579.03405,579.03405,579.03405,579.03405,579.03405,579.03405,579.03405,579.03405,579.03405,579.03405
2016-10-24,582.907303,582.907303,582.907303,582.907303,582.907303,582.907303,582.907303,582.907303,582.907303,582.907303,582.907303,582.907303,582.907303,582.907303,582.907303,582.907303,582.907303,582.907303,582.907303,582.907303,582.907303,582.907303,582.907303,582.907303,582.907303,582.907303,582.907303
2016-10-25,575.218788,575.218788,575.218788,575.218788,575.218788,575.218788,575.218788,575.218788,575.218788,575.218788,575.218788,575.218788,575.218788,575.218788,575.218788,575.218788,575.218788,575.218788,575.218788,575.218788,575.218788,575.218788,575.218788,575.218788,575.218788,575.218788,575.218788
2016-10-26,563.915186,563.915186,563.915186,563.915186,563.915186,563.915186,563.915186,563.915186,563.915186,563.915186,563.915186,563.915186,563.915186,563.915186,563.915186,563.915186,563.915186,563.915186,563.915186,563.915186,563.915186,563.915186,563.915186,563.915186,563.915186,563.915186,563.915186
2016-10-27,558.585125,558.585125,558.585125,558.585125,558.585125,558.585125,558.585125,558.585125,558.585125,558.585125,558.585125,558.585125,558.585125,558.585125,558.585125,558.585125,558.585125,558.585125,558.585125,558.585125,558.585125,558.585125,558.585125,558.585125,558.585125,558.585125,558.585125
2016-10-28,558.051451,558.051451,558.051451,558.051451,558.051451,558.051451,558.051451,558.051451,558.051451,558.051451,558.051451,558.051451,558.051451,558.051451,558.051451,558.051451,558.051451,558.051451,558.051451,558.051451,558.051451,558.051451,558.051451,558.051451,558.051451,558.051451,558.051451
2016-10-29,548.926091,548.926091,548.926091,548.926091,548.926091,548.926091,548.926091,548.926091,548.926091,548.926091,548.926091,548.926091,548.926091,548.926091,548.926091,548.926091,548.926091,548.926091,548.926091,548.926091,548.926091,548.926091,548.926091,548.926091,548.926091,548.926091,548.926091
2016-10-30,549.776262,549.776262,549.776262,549.776262,549.776262,549.776262,549.776262,549.776262,549.776262,549.776262,549.776262,549.776262,549.776262,549.776262,549.776262,549.776262,549.776262,549.776262,549.776262,549.776262,549.776262,549.776262,549.776262,549.776262,549.776262,549.776262,549.776262
2016-10-31,541.906206,541.906206,541.906206,541.906206,541.906206,541.906206,541.906206,541.906206,541.906206,541.906206,541.906206,541.906206,541.906206,541.906206,541.906206,541.906206,541.906206,541.906206,541.906206,541.906206,541.906206,541.906206,541.906206,541.906206,541.906206,541.906206,541.906206
2016-11-01,546.797837,546.797837,546.797837,546.797837,546.797837,546.797837,546.797837,546.797837,546.797837,546.797837,546.797837,546.797837,546.797837,546.797837,546.797837,546.797837,546.797837,546.797837,546.797837,546.797837,546.797837,546.797837,546.797837,546.797837,546.797837,546.797837,546.797837
2016-11-02,546.141008,546.141008,546.141008,546.141008,546.141008,546.141008,546.141008,546.141008,546.141008,546.141008,546.141008,546.141008,546.141008,546.141008,546.141008,546.141008,546.141008,546.141008,546.141008,546.141008,546.141008,546.141008,546.141008,546.141008,546.141008,546.141008,546.141008
2016-11-03,542.84887,542.84887,542.84887,542.84887,542.84887,542.84887,542.84887,542.84887,542.84887,542.84887,542.84887,542.84887,542.84887,542.84887,542.84887,542.84887,542.84887,542.84887,542.84887,542.84887,542.84887,542.84887,542.84887,542.84887,542.84887,542.84887,542.84887
2016-11-04,553.502224,553.502224,553.502224,553.502224,553.502224,553.502224,553.502224,553.502224,553.502224,553.502224,553.502224,553.502224,553.502224,553.502224,553.502224,553.502224,553.502224,553.502224,553.502224,553.502224,553.502224,553.502224,553.502224,553.502224,553.502224,553.502224,553.502224
2016-11-05,557.700165,557.700165,557.700165,557.700165,557.700165,557.700165,557.700165,557.700165,557.700165,557.700165,557.700165,557.700165,557.700165,557.700165,557.700165,557.700165,557.700165,557.700165,557.700165,557.700165,557.700165,557.700165,557.700165,557.700165,557.700165,557.700165,557.700165
2016-11-06,563.445189,563.445189,563.445189,563.445189,563.445189,563.445189,563.445189,563.445189,563.445189,563.445189,563.445189,563.445189,563.445189,563.445189,563.445189,563.445189,563.445189,563.445189,563.445189,563.445189,563.445189,563.445189,563.445189,563.445189,563.445189,563.445189,563.445189
2016-11-07,571.310928,571.310928,571.310928,571.310928,571.310928,571.310928,571.310928,571.310928,571.310928,571.310928,571.310928,571.310928,571.310928,571.310928,571.310928,571.310928,571.310928,571.310928,571.310928,571.310928,571.310928,571.310928,571.310928,571.310928,571.310928,571.310928,571.310928
2016-11-08,582.594114,582.594114,582.594114,582.594114,582.594114,582.594114,582.594114,582.594114,582.594114,582.594114,582.594114,582.594114,582.594114,582.594114,582.594114,582.594114,582.594114,582.594114,582.594114,582.594114,582.594114,582.594114,582.594114,582.594114,582.594114,582.594114,582.594114
2016-11-09,576.37105,576.37105,576.37105,576.37105,576.37105,576.37105,576.37105,576.37105,576.37105,576.37105,576.37105,576.37105,576.37105,576.37105,576.37105,576.37105,576.37105,576.37105,576.37105,576.37105,576.37105,576.37105,576.37105,576.37105,576.37105,576.37105,576.37105
2016-11-10,571.807043,571.807043,571.807043,571.807043,571.807043,571.807043,571.807043,571.807043,571.807043,571.807043,571.807043,571.807043,571.807043,571.807043,571.807043,571.807043,571.807043,571.807043,571.807043,571.807043,571.807043,571.807043,571.807043,571.807043,571.807043,571.807043,571.807043
2016-11-11,566.857138,566.857138,566.857138,566.857138,566.857138,566.857138,566.857138,566.857138,566.857138,566.857138,566.857138,566.857138,566.857138,566.857138,566.857138,566.857138,566.857138,566.857138,566.857138,566.857138,566.857138,566.857138,566.857138,566.857138,566.857138,566.857138,566.857138
2016-11-12,566.260121,566.260121,566.260121,566.260121,566.260121,566.260121,566.260121,566.260121,566.260121,566.260121,566.260121,566.260121,566.260121,566.260121,566.260121,566.260121,566.260121,566.260121,566.260121,566.260121,566.260121,566.260121,566.260121,566.260121,566.260121,566.260121,566.260121
2016-11-13,555.019482,555.019482,555.019482,555.019482,555.019482,555.019482,555.019482,555.019482,555.019482,555.019482,555.019482,555.019482,555.019482,555.019482,555.019482,555.019482,555.019482,555.019482,555.019482,555.019482,555.019482,555.019482,555.019482,555.019482,555.019482,555.019482,555.019482
2016-11-14,549.27862,549.27862,549.27862,549.27862,549.27862,549.27862,549.27862,549.27862,549.27862,549.27862,549.27862,549.27862,549.27862,549.27862,549.27862,549.27862,549.27862,549.27862,549.27862,549.27862,549.27862,549.27862,549.27862,549.27862,549.27862,549.27862,549.27862
2016-11-15,554.425486,554.425486,554.425486,554.425486,554.425486,554.425486,554.425486,554.425486,554.425486,554.425486,554.425486,554.425486,554.425486,554.425486,554.425486,554.425486,554.425486,554.425486,554.425486,554.425486,554.425486,554.425486,554.425486,554.425486,554.425486,554.425486,554.425486
2016-11-16,563.950512,563.950512,563.950512,563.950512,563.950512,563.950512,563.950512,563.950512,563.950512,563.950512,563.950512,563.950512,563.950512,563.950512,563.950512,563.950512,563.950512,563.950512,563.950512,563.950512,563.950512,563.950512,563.950512,563.950512,563.950512,563.950512,563.950512
2016-11-17,577.891005,577.891005,577.891005,577.891005,577.891005,577.891005,577.891005,577.891005,577.891005,577.891005,577.891005,577.891005,577.891005,577.891005,577.891005,577.891005,577.891005,577.891005,577.891005,577.891005,577.891005,577.891005,577.891005,577.891005,577.891005,577.891005,577.891005
2016-11-18,571.974041,571.974041,571.974041,571.974041,571.974041,571.974041,571.974041,571.974041,571.974041,571.974041,571.974041,571.974041,571.974041,571.974041,571.974041,571.974041,571.974041,571.974041,571.974041,571.974041,571.974041,571.974041,571.974041,571.974041,571.974041,571.974041,571.974041
2016-11-19,579.867643,579.867643,579.867643,579.867643,579.867643,579.867643,579.867643,579.867643,579.867643,579.867643,579.867643,579.867643,579.867643,579.867643,579.867643,579.867643,579.867643,579.867643,579.867643,579.867643,579.867643,579.867643,579.867643,579.867643,579.867643,579.867643,579.867643
2016-11-20,579.063029,579.063029,579.063029,579.063029,579.063029,579.063029,579.063029,579.063029,579.063029,579.063029,579.063029,579.063029,579.063029,579.063029,579.063029,579.063029,579.063029,579.063029,579.063029,579.063029,579.063029,579.063029,579.063029,579.063029,579.063029,579.063029,579.063029
2016-11-21,564.491151,564.491151,564.491151,564.491151,564.491151,564.491151,564.491151,564.491151,564.491151,564.491151,564.491151,564.491151,564.491151,564.491151,564.491151,564.491151,564.491151,564.491151,564.491151,564.491151,564.491151,564.491151,564.491151,564.491151,564.491151,564.491151,564.491151
2016-11-22,553.355789,553.355789,553.355789,553.355789,553.355789,553.355789,553.355789,553.355789,553.355789,553.355789,553.355789,553.355789,553.355789,553.355789,553.355789,553.355789,553.355789,553.355789,553.355789,553.355789,553.355789,553.355789,553.355789,553.355789,553.355789,553.355789,553.355789
2016-11-23,545.612611,545.612611,545.612611,545.612611,545.612611,545.612611,545.612611,545.612611,545.612611,545.612611,545.612611,545.612611,545.612611,545.612611,545.612611,545.612611,545.612611,545.612611,545.612611,545.612611,545.612611,545.612611,545.612611,545.612611,545.612611,545.612611,545.612611
2016-11-24,540.076978,540.076978,540.076978,540.076978,540.076978,540.076978,540.076978,540.076978,540.076978,540.076978,540.076978,540.076978,540.076978,540.076978,540.076978,540.076978,540.076978,540.076978,540.076978,540.076978,540.076978,540.076978,540.076978,540.076978,540.076978,540.076978,540.076978
2016-11-25,541.286584,541.286584,541.286584,541.286584,541.286584,541.286584,541.286584,541.286584,541.286584,541.286584,541.286584,541.286584,541.286584,541.286584,541.286584,541.286584,541.286584,541.286584,541.286584,541.286584,541.286584,541.286584,541.286584,541.286584,541.286584,541.286584,541.286584
2016-11-26,534.445687,534.445687,534.445687,534.445687,534.445687,534.445687,534.445687,534.445687,534.445687,534.445687,534.445687,534.445687,534.445687,534.445687,534.445687,534.445687,534.445687,534.445687,534.445687,534.445687,534.445687,534.445687,534.445687,534.445687,534.445687,534.445687,534.445687
2016-11-27,543.873133,543.873133,543.873133,543.873133,543.873133,543.873133,543.873133,543.873133,543.873133,543.873133,543.873133,543.873133,543.873133,543.873133,543.873133,543.873133,543.873133,543.873133,543.873133,543.873133,543.873133,543.873133,543.873133,543.873133,543.873133,543.873133,543.873133
2016-11-28,551.691932,551.691932,551.691932,551.691932,551.691932,551.691932,551.691932,551.691932,551.691932,551.691932,551.691932,551.691932,551.691932,551.691932,551.691932,551.691932,551.691932,551.691932,551.691932,551.691932,551.691932,551.691932,551.691932,551.691932,551.691932,551.691932,551.691932
2016-11-29,556.681009,556.681009,556.681009,556.681009,556.681009,556.681009,556.681009,556.681009,556.681009,556.681009,556.681009,556.681009,556.681009,556.681009,556.681009,556.681009,556.681009,556.681009,556.681009,556.681009,556.681009,556.681009,556.681009,556.681009,556.681009,556.681009,556.681009
2016-11-30,577.27878,577.27878,577.27878,577.27878,577.27878,577.27878,577.27878,577.27878,577.27878,577.27878,577.27878,577.27878,577.27878,577.27878,577.27878,577.27878,577.27878,577.27878,577.27878,577.27878,577.27878,577.27878,577.27878,577.27878,577.27878,577.27878,577.27878
2016-12-01,567.886855,567.886855,567.886855,567.886855,567.886855,567.886855,567.886855,567.886855,567.886855,567.886855,567.886855,567.886855,567.886855,567.886855,567.886855,567.886855,567.886855,567.886855,567.886855,567.886855,567.886855,567.886855,567.886855,567.886855,567.886855,567.886855,567.886855
2016-12-02,569.71932,569.71932,569.71932,569.71932,569.71932,569.71932,569.71932,569.71932,569.71932,569.71932,569.71932,569.71932,569.71932,569.71932,569.71932,569.71932,569.71932,569.71932,569.71932,569.71932,569.71932,569.71932,569.71932,569.71932,569.71932,569.71932,569.71932
2016-12-03,582.385571,582.385571,582.385571,582.385571,582.385571,582.385571,582.385571,582.385571,582.385571,582.385571,582.385571,582.385571,582.385571,582.385571,582.385571,582.385571,582.385571,582.385571,582.385571,582.385571,582.385571,582.385571,582.385571,582.385571,582.385571,582.385571,582.385571
2016-12-04,577.310965,577.310965,577.310965,577.310965,577.310965,577.310965,577.310965,577.310965,577.310965,577.310965,577.310965,577.310965,577.310965,577.310965,577.310965,577.310965,577.310965,577.310965,577.310965,577.310965,577.310965,577.310965,577.310965,577.310965,577.310965,577.310965,577.310965
2016-12-05,585.372082,585.372082,585.372082,585.372082,585.372082,585.372082,585.372082,585.372082,585.372082,585.372082,585.372082,585.372082,585.372082,585.372082,585.372082,585.372082,585.372082,585.372082,585.372082,585.372082,585.372082,585.372082,585.372082,585.372082,585.372082,585.372082,585.372082
2016-12-06,577.784561,577.784561,577.784561,577.784561,577.784561,577.784561,577.784561,577.784561,577.784561,577.784561,577.784561,577.784561,577.784561,577.784561,577.784561,577.784561,577.784561,577.784561,577.784561,577.784561,577.784561,577.784561,577.784561,577.784561,577.784561,577.784561,577.784561
2016-12-07,558.15317,558.15317,558.15317,558.15317,558.15317,558.15317,558.15317,558.15317,558.15317,558.15317,558.15317,558.15317,558.15317,558.15317,558.15317,558.15317,558.15317,558.15317,558.15317,558.15317,558.15317,558.15317,558.15317,558.15317,558.15317,558.15317,558.15317
2016-12-08,568.866647,568.866647,568.866647,568.866647,568.866647,568.866647,568.866647,568.866647,568.866647,568.866647,568.866647,568.866647,568.866647,568.866647,568.866647,568.866647,568.866647,568.866647,568.866647,568.866647,568.866647,568.866647,568.866647,568.866647,568.866647,568.866647,568.866647
2016-12-09,580.295879,580.295879,580.295879,580.295879,580.295879,580.295879,580.295879,580.295879,580.295879,580.295879,580.295879,580.295879,580.295879,580.295879,580.295879,580.295879,580.295879,580.295879,580.295879,580.295879,580.295879,580.295879,580.295879,580.295879,580.295879,580.295879,580.295879
2016-12-10,575.684179,575.684179,575.684179,575.684179,575.684179,575.684179,575.684179,575.684179,575.684179,575.684179,575.684179,575.684179,575.684179,575.684179,575.684179,575.684179,575.684179,575.684179,575.684179,575.684179,575.684179,575.684179,575.684179,575.684179,575.684179,575.684179,575.684179
2016-12-11,580.474073,580.474073,580.474073,580.474073,580.474073,580.474073,580.474073,580.474073,580.474073,580.474073,580.474073,580.474073,580.474073,580.474073,580.474073,580.474073,580.474073,580.474073,580.474073,580.474073,580.474073,580.474073,580.474073,580.474073,580.474073,580.474073,580.474073
2016-12-12,557.721202,557.721202,557.721202,557.721202,557.721202,557.721202,557.721202,557.721202,557.721202,557.721202,557.721202,557.721202,557.721202,557.721202,557.721202,557.721202,557.721202,557.721202,557.721202,557.721202,557.721202,557.721202,557.721202,557.721202,557.721202,557.721202,557.721202
2016-12-13,570.086464,570.086464,570.086464,570.086464,570.086464,570.086464,570.086464,570.086464,570.086464,570.086464,570.086464,570.086464,570.086464,570.086464,570.086464,570.086464,570.086464,570.086464,570.086464,570.086464,570.086464,570.086464,570.086464,570.086464,570.086464,570.086464,570.086464
2016-12-14,578.81567,578.81567,578.81567,578.81567,578.81567,578.81567,578.81567,578.81567,578.81567,578.81567,578.81567,578.81567,578.81567,578.81567,578.81567,578.81567,578.81567,578.81567,578.81567,578.81567,578.81567,578.81567,578.81567,578.81567,578.81567,578.81567,578.81567
2016-12-15,582.331756,582.331756,582.331756,582.331756,582.331756,582.331756,582.331756,582.331756,582.331756,582.331756,582.331756,582.331756,582.331756,582.331756,582.331756,582.331756,582.331756,582.331756,582.331756,582.331756,582.331756,582.331756,582.331756,582.331756,582.331756,582.331756,582.331756
2016-12-16,563.60001,563.60001,563.60001,563.60001,563.60001,563.60001,563.60001,563.60001,563.60001,563.60001,563.60001,563.60001,563.60001,563.60001,563.60001,563.60001,563.60001,563.60001,563.60001,563.60001,563.60001,563.60001,563.60001,563.60001,563.60001,563.60001,563.60001
2016-12-17,563.871549,563.871549,563.871549,563.871549,563.871549,563.871549,563.871549,563.871549,563.871549,563.871549,563.871549,563.871549,563.871549,563.871549,563.871549,563.871549,563.871549,563.871549,563.871549,563.871549,563.871549,563.871549,563.871549,563.871549,563.871549,563.871549,563.871549
2016-12-18,568.051933,568.051933,568.051933,568.051933,568.051933,568.051933,568.051933,568.051933,568.051933,568.051933,568.051933,568.051933,568.051933,568.051933,568.051933,568.051933,568.051933,568.051933,568.051933,568.051933,568.051933,568.051933,568.051933,568.051933,568.051933,568.051933,568.051933
2016-12-19,596.558743,596.558743,596.558743,596.558743,596.558743,596.558743,596.558743,596.558743,596.558743,596.558743,596.558743,596.558743,596.558743,596.558743,596.558743,596.558743,596.558743,596.558743,596.558743,596.558743,596.558743,596.558743,596.558743,596.558743,596.558743,596.558743,596.558743
2016-12-20,583.636061,583.636061,583.636061,583.636061,583.636061,583.636061,583.636061,583.636061,583.636061,583.636061,583.636061,583.636061,583.636061,583.636061,583.636061,583.636061,583.636061,583.636061,583.636061,583.636061,583.636061,583.636061,583.636061,583.636061,583.636061,583.636061,583.636061
2016-12-21,570.227555,570.227555,570.227555,570.227555,570.227555,570.227555,570.227555,570.227555,570.227555,570.227555,570.227555,570.227555,570.227555,570.227555,570.227555,570.227555,570.227555,570.227555,570.227555,570.227555,570.227555,570.227555,570.227555,570.227555,570.227555,570.227555,570.227555
2016-12-22,575.91507,575.91507,575.91507,575.91507,575.91507,575.91507,575.91507,575.91507,575.91507,575.91507,575.91507,575.91507,575.91507,575.91507,575.91507,575.91507,575.91507,575.91507,575.91507,575.91507,575.91507,575.91507,575.91507,575.91507,575.91507,575.91507,575.91507
2016-12-23,591.508463,591.508463,591.508463,591.508463,591.508463,591.508463,591.508463,591.508463,591.508463,591.508463,591.508463,591.508463,591.508463,591.508463,591.508463,591.508463,591.508463,591.508463,591.508463,591.508463,591.508463,591.508463,591.508463,591.508463,591.508463,591.508463,591.508463
2016-12-24,591.069259,591.069259,591.069259,591.069259,591.069259,591.069259,591.069259,591.069259,591.069259,591.069259,591.069259,591.069259,591.069259,591.069259,591.069259,591.069259,591.069259,591.069259,591.069259,591.069259,591.069259,591.069259,591.069259,591.069259,591.069259,591.069259,591.069259
2016-12-25,580.103343,580.103343,580.103343,580.103343,580.103343,580.103343,580.103343,580.103343,580.103343,580.103343,580.103343,580.103343,580.103343,580.103343,580.103343,580.103343,580.103343,580.103343,580.103343,580.103343,580.103343,580.103343,580.103343,580.103343,580.103343,580.103343,580.103343
2016-12-26,580.482882,580.482882,580.482882,580.482882,580.482882,580.482882,580.482882,580.482882,580.482882,580.482882,580.482882,580.482882,580.482882,580.482882,580.482882,580.482882,580.482882,580.482882,580.482882,580.482882,580.482882,580.482882,580.482882,580.482882,580.482882,580.482882,580.482882
2016-12-27,578.602332,578.602332,578.602332,578.602332,578.602332,578.602332,578.602332,578.602332,578.602332,578.602332,578.602332,578.602332,578.602332,578.602332,578.602332,578.602332,578.602332,578.602332,578.602332,578.602332,578.602332,578.602332,578.602332,578.602332,578.602332,578.602332,578.602332
2016-12-28,595.561435,595.561435,595.561435,595.561435,595.561435,595.561435,595.561435,595.561435,595.561435,595.561435,595.561435,595.561435,595.561435,595.561435,595.561435,595.561435,595.561435,595.561435,595.561435,595.561435,595.561435,595.561435,595.561435,595.561435,595.561435,595.561435,595.561435
2016-12-29,593.448172,593.448172,593.448172,593.448172,593.448172,593.448172,593.448172,593.448172,593.448172,593.448172,593.448172,593.448172,593.448172,593.448172,593.448172,593.448172,593.448172,593.448172,593.448172,593.448172,593.448172,593.448172,593.448172,593.448172,593.448172,593.448172,593.448172
2016-12-30,570.713326,570.713326,570.713326,570.713326,570.713326,570.713326,570.713326,570.713326,570.713326,570.713326,570.713326,570.713326,570.713326,570.713326,570.713326,570.713326,570.713326,570.713326,570.713326,570.713326,570.713326,570.713326,570.713326,570.713326,570.713326,570.713326,570.713326
2016-12-31,555.607092,555.607092,555.607092,555.607092,555.607092,555.607092,555.607092,555.607092,555.607092,555.607092,555.607092,555.607092,555.607092,555.607092,555.607092,555.607092,555.607092,555.607092,555.607092,555.607092,555.607092,555.607092,555.607092,555.607092,555.607092,555.607092,555.607092
2017-01-01,564.134487,564.134487,564.134487,564.134487,564.134487,564.134487,564.134487,564.134487,564.134487,564.134487,564.134487,564.134487,564.134487,564.134487,564.134487,564.134487,564.134487,564.134487,564.134487,564.134487,564.134487,564.134487,564.134487,564.134487,564.134487,564.134487,564.134487
2017-01-02,546.400471,546.400471,546.400471,546.400471,546.400471,546.400471,546.400471,546.400471,546.400471,546.400471,546.400471,546.400471,546.400471,546.400471,546.400471,546.400471,546.400471,546.400471,546.400471,546.400471,546.400471,546.400471,546.400471,546.400471,546.400471,546.400471,546.400471
2017-01-03,563.830666,563.830666,563.830666,563.830666,563.830666,563.830666,563.830666,563.830666,563.830666,563.830666,563.830666,563.830666,563.830666,563.830666,563.830666,563.830666,563.830666,563.830666,563.830666,563.830666,563.830666,563.830666,563.830666,563.830666,563.830666,563.830666,563.830666
2017-01-04,561.401963,561.401963,561.401963,561.401963,561.401963,561.401963,561.401963,561.401963,561.401963,561.401963,561.401963,561.401963,561.401963,561.401963,561.401963,561.401963,561.401963,561.401963,561.401963,561.401963,561.401963,561.401963,561.401963,561.401963,561.401963,561.401963,561.401963
2017-01-05,548.652402,548.652402,548.652402,548.652402,548.652402,548.652402,548.652402,548.652402,548.652402,548.652402,548.652402,548.652402,548.652402,548.652402,548.652402,548.652402,548.652402,548.652402,548.652402,548.652402,548.652402,548.652402,548.652402,548.652402,548.652402,548.652402,548.652402
2017-01-06,564.175024,564.175024,564.175024,564.175024,564.175024,564.175024,564.175024,564.175024,564.175024,564.175024,564.175024,564.175024,564.175024,564.175024,564.175024,564.175024,564.175024,564.175024,564.175024,564.175024,564.175024,564.175024,564.175024,564.175024,564.175024,564.175024,564.175024
2017-01-07,577.16781,577.16781,577.16781,577.16781,577.16781,577.16781,577.16781,577.16781,577.16781,577.16781,577.16781,577.16781,577.16781,577.16781,577.16781,577.16781,577.16781,577.16781,577.16781,577.16781,577.16781,577.16781,577.16781,577.16781,577.16781,577.16781,577.16781
2017-01-08,574.268797,574.268797,574.268797,574.268797,574.268797,574.268797,574.268797,574.268797,574.268797,574.268797,574.268797,574.268797,574.268797,574.268797,574.268797,574.268797,574.268797,574.268797,574.268797,574.268797,574.268797,574.268797,574.268797,574.268797,574.268797,574.268797,574.268797
2017-01-09,592.714437,592.714437,592.714437,592.714437,592.714437,592.714437,592.714437,592.714437,592.714437,592.714437,592.714437,592.714437,592.714437,592.714437,592.714437,592.714437,592.714437,592.714437,592.714437,592.714437,592.714437,592.714437,592.714437,592.714437,592.714437,592.714437,592.714437
2017-01-10,591.867536,591.867536,591.867536,591.867536,591.867536,591.867536,591.867536,591.867536,591.867536,591.867536,591.867536,591.867536,591.867536,591.867536,591.867536,591.867536,591.867536,591.867536,591.867536,591.867536,591.867536,591.867536,591.867536,591.867536,591.867536,591.867536,591.867536
2017-01-11,590.234824,590.234824,590.234824,590.234824,590.234824,590.234824,590.234824,590.234824,590.234824,590.234824,590.234824,590.234824,590.234824,590.234824,590.234824,590.234824,590.234824,590.234824,590.234824,590.234824,590.234824,590.234824,590.234824,590.234824,590.234824,590.234824,590.234824
2017-01-12,603.287267,603.287267,603.287267,603.287267,603.287267,603.287267,603.287267,603.287267,603.287267,603.287267,603.287267,603.287267,603.287267,603.287267,603.287267,603.287267,603.287267,603.287267,603.287267,603.287267,603.287267,603.287267,603.287267,603.287267,603.287267,603.287267,603.287267
2017-01-13,610.515447,610.515447,610.515447,610.515447,610.515447,610.515447,610.515447,610.515447,610.515447,610.515447,610.515447,610.515447,610.515447,610.515447,610.515447,610.515447,610.515447,610.515447,610.515447,610.515447,610.515447,610.515447,610.515447,610.515447,610.515447,610.515447,610.515447
2017-01-14,611.480463,611.480463,611.480463,611.480463,611.480463,611.480463,611.480463,611.480463,611.480463,611.480463,611.480463,611.480463,611.480463,611.480463,611.480463,611.480463,611.480463,611.480463,611.480463,611.480463,611.480463,611.480463,611.480463,611.480463,611.480463,611.480463,611.480463
2017-01-15,608.891065,608.891065,608.891065,608.891065,608.891065,608.891065,608.891065,608.891065,608.891065,608.891065,608.891065,608.891065,608.891065,608.891065,608.891065,608.891065,608.891065,608.891065,608.891065,608.891065,608.891065,608.891065,608.891065,608.891065,608.891065,608.891065,608.891065
2017-01-16,592.35471,592.35471,592.35471,592.35471,592.35471,592.35471,592.35471,592.35471,592.35471,592.35471,592.35471,592.35471,592.35471,592.35471,592.35471,592.35471,592.35471,592.35471,592.35471,592.35471,592.35471,592.35471,592.35471,592.35471,592.35471,592.35471,592.35471
2017-01-17,576.051694,576.051694,576.051694,576.051694,576.051694,576.051694,576.051694,576.051694,576.051694,576.051694,576.051694,576.051694,576.051694,576.051694,576.051694,576.051694,576.051694,576.051694,576.051694,576.051694,576.051694,576.051694,576.051694,576.051694,576.051694,576.051694,576.051694
2017-01-18,572.622248,572.622248,572.622248,572.622248,572.622248,572.622248,572.622248,572.622248,572.622248,572.622248,572.622248,572.622248,572.622248,572.622248,572.622248,572.622248,572.622248,572.622248,572.622248,572.622248,572.622248,572.622248,572.622248,572.622248,572.622248,572.622248,572.622248
2017-01-19,570.436415,570.436415,570.436415,570.436415,570.436415,570.436415,570.436415,570.436415,570.436415,570.436415,570.436415,570.436415,570.436415,570.436415,570.436415,570.436415,570.436415,570.436415,570.436415,570.436415,570.436415,570.436415,570.436415,570.436415,570.436415,570.436415,570.436415
2017-01-20,564.400154,564.400154,564.400154,564.400154,564.400154,564.400154,564.400154,564.400154,564.400154,564.400154,564.400154,564.400154,564.400154,564.400154,564.400154,564.400154,564.400154,564.400154,564.400154,564.400154,564.400154,564.400154,564.400154,564.400154,564.400154,564.400154,564.400154
2017-01-21,553.393084,553.393084,553.393084,553.393084,553.393084,553.393084,553.393084,553.393084,553.393084,553.393084,553.393084,553.393084,553.393084,553.393084,553.393084,553.393084,553.393084,553.393084,553.393084,553.393084,553.393084,553.393084,553.393084,553.393084,553.393084,553.393084,553.393084
2017-01-22,578.368751,578.368751,578.368751,578.368751,578.368751,578.368751,578.368751,578.368751,578.368751,578.368751,578.368751,578.368751,578.368751,578.368751,578.368751,578.368751,578.368751,578.368751,578.368751,578.368751,578.368751,578.368751,578.368751,578.368751,578.368751,578.368751,578.368751
2017-01-23,582.891617,582.891617,582.891617,582.891617,582.891617,582.891617,582.891617,582.891617,582.891617,582.891617,582.891617,582.891617,582.891617,582.891617,582.891617,582.891617,582.891617,582.891617,582.891617,582.891617,582.891617,582.891617,582.891617,582.891617,582.891617,582.891617,582.891617
2017-01-24,584.062154,584.062154,584.062154,584.062154,584.062154,584.062154,584.062154,584.062154,584.062154,584.062154,584.062154,584.062154,584.062154,584.062154,584.062154,584.062154,584.062154,584.062154,584.062154,584.062154,584.062154,584.062154,584.062154,584.062154,584.062154,584.062154,584.062154
2017-01-25,576.870664,576.870664,576.870664,576.870664,576.870664,576.870664,576.870664,576.870664,576.870664,576.870664,576.870664,576.870664,576.870664,576.870664,576.870664,576.870664,576.870664,576.870664,576.870664,576.870664,576.870664,576.870664,576.870664,576.870664,576.870664,576.870664,576.870664
2017-01-26,564.299669,564.299669,564.299669,564.299669,564.299669,564.299669,564.299669,564.299669,564.299669,564.299669,564.299669,564.299669,564.299669,564.299669,564.299669,564.299669,564.299669,564.299669,564.299669,564.299669,564.299669,564.299669,564.299669,564.299669,564.299669,564.299669,564.299669
2017-01-27,556.874407,556.874407,556.874407,556.874407,556.874407,556.874407,556.874407,556.874407,556.874407,556.874407,556.874407,556.874407,556.874407,556.874407,556.874407,556.874407,556.874407,556.874407,556.874407,556.874407,556.874407,556.874407,556.874407,556.874407,556.874407,556.874407,556.874407
2017-01-28,560.956627,560.956627,560.956627,560.956627,560.956627,560.956627,560.956627,560.956627,560.956627,560.956627,560.956627,560.956627,560.956627,560.956627,560.956627,560.956627,560.956627,560.956627,560.956627,560.956627,560.956627,560.956627,560.956627,560.956627,560.956627,560.956627,560.956627
2017-01-29,529.254162,529.254162,529.254162,529.254162,529.254162,529.254162,529.254162,529.254162,529.254162,529.254162,529.254162,529.254162,529.254162,529.254162,529.254162,529.254162,529.254162,529.254162,529.254162,529.254162,529.254162,529.254162,529.254162,529.254162,529.254162,529.254162,529.254162
2017-01-30,518.607095,518.607095,518.607095,518.607095,518.607095,518.607095,518.607095,518.607095,518.607095,518.607095,518.607095,518.607095,518.607095,518.607095,518.607095,518.607095,518.607095,518.607095,518.607095,518.607095,518.607095,518.607095,518.607095,518.607095,518.607095,518.607095,518.607095
2017-01-31,523.668203,523.668203,523.668203,523.668203,523.668203,523.668203,523.668203,523.668203,523.668203,523.668203,523.668203,523.668203,523.668203,523.668203,523.668203,523.668203,523.668203,523.668203,523.668203,523.668203,523.668203,523.668203,523.668203,523.668203,523.668203,523.668203,523.668203
2017-02-01,547.333604,547.333604,547.333604,547.333604,547.333604,547.333604,547.333604,547.333604,547.333604,547.333604,547.333604,547.333604,547.333604,547.333604,547.333604,547.333604,547.333604,547.333604,547.333604,547.333604,547.333604,547.333604,547.333604,547.333604,547.333604,547.333604,547.333604
2017-02-02,554.40164,554.40164,554.40164,554.40164,554.40164,554.40164,554.40164,554.40164,554.40164,554.40164,554.40164,554.40164,554.40164,554.40164,554.40164,554.40164,554.40164,554.40164,554.40164,554.40164,554.40164,554.40164,554.40164,554.40164,554.40164,554.40164,554.40164
2017-02-03,577.776991,577.776991,577.776991,577.776991,577.776991,577.776991,577.776991,577.776991,577.776991,577.776991,577.776991,577.776991,577.776991,577.776991,577.776991,577.776991,577.776991,577.776991,577.776991,577.776991,577.776991,577.776991,577.776991,577.776991,577.776991,577.776991,577.776991
2017-02-04,589.233053,589.233053,589.233053,589.233053,589.233053,589.233053,589.233053,589.233053,589.233053,589.233053,589.233053,589.233053,589.233053,589.233053,589.233053,589.233053,589.233053,589.233053,589.233053,589.233053,589.233053,589.233053,589.233053,589.233053,589.233053,589.233053,589.233053
2017-02-05,587.885433,587.885433,587.885433,587.885433,587.885433,587.885433,587.885433,587.885433,587.885433,587.885433,587.885433,587.885433,587.885433,587.885433,587.885433,587.885433,587.885433,587.885433,587.885433,587.885433,587.885433,587.885433,587.885433,587.885433,587.885433,587.885433,587.885433
2017-02-06,598.461689,598.461689,598.461689,598.461689,598.461689,598.461689,598.461689,598.461689,598.461689,598.461689,598.461689,598.461689,598.461689,598.461689,598.461689,598.461689,598.461689,598.461689,598.461689,598.461689,598.461689,598.461689,598.461689,598.461689,598.461689,598.461689,598.461689
2017-02-07,598.397768,598.397768,598.397768,598.397768,598.397768,598.397768,598.397768,598.397768,598.397768,598.397768,598.397768,598.397768,598.397768,598.397768,598.397768,598.397768,598.397768,598.397768,598.397768,598.397768,598.397768,598.397768,598.397768,598.397768,598.397768,598.397768,598.397768
2017-02-08,593.144958,593.144958,593.144958,593.144958,593.144958,593.144958,593.144958,593.144958,593.144958,593.144958,593.144958,593.144958,593.144958,593.144958,593.144958,593.144958,593.144958,593.144958,593.144958,593.144958,593.144958,593.144958,593.144958,593.144958,593.144958,593.144958,593.144958
2017-02-09,593.558085,593.558085,593.558085,593.558085,593.558085,593.558085,593.558085,593.558085,593.558085,593.558085,593.558085,593.558085,593.558085,593.558085,593.558085,593.558085,593.558085,593.558085,593.558085,593.558085,593.558085,593.558085,593.558085,593.558085,593.558085,593.558085,593.558085
2017-02-10,575.430137,575.430137,575.430137,575.430137,575.430137,575.430137,575.430137,575.430137,575.430137,575.430137,575.430137,575.430137,575.430137,575.430137,575.430137,575.430137,575.430137,575.430137,575.430137,575.430137,575.430137,575.430137,575.430137,575.430137,575.430137,575.430137,575.430137
2017-02-11,570.72644,570.72644,570.72644,570.72644,570.72644,570.72644,570.72644,570.72644,570.72644,570.72644,570.72644,570.72644,570.72644,570.72644,570.72644,570.72644,570.72644,570.72644,570.72644,570.72644,570.72644,570.72644,570.72644,570.72644,570.72644,570.72644,570.72644
2017-02-12,591.395934,591.395934,591.395934,591.395934,591.395934,591.395934,591.395934,591.395934,591.395934,591.395934,591.395934,591.395934,591.395934,591.395934,591.395934,591.395934,591.395934,591.395934,591.395934,591.395934,591.395934,591.395934,591.395934,591.395934,591.395934,591.395934,591.395934
2017-02-13,580.863489,580.863489,580.863489,580.863489,580.863489,580.863489,580.863489,580.863489,580.863489,580.863489,580.863489,580.863489,580.863489,580.863489,580.863489,580.863489,580.863489,580.863489,580.863489,580.863489,580.863489,580.863489,580.863489,580.863489,580.863489,580.863489,580.863489
2017-02-14,592.344318,592.344318,592.344318,592.344318,592.344318,592.344318,592.344318,592.344318,592.344318,592.344318,592.344318,592.344318,592.344318,592.344318,592.344318,592.344318,592.344318,592.344318,592.344318,592.344318,592.344318,592.344318,592.344318,592.344318,592.344318,592.344318,592.344318
2017-02-15,583.737441,583.737441,583.737441,583.737441,583.737441,583.737441,583.737441,583.737441,583.737441,583.737441,583.737441,583.737441,583.737441,583.737441,583.737441,583.737441,583.737441,583.737441,583.737441,583.737441,583.737441,583.737441,583.737441,583.737441,583.737441,583.737441,583.737441
2017-02-16,569.476224,569.476224,569.476224,569.476224,569.476224,569.476224,569.476224,569.476224,569.476224,569.476224,569.476224,569.476224,569.476224,569.476224,569.476224,569.476224,569.476224,569.476224,569.476224,569.476224,569.476224,569.476224,569.476224,569.476224,569.476224,569.476224,569.476224
2017-02-17,570.362388,570.362388,570.362388,570.362388,570.362388,570.362388,570.362388,570.362388,570.362388,570.362388,570.362388,570.362388,570.362388,570.362388,570.362388,570.362388,570.362388,570.362388,570.362388,570.362388,570.362388,570.362388,570.362388,570.362388,570.362388,570.362388,570.362388
2017-02-18,566.260371,566.260371,566.260371,566.260371,566.260371,566.260371,566.260371,566.260371,566.260371,566.260371,566.260371,566.260371,566.260371,566.260371,566.260371,566.260371,566.260371,566.260371,566.260371,566.260371,566.260371,566.260371,566.260371,566.260371,566.260371,566.260371,566.260371
2017-02-19,554.63155,554.63155,554.63155,554.63155,554.63155,554.63155,554.63155,554.63155,554.63155,554.63155,554.63155,554.63155,554.63155,554.63155,554.63155,554.63155,554.63155,554.63155,554.63155,554.63155,554.63155,554.63155,554.63155,554.63155,554.63155,554.63155,554.63155
2017-02-20,572.227146,572.227146,572.227146,572.227146,572.227146,572.227146,572.227146,572.227146,572.227146,572.227146,572.227146,572.227146,572.227146,572.227146,572.227146,572.227146,572.227146,572.227146,572.227146,572.227146,572.227146,572.227146,572.227146,572.227146,572.227146,572.227146,572.227146
2017-02-21,566.541456,566.541456,566.541456,566.541456,566.541456,566.541456,566.541456,566.541456,566.541456,566.541456,566.541456,566.541456,566.541456,566.541456,566.541456,566.541456,566.541456,566.541456,566.541456,566.541456,566.541456,566.541456,566.541456,566.541456,566.541456,566.541456,566.541456
2017-02-22,576.394937,576.394937,576.394937,576.394937,576.394937,576.394937,576.394937,576.394937,576.394937,576.394937,576.394937,576.394937,576.394937,576.394937,576.394937,576.394937,576.394937,576.394937,576.394937,576.394937,576.394937,576.394937,576.394937,576.394937,576.394937,576.394937,576.394937
2017-02-23,590.932295,590.932295,590.932295,590.932295,590.932295,590.932295,590.932295,590.932295,590.932295,590.932295,590.932295,590.932295,590.932295,590.932295,590.932295,590.932295,590.932295,590.932295,590.932295,590.932295,590.932295,590.932295,590.932295,590.932295,590.932295,590.932295,590.932295
2017-02-24,589.392919,589.392919,589.392919,589.392919,589.392919,589.392919,589.392919,589.392919,589.392919,589.392919,589.392919,589.392919,589.392919,589.392919,589.392919,589.392919,589.392919,589.392919,589.392919,589.392919,589.392919,589.392919,589.392919,589.392919,589.392919,589.392919,589.392919
2017-02-25,592.295847,592.295847,592.295847,592.295847,592.295847,592.295847,592.295847,592.295847,592.295847,592.295847,592.295847,592.295847,592.295847,592.295847,592.295847,592.295847,592.295847,592.295847,592.295847,592.295847,592.295847,592.295847,592.295847,592.295847,592.295847,592.295847,592.295847
2017-02-26,594.008152,594.008152,594.008152,594.008152,594.008152,594.008152,594.008152,594.008152,594.008152,594.008152,594.008152,594.008152,594.008152,594.008152,594.008152,594.008152,594.008152,594.008152,594.008152,594.008152,594.008152,594.008152,594.008152,594.008152,594.008152,594.008152,594.008152
2017-02-27,602.336568,602.336568,602.336568,602.336568,602.336568,602.336568,602.336568,602.336568,602.336568,602.336568,602.336568,602.336568,602.336568,602.336568,602.336568,602.336568,602.336568,602.336568,602.336568,602.336568,602.336568,602.336568,602.336568,602.336568,602.336568,602.336568,602.336568
2017-02-28,609.683139,609.683139,609.683139,609.683139,609.683139,609.683139,609.683139,609.683139,609.683139,609.683139,609.683139,609.683139,609.683139,609.683139,609.683139,609.683139,609.683139,609.683139,609.683139,609.683139,609.683139,609.683139,609.683139,609.683139,609.683139,609.683139,609.683139
2017-03-01,596.903063,596.903063,596.903063,596.903063,596.903063,596.903063,596.903063,596.903063,596.903063,596.903063,596.903063,596.903063,596.903063,596.903063,596.903063,596.903063,596.903063,596.903063,596.903063,596.903063,596.903063,596.903063,596.903063,596.903063,596.903063,596.903063,596.903063
2017-03-02,599.36757,599.36757,599.36757,599.36757,599.36757,599.36757,599.36757,599.36757,599.36757,599.36757,599.36757,599.36757,599.36757,599.36757,599.36757,599.36757,599.36757,599.36757,599.36757,599.36757,599.36757,599.36757,599.36757,599.36757,599.36757,599.36757,599.36757
2017-03-03,598.010357,598.010357,598.010357,598.010357,598.010357,598.010357,598.010357,598.010357,598.010357,598.010357,598.010357,598.010357,598.010357,598.010357,598.010357,598.010357,598.010357,598.010357,598.010357,598.010357,598.010357,598.010357,598.010357,598.010357,598.010357,598.010357,598.010357
2017-03-04,591.597726,591.597726,591.597726,591.597726,591.597726,591.597726,591.597726,591.597726,591.597726,591.597726,591.597726,591.597726,591.597726,591.597726,591.597726,591.597726,591.597726,591.597726,591.597726,591.597726,591.597726,591.597726,591.597726,591.597726,591.597726,591.597726,591.597726
2017-03-05,592.346308,592.346308,592.346308,592.346308,592.346308,592.346308,592.346308,592.346308,592.346308,592.346308,592.346308,592.346308,592.346308,592.346308,592.346308,592.346308,592.346308,592.346308,592.346308,592.346308,592.346308,592.346308,592.346308,592.346308,592.346308,592.346308,592.346308
2017-03-06,585.078206,585.078206,585.078206,585.078206,585.078206,585.078206,585.078206,585.078206,585.078206,585.078206,585.078206,585.078206,585.078206,585.078206,585.078206,585.078206,585.078206,585.078206,585.078206,585.078206,585.078206,585.078206,585.078206,585.078206,585.078206,585.078206,585.078206
2017-03-07,566.815106,566.815106,566.815106,566.815106,566.815106,566.815106,566.815106,566.815106,566.815106,566.815106,566.815106,566.815106,566.815106,566.815106,566.815106,566.815106,566.815106,566.815106,566.815106,566.815106,566.815106,566.815106,566.815106,566.815106,566.815106,566.815106,566.815106
2017-03-08,564.563476,564.563476,564.563476,564.563476,564.563476,564.563476,564.563476,564.563476,564.563476,564.563476,564.563476,564.563476,564.563476,564.563476,564.563476,564.563476,564.563476,564.563476,564.563476,564.563476,564.563476,564.563476,564.563476,564.563476,564.563476,564.563476,564.563476
2017-03-09,553.728624,553.728624,553.728624,553.728624,553.728624,553.728624,553.728624,553.728624,553.728624,553.728624,553.728624,553.728624,553.728624,553.728624,553.728624,553.728624,553.728624,553.728624,553.728624,553.728624,553.728624,553.728624,553.728624,553.728624,553.728624,553.728624,553.728624
2017-03-10,535.784489,535.784489,535.784489,535.784489,535.784489,535.784489,535.784489,535.784489,535.784489,535.784489,535.784489,535.784489,535.784489,535.784489,535.784489,535.784489,535.784489,535.784489,535.784489,535.784489,535.784489,535.784489,535.784489,535.784489,535.784489,535.784489,535.784489
2017-03-11,536.533568,536.533568,536.533568,536.533568,536.533568,536.533568,536.533568,536.533568,536.533568,536.533568,536.533568,536.533568,536.533568,536.533568,536.533568,536.533568,536.533568,536.533568,536.533568,536.533568,536.533568,536.533568,536.533568,536.533568,536.533568,536.533568,536.533568
2017-03-12,543.384864,543.384864,543.384864,543.384864,543.384864,543.384864,543.384864,543.384864,543.384864,543.384864,543.384864,543.384864,543.384864,543.384864,543.384864,543.384864,543.384864,543.384864,543.384864,543.384864,543.384864,543.384864,543.384864,543.384864,543.384864,543.384864,543.384864
2017-03-13,539.854926,539.854926,539.854926,539.854926,539.854926,539.854926,539.854926,539.854926,539.854926,539.854926,539.854926,539.854926,539.854926,539.854926,539.854926,539.854926,539.854926,539.854926,539.854926,539.854926,539.854926,539.854926,539.854926,539.854926,539.854926,539.854926,539.854926
2017-03-14,547.105387,547.105387,547.105387,547.105387,547.105387,547.105387,547.105387,547.105387,547.105387,547.105387,547.105387,547.105387,547.105387,547.105387,547.105387,547.105387,547.105387,547.105387,547.105387,547.105387,547.105387,547.105387,547.105387,547.105387,547.105387,547.105387,547.105387
2017-03-15,542.13246,542.13246,542.13246,542.13246,542.13246,542.13246,542.13246,542.13246,542.13246,542.13246,542.13246,542.13246,542.13246,542.13246,542.13246,542.13246,542.13246,542.13246,542.13246,542.13246,542.13246,542.13246,542.13246,542.13246,542.13246,542.13246,542.13246
2017-03-16,551.248813,551.248813,551.248813,551.248813,551.248813,551.248813,551.248813,551.248813,551.248813,551.248813,551.248813,551.248813,551.248813,551.248813,551.248813,551.248813,551.248813,551.248813,551.248813,551.248813,551.248813,551.248813,551.248813,551.248813,551.248813,551.248813,551.248813
2017-03-17,563.013001,563.013001,563.013001,563.013001,563.013001,563.013001,563.013001,563.013001,563.013001,563.013001,563.013001,563.013001,563.013001,563.013001,563.013001,563.013001,563.013001,563.013001,563.013001,563.013001,563.013001,563.013001,563.013001,563.013001,563.013001,563.013001,563.013001
2017-03-18,560.339199,560.339199,560.339199,560.339199,560.339199,560.339199,560.339199,560.339199,560.339199,560.339199,560.339199,560.339199,560.339199,560.339199,560.339199,560.339199,560.339199,560.339199,560.339199,560.339199,560.339199,560.339199,560.339199,560.339199,560.339199,560.339199,560.339199
2017-03-19,560.610229,560.610229,560.610229,560.610229,560.610229,560.610229,560.610229,560.610229,560.610229,560.610229,560.610229,560.610229,560.610229,560.610229,560.610229,560.610229,560.610229,560.610229,560.610229,560.610229,560.610229,560.610229,560.610229,560.610229,560.610229,560.610229,560.610229
2017-03-20,559.159477,559.159477,559.159477,559.159477,559.159477,559.159477,559.159477,559.159477,559.159477,559.159477,559.159477,559.159477,559.159477,559.159477,559.159477,559.159477,559.159477,559.159477,559.159477,559.159477,559.159477,559.159477,559.159477,559.159477,559.159477,559.159477,559.159477
2017-03-21,552.779841,552.779841,552.779841,552.779841,552.779841,552.779841,552.779841,552.779841,552.779841,552.779841,552.779841,552.779841,552.779841,552.779841,552.779841,552.779841,552.779841,552.779841,552.779841,552.779841,552.779841,552.779841,552.779841,552.779841,552.779841,552.779841,552.779841
2017-03-22,567.265534,567.265534,567.265534,567.265534,567.265534,567.265534,567.265534,567.265534,567.265534,567.265534,567.265534,567.265534,567.265534,567.265534,567.265534,567.265534,567.265534,567.265534,567.265534,567.265534,567.265534,567.265534,567.265534,567.265534,567.265534,567.265534,567.265534
2017-03-23,575.670419,575.670419,575.670419,575.670419,575.670419,575.670419,575.670419,575.670419,575.670419,575.670419,575.670419,575.670419,575.670419,575.670419,575.670419,575.670419,575.670419,575.670419,575.670419,575.670419,575.670419,575.670419,575.670419,575.670419,575.670419,575.670419,575.670419
2017-03-24,582.883966,582.883966,582.883966,582.883966,582.883966,582.883966,582.883966,582.883966,582.883966,582.883966,582.883966,582.883966,582.883966,582.883966,582.883966,582.883966,582.883966,582.883966,582.883966,582.883966,582.883966,582.883966,582.883966,582.883966,582.883966,582.883966,582.883966
2017-03-25,578.452219,578.452219,578.452219,578.452219,578.452219,578.452219,578.452219,578.452219,578.452219,578.452219,578.452219,578.452219,578.452219,578.452219,578.452219,578.452219,578.452219,578.452219,578.452219,578.452219,578.452219,578.452219,578.452219,578.452219,578.452219,578.452219,578.452219
2017-03-26,579.268009,579.268009,579.268009,579.268009,579.268009,579.268009,579.268009,579.268009,579.268009,579.268009,579.268009,579.268009,579.268009,579.268009,579.268009,579.268009,579.268009,579.268009,579.268009,579.268009,579.268009,579.268009,579.268009,579.268009,579.268009,579.268009,579.268009
2017-03-27,570.505789,570.505789,570.505789,570.505789,570.505789,570.505789,570.505789,570.505789,570.505789,570.505789,570.505789,570.505789,570.505789,570.505789,570.505789,570.505789,570.505789,570.505789,570.505789,570.505789,570.505789,570.505789,570.505789,570.505789,570.505789,570.505789,570.505789
2017-03-28,582.478855,582.478855,582.478855,582.478855,582.478855,582.478855,582.478855,582.478855,582.478855,582.478855,582.478855,582.478855,582.478855,582.478855,582.478855,582.478855,582.478855,582.478855,582.478855,582.478855,582.478855,582.478855,582.478855,582.478855,582.478855,582.478855,582.478855
2017-03-29,589.56315,589.56315,589.56315,589.56315,589.56315,589.56315,589.56315,589.56315,589.56315,589.56315,589.56315,589.56315,589.56315,589.56315,589.56315,589.56315,589.56315,589.56315,589.56315,589.56315,589.56315,589.56315,589.56315,589.56315,589.56315,589.56315,589.56315
2017-03-30,582.652616,582.652616,582.652616,582.652616,582.652616,582.652616,582.652616,582.652616,582.652616,582.652616,582.652616,582.652616,582.652616,582.652616,582.652616,582.652616,582.652616,582.652616,582.652616,582.652616,582.652616,582.652616,582.652616,582.652616,582.652616,582.652616,582.652616
2017-03-31,576.910243,576.910243,576.910243,576.910243,576.910243,576.910243,576.910243,576.910243,576.910243,576.910243,576.910243,576.910243,576.910243,576.910243,576.910243,576.910243,576.910243,576.910243,576.910243,576.910243,576.910243,576.910243,576.910243,576.910243,576.910243,576.910243,576.910243
2017-04-01,581.240641,581.240641,581.240641,581.240641,581.240641,581.240641,581.240641,581.240641,581.240641,581.240641,581.240641,581.240641,581.240641,581.240641,581.240641,581.240641,581.240641,581.240641,581.240641,581.240641,581.240641,581.240641,581.240641,581.240641,581.240641,581.240641,581.240641
2017-04-02,583.287248,583.287248,583.287248,583.287248,583.287248,583.287248,583.287248,583.287248,583.287248,583.287248,583.287248,583.287248,583.287248,583.287248,583.287248,583.287248,583.287248,583.287248,583.287248,583.287248,583.287248,583.287248,583.287248,583.287248,583.287248,583.287248,583.287248
2017-04-03,596.217959,596.217959,596.217959,596.217959,596.217959,596.217959,596.217959,596.217959,596.217959,596.217959,596.217959,596.217959,596.217959,596.217959,596.217959,596.217959,596.217959,596.217959,596.217959,596.217959,596.217959,596.217959,596.217959,596.217959,596.217959,596.217959,596.217959
2017-04-04,594.55136,594.55136,594.55136,594.55136,594.55136,594.55136,594.55136,594.55136,594.55136,594.55136,594.55136,594.55136,594.55136,594.55136,594.55136,594.55136,594.55136,594.55136,594.55136,594.55136,594.55136,594.55136,594.55136,594.55136,594.55136,594.55136,594.55136
2017-04-05,591.559819,591.559819,591.559819,591.559819,591.559819,591.559819,591.559819,591.559819,591.559819,591.559819,591.559819,591.559819,591.559819,591.559819,591.559819,591.559819,591.559819,591.559819,591.559819,591.559819,591.559819,591.559819,591.559819,591.559819,591.559819,591.559819,591.559819
2017-04-06,588.792649,588.792649,588.792649,588.792649,588.792649,588.792649,588.792649,588.792649,588.792649,588.792649,588.792649,588.792649,588.792649,588.792649,588.792649,588.792649,588.792649,588.792649,588.792649,588.792649,588.792649,588.792649,588.792649,588.792649,588.792649,588.792649,588.792649
2017-04-07,600.758809,600.758809,600.758809,600.758809,600.758809,600.758809,600.758809,600.758809,600.758809,600.758809,600.758809,600.758809,600.758809,600.758809,600.758809,600.758809,600.758809,600.758809,600.758809,600.758809,600.758809,600.758809,600.758809,600.758809,600.758809,600.758809,600.758809
2017-04-08,597.552575,597.552575,597.552575,597.552575,597.552575,597.552575,597.552575,597.552575,597.552575,597.552575,597.552575,597.552575,597.552575,597.552575,597.552575,597.552575,597.552575,597.552575,597.552575,597.552575,597.552575,597.552575,597.552575,597.552575,597.552575,597.552575,597.552575
2017-04-09,587.304046,587.304046,587.304046,587.304046,587.304046,587.304046,587.304046,587.304046,587.304046,587.304046,587.304046,587.304046,587.304046,587.304046,587.304046,587.304046,587.304046,587.304046,587.304046,587.304046,587.304046,587.304046,587.304046,587.304046,587.304046,587.304046,587.304046
2017-04-10,584.937853,584.937853,584.937853,584.937853,584.937853,584.937853,584.937853,584.937853,584.937853,584.937853,584.937853,584.937853,584.937853,584.937853,584.937853,584.937853,584.937853,584.937853,584.937853,584.937853,584.937853,584.937853,584.937853,584.937853,584.937853,584.937853,584.937853
2017-04-11,589.710982,589.710982,589.710982,589.710982,589.710982,589.710982,589.710982,589.710982,589.710982,589.710982,589.710982,589.710982,589.710982,589.710982,589.710982,589.710982,589.710982,589.710982,589.710982,589.710982,589.710982,589.710982,589.710982,589.710982,589.710982,589.710982,589.710982
2017-04-12,578.977283,578.977283,578.977283,578.977283,578.977283,578.977283,578.977283,578.977283,578.977283,578.977283,578.977283,578.977283,578.977283,578.977283,578.977283,578.977283,578.977283,578.977283,578.977283,578.977283,578.977283,578.977283,578.977283,578.977283,578.977283,578.977283,578.977283
2017-04-13,571.880942,571.880942,571.880942,571.880942,571.880942,571.880942,571.880942,571.880942,571.880942,571.880942,571.880942,571.880942,571.880942,571.880942,571.880942,571.880942,571.880942,571.880942,571.880942,571.880942,571.880942,571.880942,571.880942,571.880942,571.880942,571.880942,571.880942
2017-04-14,567.262593,567.262593,567.262593,567.262593,567.262593,567.262593,567.262593,567.262593,567.262593,567.262593,567.262593,567.262593,567.262593,567.262593,567.262593,567.262593,567.262593,567.262593,567.262593,567.262593,567.262593,567.262593,567.262593,567.262593,567.262593,567.262593,567.262593
2017-04-15,575.805753,575.805753,575.805753,575.805753,575.805753,575.805753,575.805753,575.805753,575.805753,575.805753,575.805753,575.805753,575.805753,575.805753,575.805753,575.805753,575.805753,575.805753,575.805753,575.805753,575.805753,575.805753,575.805753,575.805753,575.805753,575.805753,575.805753
2017-04-16,588.435119,588.435119,588.435119,588.435119,588.435119,588.435119,588.435119,588.435119,588.435119,588.435119,588.435119,588.435119,588.435119,588.435119,588.435119,588.435119,588.435119,588.435119,588.435119,588.435119,588.435119,588.435119,588.435119,588.435119,588.435119,588.435119,588.435119
2017-04-17,589.32603,589.32603,589.32603,589.32603,589.32603,589.32603,589.32603,589.32603,589.32603,589.32603,589.32603,589.32603,589.32603,589.32603,589.32603,589.32603,589.32603,589.32603,589.32603,589.32603,589.32603,589.32603,589.32603,589.32603,589.32603,589.32603,589.32603
2017-04-18,574.555642,574.555642,574.555642,574.555642,574.555642,574.555642,574.555642,574.555642,574.555642,574.555642,574.555642,574.555642,574.555642,574.555642,574.555642,574.555642,574.555642,574.555642,574.555642,574.555642,574.555642,574.555642,574.555642,574.555642,574.555642,574.555642,574.555642
2017-04-19,568.293832,568.293832,568.293832,568.293832,568.293832,568.293832,568.293832,568.293832,568.293832,568.293832,568.293832,568.293832,568.293832,568.293832,568.293832,568.293832,568.293832,568.293832,568.293832,568.293832,568.293832,568.293832,568.293832,568.293832,568.293832,568.293832,568.293832
2017-04-20,571.246332,571.246332,571.246332,571.246332,571.246332,571.246332,571.246332,571.246332,571.246332,571.246332,571.246332,571.246332,571.246332,571.246332,571.246332,571.246332,571.246332,571.246332,571.246332,571.246332,571.246332,571.246332,571.246332,571.246332,571.246332,571.246332,571.246332
2017-04-21,576.397465,576.397465,576.397465,576.397465,576.397465,576.397465,576.397465,576.397465,576.397465,576.397465,576.397465,576.397465,576.397465,576.397465,576.397465,576.397465,576.397465,576.397465,576.397465,576.397465,576.397465,576.397465,576.397465,576.397465,576.397465,576.397465,576.397465
2017-04-22,566.244599,566.244599,566.244599,566.244599,566.244599,566.244599,566.244599,566.244599,566.244599,566.244599,566.244599,566.244599,566.244599,566.244599,566.244599,566.244599,566.244599,566.244599,566.244599,566.244599,566.244599,566.244599,566.244599,566.244599,566.244599,566.244599,566.244599
2017-04-23,543.016515,543.016515,543.016515,543.016515,543.016515,543.016515,543.016515,543.016515,543.016515,543.016515,543.016515,543.016515,543.016515,543.016515,543.016515,543.016515,543.016515,543.016515,543.016515,543.016515,543.016515,543.016515,543.016515,543.016515,543.016515,543.016515,543.016515
2017-04-24,542.757667,542.757667,542.757667,542.757667,542.757667,542.757667,542.757667,542.757667,542.757667,542.757667,542.757667,542.757667,542.757667,542.757667,542.757667,542.757667,542.757667,542.757667,542.757667,542.757667,542.757667,542.757667,542.757667,542.757667,542.757667,542.757667,542.757667
2017-04-25,549.780457,549.780457,549.780457,549.780457,549.780457,549.780457,549.780457,549.780457,549.780457,549.780457,549.780457,549.780457,549.780457,549.780457,549.780457,549.780457,549.780457,549.780457,549.780457,549.780457,549.780457,549.780457,549.780457,549.780457,549.780457,549.780457,549.780457
2017-04-26,545.965467,545.965467,545.965467,545.965467,545.965467,545.965467,545.965467,545.965467,545.965467,545.965467,545.965467,545.965467,545.965467,545.965467,545.965467,545.965467,545.965467,545.965467,545.965467,545.965467,545.965467,545.965467,545.965467,545.965467,545.965467,545.965467,545.965467
2017-04-27,549.836519,549.836519,549.836519,549.836519,549.836519,549.836519,549.836519,549.836519,549.836519,549.836519,549.836519,549.836519,549.836519,549.836519,549.836519,549.836519,549.836519,549.836519,549.836519,549.836519,549.836519,549.836519,549.836519,549.836519,549.836519,549.836519,549.836519
2017-04-28,537.843167,537.843167,537.843167,537.843167,537.843167,537.843167,537.843167,537.843167,537.843167,537.843167,537.843167,537.843167,537.843167,537.843167,537.843167,537.843167,537.843167,537.843167,537.843167,537.843167,537.843167,537.843167,537.843167,537.843167,537.843167,537.843167,537.843167
2017-04-29,554.21173,554.21173,554.21173,554.21173,554.21173,554.21173,554.21173,554.21173,554.21173,554.21173,554.21173,554.21173,554.21173,554.21173,554.21173,554.21173,554.21173,554.21173,554.21173,554.21173,554.21173,554.21173,554.21173,554.21173,554.21173,554.21173,554.21173
2017-04-30,569.05745,569.05745,569.05745,569.05745,569.05745,569.05745,569.05745,569.05745,569.05745,569.05745,569.05745,569.05745,569.05745,569.05745,569.05745,569.05745,569.05745,569.05745,569.05745,569.05745,569.05745,569.05745,569.05745,569.05745,569.05745,569.05745,569.05745
2017-05-01,577.871002,577.871002,577.871002,577.871002,577.871002,577.871002,577.871002,577.871002,577.871002,577.871002,577.871002,577.871002,577.871002,577.871002,577.871002,577.871002,577.871002,577.871002,577.871002,577.871002,577.871002,577.871002,577.871002,577.871002,577.871002,577.871002,577.871002
2017-05-02,585.980632,585.980632,585.980632,585.980632,585.980632,585.980632,585.980632,585.980632,585.980632,585.980632,585.980632,585.980632,585.980632,585.980632,585.980632,585.980632,585.980632,585.980632,585.980632,585.980632,585.980632,585.980632,585.980632,585.980632,585.980632,585.980632,585.980632
2017-05-03,593.85806,593.85806,593.85806,593.85806,593.85806,593.85806,593.85806,593.85806,593.85806,593.85806,593.85806,593.85806,593.85806,593.85806,593.85806,593.85806,593.85806,593.85806,593.85806,593.85806,593.85806,593.85806,593.85806,593.85806,593.85806,593.85806,593.85806
2017-05-04,583.982862,583.982862,583.982862,583.982862,583.982862,583.982862,583.982862,583.982862,583.982862,583.982862,583.982862,583.982862,583.982862,583.982862,583.982862,583.982862,583.982862,583.982862,583.982862,583.982862,583.982862,583.982862,583.982862,583.982862,583.982862,583.982862,583.982862
2017-05-05,578.110489,578.110489,578.110489,578.110489,578.110489,578.110489,578.110489,578.110489,578.110489,578.110489,578.110489,578.110489,578.110489,578.110489,578.110489,578.110489,578.110489,578.110489,578.110489,578.110489,578.110489,578.110489,578.110489,578.110489,578.110489,578.110489,578.110489
2017-05-06,570.486595,570.486595,570.486595,570.486595,570.486595,570.486595,570.486595,570.486595,570.486595,570.486595,570.486595,570.486595,570.486595,570.486595,570.486595,570.486595,570.486595,570.486595,570.486595,570.486595,570.486595,570.486595,570.486595,570.486595,570.486595,570.486595,570.486595
2017-05-07,568.346053,568.346053,568.346053,568.346053,568.346053,568.346053,568.346053,568.346053,568.346053,568.346053,568.346053,568.346053,568.346053,568.346053,568.346053,568.346053,568.346053,568.346053,568.346053,568.346053,568.346053,568.346053,568.346053,568.346053,568.346053,568.346053,568.346053
2017-05-08,546.30824,546.30824,546.30824,546.30824,546.30824,546.30824,546.30824,546.30824,546.30824,546.30824,546.30824,546.30824,546.30824,546.30824,546.30824,546.30824,546.30824,546.30824,546.30824,546.30824,546.30824,546.30824,546.30824,546.30824,546.30824,546.30824,546.30824
2017-05-09,539.750415,539.750415,539.750415,539.750415,539.750415,539.750415,539.750415,539.750415,539.750415,539.750415,539.750415,539.750415,539.750415,539.750415,539.750415,539.750415,539.750415,539.750415,539.750415,539.750415,539.750415,539.750415,539.750415,539.750415,539.750415,539.750415,539.750415
2017-05-10,545.801012,545.801012,545.801012,545.801012,545.801012,545.801012,545.801012,545.801012,545.801012,545.801012,545.801012,545.801012,545.801012,545.801012,545.801012,545.801012,545.801012,545.801012,545.801012,545.801012,545.801012,545.801012,545.801012,545.801012,545.801012,545.801012,545.801012
2017-05-11,542.612608,542.612608,542.612608,542.612608,542.612608,542.612608,542.612608,542.612608,542.612608,542.612608,542.612608,542.612608,542.612608,542.612608,542.612608,542.612608,542.612608,542.612608,542.612608,542.612608,542.612608,542.612608,542.612608,542.612608,542.612608,542.612608,542.612608
2017-05-12,556.90523,556.90523,556.90523,556.90523,556.90523,556.90523,556.90523,556.90523,556.90523,556.90523,556.90523,556.90523,556.90523,556.90523,556.90523,556.90523,556.90523,556.90523,556.90523,556.90523,556.90523,556.90523,556.90523,556.90523,556.90523,556.90523,556.90523
2017-05-13,571.43975,571.43975,571.43975,571.43975,571.43975,571.43975,571.43975,571.43975,571.43975,571.43975,571.43975,571.43975,571.43975,571.43975,571.43975,571.43975,571.43975,571.43975,571.43975,571.43975,571.43975,571.43975,571.43975,571.43975,571.43975,571.43975,571.43975
2017-05-14,574.554115,574.554115,574.554115,574.554115,574.554115,574.554115,574.554115,574.554115,574.554115,574.554115,574.554115,574.554115,574.554115,574.554115,574.554115,574.554115,574.554115,574.554115,574.554115,574.554115,574.554115,574.554115,574.554115,574.554115,574.554115,574.554115,574.554115
2017-05-15,587.821061,587.821061,587.821061,587.821061,587.821061,587.821061,587.821061,587.821061,587.821061,587.821061,587.821061,587.821061,587.821061,587.821061,587.821061,587.821061,587.821061,587.821061,587.821061,587.821061,587.821061,587.821061,587.821061,587.821061,587.821061,587.821061,587.821061
2017-05-16,593.174169,593.174169,593.174169,593.174169,593.174169,593.174169,593.174169,593.174169,593.174169,593.174169,593.174169,593.174169,593.174169,593.174169,593.174169,593.174169,593.174169,593.174169,593.174169,593.174169,593.174169,593.174169,593.174169,593.174169,593.174169,593.174169,593.174169
2017-05-17,583.976281,583.976281,583.976281,583.976281,583.976281,583.976281,583.976281,583.976281,583.976281,583.976281,583.976281,583.976281,583.976281,583.976281,583.976281,583.976281,583.976281,583.976281,583.976281,583.976281,583.976281,583.976281,583.976281,583.976281,583.976281,583.976281,583.976281
2017-05-18,587.017616,587.017616,587.017616,587.017616,587.017616,587.017616,587.017616,587.017616,587.017616,587.017616,587.017616,587.017616,587.017616,587.017616,587.017616,587.017616,587.017616,587.017616,587.017616,587.017616,587.017616,587.017616,587.017616,587.017616,587.017616,587.017616,587.017616
2017-05-19,578.168067,578.168067,578.168067,578.168067,578.168067,578.168067,578.168067,578.168067,578.168067,578.168067,578.168067,578.168067,578.168067,578.168067,578.168067,578.168067,578.168067,578.168067,578.168067,578.168067,578.168067,578.168067,578.168067,578.168067,578.168067,578.168067,578.168067
2017-05-20,567.749664,567.749664,567.749664,567.749664,567.749664,567.749664,567.749664,567.749664,567.749664,567.749664,567.749664,567.749664,567.749664,567.749664,567.749664,567.749664,567.749664,567.749664,567.749664,567.749664,567.749664,567.749664,567.749664,567.749664,567.749664,567.749664,567.749664
2017-05-21,557.83932,557.83932,557.83932,557.83932,557.83932,557.83932,557.83932,557.83932,557.83932,557.83932,557.83932,557.83932,557.83932,557.83932,557.83932,557.83932,557.83932,557.83932,557.83932,557.83932,557.83932,557.83932,557.83932,557.83932,557.83932,557.83932,557.83932
2017-05-22,556.01985,556.01985,556.01985,556.01985,556.01985,556.01985,556.01985,556.01985,556.01985,556.01985,556.01985,556.01985,556.01985,556.01985,556.01985,556.01985,556.01985,556.01985,556.01985,556.01985,556.01985,556.01985,556.01985,556.01985,556.01985,556.01985,556.01985
2017-05-23,546.209414,546.209414,546.209414,546.209414,546.209414,546.209414,546.209414,546.209414,546.209414,546.209414,546.209414,546.209414,546.209414,546.209414,546.209414,546.209414,546.209414,546.209414,546.209414,546.209414,546.209414,546.209414,546.209414,546.209414,546.209414,546.209414,546.209414
2017-05-24,551.014821,551.014821,551.014821,551.014821,551.014821,551.014821,551.014821,551.014821,551.014821,551.014821,551.014821,551.014821,551.014821,551.014821,551.014821,551.014821,551.014821,551.014821,551.014821,551.014821,551.014821,551.014821,551.014821,551.014821,551.014821,551.014821,551.014821
2017-05-25,552.807446,552.807446,552.807446,552.807446,552.807446,552.807446,552.807446,552.807446,552.807446,552.807446,552.807446,552.807446,552.807446,552.807446,552.807446,552.807446,552.807446,552.807446,552.807446,552.807446,552.807446,552.807446,552.807446,552.807446,552.807446,552.807446,552.807446
2017-05-26,564.382441,564.382441,564.382441,564.382441,564.382441,564.382441,564.382441,564.382441,564.382441,564.382441,564.382441,564.382441,564.382441,564.382441,564.382441,564.382441,564.382441,564.382441,564.382441,564.382441,564.382441,564.382441,564.382441,564.382441,564.382441,564.382441,564.382441
2017-05-27,568.245806,568.245806,568.245806,568.245806,568.245806,568.245806,568.245806,568.245806,568.245806,568.245806,568.245806,568.245806,568.245806,568.245806,568.245806,568.245806,568.245806,568.245806,568.245806,568.245806,568.245806,568.245806,568.245806,568.245806,568.245806,568.245806,568.245806
2017-05-28,565.859523,565.859523,565.859523,565.859523,565.859523,565.859523,565.859523,565.859523,565.859523,565.859523,565.859523,565.859523,565.859523,565.859523,565.859523,565.859523,565.859523,565.859523,565.859523,565.859523,565.859523,565.859523,565.859523,565.859523,565.859523,565.859523,565.859523
2017-05-29,566.540102,566.540102,566.540102,566.540102,566.540102,566.540102,566.540102,566.540102,566.540102,566.540102,566.540102,566.540102,566.540102,566.540102,566.540102,566.540102,566.540102,566.540102,566.540102,566.540102,566.540102,566.540102,566.540102,566.540102,566.540102,566.540102,566.540102
2017-05-30,565.278978,565.278978,565.278978,565.278978,565.278978,565.278978,565.278978,565.278978,565.278978,565.278978,565.278978,565.278978,565.278978,565.278978,565.278978,565.278978,565.278978,565.278978,565.278978,565.278978,565.278978,565.278978,565.278978,565.278978,565.278978,565.278978,565.278978
2017-05-31,562.339072,562.339072,562.339072,562.339072,562.339072,562.339072,562.339072,562.339072,562.339072,562.339072,562.339072,562.339072,562.339072,562.339072,562.339072,562.339072,562.339072,562.339072,562.339072,562.339072,562.339072,562.339072,562.339072,562.339072,562.339072,562.339072,562.339072
2017-06-01,565.406781,565.406781,565.406781,565.406781,565.406781,565.406781,565.406781,565.406781,565.406781,565.406781,565.406781,565.406781,565.406781,565.406781,565.406781,565.406781,565.406781,565.406781,565.406781,565.406781,565.406781,565.406781,565.406781,565.406781,565.406781,565.406781,565.406781
2017-06-02,554.136531,554.136531,554.136531,554.136531,554.136531,554.136531,554.136531,554.136531,554.136531,554.136531,554.136531,554.136531,554.136531,554.136531,554.136531,554.136531,554.136531,554.136531,554.136531,554.136531,554.136531,554.136531,554.136531,554.136531,554.136531,554.136531,554.136531
2017-06-03,557.000616,557.000616,557.000616,557.000616,557.000616,557.000616,557.000616,557.000616,557.000616,557.000616,557.000616,557.000616,557.000616,557.000616,557.000616,557.000616,557.000616,557.000616,557.000616,557.000616,557.000616,557.000616,557.000616,557.000616,557.000616,557.000616,557.000616
2017-06-04,568.435907,568.435907,568.435907,568.435907,568.435907,568.435907,568.435907,568.435907,568.435907,568.435907,568.435907,568.435907,568.435907,568.435907,568.435907,568.435907,568.435907,568.435907,568.435907,568.435907,568.435907,568.435907,568.435907,568.435907,568.435907,568.435907,568.435907
2017-06-05,567.33859,567.33859,567.33859,567.33859,567.33859,567.33859,567.33859,567.33859,567.33859,567.33859,567.33859,567.33859,567.33859,567.33859,567.33859,567.33859,567.33859,567.33859,567.33859,567.33859,567.33859,567.33859,567.33859,567.33859,567.33859,567.33859,567.33859
2017-06-06,581.824489,581.824489,581.824489,581.824489,581.824489,581.824489,581.824489,581.824489,581.824489,581.824489,581.824489,581.824489,581.824489,581.824489,581.824489,581.824489,581.824489,581.824489,581.824489,581.824489,581.824489,581.824489,581.824489,581.824489,581.824489,581.824489,581.824489
2017-06-07,588.165196,588.165196,588.165196,588.165196,588.165196,588.165196,588.165196,588.165196,588.165196,588.165196,588.165196,588.165196,588.165196,588.165196,588.165196,588.165196,588.165196,588.165196,588.165196,588.165196,588.165196,588.165196,588.165196,588.165196,588.165196,588.165196,588.165196
2017-06-08,588.11492,588.11492,588.11492,588.11492,588.11492,588.11492,588.11492,588.11492,588.11492,588.11492,588.11492,588.11492,588.11492,588.11492,588.11492,588.11492,588.11492,588.11492,588.11492,588.11492,588.11492,588.11492,588.11492,588.11492,588.11492,588.11492,588.11492
2017-06-09,594.123398,594.123398,594.123398,594.123398,594.123398,594.123398,594.123398,594.123398,594.123398,594.123398,594.123398,594.123398,594.123398,594.123398,594.123398,594.123398,594.123398,594.123398,594.123398,594.123398,594.123398,594.123398,594.123398,594.123398,594.123398,594.123398,594.123398
2017-06-10,591.420664,591.420664,591.420664,591.420664,591.420664,591.420664,591.420664,591.420664,591.420664,591.420664,591.420664,591.420664,591.420664,591.420664,591.420664,591.420664,591.420664,591.420664,591.420664,591.420664,591.420664,591.420664,591.420664,591.420664,591.420664,591.420664,591.420664
2017-06-11,585.096926,585.096926,585.096926,585.096926,585.096926,585.096926,585.096926,585.096926,585.096926,585.096926,585.096926,585.096926,585.096926,585.096926,585.096926,585.096926,585.096926,585.096926,585.096926,585.096926,585.096926,585.096926,585.096926,585.096926,585.096926,585.096926,585.096926
2017-06-12,577.435631,577.435631,577.435631,577.435631,577.435631,577.435631,577.435631,577.435631,577.435631,577.435631,577.435631,577.435631,577.435631,577.435631,577.435631,577.435631,577.435631,577.435631,577.435631,577.435631,577.435631,577.435631,577.435631,577.435631,577.435631,577.435631,577.435631
2017-06-13,571.054896,571.054896,571.054896,571.054896,571.054896,571.054896,571.054896,571.054896,571.054896,571.054896,571.054896,571.054896,571.054896,571.054896,571.054896,571.054896,571.054896,571.054896,571.054896,571.054896,571.054896,571.054896,571.054896,571.054896,571.054896,571.054896,571.054896
2017-06-14,564.372783,564.372783,564.372783,564.372783,564.372783,564.372783,564.372783,564.372783,564.372783,564.372783,564.372783,564.372783,564.372783,564.372783,564.372783,564.372783,564.372783,564.372783,564.372783,564.372783,564.372783,564.372783,564.372783,564.372783,564.372783,564.372783,564.372783
2017-06-15,559.818475,559.818475,559.818475,559.818475,559.818475,559.818475,559.818475,559.818475,559.818475,559.818475,559.818475,559.818475,559.818475,559.818475,559.818475,559.818475,559.818475,559.818475,559.818475,559.818475,559.818475,559.818475,559.818475,559.818475,559.818475,559.818475,559.818475
2017-06-16,556.010125,556.010125,556.010125,556.010125,556.010125,556.010125,556.010125,556.010125,556.010125,556.010125,556.010125,556.010125,556.010125,556.010125,556.010125,556.010125,556.010125,556.010125,556.010125,556.010125,556.010125,556.010125,556.010125,556.010125,556.010125,556.010125,556.010125
2017-06-17,545.917563,545.917563,545.917563,545.917563,545.917563,545.917563,545.917563,545.917563,545.917563,545.917563,545.917563,545.917563,545.917563,545.917563,545.917563,545.917563,545.917563,545.917563,545.917563,545.917563,545.917563,545.917563,545.917563,545.917563,545.917563,545.917563,545.917563
2017-06-18,537.832972,537.832972,537.832972,537.832972,537.832972,537.832972,537.832972,537.832972,537.832972,537.832972,537.832972,537.832972,537.832972,537.832972,537.832972,537.832972,537.832972,537.832972,537.832972,537.832972,537.832972,537.832972,537.832972,537.832972,537.832972,537.832972,537.832972
2017-06-19,547.136045,547.136045,547.136045,547.136045,547.136045,547.136045,547.136045,547.136045,547.136045,547.136045,547.136045,547.136045,547.136045,547.136045,547.136045,547.136045,547.136045,547.136045,547.136045,547.136045,547.136045,547.136045,547.136045,547.136045,547.136045,547.136045,547.136045
2017-06-20,534.230632,534.230632,534.230632,534.230632,534.230632,534.230632,534.230632,534.230632,534.230632,534.230632,534.230632,534.230632,534.230632,534.230632,534.230632,534.230632,534.230632,534.230632,534.230632,534.230632,534.230632,534.230632,534.230632,534.230632,534.230632,534.230632,534.230632
2017-06-21,542.306002,542.306002,542.306002,542.306002,542.306002,542.306002,542.306002,542.306002,542.306002,542.306002,542.306002,542.306002,542.306002,542.306002,542.306002,542.306002,542.306002,542.306002,542.306002,542.306002,542.306002,542.306002,542.306002,542.306002,542.306002,542.306002,542.306002
2017-06-22,568.586077,568.586077,568.586077,568.586077,568.586077,568.586077,568.586077,568.586077,568.586077,568.586077,568.586077,568.586077,568.586077,568.586077,568.586077,568.586077,568.586077,568.586077,568.586077,568.586077,568.586077,568.586077,568.586077,568.586077,568.586077,568.586077,568.586077
2017-06-23,566.546458,566.546458,566.546458,566.546458,566.546458,566.546458,566.546458,566.546458,566.546458,566.546458,566.546458,566.546458,566.546458,566.546458,566.546458,566.546458,566.546458,566.546458,566.546458,566.546458,566.546458,566.546458,566.546458,566.546458,566.546458,566.546458,566.546458
2017-06-24,567.625163,567.625163,567.625163,567.625163,567.625163,567.625163,567.625163,567.625163,567.625163,567.625163,567.625163,567.625163,567.625163,567.625163,567.625163,567.625163,567.625163,567.625163,567.625163,567.625163,567.625163,567.625163,567.625163,567.625163,567.625163,567.625163,567.625163
2017-06-25,578.991026,578.991026,578.991026,578.991026,578.991026,578.991026,578.991026,578.991026,578.991026,578.991026,578.991026,578.991026,578.991026,578.991026,578.991026,578.991026,578.991026,578.991026,578.991026,578.991026,578.991026,578.991026,578.991026,578.991026,578.991026,578.991026,578.991026
2017-06-26,571.996724,571.996724,571.996724,571.996724,571.996724,571.996724,571.996724,571.996724,571.996724,571.996724,571.996724,571.996724,571.996724,571.996724,571.996724,571.996724,571.996724,571.996724,571.996724,571.996724,571.996724,571.996724,571.996724,571.996724,571.996724,571.996724,571.996724
2017-06-27,583.870765,583.870765,583.870765,583.870765,583.870765,583.870765,583.870765,583.870765,583.870765,583.870765,583.870765,583.870765,583.870765,583.870765,583.870765,583.870765,583.870765,583.870765,583.870765,583.870765,583.870765,583.870765,583.870765,583.870765,583.870765,583.870765,583.870765
2017-06-28,575.034015,575.034015,575.034015,575.034015,575.034015,575.034015,575.034015,575.034015,575.034015,575.034015,575.034015,575.034015,575.034015,575.034015,575.034015,575.034015,575.034015,575.034015,575.034015,575.034015,575.034015,575.034015,575.034015,575.034015,575.034015,575.034015,575.034015
2017-06-29,553.340278,553.340278,553.340278,553.340278,553.340278,553.340278,553.340278,553.340278,553.340278,553.340278,553.340278,553.340278,553.340278,553.340278,553.340278,553.340278,553.340278,553.340278,553.340278,553.340278,553.340278,553.340278,553.340278,553.340278,553.340278,553.340278,553.340278
2017-06-30,565.304464,565.304464,565.304464,565.304464,565.304464,565.304464,565.304464,565.304464,565.304464,565.304464,565.304464,565.304464,565.304464,565.304464,565.304464,565.304464,565.304464,565.304464,565.304464,565.304464,565.304464,565.304464,565.304464,565.304464,565.304464,565.304464,565.304464
2017-07-01,554.105161,554.105161,554.105161,554.105161,554.105161,554.105161,554.105161,554.105161,554.105161,554.105161,554.105161,554.105161,554.105161,554.105161,554.105161,554.105161,554.105161,554.105161,554.105161,554.105161,554.105161,554.105161,554.105161,554.105161,554.105161,554.105161,554.105161
2017-07-02,546.964587,546.964587,546.964587,546.964587,546.964587,546.964587,546.964587,546.964587,546.964587,546.964587,546.964587,546.964587,546.964587,546.964587,546.964587,546.964587,546.964587,546.964587,546.964587,546.964587,546.964587,546.964587,546.964587,546.964587,546.964587,546.964587,546.964587
2017-07-03,537.765446,537.765446,537.765446,537.765446,537.765446,537.765446,537.765446,537.765446,537.765446,537.765446,537.765446,537.765446,537.765446,537.765446,537.765446,537.765446,537.765446,537.765446,537.765446,537.765446,537.765446,537.765446,537.765446,537.765446,537.765446,537.765446,537.765446
2017-07-04,546.820092,546.820092,546.820092,546.820092,546.820092,546.820092,546.820092,546.820092,546.820092,546.820092,546.820092,546.820092,546.820092,546.820092,546.820092,546.820092,546.820092,546.820092,546.820092,546.820092,546.820092,546.820092,546.820092,546.820092,546.820092,546.820092,546.820092
2017-07-05,555.811499,555.811499,555.811499,555.811499,555.811499,555.811499,555.811499,555.811499,555.811499,555.811499,555.811499,555.811499,555.811499,555.811499,555.811499,555.811499,555.811499,555.811499,555.811499,555.811499,555.811499,555.811499,555.811499,555.811499,555.811499,555.811499,555.811499
2017-07-06,573.64425,573.64425,573.64425,573.64425,573.64425,573.64425,573.64425,573.64425,573.64425,573.64425,573.64425,573.64425,573.64425,573.64425,573.64425,573.64425,573.64425,573.64425,573.64425,573.64425,573.64425,573.64425,573.64425,573.64425,573.64425,573.64425,573.64425
2017-07-07,575.714742,575.714742,575.714742,575.714742,575.714742,575.714742,575.714742,575.714742,575.714742,575.714742,575.714742,575.714742,575.714742,575.714742,575.714742,575.714742,575.714742,575.714742,575.714742,575.714742,575.714742,575.714742,575.714742,575.714742,575.714742,575.714742,575.714742
2017-07-08,589.766766,589.766766,589.766766,589.766766,589.766766,589.766766,589.766766,589.766766,589.766766,589.766766,589.766766,589.766766,589.766766,589.766766,589.766766,589.766766,589.766766,589.766766,589.766766,589.766766,589.766766,589.766766,589.766766,589.766766,589.766766,589.766766,589.766766
2017-07-09,589.331329,589.331329,589.331329,589.331329,589.331329,589.331329,589.331329,589.331329,589.331329,589.331329,589.331329,589.331329,589.331329,589.331329,589.331329,589.331329,589.331329,589.331329,589.331329,589.331329,589.331329,589.331329,589.331329,589.331329,589.331329,589.331329,589.331329
2017-07-10,598.325954,598.325954,598.325954,598.325954,598.325954,598.325954,598.325954,598.325954,598.325954,598.325954,598.325954,598.325954,598.325954,598.325954,598.325954,598.325954,598.325954,598.325954,598.325954,598.325954,598.325954,598.325954,598.325954,598.325954,598.325954,598.325954,598.325954
2017-07-11,586.700097,586.700097,586.700097,586.700097,586.700097,586.700097,586.700097,586.700097,586.700097,586.700097,586.700097,586.700097,586.700097,586.700097,586.700097,586.700097,586.700097,586.700097,586.700097,586.700097,586.700097,586.700097,586.700097,586.700097,586.700097,586.700097,586.700097
2017-07-12,579.37233,579.37233,579.37233,579.37233,579.37233,579.37233,579.37233,579.37233,579.37233,579.37233,579.37233,579.37233,579.37233,579.37233,579.37233,579.37233,579.37233,579.37233,579.37233,579.37233,579.37233,579.37233,579.37233,579.37233,579.37233,579.37233,579.37233
2017-07-13,552.335351,552.335351,552.335351,552.335351,552.335351,552.335351,552.335351,552.335351,552.335351,552.335351,552.335351,552.335351,552.335351,552.335351,552.335351,552.335351,552.335351,552.335351,552.335351,552.335351,552.335351,552.335351,552.335351,552.335351,552.335351,552.335351,552.335351
2017-07-14,548.715246,548.715246,548.715246,548.715246,548.715246,548.715246,548.715246,548.715246,548.715246,548.715246,548.715246,548.715246,548.715246,548.715246,548.715246,548.715246,548.715246,548.715246,548.715246,548.715246,548.715246,548.715246,548.715246,548.715246,548.715246,548.715246,548.715246
2017-07-15,554.75552,554.75552,554.75552,554.75552,554.75552,554.75552,554.75552,554.75552,554.75552,554.75552,554.75552,554.75552,554.75552,554.75552,554.75552,554.75552,554.75552,554.75552,554.75552,554.75552,554.75552,554.75552,554.75552,554.75552,554.75552,554.75552,554.75552
2017-07-16,563.319528,563.319528,563.319528,563.319528,563.319528,563.319528,563.319528,563.319528,563.319528,563.319528,563.319528,563.319528,563.319528,563.319528,563.319528,563.319528,563.319528,563.319528,563.319528,563.319528,563.319528,563.319528,563.319528,563.319528,563.319528,563.319528,563.319528
2017-07-17,563.479152,563.479152,563.479152,563.479152,563.479152,563.479152,563.479152,563.479152,563.479152,563.479152,563.479152,563.479152,563.479152,563.479152,563.479152,563.479152,563.479152,563.479152,563.479152,563.479152,563.479152,563.479152,563.479152,563.479152,563.479152,563.479152,563.479152
2017-07-18,589.650949,589.650949,589.650949,589.650949,589.650949,589.650949,589.650949,589.650949,589.650949,589.650949,589.650949,589.650949,589.650949,589.650949,589.650949,589.650949,589.650949,589.650949,589.650949,589.650949,589.650949,589.650949,589.650949,589.650949,589.650949,589.650949,589.650949
2017-07-19,602.643196,602.643196,602.643196,602.643196,602.643196,602.643196,602.643196,602.643196,602.643196,602.643196,602.643196,602.643196,602.643196,602.643196,602.643196,602.643196,602.643196,602.643196,602.643196,602.643196,602.643196,602.643196,602.643196,602.643196,602.643196,602.643196,602.643196
2017-07-20,628.671243,628.671243,628.671243,628.671243,628.671243,628.671243,628.671243,628.671243,628.671243,628.671243,628.671243,628.671243,628.671243,628.671243,628.671243,628.671243,628.671243,628.671243,628.671243,628.671243,628.671243,628.671243,628.671243,628.671243,628.671243,628.671243,628.671243
2017-07-21,619.588383,619.588383,619.588383,619.588383,619.588383,619.588383,619.588383,619.588383,619.588383,619.588383,619.588383,619.588383,619.588383,619.588383,619.588383,619.588383,619.588383,619.588383,619.588383,619.588383,619.588383,619.588383,619.588383,619.588383,619.588383,619.588383,619.588383
2017-07-22,608.470743,608.470743,608.470743,608.470743,608.470743,608.470743,608.470743,608.470743,608.470743,608.470743,608.470743,608.470743,608.470743,608.470743,608.470743,608.470743,608.470743,608.470743,608.470743,608.470743,608.470743,608.470743,608.470743,608.470743,608.470743,608.470743,608.470743
2017-07-23,601.680001,601.680001,601.680001,601.680001,601.680001,601.680001,601.680001,601.680001,601.680001,601.680001,601.680001,601.680001,601.680001,601.680001,601.680001,601.680001,601.680001,601.680001,601.680001,601.680001,601.680001,601.680001,601.680001,601.680001,601.680001,601.680001,601.680001
2017-07-24,603.595403,603.595403,603.595403,603.595403,603.595403,603.595403,603.595403,603.595403,603.595403,603.595403,603.595403,603.595403,603.595403,603.595403,603.595403,603.595403,603.595403,603.595403,603.595403,603.595403,603.595403,603.595403,603.595403,603.595403,603.595403,603.595403,603.595403
2017-07-25,578.000111,578.000111,578.000111,578.000111,578.000111,578.000111,578.000111,578.000111,578.000111,578.000111,578.000111,578.000111,578.000111,578.000111,578.000111,578.000111,578.000111,578.000111,578.000111,578.000111,578.000111,578.000111,578.000111,578.000111,578.000111,578.000111,578.000111
2017-07-26,572.998885,572.998885,572.998885,572.998885,572.998885,572.998885,572.998885,572.998885,572.998885,572.998885,572.998885,572.998885,572.998885,572.998885,572.998885,572.998885,572.998885,572.998885,572.998885,572.998885,572.998885,572.998885,572.998885,572.998885,572.998885,572.998885,572.998885
2017-07-27,560.763878,560.763878,560.763878,560.763878,560.763878,560.763878,560.763878,560.763878,560.763878,560.763878,560.763878,560.763878,560.763878,560.763878,560.763878,560.763878,560.763878,560.763878,560.763878,560.763878,560.763878,560.763878,560.763878,560.763878,560.763878,560.763878,560.763878
2017-07-28,560.822366,560.822366,560.822366,560.822366,560.822366,560.822366,560.822366,560.822366,560.822366,560.822366,560.822366,560.822366,560.822366,560.822366,560.822366,560.822366,560.822366,560.822366,560.822366,560.822366,560.822366,560.822366,560.822366,560.822366,560.822366,560.822366,560.822366
2017-07-29,563.024274,563.024274,563.024274,563.024274,563.024274,563.024274,563.024274,563.024274,563.024274,563.024274,563.024274,563.024274,563.024274,563.024274,563.024274,563.024274,563.024274,563.024274,563.024274,563.024274,563.024274,563.024274,563.024274,563.024274,563.024274,563.024274,563.024274
2017-07-30,558.70367,558.70367,558.70367,558.70367,558.70367,558.70367,558.70367,558.70367,558.70367,558.70367,558.70367,558.70367,558.70367,558.70367,558.70367,558.70367,558.70367,558.70367,558.70367,558.70367,558.70367,558.70367,558.70367,558.70367,558.70367,558.70367,558.70367
2017-07-31,551.678434,551.678434,551.678434,551.678434,551.678434,551.678434,551.678434,551.678434,551.678434,551.678434,551.678434,551.678434,551.678434,551.678434,551.678434,551.678434,551.678434,551.678434,551.678434,551.678434,551.678434,551.678434,551.678434,551.678434,551.678434,551.678434,551.678434
2017-08-01,556.717514,556.717514,556.717514,556.717514,556.717514,556.717514,556.717514,556.717514,556.717514,556.717514,556.717514,556.717514,556.717514,556.717514,556.717514,556.717514,556.717514,556.717514,556.717514,556.717514,556.717514,556.717514,556.717514,556.717514,556.717514,556.717514,556.717514
2017-08-02,560.003582,560.003582,560.003582,560.003582,560.003582,560.003582,560.003582,560.003582,560.003582,560.003582,560.003582,560.003582,560.003582,560.003582,560.003582,560.003582,560.003582,560.003582,560.003582,560.003582,560.003582,560.003582,560.003582,560.003582,560.003582,560.003582,560.003582
2017-08-03,545.65964,545.65964,545.65964,545.65964,545.65964,545.65964,545.65964,545.65964,545.65964,545.65964,545.65964,545.65964,545.65964,545.65964,545.65964,545.65964,545.65964,545.65964,545.65964,545.65964,545.65964,545.65964,545.65964,545.65964,545.65964,545.65964,545.65964
2017-08-04,548.367778,548.367778,548.367778,548.367778,548.367778,548.367778,548.367778,548.367778,548.367778,548.367778,548.367778,548.367778,548.367778,548.367778,548.367778,548.367778,548.367778,548.367778,548.367778,548.367778,548.367778,548.367778,548.367778,548.367778,548.367778,548.367778,548.367778
2017-08-05,549.930217,549.930217,549.930217,549.930217,549.930217,549.930217,549.930217,549.930217,549.930217,549.930217,549.930217,549.930217,549.930217,549.930217,549.930217,549.930217,549.930217,549.930217,549.930217,549.930217,549.930217,549.930217,549.930217,549.930217,549.930217,549.930217,549.930217
2017-08-06,562.915408,562.915408,562.915408,562.915408,562.915408,562.915408,562.915408,562.915408,562.915408,562.915408,562.915408,562.915408,562.915408,562.915408,562.915408,562.915408,562.915408,562.915408,562.915408,562.915408,562.915408,562.915408,562.915408,562.915408,562.915408,562.915408,562.915408
2017-08-07,562.767383,562.767383,562.767383,562.767383,562.767383,562.767383,562.767383,562.767383,562.767383,562.767383,562.767383,562.767383,562.767383,562.767383,562.767383,562.767383,562.767383,562.767383,562.767383,562.767383,562.767383,562.767383,562.767383,562.767383,562.767383,562.767383,562.767383
2017-08-08,553.820623,553.820623,553.820623,553.820623,553.820623,553.820623,553.820623,553.820623,553.820623,553.820623,553.820623,553.820623,553.820623,553.820623,553.820623,553.820623,553.820623,553.820623,553.820623,553.820623,553.820623,553.820623,553.820623,553.820623,553.820623,553.820623,553.820623
2017-08-09,559.54455,559.54455,559.54455,559.54455,559.54455,559.54455,559.54455,559.54455,559.54455,559.54455,559.54455,559.54455,559.54455,559.54455,559.54455,559.54455,559.54455,559.54455,559.54455,559.54455,559.54455,559.54455,559.54455,559.54455,559.54455,559.54455,559.54455
2017-08-10,566.700094,566.700094,566.700094,566.700094,566.700094,566.700094,566.700094,566.700094,566.700094,566.700094,566.700094,566.700094,566.700094,566.700094,566.700094,566.700094,566.700094,566.700094,566.700094,566.700094,566.700094,566.700094,566.700094,566.700094,566.700094,566.700094,566.700094
2017-08-11,568.734935,568.734935,568.734935,568.734935,568.734935,568.734935,568.734935,568.734935,568.734935,568.734935,568.734935,568.734935,568.734935,568.734935,568.734935,568.734935,568.734935,568.734935,568.734935,568.734935,568.734935,568.734935,568.734935,568.734935,568.734935,568.734935,568.734935
2017-08-12,561.216583,561.216583,561.216583,561.216583,561.216583,561.216583,561.216583,561.216583,561.216583,561.216583,561.216583,561.216583,561.216583,561.216583,561.216583,561.216583,561.216583,561.216583,561.216583,561.216583,561.216583,561.216583,561.216583,561.216583,561.216583,561.216583,561.216583
2017-08-13,546.742077,546.742077,546.742077,546.742077,546.742077,546.742077,546.742077,546.742077,546.742077,546.742077,546.742077,546.742077,546.742077,546.742077,546.742077,546.742077,546.742077,546.742077,546.742077,546.742077,546.742077,546.742077,546.742077,546.742077,546.742077,546.742077,546.742077
2017-08-14,550.476633,550.476633,550.476633,550.476633,550.476633,550.476633,550.476633,550.476633,550.476633,550.476633,550.476633,550.476633,550.476633,550.476633,550.476633,550.476633,550.476633,550.476633,550.476633,550.476633,550.476633,550.476633,550.476633,550.476633,550.476633,550.476633,550.476633
2017-08-15,546.334859,546.334859,546.334859,546.334859,546.334859,546.334859,546.334859,546.334859,546.334859,546.334859,546.334859,546.334859,546.334859,546.334859,546.334859,546.334859,546.334859,546.334859,546.334859,546.334859,546.334859,546.334859,546.334859,546.334859,546.334859,546.334859,546.334859
2017-08-16,539.492244,539.492244,539.492244,539.492244,539.492244,539.492244,539.492244,539.492244,539.492244,539.492244,539.492244,539.492244,539.492244,539.492244,539.492244,539.492244,539.492244,539.492244,539.492244,539.492244,539.492244,539.492244,539.492244,539.492244,539.492244,539.492244,539.492244
2017-08-17,540.791955,540.791955,540.791955,540.791955,540.791955,540.791955,540.791955,540.791955,540.791955,540.791955,540.791955,540.791955,540.791955,540.791955,540.791955,540.791955,540.791955,540.791955,540.791955,540.791955,540.791955,540.791955,540.791955,540.791955,540.791955,540.791955,540.791955
2017-08-18,542.181979,542.181979,542.181979,542.181979,542.181979,542.181979,542.181979,542.181979,542.181979,542.181979,542.181979,542.181979,542.181979,542.181979,542.181979,542.181979,542.181979,542.181979,542.181979,542.181979,542.181979,542.181979,542.181979,542.181979,542.181979,542.181979,542.181979
2017-08-19,541.334714,541.334714,541.334714,541.334714,541.334714,541.334714,541.334714,541.334714,541.334714,541.334714,541.334714,541.334714,541.334714,541.334714,541.334714,541.334714,541.334714,541.334714,541.334714,541.334714,541.334714,541.334714,541.334714,541.334714,541.334714,541.334714,541.334714
2017-08-20,547.207254,547.207254,547.207254,547.207254,547.207254,547.207254,547.207254,547.207254,547.207254,547.207254,547.207254,547.207254,547.207254,547.207254,547.207254,547.207254,547.207254,547.207254,547.207254,547.207254,547.207254,547.207254,547.207254,547.207254,547.207254,547.207254,547.207254
2017-08-21,556.226047,556.226047,556.226047,556.226047,556.226047,556.226047,556.226047,556.226047,556.226047,556.226047,556.226047,556.226047,556.226047,556.226047,556.226047,556.226047,556.226047,556.226047,556.226047,556.226047,556.226047,556.226047,556.226047,556.226047,556.226047,556.226047,556.226047
2017-08-22,565.730336,565.730336,565.730336,565.730336,565.730336,565.730336,565.730336,565.730336,565.730336,565.730336,565.730336,565.730336,565.730336,565.730336,565.730336,565.730336,565.730336,565.730336,565.730336,565.730336,565.730336,565.730336,565.730336,565.730336,565.730336,565.730336,565.730336
2017-08-23,550.579984,550.579984,550.579984,550.579984,550.579984,550.579984,550.579984,550.579984,550.579984,550.579984,550.579984,550.579984,550.579984,550.579984,550.579984,550.579984,550.579984,550.579984,550.579984,550.579984,550.579984,550.579984,550.579984,550.579984,550.579984,550.579984,550.579984
2017-08-24,547.315247,547.315247,547.315247,547.315247,547.315247,547.315247,547.315247,547.315247,547.315247,547.315247,547.315247,547.315247,547.315247,547.315247,547.315247,547.315247,547.315247,547.315247,547.315247,547.315247,547.315247,547.315247,547.315247,547.315247,547.315247,547.315247,547.315247
2017-08-25,538.478112,538.478112,538.478112,538.478112,538.478112,538.478112,538.478112,538.478112,538.478112,538.478112,538.478112,538.478112,538.478112,538.478112,538.478112,538.478112,538.478112,538.478112,538.478112,538.478112,538.478112,538.478112,538.478112,538.478112,538.478112,538.478112,538.478112
2017-08-26,553.337353,553.337353,553.337353,553.337353,553.337353,553.337353,553.337353,553.337353,553.337353,553.337353,553.337353,553.337353,553.337353,553.337353,553.337353,553.337353,553.337353,553.337353,553.337353,553.337353,553.337353,553.337353,553.337353,553.337353,553.337353,553.337353,553.337353
2017-08-27,551.638567,551.638567,551.638567,551.638567,551.638567,551.638567,551.638567,551.638567,551.638567,551.638567,551.638567,551.638567,551.638567,551.638567,551.638567,551.638567,551.638567,551.638567,551.638567,551.638567,551.638567,551.638567,551.638567,551.638567,551.638567,551.638567,551.638567
2017-08-28,540.999575,540.999575,540.999575,540.999575,540.999575,540.999575,540.999575,540.999575,540.999575,540.999575,540.999575,540.999575,540.999575,540.999575,540.999575,540.999575,540.999575,540.999575,540.999575,540.999575,540.999575,540.999575,540.999575,540.999575,540.999575,540.999575,540.999575
2017-08-29,538.547416,538.547416,538.547416,538.547416,538.547416,538.547416,538.547416,538.547416,538.547416,538.547416,538.547416,538.547416,538.547416,538.547416,538.547416,538.547416,538.547416,538.547416,538.547416,538.547416,538.547416,538.547416,538.547416,538.547416,538.547416,538.547416,538.547416
2017-08-30,549.478103,549.478103,549.478103,549.478103,549.478103,549.478103,549.478103,549.478103,549.478103,549.478103,549.478103,549.478103,549.478103,549.478103,549.478103,549.478103,549.478103,549.478103,549.478103,549.478103,549.478103,549.478103,549.478103,549.478103,549.478103,549.478103,549.478103
2017-08-31,567.165955,567.165955,567.165955,567.165955,567.165955,567.165955,567.165955,567.165955,567.165955,567.165955,567.165955,567.165955,567.165955,567.165955,567.165955,567.165955,567.165955,567.165955,567.165955,567.165955,567.165955,567.165955,567.165955,567.165955,567.165955,567.165955,567.165955
2017-09-01,570.259483,570.259483,570.259483,570.259483,570.259483,570.259483,570.259483,570.259483,570.259483,570.259483,570.259483,570.259483,570.259483,570.259483,570.259483,570.259483,570.259483,570.259483,570.259483,570.259483,570.259483,570.259483,570.259483,570.259483,570.259483,570.259483,570.259483
2017-09-02,567.164399,567.164399,567.164399,567.164399,567.164399,567.164399,567.164399,567.164399,567.164399,567.164399,567.164399,567.164399,567.164399,567.164399,567.164399,567.164399,567.164399,567.164399,567.164399,567.164399,567.164399,567.164399,567.164399,567.164399,567.164399,567.164399,567.164399
2017-09-03,572.626521,572.626521,572.626521,572.626521,572.626521,572.626521,572.626521,572.626521,572.626521,572.626521,572.626521,572.626521,572.626521,572.626521,572.626521,572.626521,572.626521,572.626521,572.626521,572.626521,572.626521,572.626521,572.626521,572.626521,572.626521,572.626521,572.626521
2017-09-04,577.096005,577.096005,577.096005,577.096005,577.096005,577.096005,577.096005,577.096005,577.096005,577.096005,577.096005,577.096005,577.096005,577.096005,577.096005,577.096005,577.096005,577.096005,577.096005,577.096005,577.096005,577.096005,577.096005,577.096005,577.096005,577.096005,577.096005
2017-09-05,573.223064,573.223064,573.223064,573.223064,573.223064,573.223064,573.223064,573.223064,573.223064,573.223064,573.223064,573.223064,573.223064,573.223064,573.223064,573.223064,573.223064,573.223064,573.223064,573.223064,573.223064,573.223064,573.223064,573.223064,573.223064,573.223064,573.223064
2017-09-06,565.213112,565.213112,565.213112,565.213112,565.213112,565.213112,565.213112,565.213112,565.213112,565.213112,565.213112,565.213112,565.213112,565.213112,565.213112,565.213112,565.213112,565.213112,565.213112,565.213112,565.213112,565.213112,565.213112,565.213112,565.213112,565.213112,565.213112
2017-09-07,553.02923,553.02923,553.02923,553.02923,553.02923,553.02923,553.02923,553.02923,553.02923,553.02923,553.02923,553.02923,553.02923,553.02923,553.02923,553.02923,553.02923,553.02923,553.02923,553.02923,553.02923,553.02923,553.02923,553.02923,553.02923,553.02923,553.02923
2017-09-08,549.892626,549.892626,549.892626,549.892626,549.892626,549.892626,549.892626,549.892626,549.892626,549.892626,549.892626,549.892626,549.892626,549.892626,549.892626,549.892626,549.892626,549.892626,549.892626,549.892626,549.892626,549.892626,549.892626,549.892626,549.892626,549.892626,549.892626
2017-09-09,553.740812,553.740812,553.740812,553.740812,553.740812,553.740812,553.740812,553.740812,553.740812,553.740812,553.740812,553.740812,553.740812,553.740812,553.740812,553.740812,553.740812,553.740812,553.740812,553.740812,553.740812,553.740812,553.740812,553.740812,553.740812,553.740812,553.740812
2017-09-10,550.570326,550.570326,550.570326,550.570326,550.570326,550.570326,550.570326,550.570326,550.570326,550.570326,550.570326,550.570326,550.570326,550.570326,550.570326,550.570326,550.570326,550.570326,550.570326,550.570326,550.570326,550.570326,550.570326,550.570326,550.570326,550.570326,550.570326
2017-09-11,546.659809,546.659809,546.659809,546.659809,546.659809,546.659809,546.659809,546.659809,546.659809,546.659809,546.659809,546.659809,546.659809,546.659809,546.659809,546.659809,546.659809,546.659809,546.659809,546.659809,546.659809,546.659809,546.659809,546.659809,546.659809,546.659809,546.659809
2017-09-12,537.049451,537.049451,537.049451,537.049451,537.049451,537.049451,537.049451,537.049451,537.049451,537.049451,537.049451,537.049451,537.049451,537.049451,537.049451,537.049451,537.049451,537.049451,537.049451,537.049451,537.049451,537.049451,537.049451,537.049451,537.049451,537.049451,537.049451
2017-09-13,539.616871,539.616871,539.616871,539.616871,539.616871,539.616871,539.616871,539.616871,539.616871,539.616871,539.616871,539.616871,539.616871,539.616871,539.616871,539.616871,539.616871,539.616871,539.616871,539.616871,539.616871,539.616871,539.616871,539.616871,539.616871,539.616871,539.616871
2017-09-14,537.405276,537.405276,537.405276,537.405276,537.405276,537.405276,537.405276,537.405276,537.405276,537.405276,537.405276,537.405276,537.405276,537.405276,537.405276,537.405276,537.405276,537.405276,537.405276,537.405276,537.405276,537.405276,537.405276,537.405276,537.405276,537.405276,537.405276
2017-09-15,539.760537,539.760537,539.760537,539.760537,539.760537,539.760537,539.760537,539.760537,539.760537,539.760537,539.760537,539.760537,539.760537,539.760537,539.760537,539.760537,539.760537,539.760537,539.760537,539.760537,539.760537,539.760537,539.760537,539.760537,539.760537,539.760537,539.760537
2017-09-16,531.475473,531.475473,531.475473,531.475473,531.475473,531.475473,531.475473,531.475473,531.475473,531.475473,531.475473,531.475473,531.475473,531.475473,531.475473,531.475473,531.475473,531.475473,531.475473,531.475473,531.475473,531.475473,531.475473,531.475473,531.475473,531.475473,531.475473
2017-09-17,518.759941,518.759941,518.759941,518.759941,518.759941,518.759941,518.759941,518.759941,518.759941,518.759941,518.759941,518.759941,518.759941,518.759941,518.759941,518.759941,518.759941,518.759941,518.759941,518.759941,518.759941,518.759941,518.759941,518.759941,518.759941,518.759941,518.759941
2017-09-18,518.151524,518.151524,518.151524,518.151524,518.151524,518.151524,518.151524,518.151524,518.151524,518.151524,518.151524,518.151524,518.151524,518.151524,518.151524,518.151524,518.151524,518.151524,518.151524,518.151524,518.151524,518.151524,518.151524,518.151524,518.151524,518.151524,518.151524
2017-09-19,524.932061,524.932061,524.932061,524.932061,524.932061,524.932061,524.932061,524.932061,524.932061,524.932061,524.932061,524.932061,524.932061,524.932061,524.932061,524.932061,524.932061,524.932061,524.932061,524.932061,524.932061,524.932061,524.932061,524.932061,524.932061,524.932061,524.932061
2017-09-20,531.426447,531.426447,531.426447,531.426447,531.426447,531.426447,531.426447,531.426447,531.426447,531.426447,531.426447,531.426447,531.426447,531.426447,531.426447,531.426447,531.426447,531.426447,531.426447,531.426447,531.426447,531.426447,531.426447,531.426447,531.426447,531.426447,531.426447
2017-09-21,533.546796,533.546796,533.546796,533.546796,533.546796,533.546796,533.546796,533.546796,533.546796,533.546796,533.546796,533.546796,533.546796,533.546796,533.546796,533.546796,533.546796,533.546796,533.546796,533.546796,533.546796,533.546796,533.546796,533.546796,533.546796,533.546796,533.546796
2017-09-22,525.361153,525.361153,525.361153,525.361153,525.361153,525.361153,525.361153,525.361153,525.361153,525.361153,525.361153,525.361153,525.361153,525.361153,525.361153,525.361153,525.361153,525.361153,525.361153,525.361153,525.361153,525.361153,525.361153,525.361153,525.361153,525.361153,525.361153
2017-09-23,531.519062,531.519062,531.519062,531.519062,531.519062,531.519062,531.519062,531.519062,531.519062,531.519062,531.519062,531.519062,531.519062,531.519062,531.519062,531.519062,531.519062,531.519062,531.519062,531.519062,531.519062,531.519062,531.519062,531.519062,531.519062,531.519062,531.519062
2017-09-24,546.628256,546.628256,546.628256,546.628256,546.628256,546.628256,546.628256,546.628256,546.628256,546.628256,546.628256,546.628256,546.628256,546.628256,546.628256,546.628256,546.628256,546.628256,546.628256,546.628256,546.628256,546.628256,546.628256,546.628256,546.628256,546.628256,546.628256
2017-09-25,548.86233,548.86233,548.86233,548.86233,548.86233,548.86233,548.86233,548.86233,548.86233,548.86233,548.86233,548.86233,548.86233,548.86233,548.86233,548.86233,548.86233,548.86233,548.86233,548.86233,548.86233,548.86233,548.86233,548.86233,548.86233,548.86233,548.86233
2017-09-26,553.530284,553.530284,553.530284,553.530284,553.530284,553.530284,553.530284,553.530284,553.530284,553.530284,553.530284,553.530284,553.530284,553.530284,553.530284,553.530284,553.530284,553.530284,553.530284,553.530284,553.530284,553.530284,553.530284,553.530284,553.530284,553.530284,553.530284
2017-09-27,552.046817,552.046817,552.046817,552.046817,552.046817,552.046817,552.046817,552.046817,552.046817,552.046817,552.046817,552.046817,552.046817,552.046817,552.046817,552.046817,552.046817,552.046817,552.046817,552.046817,552.046817,552.046817,552.046817,552.046817,552.046817,552.046817,552.046817
2017-09-28,551.37123,551.37123,551.37123,551.37123,551.37123,551.37123,551.37123,551.37123,551.37123,551.37123,551.37123,551.37123,551.37123,551.37123,551.37123,551.37123,551.37123,551.37123,551.37123,551.37123,551.37123,551.37123,551.37123,551.37123,551.37123,551.37123,551.37123
2017-09-29,559.642138,559.642138,559.642138,559.642138,559.642138,559.642138,559.642138,559.642138,559.642138,559.642138,559.642138,559.642138,559.642138,559.642138,559.642138,559.642138,559.642138,559.642138,559.642138,559.642138,559.642138,559.642138,559.642138,559.642138,559.642138,559.642138,559.642138
2017-09-30,551.413412,551.413412,551.413412,551.413412,551.413412,551.413412,551.413412,551.413412,551.413412,551.413412,551.413412,551.413412,551.413412,551.413412,551.413412,551.413412,551.413412,551.413412,551.413412,551.413412,551.413412,551.413412,551.413412,551.413412,551.413412,551.413412,551.413412
2017-10-01,562.092631,562.092631,562.092631,562.092631,562.092631,562.092631,562.092631,562.092631,562.092631,562.092631,562.092631,562.092631,562.092631,562.092631,562.092631,562.092631,562.092631,562.092631,562.092631,562.092631,562.092631,562.092631,562.092631,562.092631,562.092631,562.092631,562.092631
2017-10-02,561.527386,561.527386,561.527386,561.527386,561.527386,561.527386,561.527386,561.527386,561.527386,561.527386,561.527386,561.527386,561.527386,561.527386,561.527386,561.527386,561.527386,561.527386,561.527386,561.527386,561.527386,561.527386,561.527386,561.527386,561.527386,561.527386,561.527386
2017-10-03,574.423754,574.423754,574.423754,574.423754,574.423754,574.423754,574.423754,574.423754,574.423754,574.423754,574.423754,574.423754,574.423754,574.423754,574.423754,574.423754,574.423754,574.423754,574.423754,574.423754,574.423754,574.423754,574.423754,574.423754,574.423754,574.423754,574.423754
2017-10-04,570.993639,570.993639,570.993639,570.993639,570.993639,570.993639,570.993639,570.993639,570.993639,570.993639,570.993639,570.993639,570.993639,570.993639,570.993639,570.993639,570.993639,570.993639,570.993639,570.993639,570.993639,570.993639,570.993639,570.993639,570.993639,570.993639,570.993639
2017-10-05,571.750766,571.750766,571.750766,571.750766,571.750766,571.750766,571.750766,571.750766,571.750766,571.750766,571.750766,571.750766,571.750766,571.750766,571.750766,571.750766,571.750766,571.750766,571.750766,571.750766,571.750766,571.750766,571.750766,571.750766,571.750766,571.750766,571.750766
2017-10-06,570.463785,570.463785,570.463785,570.463785,570.463785,570.463785,570.463785,570.463785,570.463785,570.463785,570.463785,570.463785,570.463785,570.463785,570.463785,570.463785,570.463785,570.463785,570.463785,570.463785,570.463785,570.463785,570.463785,570.463785,570.463785,570.463785,570.463785
2017-10-07,570.902895,570.902895,570.902895,570.902895,570.902895,570.902895,570.902895,570.902895,570.902895,570.902895,570.902895,570.902895,570.902895,570.902895,570.902895,570.902895,570.902895,570.902895,570.902895,570.902895,570.902895,570.902895,570.902895,570.902895,570.902895,570.902895,570.902895
2017-10-08,564.298096,564.298096,564.298096,564.298096,564.298096,564.298096,564.298096,564.298096,564.298096,564.298096,564.298096,564.298096,564.298096,564.298096,564.298096,564.298096,564.298096,564.298096,564.298096,564.298096,564.298096,564.298096,564.298096,564.298096,564.298096,564.298096,564.298096
2017-10-09,575.981847,575.981847,575.981847,575.981847,575.981847,575.981847,575.981847,575.981847,575.981847,575.981847,575.981847,575.981847,575.981847,575.981847,575.981847,575.981847,575.981847,575.981847,575.981847,575.981847,575.981847,575.981847,575.981847,575.981847,575.981847,575.981847,575.981847
2017-10-10,567.79428,567.79428,567.79428,567.79428,567.79428,567.79428,567.79428,567.79428,567.79428,567.79428,567.79428,567.79428,567.79428,567.79428,567.79428,567.79428,567.79428,567.79428,567.79428,567.79428,567.79428,567.79428,567.79428,567.79428,567.79428,567.79428,567.79428
2017-10-11,569.397509,569.397509,569.397509,569.397509,569.397509,569.397509,569.397509,569.397509,569.397509,569.397509,569.397509,569.397509,569.397509,569.397509,569.397509,569.397509,569.397509,569.397509,569.397509,569.397509,569.397509,569.397509,569.397509,569.397509,569.397509,569.397509,569.397509
2017-10-12,569.826005,569.826005,569.826005,569.826005,569.826005,569.826005,569.826005,569.826005,569.826005,569.826005,569.826005,569.826005,569.826005,569.826005,569.826005,569.826005,569.826005,569.826005,569.826005,569.826005,569.826005,569.826005,569.826005,569.826005,569.826005,569.826005,569.826005
2017-10-13,590.424404,590.424404,590.424404,590.424404,590.424404,590.424404,590.424404,590.424404,590.424404,590.424404,590.424404,590.424404,590.424404,590.424404,590.424404,590.424404,590.424404,590.424404,590.424404,590.424404,590.424404,590.424404,590.424404,590.424404,590.424404,590.424404,590.424404
2017-10-14,588.043975,588.043975,588.043975,588.043975,588.043975,588.043975,588.043975,588.043975,588.043975,588.043975,588.043975,588.043975,588.043975,588.043975,588.043975,588.043975,588.043975,588.043975,588.043975,588.043975,588.043975,588.043975,588.043975,588.043975,588.043975,588.043975,588.043975
2017-10-15,584.884817,584.884817,584.884817,584.884817,584.884817,584.884817,584.884817,584.884817,584.884817,584.884817,584.884817,584.884817,584.884817,584.884817,584.884817,584.884817,584.884817,584.884817,584.884817,584.884817,584.884817,584.884817,584.884817,584.884817,584.884817,584.884817,584.884817
2017-10-16,596.064467,596.064467,596.064467,596.064467,596.064467,596.064467,596.064467,596.064467,596.064467,596.064467,596.064467,596.064467,596.064467,596.064467,596.064467,596.064467,596.064467,596.064467,596.064467,596.064467,596.064467,596.064467,596.064467,596.064467,596.064467,596.064467,596.064467
2017-10-17,591.438729,591.438729,591.438729,591.438729,591.438729,591.438729,591.438729,591.438729,591.438729,591.438729,591.438729,591.438729,591.438729,591.438729,591.438729,591.438729,591.438729,591.438729,591.438729,591.438729,591.438729,591.438729,591.438729,591.438729,591.438729,591.438729,591.438729
2017-10-18,597.510805,597.510805,597.510805,597.510805,597.510805,597.510805,597.510805,597.510805,597.510805,597.510805,597.510805,597.510805,597.510805,597.510805,597.510805,597.510805,597.510805,597.510805,597.510805,597.510805,597.510805,597.510805,597.510805,597.510805,597.510805,597.510805,597.510805
2017-10-19,598.410715,598.410715,598.410715,598.410715,598.410715,598.410715,598.410715,598.410715,598.410715,598.410715,598.410715,598.410715,598.410715,598.410715,598.410715,598.410715,598.410715,598.410715,598.410715,598.410715,598.410715,598.410715,598.410715,598.410715,598.410715,598.410715,598.410715
2017-10-20,580.029984,580.029984,580.029984,580.029984,580.029984,580.029984,580.029984,580.029984,580.029984,580.029984,580.029984,580.029984,580.029984,580.029984,580.029984,580.029984,580.029984,580.029984,580.029984,580.029984,580.029984,580.029984,580.029984,580.029984,580.029984,580.029984,580.029984
2017-10-21,590.779872,590.779872,590.779872,590.779872,590.779872,590.779872,590.779872,590.779872,590.779872,590.779872,590.779872,590.779872,590.779872,590.779872,590.779872,590.779872,590.779872,590.779872,590.779872,590.779872,590.779872,590.779872,590.779872,590.779872,590.779872,590.779872,590.779872
2017-10-22,582.002877,582.002877,582.002877,582.002877,582.002877,582.002877,582.002877,582.002877,582.002877,582.002877,582.002877,582.002877,582.002877,582.002877,582.002877,582.002877,582.002877,582.002877,582.002877,582.002877,582.002877,582.002877,582.002877,582.002877,582.002877,582.002877,582.002877
2017-10-23,581.603274,581.603274,581.603274,581.603274,581.603274,581.603274,581.603274,581.603274,581.603274,581.603274,581.603274,581.603274,581.603274,581.603274,581.603274,581.603274,581.603274,581.603274,581.603274,581.603274,581.603274,581.603274,581.603274,581.603274,581.603274,581.603274,581.603274
2017-10-24,584.6051,584.6051,584.6051,584.6051,584.6051,584.6051,584.6051,584.6051,584.6051,584.6051,584.6051,584.6051,584.6051,584.6051,584.6051,584.6051,584.6051,584.6051,584.6051,584.6051,584.6051,584.6051,584.6051,584.6051,584.6051,584.6051,584.6051
2017-10-25,585.413201,585.413201,585.413201,585.413201,585.413201,585.413201,585.413201,585.413201,585.413201,585.413201,585.413201,585.413201,585.413201,585.413201,585.413201,585.413201,585.413201,585.413201,585.413201,585.413201,585.413201,585.413201,585.413201,585.413201,585.413201,585.413201,585.413201
2017-10-26,583.885454,583.885454,583.885454,583.885454,583.885454,583.885454,583.885454,583.885454,583.885454,583.885454,583.885454,583.885454,583.885454,583.885454,583.885454,583.885454,583.885454,583.885454,583.885454,583.885454,583.885454,583.885454,583.885454,583.885454,583.885454,583.885454,583.885454
2017-10-27,586.654069,586.654069,586.654069,586.654069,586.654069,586.654069,586.654069,586.654069,586.654069,586.654069,586.654069,586.654069,586.654069,586.654069,586.654069,586.654069,586.654069,586.654069,586.654069,586.654069,586.654069,586.654069,586.654069,586.654069,586.654069,586.654069,586.654069
2017-10-28,582.397744,582.397744,582.397744,582.397744,582.397744,582.397744,582.397744,582.397744,582.397744,582.397744,582.397744,582.397744,582.397744,582.397744,582.397744,582.397744,582.397744,582.397744,582.397744,582.397744,582.397744,582.397744,582.397744,582.397744,582.397744,582.397744,582.397744
2017-10-29,586.668859,586.668859,586.668859,586.668859,586.668859,586.668859,586.668859,586.668859,586.668859,586.668859,586.668859,586.668859,586.668859,586.668859,586.668859,586.668859,586.668859,586.668859,586.668859,586.668859,586.668859,586.668859,586.668859,586.668859,586.668859,586.668859,586.668859
2017-10-30,575.2192,575.2192,575.2192,575.2192,575.2192,575.2192,575.2192,575.2192,575.2192,575.2192,575.2192,575.2192,575.2192,575.2192,575.2192,575.2192,575.2192,575.2192,575.2192,575.2192,575.2192,575.2192,575.2192,575.2192,575.2192,575.2192,575.2192
2017-10-31,576.450603,576.450603,576.450603,576.450603,576.450603,576.450603,576.450603,576.450603,576.450603,576.450603,576.450603,576.450603,576.450603,576.450603,576.450603,576.450603,576.450603,576.450603,576.450603,576.450603,576.450603,576.450603,576.450603,576.450603,576.450603,576.450603,576.450603
2017-11-01,568.037215,568.037215,568.037215,568.037215,568.037215,568.037215,568.037215,568.037215,568.037215,568.037215,568.037215,568.037215,568.037215,568.037215,568.037215,568.037215,568.037215,568.037215,568.037215,568.037215,568.037215,568.037215,568.037215,568.037215,568.037215,568.037215,568.037215
2017-11-02,573.489176,573.489176,573.489176,573.489176,573.489176,573.489176,573.489176,573.489176,573.489176,573.489176,573.489176,573.489176,573.489176,573.489176,573.489176,573.489176,573.489176,573.489176,573.489176,573.489176,573.489176,573.489176,573.489176,573.489176,573.489176,573.489176,573.489176
2017-11-03,576.830417,576.830417,576.830417,576.830417,576.830417,576.830417,576.830417,576.830417,576.830417,576.830417,576.830417,576.830417,576.830417,576.830417,576.830417,576.830417,576.830417,576.830417,576.830417,576.830417,576.830417,576.830417,576.830417,576.830417,576.830417,576.830417,576.830417
2017-11-04,580.760328,580.760328,580.760328,580.760328,580.760328,580.760328,580.760328,580.760328,580.760328,580.760328,580.760328,580.760328,580.760328,580.760328,580.760328,580.760328,580.760328,580.760328,580.760328,580.760328,580.760328,580.760328,580.760328,580.760328,580.760328,580.760328,580.760328
2017-11-05,573.908358,573.908358,573.908358,573.908358,573.908358,573.908358,573.908358,573.908358,573.908358,573.908358,573.908358,573.908358,573.908358,573.908358,573.908358,573.908358,573.908358,573.908358,573.908358,573.908358,573.908358,573.908358,573.908358,573.908358,573.908358,573.908358,573.908358
2017-11-06,568.631875,568.631875,568.631875,568.631875,568.631875,568.631875,568.631875,568.631875,568.631875,568.631875,568.631875,568.631875,568.631875,568.631875,568.631875,568.631875,568.631875,568.631875,568.631875,568.631875,568.631875,568.631875,568.631875,568.631875,568.631875,568.631875,568.631875
2017-11-07,562.516571,562.516571,562.516571,562.516571,562.516571,562.516571,562.516571,562.516571,562.516571,562.516571,562.516571,562.516571,562.516571,562.516571,562.516571,562.516571,562.516571,562.516571,562.516571,562.516571,562.516571,562.516571,562.516571,562.516571,562.516571,562.516571,562.516571
2017-11-08,565.22806,565.22806,565.22806,565.22806,565.22806,565.22806,565.22806,565.22806,565.22806,565.22806,565.22806,565.22806,565.22806,565.22806,565.22806,565.22806,565.22806,565.22806,565.22806,565.22806,565.22806,565.22806,565.22806,565.22806,565.22806,565.22806,565.22806
2017-11-09,604.920276,604.920276,604.920276,604.920276,604.920276,604.920276,604.920276,604.920276,604.920276,604.920276,604.920276,604.920276,604.920276,604.920276,604.920276,604.920276,604.920276,604.920276,604.920276,604.920276,604.920276,604.920276,604.920276,604.920276,604.920276,604.920276,604.920276
2017-11-10,594.924022,594.924022,594.924022,594.924022,594.924022,594.924022,594.924022,594.924022,594.924022,594.924022,594.924022,594.924022,594.924022,594.924022,594.924022,594.924022,594.924022,594.924022,594.924022,594.924022,594.924022,594.924022,594.924022,594.924022,594.924022,594.924022,594.924022
2017-11-11,595.687252,595.687252,595.687252,595.687252,595.687252,595.687252,595.687252,595.687252,595.687252,595.687252,595.687252,595.687252,595.687252,595.687252,595.687252,595.687252,595.687252,595.687252,595.687252,595.687252,595.687252,595.687252,595.687252,595.687252,595.687252,595.687252,595.687252
2017-11-12,605.455606,605.455606,605.455606,605.455606,605.455606,605.455606,605.455606,605.455606,605.455606,605.455606,605.455606,605.455606,605.455606,605.455606,605.455606,605.455606,605.455606,605.455606,605.455606,605.455606,605.455606,605.455606,605.455606,605.455606,605.455606,605.455606,605.455606
2017-11-13,606.639666,606.639666,606.639666,606.639666,606.639666,606.639666,606.639666,606.639666,606.639666,606.639666,606.639666,606.639666,606.639666,606.639666,606.639666,606.639666,606.639666,606.639666,606.639666,606.639666,606.639666,606.639666,606.639666,606.639666,606.639666,606.639666,606.639666
2017-11-14,611.475862,611.475862,611.475862,611.475862,611.475862,611.475862,611.475862,611.475862,611.475862,611.475862,611.475862,611.475862,611.475862,611.475862,611.475862,611.475862,611.475862,611.475862,611.475862,611.475862,611.475862,611.475862,611.475862,611.475862,611.475862,611.475862,611.475862
2017-11-15,599.505105,599.505105,599.505105,599.505105,599.505105,599.505105,599.505105,599.505105,599.505105,599.505105,599.505105,599.505105,599.505105,599.505105,599.505105,599.505105,599.505105,599.505105,599.505105,599.505105,599.505105,599.505105,599.505105,599.505105,599.505105,599.505105,599.505105
2017-11-16,563.134192,563.134192,563.134192,563.134192,563.134192,563.134192,563.134192,563.134192,563.134192,563.134192,563.134192,563.134192,563.134192,563.134192,563.134192,563.134192,563.134192,563.134192,563.134192,563.134192,563.134192,563.134192,563.134192,563.134192,563.134192,563.134192,563.134192
2017-11-17,564.844719,564.844719,564.844719,564.844719,564.844719,564.844719,564.844719,564.844719,564.844719,564.844719,564.844719,564.844719,564.844719,564.844719,564.844719,564.844719,564.844719,564.844719,564.844719,564.844719,564.844719,564.844719,564.844719,564.844719,564.844719,564.844719,564.844719
2017-11-18,559.567957,559.567957,559.567957,559.567957,559.567957,559.567957,559.567957,559.567957,559.567957,559.567957,559.567957,559.567957,559.567957,559.567957,559.567957,559.567957,559.567957,559.567957,559.567957,559.567957,559.567957,559.567957,559.567957,559.567957,559.567957,559.567957,559.567957
2017-11-19,559.930486,559.930486,559.930486,559.930486,559.930486,559.930486,559.930486,559.930486,559.930486,559.930486,559.930486,559.930486,559.930486,559.930486,559.930486,559.930486,559.930486,559.930486,559.930486,559.930486,559.930486,559.930486,559.930486,559.930486,559.930486,559.930486,559.930486
2017-11-20,547.529672,547.529672,547.529672,547.529672,547.529672,547.529672,547.529672,547.529672,547.529672,547.529672,547.529672,547.529672,547.529672,547.529672,547.529672,547.529672,547.529672,547.529672,547.529672,547.529672,547.529672,547.529672,547.529672,547.529672,547.529672,547.529672,547.529672
2017-11-21,545.721388,545.721388,545.721388,545.721388,545.721388,545.721388,545.721388,545.721388,545.721388,545.721388,545.721388,545.721388,545.721388,545.721388,545.721388,545.721388,545.721388,545.721388,545.721388,545.721388,545.721388,545.721388,545.721388,545.721388,545.721388,545.721388,545.721388
2017-11-22,556.840413,556.840413,556.840413,556.840413,556.840413,556.840413,556.840413,556.840413,556.840413,556.840413,556.840413,556.840413,556.840413,556.840413,556.840413,556.840413,556.840413,556.840413,556.840413,556.840413,556.840413,556.840413,556.840413,556.840413,556.840413,556.840413,556.840413
2017-11-23,549.396748,549.396748,549.396748,549.396748,549.396748,549.396748,549.396748,549.396748,549.396748,549.396748,549.396748,549.396748,549.396748,549.396748,549.396748,549.396748,549.396748,549.396748,549.396748,549.396748,549.396748,549.396748,549.396748,549.396748,549.396748,549.396748,549.396748
2017-11-24,550.282906,550.282906,550.282906,550.282906,550.282906,550.282906,550.282906,550.282906,550.282906,550.282906,550.282906,550.282906,550.282906,550.282906,550.282906,550.282906,550.282906,550.282906,550.282906,550.282906,550.282906,550.282906,550.282906,550.282906,550.282906,550.282906,550.282906
2017-11-25,557.51029,557.51029,557.51029,557.51029,557.51029,557.51029,557.51029,557.51029,557.51029,557.51029,557.51029,557.51029,557.51029,557.51029,557.51029,557.51029,557.51029,557.51029,557.51029,557.51029,557.51029,557.51029,557.51029,557.51029,557.51029,557.51029,557.51029
2017-11-26,558.516166,558.516166,558.516166,558.516166,558.516166,558.516166,558.516166,558.516166,558.516166,558.516166,558.516166,558.516166,558.516166,558.516166,558.516166,558.516166,558.516166,558.516166,558.516166,558.516166,558.516166,558.516166,558.516166,558.516166,558.516166,558.516166,558.516166
2017-11-27,566.572806,566.572806,566.572806,566.572806,566.572806,566.572806,566.572806,566.572806,566.572806,566.572806,566.572806,566.572806,566.572806,566.572806,566.572806,566.572806,566.572806,566.572806,566.572806,566.572806,566.572806,566.572806,566.572806,566.572806,566.572806,566.572806,566.572806
2017-11-28,575.123443,575.123443,575.123443,575.123443,575.123443,575.123443,575.123443,575.123443,575.123443,575.123443,575.123443,575.123443,575.123443,575.123443,575.123443,575.123443,575.123443,575.123443,575.123443,575.123443,575.123443,575.123443,575.123443,575.123443,575.123443,575.123443,575.123443
2017-11-29,567.128591,567.128591,567.128591,567.128591,567.128591,567.128591,567.128591,567.128591,567.128591,567.128591,567.128591,567.128591,567.128591,567.128591,567.128591,567.128591,567.128591,567.128591,567.128591,567.128591,567.128591,567.128591,567.128591,567.128591,567.128591,567.128591,567.128591
2017-11-30,568.100862,568.100862,568.100862,568.100862,568.100862,568.100862,568.100862,568.100862,568.100862,568.100862,568.100862,568.100862,568.100862,568.100862,568.100862,568.100862,568.100862,568.100862,568.100862,568.100862,568.100862,568.100862,568.100862,568.100862,568.100862,568.100862,568.100862
2017-12-01,569.456657,569.456657,569.456657,569.456657,569.456657,569.456657,569.456657,569.456657,569.456657,569.456657,569.456657,569.456657,569.456657,569.456657,569.456657,569.456657,569.456657,569.456657,569.456657,569.456657,569.456657,569.456657,569.456657,569.456657,569.456657,569.456657,569.456657
2017-12-02,562.323278,562.323278,562.323278,562.323278,562.323278,562.323278,562.323278,562.323278,562.323278,562.323278,562.323278,562.323278,562.323278,562.323278,562.323278,562.323278,562.323278,562.323278,562.323278,562.323278,562.323278,562.323278,562.323278,562.323278,562.323278,562.323278,562.323278
2017-12-03,551.074703,551.074703,551.074703,551.074703,551.074703,551.074703,551.074703,551.074703,551.074703,551.074703,551.074703,551.074703,551.074703,551.074703,551.074703,551.074703,551.074703,551.074703,551.074703,551.074703,551.074703,551.074703,551.074703,551.074703,551.074703,551.074703,551.074703
2017-12-04,562.863011,562.863011,562.863011,562.863011,562.863011,562.863011,562.863011,562.863011,562.863011,562.863011,562.863011,562.863011,562.863011,562.863011,562.863011,562.863011,562.863011,562.863011,562.863011,562.863011,562.863011,562.863011,562.863011,562.863011,562.863011,562.863011,562.863011
2017-12-05,565.985256,565.985256,565.985256,565.985256,565.985256,565.985256,565.985256,565.985256,565.985256,565.985256,565.985256,565.985256,565.985256,565.985256,565.985256,565.985256,565.985256,565.985256,565.985256,565.985256,565.985256,565.985256,565.985256,565.985256,565.985256,565.985256,565.985256
2017-12-06,577.396494,577.396494,577.396494,577.396494,577.396494,577.396494,577.396494,577.396494,577.396494,577.396494,577.396494,577.396494,577.396494,577.396494,577.396494,577.396494,577.396494,577.396494,577.396494,577.396494,577.396494,577.396494,577.396494,577.396494,577.396494,577.396494,577.396494
2017-12-07,585.04349,585.04349,585.04349,585.04349,585.04349,585.04349,585.04349,585.04349,585.04349,585.04349,585.04349,585.04349,585.04349,585.04349,585.04349,585.04349,585.04349,585.04349,585.04349,585.04349,585.04349,585.04349,585.04349,585.04349,585.04349,585.04349,585.04349
2017-12-08,573.597017,573.597017,573.597017,573.597017,573.597017,573.597017,573.597017,573.597017,573.597017,573.597017,573.597017,573.597017,573.597017,573.597017,573.597017,573.597017,573.597017,573.597017,573.597017,573.597017,573.597017,573.597017,573.597017,573.597017,573.597017,573.597017,573.597017
2017-12-09,573.887737,573.887737,573.887737,573.887737,573.887737,573.887737,573.887737,573.887737,573.887737,573.887737,573.887737,573.887737,573.887737,573.887737,573.887737,573.887737,573.887737,573.887737,573.887737,573.887737,573.887737,573.887737,573.887737,573.887737,573.887737,573.887737,573.887737
2017-12-10,584.978546,584.978546,584.978546,584.978546,584.978546,584.978546,584.978546,584.978546,584.978546,584.978546,584.978546,584.978546,584.978546,584.978546,584.978546,584.978546,584.978546,584.978546,584.978546,584.978546,584.978546,584.978546,584.978546,584.978546,584.978546,584.978546,584.978546
2017-12-11,577.857023,577.857023,577.857023,577.857023,577.857023,577.857023,577.857023,577.857023,577.857023,577.857023,577.857023,577.857023,577.857023,577.857023,577.857023,577.857023,577.857023,577.857023,577.857023,577.857023,577.857023,577.857023,577.857023,577.857023,577.857023,577.857023,577.857023
2017-12-12,561.825905,561.825905,561.825905,561.825905,561.825905,561.825905,561.825905,561.825905,561.825905,561.825905,561.825905,561.825905,561.825905,561.825905,561.825905,561.825905,561.825905,561.825905,561.825905,561.825905,561.825905,561.825905,561.825905,561.825905,561.825905,561.825905,561.825905
2017-12-13,567.487359,567.487359,567.487359,567.487359,567.487359,567.487359,567.487359,567.487359,567.487359,567.487359,567.487359,567.487359,567.487359,567.487359,567.487359,567.487359,567.487359,567.487359,567.487359,567.487359,567.487359,567.487359,567.487359,567.487359,567.487359,567.487359,567.487359
2017-12-14,551.001025,551.001025,551.001025,551.001025,551.001025,551.001025,551.001025,551.001025,551.001025,551.001025,551.001025,551.001025,551.001025,551.001025,551.001025,551.001025,551.001025,551.001025,551.001025,551.001025,551.001025,551.001025,551.001025,551.001025,551.001025,551.001025,551.001025
2017-12-15,570.670212,570.670212,570.670212,570.670212,570.670212,570.670212,570.670212,570.670212,570.670212,570.670212,570.670212,570.670212,570.670212,570.670212,570.670212,570.670212,570.670212,570.670212,570.670212,570.670212,570.670212,570.670212,570.670212,570.670212,570.670212,570.670212,570.670212
2017-12-16,571.1570380000001,571.1570380000001,571.1570380000001,571.1570380000001,571.1570380000001,571.1570380000001,571.1570380000001,571.1570380000001,571.1570380000001,571.1570380000001,571.1570380000001,571.1570380000001,571.1570380000001,571.1570380000001,571.1570380000001,571.1570380000001,571.1570380000001,571.1570380000001,571.1570380000001,571.1570380000001,571.1570380000001,571.1570380000001,571.1570380000001,571.1570380000001,571.1570380000001,571.1570380000001,571.1570380000001
2017-12-17,572.908338,572.908338,572.908338,572.908338,572.908338,572.908338,572.908338,572.908338,572.908338,572.908338,572.908338,572.908338,572.908338,572.908338,572.908338,572.908338,572.908338,572.908338,572.908338,572.908338,572.908338,572.908338,572.908338,572.908338,572.908338,572.908338,572.908338
2017-12-18,557.595002,557.595002,557.595002,557.595002,557.595002,557.595002,557.595002,557.595002,557.595002,557.595002,557.595002,557.595002,557.595002,557.595002,557.595002,557.595002,557.595002,557.595002,557.595002,557.595002,557.595002,557.595002,557.595002,557.595002,557.595002,557.595002,557.595002
2017-12-19,575.682051,575.682051,575.682051,575.682051,575.682051,575.682051,575.682051,575.682051,575.682051,575.682051,575.682051,575.682051,575.682051,575.682051,575.682051,575.682051,575.682051,575.682051,575.682051,575.682051,575.682051,575.682051,575.682051,575.682051,575.682051,575.682051,575.682051
2017-12-20,563.530437,563.530437,563.530437,563.530437,563.530437,563.530437,563.530437,563.530437,563.530437,563.530437,563.530437,563.530437,563.530437,563.530437,563.530437,563.530437,563.530437,563.530437,563.530437,563.530437,563.530437,563.530437,563.530437,563.530437,563.530437,563.530437,563.530437
2017-12-21,575.830736,575.830736,575.830736,575.830736,575.830736,575.830736,575.830736,575.830736,575.830736,575.830736,575.830736,575.830736,575.830736,575.830736,575.830736,575.830736,575.830736,575.830736,575.830736,575.830736,575.830736,575.830736,575.830736,575.830736,575.830736,575.830736,575.830736
2017-12-22,571.077774,571.077774,571.077774,571.077774,571.077774,571.077774,571.077774,571.077774,571.077774,571.077774,571.077774,571.077774,571.077774,571.077774,571.077774,571.077774,571.077774,571.077774,571.077774,571.077774,571.077774,571.077774,571.077774,571.077774,571.077774,571.077774,571.077774
2017-12-23,572.14366,572.14366,572.14366,572.14366,572.14366,572.14366,572.14366,572.14366,572.14366,572.14366,572.14366,572.14366,572.14366,572.14366,572.14366,572.14366,572.14366,572.14366,572.14366,572.14366,572.14366,572.14366,572.14366,572.14366,572.14366,572.14366,572.14366
2017-12-24,565.288842,565.288842,565.288842,565.288842,565.288842,565.288842,565.288842,565.288842,565.288842,565.288842,565.288842,565.288842,565.288842,565.288842,565.288842,565.288842,565.288842,565.288842,565.288842,565.288842,565.288842,565.288842,565.288842,565.288842,565.288842,565.288842,565.288842
2017-12-25,577.214167,577.214167,577.214167,577.214167,577.214167,577.214167,577.214167,577.214167,577.214167,577.214167,577.214167,577.214167,577.214167,577.214167,577.214167,577.214167,577.214167,577.214167,577.214167,577.214167,577.214167,577.214167,577.214167,577.214167,577.214167,577.214167,577.214167
2017-12-26,557.504388,557.504388,557.504388,557.504388,557.504388,557.504388,557.504388,557.504388,557.504388,557.504388,557.504388,557.504388,557.504388,557.504388,557.504388,557.504388,557.504388,557.504388,557.504388,557.504388,557.504388,557.504388,557.504388,557.504388,557.504388,557.504388,557.504388
2017-12-27,556.946073,556.946073,556.946073,556.946073,556.946073,556.946073,556.946073,556.946073,556.946073,556.946073,556.946073,556.946073,556.946073,556.946073,556.946073,556.946073,556.946073,556.946073,556.946073,556.946073,556.946073,556.946073,556.946073,556.946073,556.946073,556.946073,556.946073
2017-12-28,559.151598,559.151598,559.151598,559.151598,559.151598,559.151598,559.151598,559.151598,559.151598,559.151598,559.151598,559.151598,559.151598,559.151598,559.151598,559.151598,559.151598,559.151598,559.151598,559.151598,559.151598,559.151598,559.151598,559.151598,559.151598,559.151598,559.151598
2017-12-29,555.628432,555.628432,555.628432,555.628432,555.628432,555.628432,555.628432,555.628432,555.628432,555.628432,555.628432,555.628432,555.628432,555.628432,555.628432,555.628432,555.628432,555.628432,555.628432,555.628432,555.628432,555.628432,555.628432,555.628432,555.628432,555.628432,555.628432
2017-12-30,551.607715,551.607715,551.607715,551.607715,551.607715,551.607715,551.607715,551.607715,551.607715,551.607715,551.607715,551.607715,551.607715,551.607715,551.607715,551.607715,551.607715,551.607715,551.607715,551.607715,551.607715,551.607715,551.607715,551.607715,551.607715,551.607715,551.607715
2017-12-31,545.870471,545.870471,545.870471,545.870471,545.870471,545.870471,545.870471,545.870471,545.870471,545.870471,545.870471,545.870471,545.870471,545.870471,545.870471,545.870471,545.870471,545.870471,545.870471,545.870471,545.870471,545.870471,545.870471,545.870471,545.870471,545.870471,545.870471
2018-01-01,550.344701,550.344701,550.344701,550.344701,550.344701,550.344701,550.344701,550.344701,550.344701,550.344701,550.344701,550.344701,550.344701,550.344701,550.344701,550.344701,550.344701,550.344701,550.344701,550.344701,550.344701,550.344701,550.344701,550.344701,550.344701,550.344701,550.344701
2018-01-02,541.408902,541.408902,541.408902,541.408902,541.408902,541.408902,541.408902,541.408902,541.408902,541.408902,541.408902,541.408902,541.408902,541.408902,541.408902,541.408902,541.408902,541.408902,541.408902,541.408902,541.408902,541.408902,541.408902,541.408902,541.408902,541.408902,541.408902
2018-01-03,547.85539,547.85539,547.85539,547.85539,547.85539,547.85539,547.85539,547.85539,547.85539,547.85539,547.85539,547.85539,547.85539,547.85539,547.85539,547.85539,547.85539,547.85539,547.85539,547.85539,547.85539,547.85539,547.85539,547.85539,547.85539,547.85539,547.85539
2018-01-04,532.196875,532.196875,532.196875,532.196875,532.196875,532.196875,532.196875,532.196875,532.196875,532.196875,532.196875,532.196875,532.196875,532.196875,532.196875,532.196875,532.196875,532.196875,532.196875,532.196875,532.196875,532.196875,532.196875,532.196875,532.196875,532.196875,532.196875
2018-01-05,539.773155,539.773155,539.773155,539.773155,539.773155,539.773155,539.773155,539.773155,539.773155,539.773155,539.773155,539.773155,539.773155,539.773155,539.773155,539.773155,539.773155,539.773155,539.773155,539.773155,539.773155,539.773155,539.773155,539.773155,539.773155,539.773155,539.773155
2018-01-06,549.907263,549.907263,549.907263,549.907263,549.907263,549.907263,549.907263,549.907263,549.907263,549.907263,549.907263,549.907263,549.907263,549.907263,549.907263,549.907263,549.907263,549.907263,549.907263,549.907263,549.907263,549.907263,549.907263,549.907263,549.907263,549.907263,549.907263
2018-01-07,574.734659,574.734659,574.734659,574.734659,574.734659,574.734659,574.734659,574.734659,574.734659,574.734659,574.734659,574.734659,574.734659,574.734659,574.734659,574.734659,574.734659,574.734659,574.734659,574.734659,574.734659,574.734659,574.734659,574.734659,574.734659,574.734659,574.734659
2018-01-08,579.055423,579.055423,579.055423,579.055423,579.055423,579.055423,579.055423,579.055423,579.055423,579.055423,579.055423,579.055423,579.055423,579.055423,579.055423,579.055423,579.055423,579.055423,579.055423,579.055423,579.055423,579.055423,579.055423,579.055423,579.055423,579.055423,579.055423
2018-01-09,600.872153,600.872153,600.872153,600.872153,600.872153,600.872153,600.872153,600.872153,600.872153,600.872153,600.872153,600.872153,600.872153,600.872153,600.872153,600.872153,600.872153,600.872153,600.872153,600.872153,600.872153,600.872153,600.872153,600.872153,600.872153,600.872153,600.872153
2018-01-10,596.948557,596.948557,596.948557,596.948557,596.948557,596.948557,596.948557,596.948557,596.948557,596.948557,596.948557,596.948557,596.948557,596.948557,596.948557,596.948557,596.948557,596.948557,596.948557,596.948557,596.948557,596.948557,596.948557,596.948557,596.948557,596.948557,596.948557
2018-01-11,612.770595,612.770595,612.770595,612.770595,612.770595,612.770595,612.770595,612.770595,612.770595,612.770595,612.770595,612.770595,612.770595,612.770595,612.770595,612.770595,612.770595,612.770595,612.770595,612.770595,612.770595,612.770595,612.770595,612.770595,612.770595,612.770595,612.770595
2018-01-12,619.486777,619.486777,619.486777,619.486777,619.486777,619.486777,619.486777,619.486777,619.486777,619.486777,619.486777,619.486777,619.486777,619.486777,619.486777,619.486777,619.486777,619.486777,619.486777,619.486777,619.486777,619.486777,619.486777,619.486777,619.486777,619.486777,619.486777
2018-01-13,622.316417,622.316417,622.316417,622.316417,622.316417,622.316417,622.316417,622.316417,622.316417,622.316417,622.316417,622.316417,622.316417,622.316417,622.316417,622.316417,622.316417,622.316417,622.316417,622.316417,622.316417,622.316417,622.316417,622.316417,622.316417,622.316417,622.316417
2018-01-14,596.120229,596.120229,596.120229,596.120229,596.120229,596.120229,596.120229,596.120229,596.120229,596.120229,596.120229,596.120229,596.120229,596.120229,596.120229,596.120229,596.120229,596.120229,596.120229,596.120229,596.120229,596.120229,596.120229,596.120229,596.120229,596.120229,596.120229
2018-01-15,586.047307,586.047307,586.047307,586.047307,586.047307,586.047307,586.047307,586.047307,586.047307,586.047307,586.047307,586.047307,586.047307,586.047307,586.047307,586.047307,586.047307,586.047307,586.047307,586.047307,586.047307,586.047307,586.047307,586.047307,586.047307,586.047307,586.047307
2018-01-16,584.281432,584.281432,584.281432,584.281432,584.281432,584.281432,584.281432,584.281432,584.281432,584.281432,584.281432,584.281432,584.281432,584.281432,584.281432,584.281432,584.281432,584.281432,584.281432,584.281432,584.281432,584.281432,584.281432,584.281432,584.281432,584.281432,584.281432
2018-01-17,586.369264,586.369264,586.369264,586.369264,586.369264,586.369264,586.369264,586.369264,586.369264,586.369264,586.369264,586.369264,586.369264,586.369264,586.369264,586.369264,586.369264,586.369264,586.369264,586.369264,586.369264,586.369264,586.369264,586.369264,586.369264,586.369264,586.369264
2018-01-18,582.43267,582.43267,582.43267,582.43267,582.43267,582.43267,582.43267,582.43267,582.43267,582.43267,582.43267,582.43267,582.43267,582.43267,582.43267,582.43267,582.43267,582.43267,582.43267,582.43267,582.43267,582.43267,582.43267,582.43267,582.43267,582.43267,582.43267
2018-01-19,580.749921,580.749921,580.749921,580.749921,580.749921,580.749921,580.749921,580.749921,580.749921,580.749921,580.749921,580.749921,580.749921,580.749921,580.749921,580.749921,580.749921,580.749921,580.749921,580.749921,580.749921,580.749921,580.749921,580.749921,580.749921,580.749921,580.749921
2018-01-20,581.112413,581.112413,581.112413,581.112413,581.112413,581.112413,581.112413,581.112413,581.112413,581.112413,581.112413,581.112413,581.112413,581.112413,581.112413,581.112413,581.112413,581.112413,581.112413,581.112413,581.112413,581.112413,581.112413,581.112413,581.112413,581.112413,581.112413
2018-01-21,585.501965,585.501965,585.501965,585.501965,585.501965,585.501965,585.501965,585.501965,585.501965,585.501965,585.501965,585.501965,585.501965,585.501965,585.501965,585.501965,585.501965,585.501965,585.501965,585.501965,585.501965,585.501965,585.501965,585.501965,585.501965,585.501965,585.501965
2018-01-22,588.383296,588.383296,588.383296,588.383296,588.383296,588.383296,588.383296,588.383296,588.383296,588.383296,588.383296,588.383296,588.383296,588.383296,588.383296,588.383296,588.383296,588.383296,588.383296,588.383296,588.383296,588.383296,588.383296,588.383296,588.383296,588.383296,588.383296
2018-01-23,579.195429,579.195429,579.195429,579.195429,579.195429,579.195429,579.195429,579.195429,579.195429,579.195429,579.195429,579.195429,579.195429,579.195429,579.195429,579.195429,579.195429,579.195429,579.195429,579.195429,579.195429,579.195429,579.195429,579.195429,579.195429,579.195429,579.195429
2018-01-24,585.939911,585.939911,585.939911,585.939911,585.939911,585.939911,585.939911,585.939911,585.939911,585.939911,585.939911,585.939911,585.939911,585.939911,585.939911,585.939911,585.939911,585.939911,585.939911,585.939911,585.939911,585.939911,585.939911,585.939911,585.939911,585.939911,585.939911
2018-01-25,587.786963,587.786963,587.786963,587.786963,587.786963,587.786963,587.786963,587.786963,587.786963,587.786963,587.786963,587.786963,587.786963,587.786963,587.786963,587.786963,587.786963,587.786963,587.786963,587.786963,587.786963,587.786963,587.786963,587.786963,587.786963,587.786963,587.786963
2018-01-26,577.587184,577.587184,577.587184,577.587184,577.587184,577.587184,577.587184,577.587184,577.587184,577.587184,577.587184,577.587184,577.587184,577.587184,577.587184,577.587184,577.587184,577.587184,577.587184,577.587184,577.587184,577.587184,577.587184,577.587184,577.587184,577.587184,577.587184
2018-01-27,571.055193,571.055193,571.055193,571.055193,571.055193,571.055193,571.055193,571.055193,571.055193,571.055193,571.055193,571.055193,571.055193,571.055193,571.055193,571.055193,571.055193,571.055193,571.055193,571.055193,571.055193,571.055193,571.055193,571.055193,571.055193,571.055193,571.055193
2018-01-28,575.042232,575.042232,575.042232,575.042232,575.042232,575.042232,575.042232,575.042232,575.042232,575.042232,575.042232,575.042232,575.042232,575.042232,575.042232,575.042232,575.042232,575.042232,575.042232,575.042232,575.042232,575.042232,575.042232,575.042232,575.042232,575.042232,575.042232
2018-01-29,575.317151,575.317151,575.317151,575.317151,575.317151,575.317151,575.317151,575.317151,575.317151,575.317151,575.317151,575.317151,575.317151,575.317151,575.317151,575.317151,575.317151,575.317151,575.317151,575.317151,575.317151,575.317151,575.317151,575.317151,575.317151,575.317151,575.317151
2018-01-30,595.744508,595.744508,595.744508,595.744508,595.744508,595.744508,595.744508,595.744508,595.744508,595.744508,595.744508,595.744508,595.744508,595.744508,595.744508,595.744508,595.744508,595.744508,595.744508,595.744508,595.744508,595.744508,595.744508,595.744508,595.744508,595.744508,595.744508
2018-01-31,589.264492,589.264492,589.264492,589.264492,589.264492,589.264492,589.264492,589.264492,589.264492,589.264492,589.264492,589.264492,589.264492,589.264492,589.264492,589.264492,589.264492,589.264492,589.264492,589.264492,589.264492,589.264492,589.264492,589.264492,589.264492,589.264492,589.264492
2018-02-01,594.026379,594.026379,594.026379,594.026379,594.026379,594.026379,594.026379,594.026379,594.026379,594.026379,594.026379,594.026379,594.026379,594.026379,594.026379,594.026379,594.026379,594.026379,594.026379,594.026379,594.026379,594.026379,594.026379,594.026379,594.026379,594.026379,594.026379
2018-02-02,592.613055,592.613055,592.613055,592.613055,592.613055,592.613055,592.613055,592.613055,592.613055,592.613055,592.613055,592.613055,592.613055,592.613055,592.613055,592.613055,592.613055,592.613055,592.613055,592.613055,592.613055,592.613055,592.613055,592.613055,592.613055,592.613055,592.613055
2018-02-03,587.181473,587.181473,587.181473,587.181473,587.181473,587.181473,587.181473,587.181473,587.181473,587.181473,587.181473,587.181473,587.181473,587.181473,587.181473,587.181473,587.181473,587.181473,587.181473,587.181473,587.181473,587.181473,587.181473,587.181473,587.181473,587.181473,587.181473
2018-02-04,602.259927,602.259927,602.259927,602.259927,602.259927,602.259927,602.259927,602.259927,602.259927,602.259927,602.259927,602.259927,602.259927,602.259927,602.259927,602.259927,602.259927,602.259927,602.259927,602.259927,602.259927,602.259927,602.259927,602.259927,602.259927,602.259927,602.259927
2018-02-05,585.519191,585.519191,585.519191,585.519191,585.519191,585.519191,585.519191,585.519191,585.519191,585.519191,585.519191,585.519191,585.519191,585.519191,585.519191,585.519191,585.519191,585.519191,585.519191,585.519191,585.519191,585.519191,585.519191,585.519191,585.519191,585.519191,585.519191
2018-02-06,561.381094,561.381094,561.381094,561.381094,561.381094,561.381094,561.381094,561.381094,561.381094,561.381094,561.381094,561.381094,561.381094,561.381094,561.381094,561.381094,561.381094,561.381094,561.381094,561.381094,561.381094,561.381094,561.381094,561.381094,561.381094,561.381094,561.381094
2018-02-07,563.02803,563.02803,563.02803,563.02803,563.02803,563.02803,563.02803,563.02803,563.02803,563.02803,563.02803,563.02803,563.02803,563.02803,563.02803,563.02803,563.02803,563.02803,563.02803,563.02803,563.02803,563.02803,563.02803,563.02803,563.02803,563.02803,563.02803
2018-02-08,564.307945,564.307945,564.307945,564.307945,564.307945,564.307945,564.307945,564.307945,564.307945,564.307945,564.307945,564.307945,564.307945,564.307945,564.307945,564.307945,564.307945,564.307945,564.307945,564.307945,564.307945,564.307945,564.307945,564.307945,564.307945,564.307945,564.307945
2018-02-09,562.90953,562.90953,562.90953,562.90953,562.90953,562.90953,562.90953,562.90953,562.90953,562.90953,562.90953,562.90953,562.90953,562.90953,562.90953,562.90953,562.90953,562.90953,562.90953,562.90953,562.90953,562.90953,562.90953,562.90953,562.90953,562.90953,562.90953
2018-02-10,564.800261,564.800261,564.800261,564.800261,564.800261,564.800261,564.800261,564.800261,564.800261,564.800261,564.800261,564.800261,564.800261,564.800261,564.800261,564.800261,564.800261,564.800261,564.800261,564.800261,564.800261,564.800261,564.800261,564.800261,564.800261,564.800261,564.800261
2018-02-11,559.057016,559.057016,559.057016,559.057016,559.057016,559.057016,559.057016,559.057016,559.057016,559.057016,559.057016,559.057016,559.057016,559.057016,559.057016,559.057016,559.057016,559.057016,559.057016,559.057016,559.057016,559.057016,559.057016,559.057016,559.057016,559.057016,559.057016
2018-02-12,581.069497,581.069497,581.069497,581.069497,581.069497,581.069497,581.069497,581.069497,581.069497,581.069497,581.069497,581.069497,581.069497,581.069497,581.069497,581.069497,581.069497,581.069497,581.069497,581.069497,581.069497,581.069497,581.069497,581.069497,581.069497,581.069497,581.069497
2018-02-13,585.384711,585.384711,585.384711,585.384711,585.384711,585.384711,585.384711,585.384711,585.384711,585.384711,585.384711,585.384711,585.384711,585.384711,585.384711,585.384711,585.384711,585.384711,585.384711,585.384711,585.384711,585.384711,585.384711,585.384711,585.384711,585.384711,585.384711
2018-02-14,582.801572,582.801572,582.801572,582.801572,582.801572,582.801572,582.801572,582.801572,582.801572,582.801572,582.801572,582.801572,582.801572,582.801572,582.801572,582.801572,582.801572,582.801572,582.801572,582.801572,582.801572,582.801572,582.801572,582.801572,582.801572,582.801572,582.801572
2018-02-15,575.428048,575.428048,575.428048,575.428048,575.428048,575.428048,575.428048,575.428048,575.428048,575.428048,575.428048,575.428048,575.428048,575.428048,575.428048,575.428048,575.428048,575.428048,575.428048,575.428048,575.428048,575.428048,575.428048,575.428048,575.428048,575.428048,575.428048
2018-02-16,564.89625,564.89625,564.89625,564.89625,564.89625,564.89625,564.89625,564.89625,564.89625,564.89625,564.89625,564.89625,564.89625,564.89625,564.89625,564.89625,564.89625,564.89625,564.89625,564.89625,564.89625,564.89625,564.89625,564.89625,564.89625,564.89625,564.89625
2018-02-17,557.678598,557.678598,557.678598,557.678598,557.678598,557.678598,557.678598,557.678598,557.678598,557.678598,557.678598,557.678598,557.678598,557.678598,557.678598,557.678598,557.678598,557.678598,557.678598,557.678598,557.678598,557.678598,557.678598,557.678598,557.678598,557.678598,557.678598
2018-02-18,558.832455,558.832455,558.832455,558.832455,558.832455,558.832455,558.832455,558.832455,558.832455,558.832455,558.832455,558.832455,558.832455,558.832455,558.832455,558.832455,558.832455,558.832455,558.832455,558.832455,558.832455,558.832455,558.832455,558.832455,558.832455,558.832455,558.832455
2018-02-19,550.425793,550.425793,550.425793,550.425793,550.425793,550.425793,550.425793,550.425793,550.425793,550.425793,550.425793,550.425793,550.425793,550.425793,550.425793,550.425793,550.425793,550.425793,550.425793,550.425793,550.425793,550.425793,550.425793,550.425793,550.425793,550.425793,550.425793
2018-02-20,554.132652,554.132652,554.132652,554.132652,554.132652,554.132652,554.132652,554.132652,554.132652,554.132652,554.132652,554.132652,554.132652,554.132652,554.132652,554.132652,554.132652,554.132652,554.132652,554.132652,554.132652,554.132652,554.132652,554.132652,554.132652,554.132652,554.132652
2018-02-21,563.504036,563.504036,563.504036,563.504036,563.504036,563.504036,563.504036,563.504036,563.504036,563.504036,563.504036,563.504036,563.504036,563.504036,563.504036,563.504036,563.504036,563.504036,563.504036,563.504036,563.504036,563.504036,563.504036,563.504036,563.504036,563.504036,563.504036
2018-02-22,565.703942,565.703942,565.703942,565.703942,565.703942,565.703942,565.703942,565.703942,565.703942,565.703942,565.703942,565.703942,565.703942,565.703942,565.703942,565.703942,565.703942,565.703942,565.703942,565.703942,565.703942,565.703942,565.703942,565.703942,565.703942,565.703942,565.703942
2018-02-23,591.535165,591.535165,591.535165,591.535165,591.535165,591.535165,591.535165,591.535165,591.535165,591.535165,591.535165,591.535165,591.535165,591.535165,591.535165,591.535165,591.535165,591.535165,591.535165,591.535165,591.535165,591.535165,591.535165,591.535165,591.535165,591.535165,591.535165
2018-02-24,599.123887,599.123887,599.123887,599.123887,599.123887,599.123887,599.123887,599.123887,599.123887,599.123887,599.123887,599.123887,599.123887,599.123887,599.123887,599.123887,599.123887,599.123887,599.123887,599.123887,599.123887,599.123887,599.123887,599.123887,599.123887,599.123887,599.123887
2018-02-25,584.737228,584.737228,584.737228,584.737228,584.737228,584.737228,584.737228,584.737228,584.737228,584.737228,584.737228,584.737228,584.737228,584.737228,584.737228,584.737228,584.737228,584.737228,584.737228,584.737228,584.737228,584.737228,584.737228,584.737228,584.737228,584.737228,584.737228
2018-02-26,584.592651,584.592651,584.592651,584.592651,584.592651,584.592651,584.592651,584.592651,584.592651,584.592651,584.592651,584.592651,584.592651,584.592651,584.592651,584.592651,584.592651,584.592651,584.592651,584.592651,584.592651,584.592651,584.592651,584.592651,584.592651,584.592651,584.592651
2018-02-27,576.452561,576.452561,576.452561,576.452561,576.452561,576.452561,576.452561,576.452561,576.452561,576.452561,576.452561,576.452561,576.452561,576.452561,576.452561,576.452561,576.452561,576.452561,576.452561,576.452561,576.452561,576.452561,576.452561,576.452561,576.452561,576.452561,576.452561
2018-02-28,558.994918,558.994918,558.994918,558.994918,558.994918,558.994918,558.994918,558.994918,558.994918,558.994918,558.994918,558.994918,558.994918,558.994918,558.994918,558.994918,558.994918,558.994918,558.994918,558.994918,558.994918,558.994918,558.994918,558.994918,558.994918,558.994918,558.994918
2018-03-01,545.145826,545.145826,545.145826,545.145826,545.145826,545.145826,545.145826,545.145826,545.145826,545.145826,545.145826,545.145826,545.145826,545.145826,545.145826,545.145826,545.145826,545.145826,545.145826,545.145826,545.145826,545.145826,545.145826,545.145826,545.145826,545.145826,545.145826
2018-03-02,531.468765,531.468765,531.468765,531.468765,531.468765,531.468765,531.468765,531.468765,531.468765,531.468765,531.468765,531.468765,531.468765,531.468765,531.468765,531.468765,531.468765,531.468765,531.468765,531.468765,531.468765,531.468765,531.468765,531.468765,531.468765,531.468765,531.468765
2018-03-03,519.048211,519.048211,519.048211,519.048211,519.048211,519.048211,519.048211,519.048211,519.048211,519.048211,519.048211,519.048211,519.048211,519.048211,519.048211,519.048211,519.048211,519.048211,519.048211,519.048211,519.048211,519.048211,519.048211,519.048211,519.048211,519.048211,519.048211
2018-03-04,525.239521,525.239521,525.239521,525.239521,525.239521,525.239521,525.239521,525.239521,525.239521,525.239521,525.239521,525.239521,525.239521,525.239521,525.239521,525.239521,525.239521,525.239521,525.239521,525.239521,525.239521,525.239521,525.239521,525.239521,525.239521,525.239521,525.239521
2018-03-05,518.416798,518.416798,518.416798,518.416798,518.416798,518.416798,518.416798,518.416798,518.416798,518.416798,518.416798,518.416798,518.416798,518.416798,518.416798,518.416798,518.416798,518.416798,518.416798,518.416798,518.416798,518.416798,518.416798,518.416798,518.416798,518.416798,518.416798
2018-03-06,528.651703,528.651703,528.651703,528.651703,528.651703,528.651703,528.651703,528.651703,528.651703,528.651703,528.651703,528.651703,528.651703,528.651703,528.651703,528.651703,528.651703,528.651703,528.651703,528.651703,528.651703,528.651703,528.651703,528.651703,528.651703,528.651703,528.651703
2018-03-07,535.158139,535.158139,535.158139,535.158139,535.158139,535.158139,535.158139,535.158139,535.158139,535.158139,535.158139,535.158139,535.158139,535.158139,535.158139,535.158139,535.158139,535.158139,535.158139,535.158139,535.158139,535.158139,535.158139,535.158139,535.158139,535.158139,535.158139
2018-03-08,543.041516,543.041516,543.041516,543.041516,543.041516,543.041516,543.041516,543.041516,543.041516,543.041516,543.041516,543.041516,543.041516,543.041516,543.041516,543.041516,543.041516,543.041516,543.041516,543.041516,543.041516,543.041516,543.041516,543.041516,543.041516,543.041516,543.041516
2018-03-09,541.490975,541.490975,541.490975,541.490975,541.490975,541.490975,541.490975,541.490975,541.490975,541.490975,541.490975,541.490975,541.490975,541.490975,541.490975,541.490975,541.490975,541.490975,541.490975,541.490975,541.490975,541.490975,541.490975,541.490975,541.490975,541.490975,541.490975
2018-03-10,557.118745,557.118745,557.118745,557.118745,557.118745,557.118745,557.118745,557.118745,557.118745,557.118745,557.118745,557.118745,557.118745,557.118745,557.118745,557.118745,557.118745,557.118745,557.118745,557.118745,557.118745,557.118745,557.118745,557.118745,557.118745,557.118745,557.118745
2018-03-11,551.134064,551.134064,551.134064,551.134064,551.134064,551.134064,551.134064,551.134064,551.134064,551.134064,551.134064,551.134064,551.134064,551.134064,551.134064,551.134064,551.134064,551.134064,551.134064,551.134064,551.134064,551.134064,551.134064,551.134064,551.134064,551.134064,551.134064
2018-03-12,558.906037,558.906037,558.906037,558.906037,558.906037,558.906037,558.906037,558.906037,558.906037,558.906037,558.906037,558.906037,558.906037,558.906037,558.906037,558.906037,558.906037,558.906037,558.906037,558.906037,558.906037,558.906037,558.906037,558.906037,558.906037,558.906037,558.906037
2018-03-13,563.161203,563.161203,563.161203,563.161203,563.161203,563.161203,563.161203,563.161203,563.161203,563.161203,563.161203,563.161203,563.161203,563.161203,563.161203,563.161203,563.161203,563.161203,563.161203,563.161203,563.161203,563.161203,563.161203,563.161203,563.161203,563.161203,563.161203
2018-03-14,568.860314,568.860314,568.860314,568.860314,568.860314,568.860314,568.860314,568.860314,568.860314,568.860314,568.860314,568.860314,568.860314,568.860314,568.860314,568.860314,568.860314,568.860314,568.860314,568.860314,568.860314,568.860314,568.860314,568.860314,568.860314,568.860314,568.860314
2018-03-15,561.721743,561.721743,561.721743,561.721743,561.721743,561.721743,561.721743,561.721743,561.721743,561.721743,561.721743,561.721743,561.721743,561.721743,561.721743,561.721743,561.721743,561.721743,561.721743,561.721743,561.721743,561.721743,561.721743,561.721743,561.721743,561.721743,561.721743
2018-03-16,560.522734,560.522734,560.522734,560.522734,560.522734,560.522734,560.522734,560.522734,560.522734,560.522734,560.522734,560.522734,560.522734,560.522734,560.522734,560.522734,560.522734,560.522734,560.522734,560.522734,560.522734,560.522734,560.522734,560.522734,560.522734,560.522734,560.522734
2018-03-17,558.730579,558.730579,558.730579,558.730579,558.730579,558.730579,558.730579,558.730579,558.730579,558.730579,558.730579,558.730579,558.730579,558.730579,558.730579,558.730579,558.730579,558.730579,558.730579,558.730579,558.730579,558.730579,558.730579,558.730579,558.730579,558.730579,558.730579
2018-03-18,567.781263,567.781263,567.781263,567.781263,567.781263,567.781263,567.781263,567.781263,567.781263,567.781263,567.781263,567.781263,567.781263,567.781263,567.781263,567.781263,567.781263,567.781263,567.781263,567.781263,567.781263,567.781263,567.781263,567.781263,567.781263,567.781263,567.781263
2018-03-19,557.597613,557.597613,557.597613,557.597613,557.597613,557.597613,557.597613,557.597613,557.597613,557.597613,557.597613,557.597613,557.597613,557.597613,557.597613,557.597613,557.597613,557.597613,557.597613,557.597613,557.597613,557.597613,557.597613,557.597613,557.597613,557.597613,557.597613
2018-03-20,564.712429,564.712429,564.712429,564.712429,564.712429,564.712429,564.712429,564.712429,564.712429,564.712429,564.712429,564.712429,564.712429,564.712429,564.712429,564.712429,564.712429,564.712429,564.712429,564.712429,564.712429,564.712429,564.712429,564.712429,564.712429,564.712429,564.712429
2018-03-21,564.01002,564.01002,564.01002,564.01002,564.01002,564.01002,564.01002,564.01002,564.01002,564.01002,564.01002,564.01002,564.01002,564.01002,564.01002,564.01002,564.01002,564.01002,564.01002,564.01002,564.01002,564.01002,564.01002,564.01002,564.01002,564.01002,564.01002
2018-03-22,566.041134,566.041134,566.041134,566.041134,566.041134,566.041134,566.041134,566.041134,566.041134,566.041134,566.041134,566.041134,566.041134,566.041134,566.041134,566.041134,566.041134,566.041134,566.041134,566.041134,566.041134,566.041134,566.041134,566.041134,566.041134,566.041134,566.041134
2018-03-23,568.936034,568.936034,568.936034,568.936034,568.936034,568.936034,568.936034,568.936034,568.936034,568.936034,568.936034,568.936034,568.936034,568.936034,568.936034,568.936034,568.936034,568.936034,568.936034,568.936034,568.936034,568.936034,568.936034,568.936034,568.936034,568.936034,568.936034
2018-03-24,561.587867,561.587867,561.587867,561.587867,561.587867,561.587867,561.587867,561.587867,561.587867,561.587867,561.587867,561.587867,561.587867,561.587867,561.587867,561.587867,561.587867,561.587867,561.587867,561.587867,561.587867,561.587867,561.587867,561.587867,561.587867,561.587867,561.587867
2018-03-25,550.753135,550.753135,550.753135,550.753135,550.753135,550.753135,550.753135,550.753135,550.753135,550.753135,550.753135,550.753135,550.753135,550.753135,550.753135,550.753135,550.753135,550.753135,550.753135,550.753135,550.753135,550.753135,550.753135,550.753135,550.753135,550.753135,550.753135
2018-03-26,556.385858,556.385858,556.385858,556.385858,556.385858,556.385858,556.385858,556.385858,556.385858,556.385858,556.385858,556.385858,556.385858,556.385858,556.385858,556.385858,556.385858,556.385858,556.385858,556.385858,556.385858,556.385858,556.385858,556.385858,556.385858,556.385858,556.385858
2018-03-27,540.417514,540.417514,540.417514,540.417514,540.417514,540.417514,540.417514,540.417514,540.417514,540.417514,540.417514,540.417514,540.417514,540.417514,540.417514,540.417514,540.417514,540.417514,540.417514,540.417514,540.417514,540.417514,540.417514,540.417514,540.417514,540.417514,540.417514
2018-03-28,543.465622,543.465622,543.465622,543.465622,543.465622,543.465622,543.465622,543.465622,543.465622,543.465622,543.465622,543.465622,543.465622,543.465622,543.465622,543.465622,543.465622,543.465622,543.465622,543.465622,543.465622,543.465622,543.465622,543.465622,543.465622,543.465622,543.465622
2018-03-29,547.723459,547.723459,547.723459,547.723459,547.723459,547.723459,547.723459,547.723459,547.723459,547.723459,547.723459,547.723459,547.723459,547.723459,547.723459,547.723459,547.723459,547.723459,547.723459,547.723459,547.723459,547.723459,547.723459,547.723459,547.723459,547.723459,547.723459
2018-03-30,549.180508,549.180508,549.180508,549.180508,549.180508,549.180508,549.180508,549.180508,549.180508,549.180508,549.180508,549.180508,549.180508,549.180508,549.180508,549.180508,549.180508,549.180508,549.180508,549.180508,549.180508,549.180508,549.180508,549.180508,549.180508,549.180508,549.180508
2018-03-31,542.265551,542.265551,542.265551,542.265551,542.265551,542.265551,542.265551,542.265551,542.265551,542.265551,542.265551,542.265551,542.265551,542.265551,542.265551,542.265551,542.265551,542.265551,542.265551,542.265551,542.265551,542.265551,542.265551,542.265551,542.265551,542.265551,542.265551
2018-04-01,543.644693,543.644693,543.644693,543.644693,543.644693,543.644693,543.644693,543.644693,543.644693,543.644693,543.644693,543.644693,543.644693,543.644693,543.644693,543.644693,543.644693,543.644693,543.644693,543.644693,543.644693,543.644693,543.644693,543.644693,543.644693,543.644693,543.644693
2018-04-02,541.798339,541.798339,541.798339,541.798339,541.798339,541.798339,541.798339,541.798339,541.798339,541.798339,541.798339,541.798339,541.798339,541.798339,541.798339,541.798339,541.798339,541.798339,541.798339,541.798339,541.798339,541.798339,541.798339,541.798339,541.798339,541.798339,541.798339
2018-04-03,549.793735,549.793735,549.793735,549.793735,549.793735,549.793735,549.793735,549.793735,549.793735,549.793735,549.793735,549.793735,549.793735,549.793735,549.793735,549.793735,549.793735,549.793735,549.793735,549.793735,549.793735,549.793735,549.793735,549.793735,549.793735,549.793735,549.793735
2018-04-04,534.480534,534.480534,534.480534,534.480534,534.480534,534.480534,534.480534,534.480534,534.480534,534.480534,534.480534,534.480534,534.480534,534.480534,534.480534,534.480534,534.480534,534.480534,534.480534,534.480534,534.480534,534.480534,534.480534,534.480534,534.480534,534.480534,534.480534
2018-04-05,529.469967,529.469967,529.469967,529.469967,529.469967,529.469967,529.469967,529.469967,529.469967,529.469967,529.469967,529.469967,529.469967,529.469967,529.469967,529.469967,529.469967,529.469967,529.469967,529.469967,529.469967,529.469967,529.469967,529.469967,529.469967,529.469967,529.469967
2018-04-06,537.027235,537.027235,537.027235,537.027235,537.027235,537.027235,537.027235,537.027235,537.027235,537.027235,537.027235,537.027235,537.027235,537.027235,537.027235,537.027235,537.027235,537.027235,537.027235,537.027235,537.027235,537.027235,537.027235,537.027235,537.027235,537.027235,537.027235
2018-04-07,552.881978,552.881978,552.881978,552.881978,552.881978,552.881978,552.881978,552.881978,552.881978,552.881978,552.881978,552.881978,552.881978,552.881978,552.881978,552.881978,552.881978,552.881978,552.881978,552.881978,552.881978,552.881978,552.881978,552.881978,552.881978,552.881978,552.881978
2018-04-08,567.377519,567.377519,567.377519,567.377519,567.377519,567.377519,567.377519,567.377519,567.377519,567.377519,567.377519,567.377519,567.377519,567.377519,567.377519,567.377519,567.377519,567.377519,567.377519,567.377519,567.377519,567.377519,567.377519,567.377519,567.377519,567.377519,567.377519
2018-04-09,580.218106,580.218106,580.218106,580.218106,580.218106,580.218106,580.218106,580.218106,580.218106,580.218106,580.218106,580.218106,580.218106,580.218106,580.218106,580.218106,580.218106,580.218106,580.218106,580.218106,580.218106,580.218106,580.218106,580.218106,580.218106,580.218106,580.218106
2018-04-10,569.274072,569.274072,569.274072,569.274072,569.274072,569.274072,569.274072,569.274072,569.274072,569.274072,569.274072,569.274072,569.274072,569.274072,569.274072,569.274072,569.274072,569.274072,569.274072,569.274072,569.274072,569.274072,569.274072,569.274072,569.274072,569.274072,569.274072
2018-04-11,575.236787,575.236787,575.236787,575.236787,575.236787,575.236787,575.236787,575.236787,575.236787,575.236787,575.236787,575.236787,575.236787,575.236787,575.236787,575.236787,575.236787,575.236787,575.236787,575.236787,575.236787,575.236787,575.236787,575.236787,575.236787,575.236787,575.236787
2018-04-12,589.976173,589.976173,589.976173,589.976173,589.976173,589.976173,589.976173,589.976173,589.976173,589.976173,589.976173,589.976173,589.976173,589.976173,589.976173,589.976173,589.976173,589.976173,589.976173,589.976173,589.976173,589.976173,589.976173,589.976173,589.976173,589.976173,589.976173
2018-04-13,596.78179,596.78179,596.78179,596.78179,596.78179,596.78179,596.78179,596.78179,596.78179,596.78179,596.78179,596.78179,596.78179,596.78179,596.78179,596.78179,596.78179,596.78179,596.78179,596.78179,596.78179,596.78179,596.78179,596.78179,596.78179,596.78179,596.78179
2018-04-14,585.882961,585.882961,585.882961,585.882961,585.882961,585.882961,585.882961,585.882961,585.882961,585.882961,585.882961,585.882961,585.882961,585.882961,585.882961,585.882961,585.882961,585.882961,585.882961,585.882961,585.882961,585.882961,585.882961,585.882961,585.882961,585.882961,585.882961
2018-04-15,582.705206,582.705206,582.705206,582.705206,582.705206,582.705206,582.705206,582.705206,582.705206,582.705206,582.705206,582.705206,582.705206,582.705206,582.705206,582.705206,582.705206,582.705206,582.705206,582.705206,582.705206,582.705206,582.705206,582.705206,582.705206,582.705206,582.705206
2018-04-16,580.9795,580.9795,580.9795,580.9795,580.9795,580.9795,580.9795,580.9795,580.9795,580.9795,580.9795,580.9795,580.9795,580.9795,580.9795,580.9795,580.9795,580.9795,580.9795,580.9795,580.9795,580.9795,580.9795,580.9795,580.9795,580.9795,580.9795
2018-04-17,594.908845,594.908845,594.908845,594.908845,594.908845,594.908845,594.908845,594.908845,594.908845,594.908845,594.908845,594.908845,594.908845,594.908845,594.908845,594.908845,594.908845,594.908845,594.908845,594.908845,594.908845,594.908845,594.908845,594.908845,594.908845,594.908845,594.908845
2018-04-18,600.664255,600.664255,600.664255,600.664255,600.664255,600.664255,600.664255,600.664255,600.664255,600.664255,600.664255,600.664255,600.664255,600.664255,600.664255,600.664255,600.664255,600.664255,600.664255,600.664255,600.664255,600.664255,600.664255,600.664255,600.664255,600.664255,600.664255
2018-04-19,592.496601,592.496601,592.496601,592.496601,592.496601,592.496601,592.496601,592.496601,592.496601,592.496601,592.496601,592.496601,592.496601,592.496601,592.496601,592.496601,592.496601,592.496601,592.496601,592.496601,592.496601,592.496601,592.496601,592.496601,592.496601,592.496601,592.496601
2018-04-20,572.238922,572.238922,572.238922,572.238922,572.238922,572.238922,572.238922,572.238922,572.238922,572.238922,572.238922,572.238922,572.238922,572.238922,572.238922,572.238922,572.238922,572.238922,572.238922,572.238922,572.238922,572.238922,572.238922,572.238922,572.238922,572.238922,572.238922
2018-04-21,576.292557,576.292557,576.292557,576.292557,576.292557,576.292557,576.292557,576.292557,576.292557,576.292557,576.292557,576.292557,576.292557,576.292557,576.292557,576.292557,576.292557,576.292557,576.292557,576.292557,576.292557,576.292557,576.292557,576.292557,576.292557,576.292557,576.292557
2018-04-22,570.351883,570.351883,570.351883,570.351883,570.351883,570.351883,570.351883,570.351883,570.351883,570.351883,570.351883,570.351883,570.351883,570.351883,570.351883,570.351883,570.351883,570.351883,570.351883,570.351883,570.351883,570.351883,570.351883,570.351883,570.351883,570.351883,570.351883
2018-04-23,559.467601,559.467601,559.467601,559.467601,559.467601,559.467601,559.467601,559.467601,559.467601,559.467601,559.467601,559.467601,559.467601,559.467601,559.467601,559.467601,559.467601,559.467601,559.467601,559.467601,559.467601,559.467601,559.467601,559.467601,559.467601,559.467601,559.467601
2018-04-24,557.456535,557.456535,557.456535,557.456535,557.456535,557.456535,557.456535,557.456535,557.456535,557.456535,557.456535,557.456535,557.456535,557.456535,557.456535,557.456535,557.456535,557.456535,557.456535,557.456535,557.456535,557.456535,557.456535,557.456535,557.456535,557.456535,557.456535
2018-04-25,559.702901,559.702901,559.702901,559.702901,559.702901,559.702901,559.702901,559.702901,559.702901,559.702901,559.702901,559.702901,559.702901,559.702901,559.702901,559.702901,559.702901,559.702901,559.702901,559.702901,559.702901,559.702901,559.702901,559.702901,559.702901,559.702901,559.702901
2018-04-26,548.803033,548.803033,548.803033,548.803033,548.803033,548.803033,548.803033,548.803033,548.803033,548.803033,548.803033,548.803033,548.803033,548.803033,548.803033,548.803033,548.803033,548.803033,548.803033,548.803033,548.803033,548.803033,548.803033,548.803033,548.803033,548.803033,548.803033
2018-04-27,560.915772,560.915772,560.915772,560.915772,560.915772,560.915772,560.915772,560.915772,560.915772,560.915772,560.915772,560.915772,560.915772,560.915772,560.915772,560.915772,560.915772,560.915772,560.915772,560.915772,560.915772,560.915772,560.915772,560.915772,560.915772,560.915772,560.915772
2018-04-28,572.133201,572.133201,572.133201,572.133201,572.133201,572.133201,572.133201,572.133201,572.133201,572.133201,572.133201,572.133201,572.133201,572.133201,572.133201,572.133201,572.133201,572.133201,572.133201,572.133201,572.133201,572.133201,572.133201,572.133201,572.133201,572.133201,572.133201
2018-04-29,572.234323,572.234323,572.234323,572.234323,572.234323,572.234323,572.234323,572.234323,572.234323,572.234323,572.234323,572.234323,572.234323,572.234323,572.234323,572.234323,572.234323,572.234323,572.234323,572.234323,572.234323,572.234323,572.234323,572.234323,572.234323,572.234323,572.234323
2018-04-30,573.400736,573.400736,573.400736,573.400736,573.400736,573.400736,573.400736,573.400736,573.400736,573.400736,573.400736,573.400736,573.400736,573.400736,573.400736,573.400736,573.400736,573.400736,573.400736,573.400736,573.400736,573.400736,573.400736,573.400736,573.400736,573.400736,573.400736
2018-05-01,570.337468,570.337468,570.337468,570.337468,570.337468,570.337468,570.337468,570.337468,570.337468,570.337468,570.337468,570.337468,570.337468,570.337468,570.337468,570.337468,570.337468,570.337468,570.337468,570.337468,570.337468,570.337468,570.337468,570.337468,570.337468,570.337468,570.337468
2018-05-02,559.124338,559.124338,559.124338,559.124338,559.124338,559.124338,559.124338,559.124338,559.124338,559.124338,559.124338,559.124338,559.124338,559.124338,559.124338,559.124338,559.124338,559.124338,559.124338,559.124338,559.124338,559.124338,559.124338,559.124338,559.124338,559.124338,559.124338
2018-05-03,572.196501,572.196501,572.196501,572.196501,572.196501,572.196501,572.196501,572.196501,572.196501,572.196501,572.196501,572.196501,572.196501,572.196501,572.196501,572.196501,572.196501,572.196501,572.196501,572.196501,572.196501,572.196501,572.196501,572.196501,572.196501,572.196501,572.196501
2018-05-04,560.759328,560.759328,560.759328,560.759328,560.759328,560.759328,560.759328,560.759328,560.759328,560.759328,560.759328,560.759328,560.759328,560.759328,560.759328,560.759328,560.759328,560.759328,560.759328,560.759328,560.759328,560.759328,560.759328,560.759328,560.759328,560.759328,560.759328
2018-05-05,558.038426,558.038426,558.038426,558.038426,558.038426,558.038426,558.038426,558.038426,558.038426,558.038426,558.038426,558.038426,558.038426,558.038426,558.038426,558.038426,558.038426,558.038426,558.038426,558.038426,558.038426,558.038426,558.038426,558.038426,558.038426,558.038426,558.038426
2018-05-06,548.010549,548.010549,548.010549,548.010549,548.010549,548.010549,548.010549,548.010549,548.010549,548.010549,548.010549,548.010549,548.010549,548.010549,548.010549,548.010549,548.010549,548.010549,548.010549,548.010549,548.010549,548.010549,548.010549,548.010549,548.010549,548.010549,548.010549
2018-05-07,554.013149,554.013149,554.013149,554.013149,554.013149,554.013149,554.013149,554.013149,554.013149,554.013149,554.013149,554.013149,554.013149,554.013149,554.013149,554.013149,554.013149,554.013149,554.013149,554.013149,554.013149,554.013149,554.013149,554.013149,554.013149,554.013149,554.013149
2018-05-08,537.933454,537.933454,537.933454,537.933454,537.933454,537.933454,537.933454,537.933454,537.933454,537.933454,537.933454,537.933454,537.933454,537.933454,537.933454,537.933454,537.933454,537.933454,537.933454,537.933454,537.933454,537.933454,537.933454,537.933454,537.933454,537.933454,537.933454
2018-05-09,557.123984,557.123984,557.123984,557.123984,557.123984,557.123984,557.123984,557.123984,557.123984,557.123984,557.123984,557.123984,557.123984,557.123984,557.123984,557.123984,557.123984,557.123984,557.123984,557.123984,557.123984,557.123984,557.123984,557.123984,557.123984,557.123984,557.123984
2018-05-10,553.481805,553.481805,553.481805,553.481805,553.481805,553.481805,553.481805,553.481805,553.481805,553.481805,553.481805,553.481805,553.481805,553.481805,553.481805,553.481805,553.481805,553.481805,553.481805,553.481805,553.481805,553.481805,553.481805,553.481805,553.481805,553.481805,553.481805
2018-05-11,554.855605,554.855605,554.855605,554.855605,554.855605,554.855605,554.855605,554.855605,554.855605,554.855605,554.855605,554.855605,554.855605,554.855605,554.855605,554.855605,554.855605,554.855605,554.855605,554.855605,554.855605,554.855605,554.855605,554.855605,554.855605,554.855605,554.855605
2018-05-12,540.07383,540.07383,540.07383,540.07383,540.07383,540.07383,540.07383,540.07383,540.07383,540.07383,540.07383,540.07383,540.07383,540.07383,540.07383,540.07383,540.07383,540.07383,540.07383,540.07383,540.07383,540.07383,540.07383,540.07383,540.07383,540.07383,540.07383
2018-05-13,535.87478,535.87478,535.87478,535.87478,535.87478,535.87478,535.87478,535.87478,535.87478,535.87478,535.87478,535.87478,535.87478,535.87478,535.87478,535.87478,535.87478,535.87478,535.87478,535.87478,535.87478,535.87478,535.87478,535.87478,535.87478,535.87478,535.87478
2018-05-14,522.627954,522.627954,522.627954,522.627954,522.627954,522.627954,522.627954,522.627954,522.627954,522.627954,522.627954,522.627954,522.627954,522.627954,522.627954,522.627954,522.627954,522.627954,522.627954,522.627954,522.627954,522.627954,522.627954,522.627954,522.627954,522.627954,522.627954
2018-05-15,543.113588,543.113588,543.113588,543.113588,543.113588,543.113588,543.113588,543.113588,543.113588,543.113588,543.113588,543.113588,543.113588,543.113588,543.113588,543.113588,543.113588,543.113588,543.113588,543.113588,543.113588,543.113588,543.113588,543.113588,543.113588,543.113588,543.113588
2018-05-16,532.630524,532.630524,532.630524,532.630524,532.630524,532.630524,532.630524,532.630524,532.630524,532.630524,532.630524,532.630524,532.630524,532.630524,532.630524,532.630524,532.630524,532.630524,532.630524,532.630524,532.630524,532.630524,532.630524,532.630524,532.630524,532.630524,532.630524
2018-05-17,536.328166,536.328166,536.328166,536.328166,536.328166,536.328166,536.328166,536.328166,536.328166,536.328166,536.328166,536.328166,536.328166,536.328166,536.328166,536.328166,536.328166,536.328166,536.328166,536.328166,536.328166,536.328166,536.328166,536.328166,536.328166,536.328166,536.328166
2018-05-18,550.017276,550.017276,550.017276,550.017276,550.017276,550.017276,550.017276,550.017276,550.017276,550.017276,550.017276,550.017276,550.017276,550.017276,550.017276,550.017276,550.017276,550.017276,550.017276,550.017276,550.017276,550.017276,550.017276,550.017276,550.017276,550.017276,550.017276
2018-05-19,566.556442,566.556442,566.556442,566.556442,566.556442,566.556442,566.556442,566.556442,566.556442,566.556442,566.556442,566.556442,566.556442,566.556442,566.556442,566.556442,566.556442,566.556442,566.556442,566.556442,566.556442,566.556442,566.556442,566.556442,566.556442,566.556442,566.556442
2018-05-20,579.711253,579.711253,579.711253,579.711253,579.711253,579.711253,579.711253,579.711253,579.711253,579.711253,579.711253,579.711253,579.711253,579.711253,579.711253,579.711253,579.711253,579.711253,579.711253,579.711253,579.711253,579.711253,579.711253,579.711253,579.711253,579.711253,579.711253
2018-05-21,580.465203,580.465203,580.465203,580.465203,580.465203,580.465203,580.465203,580.465203,580.465203,580.465203,580.465203,580.465203,580.465203,580.465203,580.465203,580.465203,580.465203,580.465203,580.465203,580.465203,580.465203,580.465203,580.465203,580.465203,580.465203,580.465203,580.465203
2018-05-22,564.186825,564.186825,564.186825,564.186825,564.186825,564.186825,564.186825,564.186825,564.186825,564.186825,564.186825,564.186825,564.186825,564.186825,564.186825,564.186825,564.186825,564.186825,564.186825,564.186825,564.186825,564.186825,564.186825,564.186825,564.186825,564.186825,564.186825
2018-05-23,563.316502,563.316502,563.316502,563.316502,563.316502,563.316502,563.316502,563.316502,563.316502,563.316502,563.316502,563.316502,563.316502,563.316502,563.316502,563.316502,563.316502,563.316502,563.316502,563.316502,563.316502,563.316502,563.316502,563.316502,563.316502,563.316502,563.316502
2018-05-24,588.312911,588.312911,588.312911,588.312911,588.312911,588.312911,588.312911,588.312911,588.312911,588.312911,588.312911,588.312911,588.312911,588.312911,588.312911,588.312911,588.312911,588.312911,588.312911,588.312911,588.312911,588.312911,588.312911,588.312911,588.312911,588.312911,588.312911
2018-05-25,577.257087,577.257087,577.257087,577.257087,577.257087,577.257087,577.257087,577.257087,577.257087,577.257087,577.257087,577.257087,577.257087,577.257087,577.257087,577.257087,577.257087,577.257087,577.257087,577.257087,577.257087,577.257087,577.257087,577.257087,577.257087,577.257087,577.257087
2018-05-26,559.668565,559.668565,559.668565,559.668565,559.668565,559.668565,559.668565,559.668565,559.668565,559.668565,559.668565,559.668565,559.668565,559.668565,559.668565,559.668565,559.668565,559.668565,559.668565,559.668565,559.668565,559.668565,559.668565,559.668565,559.668565,559.668565,559.668565
2018-05-27,573.060667,573.060667,573.060667,573.060667,573.060667,573.060667,573.060667,573.060667,573.060667,573.060667,573.060667,573.060667,573.060667,573.060667,573.060667,573.060667,573.060667,573.060667,573.060667,573.060667,573.060667,573.060667,573.060667,573.060667,573.060667,573.060667,573.060667
2018-05-28,587.021428,587.021428,587.021428,587.021428,587.021428,587.021428,587.021428,587.021428,587.021428,587.021428,587.021428,587.021428,587.021428,587.021428,587.021428,587.021428,587.021428,587.021428,587.021428,587.021428,587.021428,587.021428,587.021428,587.021428,587.021428,587.021428,587.021428
2018-05-29,603.23398,603.23398,603.23398,603.23398,603.23398,603.23398,603.23398,603.23398,603.23398,603.23398,603.23398,603.23398,603.23398,603.23398,603.23398,603.23398,603.23398,603.23398,603.23398,603.23398,603.23398,603.23398,603.23398,603.23398,603.23398,603.23398,603.23398
2018-05-30,602.094571,602.094571,602.094571,602.094571,602.094571,602.094571,602.094571,602.094571,602.094571,602.094571,602.094571,602.094571,602.094571,602.094571,602.094571,602.094571,602.094571,602.094571,602.094571,602.094571,602.094571,602.094571,602.094571,602.094571,602.094571,602.094571,602.094571
2018-05-31,572.558038,572.558038,572.558038,572.558038,572.558038,572.558038,572.558038,572.558038,572.558038,572.558038,572.558038,572.558038,572.558038,572.558038,572.558038,572.558038,572.558038,572.558038,572.558038,572.558038,572.558038,572.558038,572.558038,572.558038,572.558038,572.558038,572.558038
2018-06-01,573.364559,573.364559,573.364559,573.364559,573.364559,573.364559,573.364559,573.364559,573.364559,573.364559,573.364559,573.364559,573.364559,573.364559,573.364559,573.364559,573.364559,573.364559,573.364559,573.364559,573.364559,573.364559,573.364559,573.364559,573.364559,573.364559,573.364559
2018-06-02,586.81917,586.81917,586.81917,586.81917,586.81917,586.81917,586.81917,586.81917,586.81917,586.81917,586.81917,586.81917,586.81917,586.81917,586.81917,586.81917,586.81917,586.81917,586.81917,586.81917,586.81917,586.81917,586.81917,586.81917,586.81917,586.81917,586.81917
2018-06-03,578.900347,578.900347,578.900347,578.900347,578.900347,578.900347,578.900347,578.900347,578.900347,578.900347,578.900347,578.900347,578.900347,578.900347,578.900347,578.900347,578.900347,578.900347,578.900347,578.900347,578.900347,578.900347,578.900347,578.900347,578.900347,578.900347,578.900347
2018-06-04,575.364049,575.364049,575.364049,575.364049,575.364049,575.364049,575.364049,575.364049,575.364049,575.364049,575.364049,575.364049,575.364049,575.364049,575.364049,575.364049,575.364049,575.364049,575.364049,575.364049,575.364049,575.364049,575.364049,575.364049,575.364049,575.364049,575.364049
2018-06-05,568.011161,568.011161,568.011161,568.011161,568.011161,568.011161,568.011161,568.011161,568.011161,568.011161,568.011161,568.011161,568.011161,568.011161,568.011161,568.011161,568.011161,568.011161,568.011161,568.011161,568.011161,568.011161,568.011161,568.011161,568.011161,568.011161,568.011161
2018-06-06,569.043205,569.043205,569.043205,569.043205,569.043205,569.043205,569.043205,569.043205,569.043205,569.043205,569.043205,569.043205,569.043205,569.043205,569.043205,569.043205,569.043205,569.043205,569.043205,569.043205,569.043205,569.043205,569.043205,569.043205,569.043205,569.043205,569.043205
2018-06-07,566.773304,566.773304,566.773304,566.773304,566.773304,566.773304,566.773304,566.773304,566.773304,566.773304,566.773304,566.773304,566.773304,566.773304,566.773304,566.773304,566.773304,566.773304,566.773304,566.773304,566.773304,566.773304,566.773304,566.773304,566.773304,566.773304,566.773304
2018-06-08,564.563908,564.563908,564.563908,564.563908,564.563908,564.563908,564.563908,564.563908,564.563908,564.563908,564.563908,564.563908,564.563908,564.563908,564.563908,564.563908,564.563908,564.563908,564.563908,564.563908,564.563908,564.563908,564.563908,564.563908,564.563908,564.563908,564.563908
2018-06-09,549.616283,549.616283,549.616283,549.616283,549.616283,549.616283,549.616283,549.616283,549.616283,549.616283,549.616283,549.616283,549.616283,549.616283,549.616283,549.616283,549.616283,549.616283,549.616283,549.616283,549.616283,549.616283,549.616283,549.616283,549.616283,549.616283,549.616283
2018-06-10,560.309362,560.309362,560.309362,560.309362,560.309362,560.309362,560.309362,560.309362,560.309362,560.309362,560.309362,560.309362,560.309362,560.309362,560.309362,560.309362,560.309362,560.309362,560.309362,560.309362,560.309362,560.309362,560.309362,560.309362,560.309362,560.309362,560.309362
2018-06-11,557.026506,557.026506,557.026506,557.026506,557.026506,557.026506,557.026506,557.026506,557.026506,557.026506,557.026506,557.026506,557.026506,557.026506,557.026506,557.026506,557.026506,557.026506,557.026506,557.026506,557.026506,557.026506,557.026506,557.026506,557.026506,557.026506,557.026506
2018-06-12,561.785407,561.785407,561.785407,561.785407,561.785407,561.785407,561.785407,561.785407,561.785407,561.785407,561.785407,561.785407,561.785407,561.785407,561.785407,561.785407,561.785407,561.785407,561.785407,561.785407,561.785407,561.785407,561.785407,561.785407,561.785407,561.785407,561.785407
2018-06-13,554.144535,554.144535,554.144535,554.144535,554.144535,554.144535,554.144535,554.144535,554.144535,554.144535,554.144535,554.144535,554.144535,554.144535,554.144535,554.144535,554.144535,554.144535,554.144535,554.144535,554.144535,554.144535,554.144535,554.144535,554.144535,554.144535,554.144535
2018-06-14,564.922559,564.922559,564.922559,564.922559,564.922559,564.922559,564.922559,564.922559,564.922559,564.922559,564.922559,564.922559,564.922559,564.922559,564.922559,564.922559,564.922559,564.922559,564.922559,564.922559,564.922559,564.922559,564.922559,564.922559,564.922559,564.922559,564.922559
2018-06-15,561.722995,561.722995,561.722995,561.722995,561.722995,561.722995,561.722995,561.722995,561.722995,561.722995,561.722995,561.722995,561.722995,561.722995,561.722995,561.722995,561.722995,561.722995,561.722995,561.722995,561.722995,561.722995,561.722995,561.722995,561.722995,561.722995,561.722995
2018-06-16,584.081469,584.081469,584.081469,584.081469,584.081469,584.081469,584.081469,584.081469,584.081469,584.081469,584.081469,584.081469,584.081469,584.081469,584.081469,584.081469,584.081469,584.081469,584.081469,584.081469,584.081469,584.081469,584.081469,584.081469,584.081469,584.081469,584.081469
2018-06-17,583.013348,583.013348,583.013348,583.013348,583.013348,583.013348,583.013348,583.013348,583.013348,583.013348,583.013348,583.013348,583.013348,583.013348,583.013348,583.013348,583.013348,583.013348,583.013348,583.013348,583.013348,583.013348,583.013348,583.013348,583.013348,583.013348,583.013348
2018-06-18,585.053988,585.053988,585.053988,585.053988,585.053988,585.053988,585.053988,585.053988,585.053988,585.053988,585.053988,585.053988,585.053988,585.053988,585.053988,585.053988,585.053988,585.053988,585.053988,585.053988,585.053988,585.053988,585.053988,585.053988,585.053988,585.053988,585.053988
2018-06-19,587.336672,587.336672,587.336672,587.336672,587.336672,587.336672,587.336672,587.336672,587.336672,587.336672,587.336672,587.336672,587.336672,587.336672,587.336672,587.336672,587.336672,587.336672,587.336672,587.336672,587.336672,587.336672,587.336672,587.336672,587.336672,587.336672,587.336672
2018-06-20,593.304566,593.304566,593.304566,593.304566,593.304566,593.304566,593.304566,593.304566,593.304566,593.304566,593.304566,593.304566,593.304566,593.304566,593.304566,593.304566,593.304566,593.304566,593.304566,593.304566,593.304566,593.304566,593.304566,593.304566,593.304566,593.304566,593.304566
2018-06-21,569.673213,569.673213,569.673213,569.673213,569.673213,569.673213,569.673213,569.673213,569.673213,569.673213,569.673213,569.673213,569.673213,569.673213,569.673213,569.673213,569.673213,569.673213,569.673213,569.673213,569.673213,569.673213,569.673213,569.673213,569.673213,569.673213,569.673213
2018-06-22,570.085933,570.085933,570.085933,570.085933,570.085933,570.085933,570.085933,570.085933,570.085933,570.085933,570.085933,570.085933,570.085933,570.085933,570.085933,570.085933,570.085933,570.085933,570.085933,570.085933,570.085933,570.085933,570.085933,570.085933,570.085933,570.085933,570.085933
2018-06-23,576.560941,576.560941,576.560941,576.560941,576.560941,576.560941,576.560941,576.560941,576.560941,576.560941,576.560941,576.560941,576.560941,576.560941,576.560941,576.560941,576.560941,576.560941,576.560941,576.560941,576.560941,576.560941,576.560941,576.560941,576.560941,576.560941,576.560941
2018-06-24,559.50028,559.50028,559.50028,559.50028,559.50028,559.50028,559.50028,559.50028,559.50028,559.50028,559.50028,559.50028,559.50028,559.50028,559.50028,559.50028,559.50028,559.50028,559.50028,559.50028,559.50028,559.50028,559.50028,559.50028,559.50028,559.50028,559.50028
2018-06-25,561.752126,561.752126,561.752126,561.752126,561.752126,561.752126,561.752126,561.752126,561.752126,561.752126,561.752126,561.752126,561.752126,561.752126,561.752126,561.752126,561.752126,561.752126,561.752126,561.752126,561.752126,561.752126,561.752126,561.752126,561.752126,561.752126,561.752126
2018-06-26,565.365562,565.365562,565.365562,565.365562,565.365562,565.365562,565.365562,565.365562,565.365562,565.365562,565.365562,565.365562,565.365562,565.365562,565.365562,565.365562,565.365562,565.365562,565.365562,565.365562,565.365562,565.365562,565.365562,565.365562,565.365562,565.365562,565.365562
2018-06-27,565.461146,565.461146,565.461146,565.461146,565.461146,565.461146,565.461146,565.461146,565.461146,565.461146,565.461146,565.461146,565.461146,565.461146,565.461146,565.461146,565.461146,565.461146,565.461146,565.461146,565.461146,565.461146,565.461146,565.461146,565.461146,565.461146,565.461146
2018-06-28,575.308652,575.308652,575.308652,575.308652,575.308652,575.308652,575.308652,575.308652,575.308652,575.308652,575.308652,575.308652,575.308652,575.308652,575.308652,575.308652,575.308652,575.308652,575.308652,575.308652,575.308652,575.308652,575.308652,575.308652,575.308652,575.308652,575.308652
2018-06-29,579.089538,579.089538,579.089538,579.089538,579.089538,579.089538,579.089538,579.089538,579.089538,579.089538,579.089538,579.089538,579.089538,579.089538,579.089538,579.089538,579.089538,579.089538,579.089538,579.089538,579.089538,579.089538,579.089538,579.089538,579.089538,579.089538,579.089538
2018-06-30,557.427253,557.427253,557.427253,557.427253,557.427253,557.427253,557.427253,557.427253,557.427253,557.427253,557.427253,557.427253,557.427253,557.427253,557.427253,557.427253,557.427253,557.427253,557.427253,557.427253,557.427253,557.427253,557.427253,557.427253,557.427253,557.427253,557.427253
2018-07-01,569.257752,569.257752,569.257752,569.257752,569.257752,569.257752,569.257752,569.257752,569.257752,569.257752,569.257752,569.257752,569.257752,569.257752,569.257752,569.257752,569.257752,569.257752,569.257752,569.257752,569.257752,569.257752,569.257752,569.257752,569.257752,569.257752,569.257752
2018-07-02,557.11846,557.11846,557.11846,557.11846,557.11846,557.11846,557.11846,557.11846,557.11846,557.11846,557.11846,557.11846,557.11846,557.11846,557.11846,557.11846,557.11846,557.11846,557.11846,557.11846,557.11846,557.11846,557.11846,557.11846,557.11846,557.11846,557.11846
2018-07-03,544.356872,544.356872,544.356872,544.356872,544.356872,544.356872,544.356872,544.356872,544.356872,544.356872,544.356872,544.356872,544.356872,544.356872,544.356872,544.356872,544.356872,544.356872,544.356872,544.356872,544.356872,544.356872,544.356872,544.356872,544.356872,544.356872,544.356872
2018-07-04,549.729924,549.729924,549.729924,549.729924,549.729924,549.729924,549.729924,549.729924,549.729924,549.729924,549.729924,549.729924,549.729924,549.729924,549.729924,549.729924,549.729924,549.729924,549.729924,549.729924,549.729924,549.729924,549.729924,549.729924,549.729924,549.729924,549.729924
2018-07-05,566.634525,566.634525,566.634525,566.634525,566.634525,566.634525,566.634525,566.634525,566.634525,566.634525,566.634525,566.634525,566.634525,566.634525,566.634525,566.634525,566.634525,566.634525,566.634525,566.634525,566.634525,566.634525,566.634525,566.634525,566.634525,566.634525,566.634525
2018-07-06,564.679203,564.679203,564.679203,564.679203,564.679203,564.679203,564.679203,564.679203,564.679203,564.679203,564.679203,564.679203,564.679203,564.679203,564.679203,564.679203,564.679203,564.679203,564.679203,564.679203,564.679203,564.679203,564.679203,564.679203,564.679203,564.679203,564.679203
2018-07-07,577.876396,577.876396,577.876396,577.876396,577.876396,577.876396,577.876396,577.876396,577.876396,577.876396,577.876396,577.876396,577.876396,577.876396,577.876396,577.876396,577.876396,577.876396,577.876396,577.876396,577.876396,577.876396,577.876396,577.876396,577.876396,577.876396,577.876396
2018-07-08,569.157522,569.157522,569.157522,569.157522,569.157522,569.157522,569.157522,569.157522,569.157522,569.157522,569.157522,569.157522,569.157522,569.157522,569.157522,569.157522,569.157522,569.157522,569.157522,569.157522,569.157522,569.157522,569.157522,569.157522,569.157522,569.157522,569.157522
2018-07-09,570.821925,570.821925,570.821925,570.821925,570.821925,570.821925,570.821925,570.821925,570.821925,570.821925,570.821925,570.821925,570.821925,570.821925,570.821925,570.821925,570.821925,570.821925,570.821925,570.821925,570.821925,570.821925,570.821925,570.821925,570.821925,570.821925,570.821925
2018-07-10,582.350089,582.350089,582.350089,582.350089,582.350089,582.350089,582.350089,582.350089,582.350089,582.350089,582.350089,582.350089,582.350089,582.350089,582.350089,582.350089,582.350089,582.350089,582.350089,582.350089,582.350089,582.350089,582.350089,582.350089,582.350089,582.350089,582.350089
2018-07-11,573.866984,573.866984,573.866984,573.866984,573.866984,573.866984,573.866984,573.866984,573.866984,573.866984,573.866984,573.866984,573.866984,573.866984,573.866984,573.866984,573.866984,573.866984,573.866984,573.866984,573.866984,573.866984,573.866984,573.866984,573.866984,573.866984,573.866984
2018-07-12,558.587318,558.587318,558.587318,558.587318,558.587318,558.587318,558.587318,558.587318,558.587318,558.587318,558.587318,558.587318,558.587318,558.587318,558.587318,558.587318,558.587318,558.587318,558.587318,558.587318,558.587318,558.587318,558.587318,558.587318,558.587318,558.587318,558.587318
2018-07-13,557.184732,557.184732,557.184732,557.184732,557.184732,557.184732,557.184732,557.184732,557.184732,557.184732,557.184732,557.184732,557.184732,557.184732,557.184732,557.184732,557.184732,557.184732,557.184732,557.184732,557.184732,557.184732,557.184732,557.184732,557.184732,557.184732,557.184732
2018-07-14,550.881556,550.881556,550.881556,550.881556,550.881556,550.881556,550.881556,550.881556,550.881556,550.881556,550.881556,550.881556,550.881556,550.881556,550.881556,550.881556,550.881556,550.881556,550.881556,550.881556,550.881556,550.881556,550.881556,550.881556,550.881556,550.881556,550.881556
2018-07-15,557.589901,557.589901,557.589901,557.589901,557.589901,557.589901,557.589901,557.589901,557.589901,557.589901,557.589901,557.589901,557.589901,557.589901,557.589901,557.589901,557.589901,557.589901,557.589901,557.589901,557.589901,557.589901,557.589901,557.589901,557.589901,557.589901,557.589901
2018-07-16,568.511985,568.511985,568.511985,568.511985,568.511985,568.511985,568.511985,568.511985,568.511985,568.511985,568.511985,568.511985,568.511985,568.511985,568.511985,568.511985,568.511985,568.511985,568.511985,568.511985,568.511985,568.511985,568.511985,568.511985,568.511985,568.511985,568.511985
2018-07-17,560.157679,560.157679,560.157679,560.157679,560.157679,560.157679,560.157679,560.157679,560.157679,560.157679,560.157679,560.157679,560.157679,560.157679,560.157679,560.157679,560.157679,560.157679,560.157679,560.157679,560.157679,560.157679,560.157679,560.157679,560.157679,560.157679,560.157679
2018-07-18,561.267982,561.267982,561.267982,561.267982,561.267982,561.267982,561.267982,561.267982,561.267982,561.267982,561.267982,561.267982,561.267982,561.267982,561.267982,561.267982,561.267982,561.267982,561.267982,561.267982,561.267982,561.267982,561.267982,561.267982,561.267982,561.267982,561.267982
2018-07-19,576.316505,576.316505,576.316505,576.316505,576.316505,576.316505,576.316505,576.316505,576.316505,576.316505,576.316505,576.316505,576.316505,576.316505,576.316505,576.316505,576.316505,576.316505,576.316505,576.316505,576.316505,576.316505,576.316505,576.316505,576.316505,576.316505,576.316505
2018-07-20,587.141154,587.141154,587.141154,587.141154,587.141154,587.141154,587.141154,587.141154,587.141154,587.141154,587.141154,587.141154,587.141154,587.141154,587.141154,587.141154,587.141154,587.141154,587.141154,587.141154,587.141154,587.141154,587.141154,587.141154,587.141154,587.141154,587.141154
2018-07-21,577.974612,577.974612,577.974612,577.974612,577.974612,577.974612,577.974612,577.974612,577.974612,577.974612,577.974612,577.974612,577.974612,577.974612,577.974612,577.974612,577.974612,577.974612,577.974612,577.974612,577.974612,577.974612,577.974612,577.974612,577.974612,577.974612,577.974612
2018-07-22,569.862782,569.862782,569.862782,569.862782,569.862782,569.862782,569.862782,569.862782,569.862782,569.862782,569.862782,569.862782,569.862782,569.862782,569.862782,569.862782,569.862782,569.862782,569.862782,569.862782,569.862782,569.862782,569.862782,569.862782,569.862782,569.862782,569.862782
2018-07-23,570.951136,570.951136,570.951136,570.951136,570.951136,570.951136,570.951136,570.951136,570.951136,570.951136,570.951136,570.951136,570.951136,570.951136,570.951136,570.951136,570.951136,570.951136,570.951136,570.951136,570.951136,570.951136,570.951136,570.951136,570.951136,570.951136,570.951136
2018-07-24,578.051079,578.051079,578.051079,578.051079,578.051079,578.051079,578.051079,578.051079,578.051079,578.051079,578.051079,578.051079,578.051079,578.051079,578.051079,578.051079,578.051079,578.051079,578.051079,578.051079,578.051079,578.051079,578.051079,578.051079,578.051079,578.051079,578.051079
2018-07-25,586.613676,586.613676,586.613676,586.613676,586.613676,586.613676,586.613676,586.613676,586.613676,586.613676,586.613676,586.613676,586.613676,586.613676,586.613676,586.613676,586.613676,586.613676,586.613676,586.613676,586.613676,586.613676,586.613676,586.613676,586.613676,586.613676,586.613676
2018-07-26,580.616349,580.616349,580.616349,580.616349,580.616349,580.616349,580.616349,580.616349,580.616349,580.616349,580.616349,580.616349,580.616349,580.616349,580.616349,580.616349,580.616349,580.616349,580.616349,580.616349,580.616349,580.616349,580.616349,580.616349,580.616349,580.616349,580.616349
2018-07-27,572.312428,572.312428,572.312428,572.312428,572.312428,572.312428,572.312428,572.312428,572.312428,572.312428,572.312428,572.312428,572.312428,572.312428,572.312428,572.312428,572.312428,572.312428,572.312428,572.312428,572.312428,572.312428,572.312428,572.312428,572.312428,572.312428,572.312428
2018-07-28,583.930177,583.930177,583.930177,583.930177,583.930177,583.930177,583.930177,583.930177,583.930177,583.930177,583.930177,583.930177,583.930177,583.930177,583.930177,583.930177,583.930177,583.930177,583.930177,583.930177,583.930177,583.930177,583.930177,583.930177,583.930177,583.930177,583.930177
2018-07-29,580.180958,580.180958,580.180958,580.180958,580.180958,580.180958,580.180958,580.180958,580.180958,580.180958,580.180958,580.180958,580.180958,580.180958,580.180958,580.180958,580.180958,580.180958,580.180958,580.180958,580.180958,580.180958,580.180958,580.180958,580.180958,580.180958,580.180958
2018-07-30,579.855576,579.855576,579.855576,579.855576,579.855576,579.855576,579.855576,579.855576,579.855576,579.855576,579.855576,579.855576,579.855576,579.855576,579.855576,579.855576,579.855576,579.855576,579.855576,579.855576,579.855576,579.855576,579.855576,579.855576,579.855576,579.855576,579.855576
2018-07-31,559.619981,559.619981,559.619981,559.619981,559.619981,559.619981,559.619981,559.619981,559.619981,559.619981,559.619981,559.619981,559.619981,559.619981,559.619981,559.619981,559.619981,559.619981,559.619981,559.619981,559.619981,559.619981,559.619981,559.619981,559.619981,559.619981,559.619981
2018-08-01,553.5159,553.5159,553.5159,553.5159,553.5159,553.5159,553.5159,553.5159,553.5159,553.5159,553.5159,553.5159,553.5159,553.5159,553.5159,553.5159,553.5159,553.5159,553.5159,553.5159,553.5159,553.5159,553.5159,553.5159,553.5159,553.5159,553.5159
2018-08-02,559.170941,559.170941,559.170941,559.170941,559.170941,559.170941,559.170941,559.170941,559.170941,559.170941,559.170941,559.170941,559.170941,559.170941,559.170941,559.170941,559.170941,559.170941,559.170941,559.170941,559.170941,559.170941,559.170941,559.170941,559.170941,559.170941,559.170941
2018-08-03,567.813776,567.813776,567.813776,567.813776,567.813776,567.813776,567.813776,567.813776,567.813776,567.813776,567.813776,567.813776,567.813776,567.813776,567.813776,567.813776,567.813776,567.813776,567.813776,567.813776,567.813776,567.813776,567.813776,567.813776,567.813776,567.813776,567.813776
2018-08-04,560.34171,560.34171,560.34171,560.34171,560.34171,560.34171,560.34171,560.34171,560.34171,560.34171,560.34171,560.34171,560.34171,560.34171,560.34171,560.34171,560.34171,560.34171,560.34171,560.34171,560.34171,560.34171,560.34171,560.34171,560.34171,560.34171,560.34171
2018-08-05,574.57201,574.57201,574.57201,574.57201,574.57201,574.57201,574.57201,574.57201,574.57201,574.57201,574.57201,574.57201,574.57201,574.57201,574.57201,574.57201,574.57201,574.57201,574.57201,574.57201,574.57201,574.57201,574.57201,574.57201,574.57201,574.57201,574.57201
2018-08-06,567.365719,567.365719,567.365719,567.365719,567.365719,567.365719,567.365719,567.365719,567.365719,567.365719,567.365719,567.365719,567.365719,567.365719,567.365719,567.365719,567.365719,567.365719,567.365719,567.365719,567.365719,567.365719,567.365719,567.365719,567.365719,567.365719,567.365719
2018-08-07,571.834291,571.834291,571.834291,571.834291,571.834291,571.834291,571.834291,571.834291,571.834291,571.834291,571.834291,571.834291,571.834291,571.834291,571.834291,571.834291,571.834291,571.834291,571.834291,571.834291,571.834291,571.834291,571.834291,571.834291,571.834291,571.834291,571.834291
2018-08-08,573.965824,573.965824,573.965824,573.965824,573.965824,573.965824,573.965824,573.965824,573.965824,573.965824,573.965824,573.965824,573.965824,573.965824,573.965824,573.965824,573.965824,573.965824,573.965824,573.965824,573.965824,573.965824,573.965824,573.965824,573.965824,573.965824,573.965824
2018-08-09,580.431017,580.431017,580.431017,580.431017,580.431017,580.431017,580.431017,580.431017,580.431017,580.431017,580.431017,580.431017,580.431017,580.431017,580.431017,580.431017,580.431017,580.431017,580.431017,580.431017,580.431017,580.431017,580.431017,580.431017,580.431017,580.431017,580.431017
2018-08-10,573.672591,573.672591,573.672591,573.672591,573.672591,573.672591,573.672591,573.672591,573.672591,573.672591,573.672591,573.672591,573.672591,573.672591,573.672591,573.672591,573.672591,573.672591,573.672591,573.672591,573.672591,573.672591,573.672591,573.672591,573.672591,573.672591,573.672591
2018-08-11,586.340131,586.340131,586.340131,586.340131,586.340131,586.340131,586.340131,586.340131,586.340131,586.340131,586.340131,586.340131,586.340131,586.340131,586.340131,586.340131,586.340131,586.340131,586.340131,586.340131,586.340131,586.340131,586.340131,586.340131,586.340131,586.340131,586.340131
2018-08-12,578.905319,578.905319,578.905319,578.905319,578.905319,578.905319,578.905319,578.905319,578.905319,578.905319,578.905319,578.905319,578.905319,578.905319,578.905319,578.905319,578.905319,578.905319,578.905319,578.905319,578.905319,578.905319,578.905319,578.905319,578.905319,578.905319,578.905319
2018-08-13,587.1295,587.1295,587.1295,587.1295,587.1295,587.1295,587.1295,587.1295,587.1295,587.1295,587.1295,587.1295,587.1295,587.1295,587.1295,587.1295,587.1295,587.1295,587.1295,587.1295,587.1295,587.1295,587.1295,587.1295,587.1295,587.1295,587.1295
2018-08-14,588.335521,588.335521,588.335521,588.335521,588.335521,588.335521,588.335521,588.335521,588.335521,588.335521,588.335521,588.335521,588.335521,588.335521,588.335521,588.335521,588.335521,588.335521,588.335521,588.335521,588.335521,588.335521,588.335521,588.335521,588.335521,588.335521,588.335521
2018-08-15,568.477439,568.477439,568.477439,568.477439,568.477439,568.477439,568.477439,568.477439,568.477439,568.477439,568.477439,568.477439,568.477439,568.477439,568.477439,568.477439,568.477439,568.477439,568.477439,568.477439,568.477439,568.477439,568.477439,568.477439,568.477439,568.477439,568.477439
2018-08-16,548.847828,548.847828,548.847828,548.847828,548.847828,548.847828,548.847828,548.847828,548.847828,548.847828,548.847828,548.847828,548.847828,548.847828,548.847828,548.847828,548.847828,548.847828,548.847828,548.847828,548.847828,548.847828,548.847828,548.847828,548.847828,548.847828,548.847828
2018-08-17,552.428501,552.428501,552.428501,552.428501,552.428501,552.428501,552.428501,552.428501,552.428501,552.428501,552.428501,552.428501,552.428501,552.428501,552.428501,552.428501,552.428501,552.428501,552.428501,552.428501,552.428501,552.428501,552.428501,552.428501,552.428501,552.428501,552.428501
2018-08-18,535.239585,535.239585,535.239585,535.239585,535.239585,535.239585,535.239585,535.239585,535.239585,535.239585,535.239585,535.239585,535.239585,535.239585,535.239585,535.239585,535.239585,535.239585,535.239585,535.239585,535.239585,535.239585,535.239585,535.239585,535.239585,535.239585,535.239585
2018-08-19,532.930458,532.930458,532.930458,532.930458,532.930458,532.930458,532.930458,532.930458,532.930458,532.930458,532.930458,532.930458,532.930458,532.930458,532.930458,532.930458,532.930458,532.930458,532.930458,532.930458,532.930458,532.930458,532.930458,532.930458,532.930458,532.930458,532.930458
2018-08-20,532.452789,532.452789,532.452789,532.452789,532.452789,532.452789,532.452789,532.452789,532.452789,532.452789,532.452789,532.452789,532.452789,532.452789,532.452789,532.452789,532.452789,532.452789,532.452789,532.452789,532.452789,532.452789,532.452789,532.452789,532.452789,532.452789,532.452789
2018-08-21,544.279254,544.279254,544.279254,544.279254,544.279254,544.279254,544.279254,544.279254,544.279254,544.279254,544.279254,544.279254,544.279254,544.279254,544.279254,544.279254,544.279254,544.279254,544.279254,544.279254,544.279254,544.279254,544.279254,544.279254,544.279254,544.279254,544.279254
2018-08-22,564.277739,564.277739,564.277739,564.277739,564.277739,564.277739,564.277739,564.277739,564.277739,564.277739,564.277739,564.277739,564.277739,564.277739,564.277739,564.277739,564.277739,564.277739,564.277739,564.277739,564.277739,564.277739,564.277739,564.277739,564.277739,564.277739,564.277739
2018-08-23,568.106855,568.106855,568.106855,568.106855,568.106855,568.106855,568.106855,568.106855,568.106855,568.106855,568.106855,568.106855,568.106855,568.106855,568.106855,568.106855,568.106855,568.106855,568.106855,568.106855,568.106855,568.106855,568.106855,568.106855,568.106855,568.106855,568.106855
2018-08-24,560.846034,560.846034,560.846034,560.846034,560.846034,560.846034,560.846034,560.846034,560.846034,560.846034,560.846034,560.846034,560.846034,560.846034,560.846034,560.846034,560.846034,560.846034,560.846034,560.846034,560.846034,560.846034,560.846034,560.846034,560.846034,560.846034,560.846034
2018-08-25,574.758276,574.758276,574.758276,574.758276,574.758276,574.758276,574.758276,574.758276,574.758276,574.758276,574.758276,574.758276,574.758276,574.758276,574.758276,574.758276,574.758276,574.758276,574.758276,574.758276,574.758276,574.758276,574.758276,574.758276,574.758276,574.758276,574.758276
2018-08-26,577.961277,577.961277,577.961277,577.961277,577.961277,577.961277,577.961277,577.961277,577.961277,577.961277,577.961277,577.961277,577.961277,577.961277,577.961277,577.961277,577.961277,577.961277,577.961277,577.961277,577.961277,577.961277,577.961277,577.961277,577.961277,577.961277,577.961277
2018-08-27,567.888715,567.888715,567.888715,567.888715,567.888715,567.888715,567.888715,567.888715,567.888715,567.888715,567.888715,567.888715,567.888715,567.888715,567.888715,567.888715,567.888715,567.888715,567.888715,567.888715,567.888715,567.888715,567.888715,567.888715,567.888715,567.888715,567.888715
2018-08-28,567.166496,567.166496,567.166496,567.166496,567.166496,567.166496,567.166496,567.166496,567.166496,567.166496,567.166496,567.166496,567.166496,567.166496,567.166496,567.166496,567.166496,567.166496,567.166496,567.166496,567.166496,567.166496,567.166496,567.166496,567.166496,567.166496,567.166496
2018-08-29,577.733139,577.733139,577.733139,577.733139,577.733139,577.733139,577.733139,577.733139,577.733139,577.733139,577.733139,577.733139,577.733139,577.733139,577.733139,577.733139,577.733139,577.733139,577.733139,577.733139,577.733139,577.733139,577.733139,577.733139,577.733139,577.733139,577.733139
2018-08-30,579.304467,579.304467,579.304467,579.304467,579.304467,579.304467,579.304467,579.304467,579.304467,579.304467,579.304467,579.304467,579.304467,579.304467,579.304467,579.304467,579.304467,579.304467,579.304467,579.304467,579.304467,579.304467,579.304467,579.304467,579.304467,579.304467,579.304467
2018-08-31,587.88315,587.88315,587.88315,587.88315,587.88315,587.88315,587.88315,587.88315,587.88315,587.88315,587.88315,587.88315,587.88315,587.88315,587.88315,587.88315,587.88315,587.88315,587.88315,587.88315,587.88315,587.88315,587.88315,587.88315,587.88315,587.88315,587.88315
2018-09-01,579.595946,579.595946,579.595946,579.595946,579.595946,579.595946,579.595946,579.595946,579.595946,579.595946,579.595946,579.595946,579.595946,579.595946,579.595946,579.595946,579.595946,579.595946,579.595946,579.595946,579.595946,579.595946,579.595946,579.595946,579.595946,579.595946,579.595946
2018-09-02,577.084833,577.084833,577.084833,577.084833,577.084833,577.084833,577.084833,577.084833,577.084833,577.084833,577.084833,577.084833,577.084833,577.084833,577.084833,577.084833,577.084833,577.084833,577.084833,577.084833,577.084833,577.084833,577.084833,577.084833,577.084833,577.084833,577.084833
2018-09-03,581.965696,581.965696,581.965696,581.965696,581.965696,581.965696,581.965696,581.965696,581.965696,581.965696,581.965696,581.965696,581.965696,581.965696,581.965696,581.965696,581.965696,581.965696,581.965696,581.965696,581.965696,581.965696,581.965696,581.965696,581.965696,581.965696,581.965696
2018-09-04,584.445129,584.445129,584.445129,584.445129,584.445129,584.445129,584.445129,584.445129,584.445129,584.445129,584.445129,584.445129,584.445129,584.445129,584.445129,584.445129,584.445129,584.445129,584.445129,584.445129,584.445129,584.445129,584.445129,584.445129,584.445129,584.445129,584.445129
2018-09-05,592.322844,592.322844,592.322844,592.322844,592.322844,592.322844,592.322844,592.322844,592.322844,592.322844,592.322844,592.322844,592.322844,592.322844,592.322844,592.322844,592.322844,592.322844,592.322844,592.322844,592.322844,592.322844,592.322844,592.322844,592.322844,592.322844,592.322844
2018-09-06,585.125352,585.125352,585.125352,585.125352,585.125352,585.125352,585.125352,585.125352,585.125352,585.125352,585.125352,585.125352,585.125352,585.125352,585.125352,585.125352,585.125352,585.125352,585.125352,585.125352,585.125352,585.125352,585.125352,585.125352,585.125352,585.125352,585.125352
2018-09-07,573.245182,573.245182,573.245182,573.245182,573.245182,573.245182,573.245182,573.245182,573.245182,573.245182,573.245182,573.245182,573.245182,573.245182,573.245182,573.245182,573.245182,573.245182,573.245182,573.245182,573.245182,573.245182,573.245182,573.245182,573.245182,573.245182,573.245182
2018-09-08,586.875003,586.875003,586.875003,586.875003,586.875003,586.875003,586.875003,586.875003,586.875003,586.875003,586.875003,586.875003,586.875003,586.875003,586.875003,586.875003,586.875003,586.875003,586.875003,586.875003,586.875003,586.875003,586.875003,586.875003,586.875003,586.875003,586.875003
2018-09-09,575.866122,575.866122,575.866122,575.866122,575.866122,575.866122,575.866122,575.866122,575.866122,575.866122,575.866122,575.866122,575.866122,575.866122,575.866122,575.866122,575.866122,575.866122,575.866122,575.866122,575.866122,575.866122,575.866122,575.866122,575.866122,575.866122,575.866122
2018-09-10,584.357317,584.357317,584.357317,584.357317,584.357317,584.357317,584.357317,584.357317,584.357317,584.357317,584.357317,584.357317,584.357317,584.357317,584.357317,584.357317,584.357317,584.357317,584.357317,584.357317,584.357317,584.357317,584.357317,584.357317,584.357317,584.357317,584.357317
2018-09-11,588.272984,588.272984,588.272984,588.272984,588.272984,588.272984,588.272984,588.272984,588.272984,588.272984,588.272984,588.272984,588.272984,588.272984,588.272984,588.272984,588.272984,588.272984,588.272984,588.272984,588.272984,588.272984,588.272984,588.272984,588.272984,588.272984,588.272984
2018-09-12,563.018666,563.018666,563.018666,563.018666,563.018666,563.018666,563.018666,563.018666,563.018666,563.018666,563.018666,563.018666,563.018666,563.018666,563.018666,563.018666,563.018666,563.018666,563.018666,563.018666,563.018666,563.018666,563.018666,563.018666,563.018666,563.018666,563.018666
2018-09-13,572.130094,572.130094,572.130094,572.130094,572.130094,572.130094,572.130094,572.130094,572.130094,572.130094,572.130094,572.130094,572.130094,572.130094,572.130094,572.130094,572.130094,572.130094,572.130094,572.130094,572.130094,572.130094,572.130094,572.130094,572.130094,572.130094,572.130094
2018-09-14,569.88123,569.88123,569.88123,569.88123,569.88123,569.88123,569.88123,569.88123,569.88123,569.88123,569.88123,569.88123,569.88123,569.88123,569.88123,569.88123,569.88123,569.88123,569.88123,569.88123,569.88123,569.88123,569.88123,569.88123,569.88123,569.88123,569.88123
2018-09-15,528.350833,528.350833,528.350833,528.350833,528.350833,528.350833,528.350833,528.350833,528.350833,528.350833,528.350833,528.350833,528.350833,528.350833,528.350833,528.350833,528.350833,528.350833,528.350833,528.350833,528.350833,528.350833,528.350833,528.350833,528.350833,528.350833,528.350833
2018-09-16,552.376154,552.376154,552.376154,552.376154,552.376154,552.376154,552.376154,552.376154,552.376154,552.376154,552.376154,552.376154,552.376154,552.376154,552.376154,552.376154,552.376154,552.376154,552.376154,552.376154,552.376154,552.376154,552.376154,552.376154,552.376154,552.376154,552.376154
2018-09-17,547.241402,547.241402,547.241402,547.241402,547.241402,547.241402,547.241402,547.241402,547.241402,547.241402,547.241402,547.241402,547.241402,547.241402,547.241402,547.241402,547.241402,547.241402,547.241402,547.241402,547.241402,547.241402,547.241402,547.241402,547.241402,547.241402,547.241402
2018-09-18,533.086696,533.086696,533.086696,533.086696,533.086696,533.086696,533.086696,533.086696,533.086696,533.086696,533.086696,533.086696,533.086696,533.086696,533.086696,533.086696,533.086696,533.086696,533.086696,533.086696,533.086696,533.086696,533.086696,533.086696,533.086696,533.086696,533.086696
2018-09-19,548.188975,548.188975,548.188975,548.188975,548.188975,548.188975,548.188975,548.188975,548.188975,548.188975,548.188975,548.188975,548.188975,548.188975,548.188975,548.188975,548.188975,548.188975,548.188975,548.188975,548.188975,548.188975,548.188975,548.188975,548.188975,548.188975,548.188975
2018-09-20,541.783297,541.783297,541.783297,541.783297,541.783297,541.783297,541.783297,541.783297,541.783297,541.783297,541.783297,541.783297,541.783297,541.783297,541.783297,541.783297,541.783297,541.783297,541.783297,541.783297,541.783297,541.783297,541.783297,541.783297,541.783297,541.783297,541.783297
2018-09-21,554.926808,554.926808,554.926808,554.926808,554.926808,554.926808,554.926808,554.926808,554.926808,554.926808,554.926808,554.926808,554.926808,554.926808,554.926808,554.926808,554.926808,554.926808,554.926808,554.926808,554.926808,554.926808,554.926808,554.926808,554.926808,554.926808,554.926808
2018-09-22,592.637007,592.637007,592.637007,592.637007,592.637007,592.637007,592.637007,592.637007,592.637007,592.637007,592.637007,592.637007,592.637007,592.637007,592.637007,592.637007,592.637007,592.637007,592.637007,592.637007,592.637007,592.637007,592.637007,592.637007,592.637007,592.637007,592.637007
2018-09-23,579.969938,579.969938,579.969938,579.969938,579.969938,579.969938,579.969938,579.969938,579.969938,579.969938,579.969938,579.969938,579.969938,579.969938,579.969938,579.969938,579.969938,579.969938,579.969938,579.969938,579.969938,579.969938,579.969938,579.969938,579.969938,579.969938,579.969938
2018-09-24,587.017073,587.017073,587.017073,587.017073,587.017073,587.017073,587.017073,587.017073,587.017073,587.017073,587.017073,587.017073,587.017073,587.017073,587.017073,587.017073,587.017073,587.017073,587.017073,587.017073,587.017073,587.017073,587.017073,587.017073,587.017073,587.017073,587.017073
2018-09-25,570.190046,570.190046,570.190046,570.190046,570.190046,570.190046,570.190046,570.190046,570.190046,570.190046,570.190046,570.190046,570.190046,570.190046,570.190046,570.190046,570.190046,570.190046,570.190046,570.190046,570.190046,570.190046,570.190046,570.190046,570.190046,570.190046,570.190046
2018-09-26,549.275408,549.275408,549.275408,549.275408,549.275408,549.275408,549.275408,549.275408,549.275408,549.275408,549.275408,549.275408,549.275408,549.275408,549.275408,549.275408,549.275408,549.275408,549.275408,549.275408,549.275408,549.275408,549.275408,549.275408,549.275408,549.275408,549.275408
2018-09-27,554.070623,554.070623,554.070623,554.070623,554.070623,554.070623,554.070623,554.070623,554.070623,554.070623,554.070623,554.070623,554.070623,554.070623,554.070623,554.070623,554.070623,554.070623,554.070623,554.070623,554.070623,554.070623,554.070623,554.070623,554.070623,554.070623,554.070623
2018-09-28,559.009765,559.009765,559.009765,559.009765,559.009765,559.009765,559.009765,559.009765,559.009765,559.009765,559.009765,559.009765,559.009765,559.009765,559.009765,559.009765,559.009765,559.009765,559.009765,559.009765,559.009765,559.009765,559.009765,559.009765,559.009765,559.009765,559.009765
2018-09-29,550.101827,550.101827,550.101827,550.101827,550.101827,550.101827,550.101827,550.101827,550.101827,550.101827,550.101827,550.101827,550.101827,550.101827,550.101827,550.101827,550.101827,550.101827,550.101827,550.101827,550.101827,550.101827,550.101827,550.101827,550.101827,550.101827,550.101827
2018-09-30,559.353863,559.353863,559.353863,559.353863,559.353863,559.353863,559.353863,559.353863,559.353863,559.353863,559.353863,559.353863,559.353863,559.353863,559.353863,559.353863,559.353863,559.353863,559.353863,559.353863,559.353863,559.353863,559.353863,559.353863,559.353863,559.353863,559.353863
2018-10-01,563.532933,563.532933,563.532933,563.532933,563.532933,563.532933,563.532933,563.532933,563.532933,563.532933,563.532933,563.532933,563.532933,563.532933,563.532933,563.532933,563.532933,563.532933,563.532933,563.532933,563.532933,563.532933,563.532933,563.532933,563.532933,563.532933,563.532933
2018-10-02,588.218158,588.218158,588.218158,588.218158,588.218158,588.218158,588.218158,588.218158,588.218158,588.218158,588.218158,588.218158,588.218158,588.218158,588.218158,588.218158,588.218158,588.218158,588.218158,588.218158,588.218158,588.218158,588.218158,588.218158,588.218158,588.218158,588.218158
2018-10-03,590.744979,590.744979,590.744979,590.744979,590.744979,590.744979,590.744979,590.744979,590.744979,590.744979,590.744979,590.744979,590.744979,590.744979,590.744979,590.744979,590.744979,590.744979,590.744979,590.744979,590.744979,590.744979,590.744979,590.744979,590.744979,590.744979,590.744979
2018-10-04,590.594116,590.594116,590.594116,590.594116,590.594116,590.594116,590.594116,590.594116,590.594116,590.594116,590.594116,590.594116,590.594116,590.594116,590.594116,590.594116,590.594116,590.594116,590.594116,590.594116,590.594116,590.594116,495.602731,590.594116,590.594116,590.594116,590.594116
2018-10-05,584.003612,584.003612,584.003612,584.003612,584.003612,584.003612,584.003612,584.003612,584.003612,584.003612,584.003612,584.003612,584.003612,584.003612,584.003612,584.003612,584.003612,584.003612,584.003612,584.003612,584.003612,584.003612,489.236103,584.003612,584.003612,584.003612,584.003612
2018-10-06,590.293371,590.293371,590.293371,590.293371,590.293371,590.293371,590.293371,590.293371,590.293371,590.293371,590.293371,590.293371,590.293371,590.293371,590.293371,590.293371,590.293371,590.293371,590.293371,590.293371,590.293371,590.293371,490.885733,590.293371,590.293371,590.293371,590.293371
2018-10-07,579.249143,579.249143,579.249143,579.249143,579.249143,579.249143,579.249143,579.249143,579.249143,579.249143,579.249143,579.249143,579.249143,579.249143,579.249143,579.249143,579.249143,579.249143,579.249143,579.249143,579.249143,579.249143,493.527965,579.249143,579.249143,579.249143,579.249143
2018-10-08,560.212213,560.212213,560.212213,560.212213,560.212213,560.212213,560.212213,560.212213,560.212213,560.212213,560.212213,560.212213,560.212213,560.212213,560.212213,560.212213,560.212213,560.212213,560.212213,560.212213,560.212213,560.212213,483.763166,560.212213,560.212213,560.212213,560.212213
2018-10-09,555.055586,555.055586,555.055586,555.055586,555.055586,555.055586,555.055586,555.055586,555.055586,555.055586,555.055586,555.055586,555.055586,555.055586,555.055586,555.055586,555.055586,555.055586,555.055586,555.055586,555.055586,555.055586,477.331808,555.055586,555.055586,555.055586,555.055586
2018-10-10,559.224693,559.224693,559.224693,559.224693,559.224693,559.224693,559.224693,559.224693,559.224693,559.224693,559.224693,559.224693,559.224693,559.224693,559.224693,559.224693,559.224693,559.224693,559.224693,559.224693,559.224693,559.224693,475.900657,559.224693,559.224693,559.224693,559.224693
2018-10-11,565.219806,565.219806,565.219806,565.219806,565.219806,565.219806,565.219806,565.219806,565.219806,565.219806,565.219806,565.219806,565.219806,565.219806,565.219806,565.219806,565.219806,565.219806,565.219806,565.219806,565.219806,565.219806,476.161989,565.219806,565.219806,565.219806,565.219806
2018-10-12,563.869837,563.869837,563.869837,563.869837,563.869837,563.869837,563.869837,563.869837,563.869837,563.869837,563.869837,563.869837,563.869837,563.869837,563.869837,563.869837,563.869837,563.869837,563.869837,563.869837,563.869837,563.869837,478.167576,563.869837,563.869837,563.869837,563.869837
2018-10-13,553.955024,553.955024,553.955024,553.955024,553.955024,553.955024,553.955024,553.955024,553.955024,553.955024,553.955024,553.955024,553.955024,553.955024,553.955024,553.955024,553.955024,553.955024,553.955024,553.955024,553.955024,553.955024,468.672942,553.955024,553.955024,553.955024,553.955024
2018-10-14,550.225272,550.225272,550.225272,550.225272,550.225272,550.225272,550.225272,550.225272,550.225272,550.225272,550.225272,550.225272,550.225272,550.225272,550.225272,550.225272,550.225272,550.225272,550.225272,550.225272,550.225272,550.225272,455.729138,550.225272,550.225272,550.225272,550.225272
2018-10-15,561.935354,561.935354,561.935354,561.935354,561.935354,561.935354,561.935354,561.935354,561.935354,561.935354,561.935354,561.935354,561.935354,561.935354,561.935354,561.935354,561.935354,561.935354,561.935354,561.935354,561.935354,561.935354,467.708699,561.935354,561.935354,561.935354,561.935354
2018-10-16,576.091955,576.091955,576.091955,576.091955,576.091955,576.091955,576.091955,576.091955,576.091955,576.091955,576.091955,576.091955,576.091955,576.091955,576.091955,576.091955,576.091955,576.091955,576.091955,576.091955,576.091955,576.091955,481.747374,576.091955,576.091955,576.091955,576.091955
2018-10-17,604.233156,604.233156,604.233156,604.233156,604.233156,604.233156,604.233156,604.233156,604.233156,604.233156,604.233156,604.233156,604.233156,604.233156,604.233156,604.233156,604.233156,604.233156,604.233156,604.233156,604.233156,604.233156,503.279759,604.233156,604.233156,604.233156,604.233156
2018-10-18,593.271449,593.271449,593.271449,593.271449,593.271449,593.271449,593.271449,593.271449,593.271449,593.271449,593.271449,593.271449,593.271449,593.271449,593.271449,593.271449,593.271449,593.271449,593.271449,593.271449,593.271449,593.271449,491.63023,593.271449,593.271449,593.271449,593.271449
2018-10-19,618.540552,618.540552,618.540552,618.540552,618.540552,618.540552,618.540552,618.540552,618.540552,618.540552,618.540552,618.540552,618.540552,618.540552,618.540552,618.540552,618.540552,618.540552,618.540552,618.540552,618.540552,618.540552,515.648622,618.540552,618.540552,618.540552,618.540552
2018-10-20,627.601813,627.601813,627.601813,627.601813,627.601813,627.601813,627.601813,627.601813,627.601813,627.601813,627.601813,627.601813,627.601813,627.601813,627.601813,627.601813,627.601813,627.601813,627.601813,627.601813,627.601813,627.601813,519.588489,627.601813,627.601813,627.601813,627.601813
2018-10-21,645.335071,645.335071,645.335071,645.335071,645.335071,645.335071,645.335071,645.335071,645.335071,645.335071,645.335071,645.335071,645.335071,645.335071,645.335071,645.335071,645.335071,645.335071,645.335071,645.335071,645.335071,645.335071,526.387781,645.335071,645.335071,645.335071,645.335071
2018-10-22,658.454561,658.454561,658.454561,658.454561,658.454561,658.454561,658.454561,658.454561,658.454561,658.454561,658.454561,658.454561,658.454561,658.454561,658.454561,658.454561,658.454561,658.454561,658.454561,658.454561,658.454561,658.454561,537.637204,658.454561,658.454561,658.454561,658.454561
2018-10-23,663.169054,663.169054,663.169054,663.169054,663.169054,663.169054,663.169054,663.169054,663.169054,663.169054,663.169054,663.169054,663.169054,663.169054,663.169054,663.169054,663.169054,663.169054,663.169054,663.169054,663.169054,663.169054,534.043516,663.169054,663.169054,663.169054,663.169054
2018-10-24,670.887608,670.887608,670.887608,670.887608,670.887608,670.887608,670.887608,670.887608,670.887608,670.887608,670.887608,670.887608,670.887608,670.887608,670.887608,670.887608,670.887608,670.887608,670.887608,670.887608,670.887608,670.887608,548.068374,670.887608,670.887608,670.887608,670.887608
2018-10-25,682.208216,682.208216,682.208216,682.208216,682.208216,682.208216,682.208216,682.208216,682.208216,682.208216,682.208216,682.208216,682.208216,682.208216,682.208216,682.208216,682.208216,682.208216,682.208216,682.208216,682.208216,682.208216,563.292611,682.208216,682.208216,682.208216,682.208216
2018-10-26,668.062049,668.062049,668.062049,668.062049,668.062049,668.062049,668.062049,668.062049,668.062049,668.062049,668.062049,668.062049,668.062049,668.062049,668.062049,668.062049,668.062049,668.062049,668.062049,668.062049,668.062049,668.062049,549.437795,668.062049,668.062049,668.062049,668.062049
2018-10-27,678.53557,678.53557,678.53557,678.53557,678.53557,678.53557,678.53557,678.53557,678.53557,678.53557,678.53557,678.53557,678.53557,678.53557,678.53557,678.53557,678.53557,678.53557,678.53557,678.53557,678.53557,678.53557,566.93686,678.53557,678.53557,678.53557,678.53557
2018-10-28,699.189107,699.189107,699.189107,699.189107,699.189107,699.189107,699.189107,699.189107,699.189107,699.189107,699.189107,699.189107,699.189107,699.189107,699.189107,699.189107,699.189107,699.189107,699.189107,699.189107,699.189107,699.189107,594.478848,699.189107,699.189107,699.189107,699.189107
2018-10-29,686.531157,686.531157,686.531157,686.531157,686.531157,686.531157,686.531157,686.531157,686.531157,686.531157,686.531157,686.531157,686.531157,686.531157,686.531157,686.531157,686.531157,686.531157,686.531157,686.531157,686.531157,686.531157,583.12175,686.531157,686.531157,686.531157,686.531157
2018-10-30,682.363524,682.363524,682.363524,682.363524,682.363524,682.363524,682.363524,682.363524,682.363524,682.363524,682.363524,682.363524,682.363524,682.363524,682.363524,682.363524,682.363524,682.363524,682.363524,682.363524,682.363524,682.363524,588.417737,682.363524,682.363524,682.363524,682.363524
2018-10-31,663.355491,663.355491,663.355491,663.355491,663.355491,663.355491,663.355491,663.355491,663.355491,663.355491,663.355491,663.355491,663.355491,663.355491,663.355491,663.355491,663.355491,663.355491,663.355491,663.355491,663.355491,663.355491,573.22046,663.355491,663.355491,663.355491,663.355491
2018-11-01,665.606803,665.606803,665.606803,665.606803,665.606803,665.606803,665.606803,665.606803,665.606803,665.606803,665.606803,665.606803,665.606803,665.606803,665.606803,665.606803,665.606803,665.606803,665.606803,665.606803,665.606803,665.606803,573.05895,665.606803,665.606803,665.606803,665.606803
2018-11-02,672.50001,672.50001,672.50001,672.50001,672.50001,672.50001,672.50001,672.50001,672.50001,672.50001,672.50001,672.50001,672.50001,672.50001,672.50001,672.50001,672.50001,672.50001,672.50001,672.50001,672.50001,672.50001,583.219635,672.50001,672.50001,672.50001,672.50001
2018-11-03,675.556057,675.556057,675.556057,675.556057,675.556057,675.556057,675.556057,675.556057,675.556057,675.556057,675.556057,675.556057,675.556057,675.556057,675.556057,675.556057,675.556057,675.556057,675.556057,675.556057,675.556057,675.556057,580.23155,675.556057,675.556057,675.556057,675.556057
2018-11-04,654.873946,654.873946,654.873946,654.873946,654.873946,654.873946,654.873946,654.873946,654.873946,654.873946,654.873946,654.873946,654.873946,654.873946,654.873946,654.873946,654.873946,654.873946,654.873946,654.873946,654.873946,654.873946,560.271234,654.873946,654.873946,654.873946,654.873946
2018-11-05,667.911839,667.911839,667.911839,667.911839,667.911839,667.911839,667.911839,667.911839,667.911839,667.911839,667.911839,667.911839,667.911839,667.911839,667.911839,667.911839,667.911839,667.911839,667.911839,667.911839,667.911839,667.911839,572.06706,667.911839,667.911839,667.911839,667.911839
2018-11-06,678.033454,678.033454,678.033454,678.033454,678.033454,678.033454,678.033454,678.033454,678.033454,678.033454,678.033454,678.033454,678.033454,678.033454,678.033454,678.033454,678.033454,678.033454,678.033454,678.033454,678.033454,678.033454,576.279941,678.033454,678.033454,678.033454,678.033454
2018-11-07,677.954751,677.954751,677.954751,677.954751,677.954751,677.954751,677.954751,677.954751,677.954751,677.954751,677.954751,677.954751,677.954751,677.954751,677.954751,677.954751,677.954751,677.954751,677.954751,677.954751,677.954751,677.954751,573.222944,677.954751,677.954751,677.954751,677.954751
2018-11-08,688.360571,688.360571,688.360571,688.360571,688.360571,688.360571,688.360571,688.360571,688.360571,688.360571,688.360571,688.360571,688.360571,688.360571,688.360571,688.360571,688.360571,688.360571,688.360571,688.360571,688.360571,688.360571,588.657717,688.360571,688.360571,688.360571,688.360571
2018-11-09,696.337188,696.337188,696.337188,696.337188,696.337188,696.337188,696.337188,696.337188,696.337188,696.337188,696.337188,696.337188,696.337188,696.337188,696.337188,696.337188,696.337188,696.337188,696.337188,696.337188,696.337188,696.337188,592.781246,696.337188,696.337188,696.337188,696.337188
2018-11-10,692.204873,692.204873,692.204873,692.204873,692.204873,692.204873,692.204873,692.204873,692.204873,692.204873,692.204873,692.204873,692.204873,692.204873,692.204873,692.204873,692.204873,692.204873,692.204873,692.204873,692.204873,692.204873,588.427888,692.204873,692.204873,692.204873,692.204873
2018-11-11,701.67837,701.67837,701.67837,701.67837,701.67837,701.67837,701.67837,701.67837,701.67837,701.67837,701.67837,701.67837,701.67837,701.67837,701.67837,701.67837,701.67837,701.67837,701.67837,701.67837,701.67837,701.67837,605.246449,701.67837,701.67837,701.67837,701.67837
2018-11-12,705.328078,705.328078,705.328078,705.328078,705.328078,705.328078,705.328078,705.328078,705.328078,705.328078,705.328078,705.328078,705.328078,705.328078,705.328078,705.328078,705.328078,705.328078,705.328078,705.328078,705.328078,705.328078,609.516888,705.328078,705.328078,705.328078,705.328078
2018-11-13,691.133344,691.133344,691.133344,691.133344,691.133344,691.133344,691.133344,691.133344,691.133344,691.133344,691.133344,691.133344,691.133344,691.133344,691.133344,691.133344,691.133344,691.133344,691.133344,691.133344,691.133344,691.133344,592.863484,691.133344,691.133344,691.133344,691.133344
2018-11-14,700.269125,700.269125,700.269125,700.269125,700.269125,700.269125,700.269125,700.269125,700.269125,700.269125,700.269125,700.269125,700.269125,700.269125,700.269125,700.269125,700.269125,700.269125,700.269125,700.269125,700.269125,700.269125,603.624464,700.269125,700.269125,700.269125,700.269125
2018-11-15,704.757944,704.757944,704.757944,704.757944,704.757944,704.757944,704.757944,704.757944,704.757944,704.757944,704.757944,704.757944,704.757944,704.757944,704.757944,704.757944,704.757944,704.757944,704.757944,704.757944,704.757944,704.757944,602.22229,704.757944,704.757944,704.757944,704.757944
2018-11-16,704.104899,704.104899,704.104899,704.104899,704.104899,704.104899,704.104899,704.104899,704.104899,704.104899,704.104899,704.104899,704.104899,704.104899,704.104899,704.104899,704.104899,704.104899,704.104899,704.104899,704.104899,704.104899,607.230418,704.104899,704.104899,704.104899,704.104899
2018-11-17,708.535982,708.535982,708.535982,708.535982,708.535982,708.535982,708.535982,708.535982,708.535982,708.535982,708.535982,708.535982,708.535982,708.535982,708.535982,708.535982,708.535982,708.535982,708.535982,708.535982,708.535982,708.535982,613.739798,708.535982,708.535982,708.535982,708.535982
2018-11-18,689.701491,689.701491,689.701491,689.701491,689.701491,689.701491,689.701491,689.701491,689.701491,689.701491,689.701491,689.701491,689.701491,689.701491,689.701491,689.701491,689.701491,689.701491,689.701491,689.701491,689.701491,689.701491,593.228945,689.701491,689.701491,689.701491,689.701491
2018-11-19,694.306692,694.306692,694.306692,694.306692,694.306692,694.306692,694.306692,694.306692,694.306692,694.306692,694.306692,694.306692,694.306692,694.306692,694.306692,694.306692,694.306692,694.306692,694.306692,694.306692,694.306692,694.306692,598.815768,694.306692,694.306692,694.306692,694.306692
2018-11-20,712.544305,712.544305,712.544305,712.544305,712.544305,712.544305,712.544305,712.544305,712.544305,712.544305,712.544305,712.544305,712.544305,712.544305,712.544305,712.544305,712.544305,712.544305,712.544305,712.544305,712.544305,712.544305,622.396719,712.544305,712.544305,712.544305,712.544305
2018-11-21,712.342571,712.342571,712.342571,712.342571,712.342571,712.342571,712.342571,712.342571,712.342571,712.342571,712.342571,712.342571,712.342571,712.342571,712.342571,712.342571,712.342571,712.342571,712.342571,712.342571,712.342571,712.342571,619.679455,712.342571,712.342571,712.342571,712.342571
2018-11-22,709.665896,709.665896,709.665896,709.665896,709.665896,709.665896,709.665896,709.665896,709.665896,709.665896,709.665896,709.665896,709.665896,709.665896,709.665896,709.665896,709.665896,709.665896,709.665896,709.665896,709.665896,709.665896,619.58081,709.665896,709.665896,709.665896,709.665896
2018-11-23,685.344644,685.344644,685.344644,685.344644,685.344644,685.344644,685.344644,685.344644,685.344644,685.344644,685.344644,685.344644,685.344644,685.344644,685.344644,685.344644,685.344644,685.344644,685.344644,685.344644,685.344644,685.344644,589.202394,685.344644,685.344644,685.344644,685.344644
2018-11-24,684.295952,684.295952,684.295952,684.295952,684.295952,684.295952,684.295952,684.295952,684.295952,684.295952,684.295952,684.295952,684.295952,684.295952,684.295952,684.295952,684.295952,684.295952,684.295952,684.295952,684.295952,684.295952,585.87381,684.295952,684.295952,684.295952,684.295952
2018-11-25,701.222812,701.222812,701.222812,701.222812,701.222812,701.222812,701.222812,701.222812,701.222812,701.222812,701.222812,701.222812,701.222812,701.222812,701.222812,701.222812,701.222812,701.222812,701.222812,701.222812,701.222812,701.222812,597.226144,701.222812,701.222812,701.222812,701.222812
2018-11-26,694.844741,694.844741,694.844741,694.844741,694.844741,694.844741,694.844741,694.844741,694.844741,694.844741,694.844741,694.844741,694.844741,694.844741,694.844741,694.844741,694.844741,694.844741,694.844741,694.844741,694.844741,694.844741,588.99872,694.844741,694.844741,694.844741,694.844741
2018-11-27,672.843111,672.843111,672.843111,672.843111,672.843111,672.843111,672.843111,672.843111,672.843111,672.843111,672.843111,672.843111,672.843111,672.843111,672.843111,672.843111,672.843111,672.843111,672.843111,672.843111,672.843111,672.843111,565.431655,672.843111,672.843111,672.843111,672.843111
2018-11-28,671.540111,671.540111,671.540111,671.540111,671.540111,671.540111,671.540111,671.540111,671.540111,671.540111,671.540111,671.540111,671.540111,671.540111,671.540111,671.540111,671.540111,671.540111,671.540111,671.540111,671.540111,671.540111,565.218879,671.540111,671.540111,671.540111,671.540111
2018-11-29,680.21629,680.21629,680.21629,680.21629,680.21629,680.21629,680.21629,680.21629,680.21629,680.21629,680.21629,680.21629,680.21629,680.21629,680.21629,680.21629,680.21629,680.21629,680.21629,680.21629,680.21629,680.21629,569.222595,680.21629,680.21629,680.21629,680.21629
2018-11-30,687.314298,687.314298,687.314298,687.314298,687.314298,687.314298,687.314298,687.314298,687.314298,687.314298,687.314298,687.314298,687.314298,687.314298,687.314298,687.314298,687.314298,687.314298,687.314298,687.314298,687.314298,687.314298,574.721558,687.314298,687.314298,687.314298,687.314298
2018-12-01,685.304057,685.304057,685.304057,685.304057,685.304057,685.304057,685.304057,685.304057,685.304057,685.304057,685.304057,685.304057,685.304057,685.304057,685.304057,685.304057,685.304057,685.304057,685.304057,685.304057,685.304057,685.304057,576.907664,685.304057,685.304057,685.304057,685.304057
2018-12-02,690.871809,690.871809,690.871809,690.871809,690.871809,690.871809,690.871809,690.871809,690.871809,690.871809,690.871809,690.871809,690.871809,690.871809,690.871809,690.871809,690.871809,690.871809,690.871809,690.871809,690.871809,690.871809,587.311741,690.871809,690.871809,690.871809,690.871809
2018-12-03,694.418632,694.418632,694.418632,694.418632,694.418632,694.418632,694.418632,694.418632,694.418632,694.418632,694.418632,694.418632,694.418632,694.418632,694.418632,694.418632,694.418632,694.418632,694.418632,694.418632,694.418632,694.418632,593.020634,694.418632,694.418632,694.418632,694.418632
2018-12-04,692.103083,692.103083,692.103083,692.103083,692.103083,692.103083,692.103083,692.103083,692.103083,692.103083,692.103083,692.103083,692.103083,692.103083,692.103083,692.103083,692.103083,692.103083,692.103083,692.103083,692.103083,692.103083,592.059915,692.103083,692.103083,692.103083,692.103083
2018-12-05,693.656852,693.656852,693.656852,693.656852,693.656852,693.656852,693.656852,693.656852,693.656852,693.656852,693.656852,693.656852,693.656852,693.656852,693.656852,693.656852,693.656852,693.656852,693.656852,693.656852,693.656852,693.656852,593.68253,693.656852,693.656852,693.656852,693.656852
2018-12-06,681.703754,681.703754,681.703754,681.703754,681.703754,681.703754,681.703754,681.703754,681.703754,681.703754,681.703754,681.703754,681.703754,681.703754,681.703754,681.703754,681.703754,681.703754,681.703754,681.703754,681.703754,681.703754,585.555743,681.703754,681.703754,681.703754,681.703754
2018-12-07,686.853752,686.853752,686.853752,686.853752,686.853752,686.853752,686.853752,686.853752,686.853752,686.853752,686.853752,686.853752,686.853752,686.853752,686.853752,686.853752,686.853752,686.853752,686.853752,686.853752,686.853752,686.853752,598.554432,686.853752,686.853752,686.853752,686.853752
2018-12-08,681.539692,681.539692,681.539692,681.539692,681.539692,681.539692,681.539692,681.539692,681.539692,681.539692,681.539692,681.539692,681.539692,681.539692,681.539692,681.539692,681.539692,681.539692,681.539692,681.539692,681.539692,681.539692,590.489824,681.539692,681.539692,681.539692,681.539692
2018-12-09,671.464643,671.464643,671.464643,671.464643,671.464643,671.464643,671.464643,671.464643,671.464643,671.464643,671.464643,671.464643,671.464643,671.464643,671.464643,671.464643,671.464643,671.464643,671.464643,671.464643,671.464643,671.464643,578.328994,671.464643,671.464643,671.464643,671.464643
2018-12-10,658.984945,658.984945,658.984945,658.984945,658.984945,658.984945,658.984945,658.984945,658.984945,658.984945,658.984945,658.984945,658.984945,658.984945,658.984945,658.984945,658.984945,658.984945,658.984945,658.984945,658.984945,658.984945,570.728694,658.984945,658.984945,658.984945,658.984945
2018-12-11,664.295557,664.295557,664.295557,664.295557,664.295557,664.295557,664.295557,664.295557,664.295557,664.295557,664.295557,664.295557,664.295557,664.295557,664.295557,664.295557,664.295557,664.295557,664.295557,664.295557,664.295557,664.295557,579.696697,664.295557,664.295557,664.295557,664.295557
2018-12-12,652.193546,652.193546,652.193546,652.193546,652.193546,652.193546,652.193546,652.193546,652.193546,652.193546,652.193546,652.193546,652.193546,652.193546,652.193546,652.193546,652.193546,652.193546,652.193546,652.193546,652.193546,652.193546,574.29898,652.193546,652.193546,652.193546,652.193546
2018-12-13,657.297353,657.297353,657.297353,657.297353,657.297353,657.297353,657.297353,657.297353,657.297353,657.297353,657.297353,657.297353,657.297353,657.297353,657.297353,657.297353,657.297353,657.297353,657.297353,657.297353,657.297353,657.297353,581.300695,657.297353,657.297353,657.297353,657.297353
2018-12-14,666.101749,666.101749,666.101749,666.101749,666.101749,666.101749,666.101749,666.101749,666.101749,666.101749,666.101749,666.101749,666.101749,666.101749,666.101749,666.101749,666.101749,666.101749,666.101749,666.101749,666.101749,666.101749,586.866805,666.101749,666.101749,666.101749,666.101749
2018-12-15,666.058255,666.058255,666.058255,666.058255,666.058255,666.058255,666.058255,666.058255,666.058255,666.058255,666.058255,666.058255,666.058255,666.058255,666.058255,666.058255,666.058255,666.058255,666.058255,666.058255,666.058255,666.058255,585.08374,666.058255,666.058255,666.058255,666.058255
2018-12-16,665.444695,665.444695,665.444695,665.444695,665.444695,665.444695,665.444695,665.444695,665.444695,665.444695,665.444695,665.444695,665.444695,665.444695,665.444695,665.444695,665.444695,665.444695,665.444695,665.444695,665.444695,665.444695,589.329141,665.444695,665.444695,665.444695,665.444695
2018-12-17,680.317408,680.317408,680.317408,680.317408,680.317408,680.317408,680.317408,680.317408,680.317408,680.317408,680.317408,680.317408,680.317408,680.317408,680.317408,680.317408,680.317408,680.317408,680.317408,680.317408,680.317408,680.317408,602.721014,680.317408,680.317408,680.317408,680.317408
2018-12-18,685.521895,685.521895,685.521895,685.521895,685.521895,685.521895,685.521895,685.521895,685.521895,685.521895,685.521895,685.521895,685.521895,685.521895,685.521895,685.521895,685.521895,685.521895,685.521895,685.521895,685.521895,685.521895,602.706031,685.521895,685.521895,685.521895,685.521895
2018-12-19,687.305475,687.305475,687.305475,687.305475,687.305475,687.305475,687.305475,687.305475,687.305475,687.305475,687.305475,687.305475,687.305475,687.305475,687.305475,687.305475,687.305475,687.305475,687.305475,687.305475,687.305475,687.305475,591.211966,687.305475,687.305475,687.305475,687.305475
2018-12-20,682.678042,682.678042,682.678042,682.678042,682.678042,682.678042,682.678042,682.678042,682.678042,682.678042,682.678042,682.678042,682.678042,682.678042,682.678042,682.678042,682.678042,682.678042,682.678042,682.678042,682.678042,682.678042,582.982651,682.678042,682.678042,682.678042,682.678042
2018-12-21,662.50607,662.50607,662.50607,662.50607,662.50607,662.50607,662.50607,662.50607,662.50607,662.50607,662.50607,662.50607,662.50607,662.50607,662.50607,662.50607,662.50607,662.50607,662.50607,662.50607,662.50607,662.50607,565.171539,662.50607,662.50607,662.50607,662.50607
2018-12-22,655.507811,655.507811,655.507811,655.507811,655.507811,655.507811,655.507811,655.507811,655.507811,655.507811,655.507811,655.507811,655.507811,655.507811,655.507811,655.507811,655.507811,655.507811,655.507811,655.507811,655.507811,655.507811,565.559608,655.507811,655.507811,655.507811,655.507811
2018-12-23,658.938825,658.938825,658.938825,658.938825,658.938825,658.938825,658.938825,658.938825,658.938825,658.938825,658.938825,658.938825,658.938825,658.938825,658.938825,658.938825,658.938825,658.938825,658.938825,658.938825,658.938825,658.938825,571.530758,658.938825,658.938825,658.938825,658.938825
2018-12-24,655.105101,655.105101,655.105101,655.105101,655.105101,655.105101,655.105101,655.105101,655.105101,655.105101,655.105101,655.105101,655.105101,655.105101,655.105101,655.105101,655.105101,655.105101,655.105101,655.105101,655.105101,655.105101,562.30871,655.105101,655.105101,655.105101,655.105101
2018-12-25,653.874349,653.874349,653.874349,653.874349,653.874349,653.874349,653.874349,653.874349,653.874349,653.874349,653.874349,653.874349,653.874349,653.874349,653.874349,653.874349,653.874349,653.874349,653.874349,653.874349,653.874349,653.874349,562.511598,653.874349,653.874349,653.874349,653.874349
2018-12-26,668.20272,668.20272,668.20272,668.20272,668.20272,668.20272,668.20272,668.20272,668.20272,668.20272,668.20272,668.20272,668.20272,668.20272,668.20272,668.20272,668.20272,668.20272,668.20272,668.20272,668.20272,668.20272,583.942277,668.20272,668.20272,668.20272,668.20272
2018-12-27,666.972704,666.972704,666.972704,666.972704,666.972704,666.972704,666.972704,666.972704,666.972704,666.972704,666.972704,666.972704,666.972704,666.972704,666.972704,666.972704,666.972704,666.972704,666.972704,666.972704,666.972704,666.972704,582.867888,666.972704,666.972704,666.972704,666.972704
2018-12-28,690.971677,690.971677,690.971677,690.971677,690.971677,690.971677,690.971677,690.971677,690.971677,690.971677,690.971677,690.971677,690.971677,690.971677,690.971677,690.971677,690.971677,690.971677,690.971677,690.971677,690.971677,690.971677,601.878948,690.971677,690.971677,690.971677,690.971677
2018-12-29,687.522997,687.522997,687.522997,687.522997,687.522997,687.522997,687.522997,687.522997,687.522997,687.522997,687.522997,687.522997,687.522997,687.522997,687.522997,687.522997,687.522997,687.522997,687.522997,687.522997,687.522997,687.522997,596.649578,687.522997,687.522997,687.522997,687.522997
2018-12-30,663.659734,663.659734,663.659734,663.659734,663.659734,663.659734,663.659734,663.659734,663.659734,663.659734,663.659734,663.659734,663.659734,663.659734,663.659734,663.659734,663.659734,663.659734,663.659734,663.659734,663.659734,663.659734,571.701124,663.659734,663.659734,663.659734,663.659734
2018-12-31,655.049918,655.049918,655.049918,655.049918,655.049918,655.049918,655.049918,655.049918,655.049918,655.049918,655.049918,655.049918,655.049918,655.049918,655.049918,655.049918,655.049918,655.049918,655.049918,655.049918,655.049918,655.049918,568.2855,655.049918,655.049918,655.049918,655.049918
2019-01-01,657.571658,657.571658,657.571658,657.571658,657.571658,657.571658,657.571658,657.571658,657.571658,657.571658,657.571658,657.571658,657.571658,657.571658,657.571658,657.571658,657.571658,657.571658,657.571658,657.571658,657.571658,657.571658,566.840746,657.571658,657.571658,657.571658,657.571658
2019-01-02,651.59868,651.59868,651.59868,651.59868,651.59868,651.59868,651.59868,651.59868,651.59868,651.59868,651.59868,651.59868,651.59868,651.59868,651.59868,651.59868,651.59868,651.59868,651.59868,651.59868,651.59868,651.59868,561.346531,651.59868,651.59868,651.59868,651.59868
2019-01-03,646.73572,646.73572,646.73572,646.73572,646.73572,646.73572,646.73572,646.73572,646.73572,646.73572,646.73572,646.73572,646.73572,646.73572,646.73572,646.73572,646.73572,646.73572,646.73572,646.73572,646.73572,646.73572,556.448067,646.73572,646.73572,646.73572,646.73572
2019-01-04,624.918004,624.918004,624.918004,624.918004,624.918004,624.918004,624.918004,624.918004,624.918004,624.918004,624.918004,624.918004,624.918004,624.918004,624.918004,624.918004,624.918004,624.918004,624.918004,624.918004,624.918004,624.918004,541.263308,624.918004,624.918004,624.918004,624.918004
2019-01-05,656.954536,656.954536,656.954536,656.954536,656.954536,656.954536,656.954536,656.954536,656.954536,656.954536,656.954536,656.954536,656.954536,656.954536,656.954536,656.954536,656.954536,656.954536,656.954536,656.954536,656.954536,656.954536,573.54472,656.954536,656.954536,656.954536,656.954536
2019-01-06,676.827797,676.827797,676.827797,676.827797,676.827797,676.827797,676.827797,676.827797,676.827797,676.827797,676.827797,676.827797,676.827797,676.827797,676.827797,676.827797,676.827797,676.827797,676.827797,676.827797,676.827797,676.827797,593.230218,676.827797,676.827797,676.827797,676.827797
2019-01-07,674.992901,674.992901,674.992901,674.992901,674.992901,674.992901,674.992901,674.992901,674.992901,674.992901,674.992901,674.992901,674.992901,674.992901,674.992901,674.992901,674.992901,674.992901,674.992901,674.992901,674.992901,674.992901,588.784109,674.992901,674.992901,674.992901,674.992901
2019-01-08,670.618137,670.618137,670.618137,670.618137,670.618137,670.618137,670.618137,670.618137,670.618137,670.618137,670.618137,670.618137,670.618137,670.618137,670.618137,670.618137,670.618137,670.618137,670.618137,670.618137,670.618137,670.618137,587.375457,670.618137,670.618137,670.618137,670.618137
2019-01-09,658.050965,658.050965,658.050965,658.050965,658.050965,658.050965,658.050965,658.050965,658.050965,658.050965,658.050965,658.050965,658.050965,658.050965,658.050965,658.050965,658.050965,658.050965,658.050965,658.050965,658.050965,658.050965,574.204918,658.050965,658.050965,658.050965,658.050965
2019-01-10,661.237889,661.237889,661.237889,661.237889,661.237889,661.237889,661.237889,661.237889,661.237889,661.237889,661.237889,661.237889,661.237889,661.237889,661.237889,661.237889,661.237889,661.237889,661.237889,661.237889,661.237889,661.237889,576.543062,661.237889,661.237889,661.237889,661.237889
2019-01-11,669.703416,669.703416,669.703416,669.703416,669.703416,669.703416,669.703416,669.703416,669.703416,669.703416,669.703416,669.703416,669.703416,669.703416,669.703416,669.703416,669.703416,669.703416,669.703416,669.703416,669.703416,669.703416,582.922879,669.703416,669.703416,669.703416,669.703416
2019-01-12,671.345202,671.345202,671.345202,671.345202,671.345202,671.345202,671.345202,671.345202,671.345202,671.345202,671.345202,671.345202,671.345202,671.345202,671.345202,671.345202,671.345202,671.345202,671.345202,671.345202,671.345202,671.345202,581.73132,671.345202,671.345202,671.345202,671.345202
2019-01-13,676.813354,676.813354,676.813354,676.813354,676.813354,676.813354,676.813354,676.813354,676.813354,676.813354,676.813354,676.813354,676.813354,676.813354,676.813354,676.813354,676.813354,676.813354,676.813354,676.813354,676.813354,676.813354,583.730589,676.813354,676.813354,676.813354,676.813354
2019-01-14,679.304985,679.304985,679.304985,679.304985,679.304985,679.304985,679.304985,679.304985,679.304985,679.304985,679.304985,679.304985,679.304985,679.304985,679.304985,679.304985,679.304985,679.304985,679.304985,679.304985,679.304985,679.304985,585.80977,679.304985,679.304985,679.304985,679.304985
2019-01-15,671.748524,671.748524,671.748524,671.748524,671.748524,671.748524,671.748524,671.748524,671.748524,671.748524,671.748524,671.748524,671.748524,671.748524,671.748524,671.748524,671.748524,671.748524,671.748524,671.748524,671.748524,671.748524,579.051209,671.748524,671.748524,671.748524,671.748524
2019-01-16,679.766117,679.766117,679.766117,679.766117,679.766117,679.766117,679.766117,679.766117,679.766117,679.766117,679.766117,679.766117,679.766117,679.766117,679.766117,679.766117,679.766117,679.766117,679.766117,679.766117,679.766117,679.766117,584.379753,679.766117,679.766117,679.766117,679.766117
2019-01-17,686.712035,686.712035,686.712035,686.712035,686.712035,686.712035,686.712035,686.712035,686.712035,686.712035,686.712035,686.712035,686.712035,686.712035,686.712035,686.712035,686.712035,686.712035,686.712035,686.712035,686.712035,686.712035,590.46569,686.712035,686.712035,686.712035,686.712035
2019-01-18,701.464496,701.464496,701.464496,701.464496,701.464496,701.464496,701.464496,701.464496,701.464496,701.464496,701.464496,701.464496,701.464496,701.464496,701.464496,701.464496,701.464496,701.464496,701.464496,701.464496,701.464496,701.464496,606.282707,701.464496,701.464496,701.464496,701.464496
2019-01-19,676.090302,676.090302,676.090302,676.090302,676.090302,676.090302,676.090302,676.090302,676.090302,676.090302,676.090302,676.090302,676.090302,676.090302,676.090302,676.090302,676.090302,676.090302,676.090302,676.090302,676.090302,676.090302,577.520693,676.090302,676.090302,676.090302,676.090302
2019-01-20,670.652118,670.652118,670.652118,670.652118,670.652118,670.652118,670.652118,670.652118,670.652118,670.652118,670.652118,670.652118,670.652118,670.652118,670.652118,670.652118,670.652118,670.652118,670.652118,670.652118,670.652118,670.652118,574.859562,670.652118,670.652118,670.652118,670.652118
2019-01-21,669.357944,669.357944,669.357944,669.357944,669.357944,669.357944,669.357944,669.357944,669.357944,669.357944,669.357944,669.357944,669.357944,669.357944,669.357944,669.357944,669.357944,669.357944,669.357944,669.357944,669.357944,669.357944,574.164426,669.357944,669.357944,669.357944,669.357944
2019-01-22,661.28161,661.28161,661.28161,661.28161,661.28161,661.28161,661.28161,661.28161,661.28161,661.28161,661.28161,661.28161,661.28161,661.28161,661.28161,661.28161,661.28161,661.28161,661.28161,661.28161,661.28161,661.28161,560.252074,661.28161,661.28161,661.28161,661.28161
2019-01-23,656.146872,656.146872,656.146872,656.146872,656.146872,656.146872,656.146872,656.146872,656.146872,656.146872,656.146872,656.146872,656.146872,656.146872,656.146872,656.146872,656.146872,656.146872,656.146872,656.146872,656.146872,656.146872,561.494635,656.146872,656.146872,656.146872,656.146872
2019-01-24,638.459864,638.459864,638.459864,638.459864,638.459864,638.459864,638.459864,638.459864,638.459864,638.459864,638.459864,638.459864,638.459864,638.459864,638.459864,638.459864,638.459864,638.459864,638.459864,638.459864,638.459864,638.459864,547.517838,638.459864,638.459864,638.459864,638.459864
2019-01-25,620.389765,620.389765,620.389765,620.389765,620.389765,620.389765,620.389765,620.389765,620.389765,620.389765,620.389765,620.389765,620.389765,620.389765,620.389765,620.389765,620.389765,620.389765,620.389765,620.389765,620.389765,620.389765,533.829598,620.389765,620.389765,620.389765,620.389765
2019-01-26,622.187456,622.187456,622.187456,622.187456,622.187456,622.187456,622.187456,622.187456,622.187456,622.187456,622.187456,622.187456,622.187456,622.187456,622.187456,622.187456,622.187456,622.187456,622.187456,622.187456,622.187456,622.187456,539.98094,622.187456,622.187456,622.187456,622.187456
2019-01-27,611.586454,611.586454,611.586454,611.586454,611.586454,611.586454,611.586454,611.586454,611.586454,611.586454,611.586454,611.586454,611.586454,611.586454,611.586454,611.586454,611.586454,611.586454,611.586454,611.586454,611.586454,611.586454,529.800059,611.586454,611.586454,611.586454,611.586454
2019-01-28,603.539178,603.539178,603.539178,603.539178,603.539178,603.539178,603.539178,603.539178,603.539178,603.539178,603.539178,603.539178,603.539178,603.539178,603.539178,603.539178,603.539178,603.539178,603.539178,603.539178,603.539178,603.539178,527.96814,603.539178,603.539178,603.539178,603.539178
2019-01-29,624.840087,624.840087,624.840087,624.840087,624.840087,624.840087,624.840087,624.840087,624.840087,624.840087,624.840087,624.840087,624.840087,624.840087,624.840087,624.840087,624.840087,624.840087,624.840087,624.840087,624.840087,624.840087,550.171081,624.840087,624.840087,624.840087,624.840087
2019-01-30,634.542592,634.542592,634.542592,634.542592,634.542592,634.542592,634.542592,634.542592,634.542592,634.542592,634.542592,634.542592,634.542592,634.542592,634.542592,634.542592,634.542592,634.542592,634.542592,634.542592,634.542592,634.542592,561.64515,634.542592,634.542592,634.542592,634.542592
2019-01-31,630.811606,630.811606,630.811606,630.811606,630.811606,630.811606,630.811606,630.811606,630.811606,630.811606,630.811606,630.811606,630.811606,630.811606,630.811606,630.811606,630.811606,630.811606,630.811606,630.811606,630.811606,630.811606,565.92406,630.811606,630.811606,630.811606,630.811606
2019-02-01,646.75058,646.75058,646.75058,646.75058,646.75058,646.75058,646.75058,646.75058,646.75058,646.75058,646.75058,646.75058,646.75058,646.75058,646.75058,646.75058,646.75058,646.75058,646.75058,646.75058,646.75058,646.75058,574.495185,646.75058,646.75058,646.75058,646.75058
2019-02-02,640.753878,640.753878,640.753878,640.753878,640.753878,640.753878,640.753878,640.753878,640.753878,640.753878,640.753878,640.753878,640.753878,640.753878,640.753878,640.753878,640.753878,640.753878,640.753878,640.753878,640.753878,640.753878,568.894286,640.753878,640.753878,640.753878,640.753878
2019-02-03,657.275809,657.275809,657.275809,657.275809,657.275809,657.275809,657.275809,657.275809,657.275809,657.275809,657.275809,657.275809,657.275809,657.275809,657.275809,657.275809,657.275809,657.275809,657.275809,657.275809,657.275809,657.275809,578.869181,657.275809,657.275809,657.275809,657.275809
2019-02-04,679.721999,679.721999,679.721999,679.721999,679.721999,679.721999,679.721999,679.721999,679.721999,679.721999,679.721999,679.721999,679.721999,679.721999,679.721999,679.721999,679.721999,679.721999,679.721999,679.721999,679.721999,679.721999,597.353525,679.721999,679.721999,679.721999,679.721999
2019-02-05,677.083777,677.083777,677.083777,677.083777,677.083777,677.083777,677.083777,677.083777,677.083777,677.083777,677.083777,677.083777,677.083777,677.083777,677.083777,677.083777,677.083777,677.083777,677.083777,677.083777,677.083777,677.083777,603.287738,677.083777,677.083777,677.083777,677.083777
2019-02-06,679.647887,679.647887,679.647887,679.647887,679.647887,679.647887,679.647887,679.647887,679.647887,679.647887,679.647887,679.647887,679.647887,679.647887,679.647887,679.647887,679.647887,679.647887,679.647887,679.647887,679.647887,679.647887,602.319428,679.647887,679.647887,679.647887,679.647887
2019-02-07,698.452626,698.452626,698.452626,698.452626,698.452626,698.452626,698.452626,698.452626,698.452626,698.452626,698.452626,698.452626,698.452626,698.452626,698.452626,698.452626,698.452626,698.452626,698.452626,698.452626,698.452626,698.452626,613.772292,698.452626,698.452626,698.452626,698.452626
2019-02-08,691.43388,691.43388,691.43388,691.43388,691.43388,691.43388,691.43388,691.43388,691.43388,691.43388,691.43388,691.43388,691.43388,691.43388,691.43388,691.43388,691.43388,691.43388,691.43388,691.43388,691.43388,691.43388,606.533459,691.43388,691.43388,691.43388,691.43388
2019-02-09,704.250814,704.250814,704.250814,704.250814,704.250814,704.250814,704.250814,704.250814,704.250814,704.250814,704.250814,704.250814,704.250814,704.250814,704.250814,704.250814,704.250814,704.250814,704.250814,704.250814,704.250814,704.250814,616.479426,704.250814,704.250814,704.250814,704.250814
2019-02-10,695.173563,695.173563,695.173563,695.173563,695.173563,695.173563,695.173563,695.173563,695.173563,695.173563,695.173563,695.173563,695.173563,695.173563,695.173563,695.173563,695.173563,695.173563,695.173563,695.173563,695.173563,695.173563,615.531586,695.173563,695.173563,695.173563,695.173563
2019-02-11,678.131615,678.131615,678.131615,678.131615,678.131615,678.131615,678.131615,678.131615,678.131615,678.131615,678.131615,678.131615,678.131615,678.131615,678.131615,678.131615,678.131615,678.131615,678.131615,678.131615,678.131615,678.131615,597.030478,678.131615,678.131615,678.131615,678.131615
2019-02-12,680.052175,680.052175,680.052175,680.052175,680.052175,680.052175,680.052175,680.052175,680.052175,680.052175,680.052175,680.052175,680.052175,680.052175,680.052175,680.052175,680.052175,680.052175,680.052175,680.052175,680.052175,680.052175,593.486525,680.052175,680.052175,680.052175,680.052175
2019-02-13,663.880491,663.880491,663.880491,663.880491,663.880491,663.880491,663.880491,663.880491,663.880491,663.880491,663.880491,663.880491,663.880491,663.880491,663.880491,663.880491,663.880491,663.880491,663.880491,663.880491,663.880491,663.880491,571.669949,663.880491,663.880491,663.880491,663.880491
2019-02-14,662.306941,662.306941,662.306941,662.306941,662.306941,662.306941,662.306941,662.306941,662.306941,662.306941,662.306941,662.306941,662.306941,662.306941,662.306941,662.306941,662.306941,662.306941,662.306941,662.306941,662.306941,662.306941,569.035796,662.306941,662.306941,662.306941,662.306941
2019-02-15,650.114234,650.114234,650.114234,650.114234,650.114234,650.114234,650.114234,650.114234,650.114234,650.114234,650.114234,650.114234,650.114234,650.114234,650.114234,650.114234,650.114234,650.114234,650.114234,650.114234,650.114234,650.114234,559.946741,650.114234,650.114234,650.114234,650.114234
2019-02-16,654.121057,654.121057,654.121057,654.121057,654.121057,654.121057,654.121057,654.121057,654.121057,654.121057,654.121057,654.121057,654.121057,654.121057,654.121057,654.121057,654.121057,654.121057,654.121057,654.121057,654.121057,654.121057,566.248787,654.121057,654.121057,654.121057,654.121057
2019-02-17,660.223252,660.223252,660.223252,660.223252,660.223252,660.223252,660.223252,660.223252,660.223252,660.223252,660.223252,660.223252,660.223252,660.223252,660.223252,660.223252,660.223252,660.223252,660.223252,660.223252,660.223252,660.223252,564.231779,660.223252,660.223252,660.223252,660.223252
2019-02-18,659.248417,659.248417,659.248417,659.248417,659.248417,659.248417,659.248417,659.248417,659.248417,659.248417,659.248417,659.248417,659.248417,659.248417,659.248417,659.248417,659.248417,659.248417,659.248417,659.248417,659.248417,659.248417,569.059461,659.248417,659.248417,659.248417,659.248417
2019-02-19,660.60534,660.60534,660.60534,660.60534,660.60534,660.60534,660.60534,660.60534,660.60534,660.60534,660.60534,660.60534,660.60534,660.60534,660.60534,660.60534,660.60534,660.60534,660.60534,660.60534,660.60534,660.60534,566.781995,660.60534,660.60534,660.60534,660.60534
2019-02-20,662.197637,662.197637,662.197637,662.197637,662.197637,662.197637,662.197637,662.197637,662.197637,662.197637,662.197637,662.197637,662.197637,662.197637,662.197637,662.197637,662.197637,662.197637,662.197637,662.197637,662.197637,662.197637,572.617738,662.197637,662.197637,662.197637,662.197637
2019-02-21,665.067841,665.067841,665.067841,665.067841,665.067841,665.067841,665.067841,665.067841,665.067841,665.067841,665.067841,665.067841,665.067841,665.067841,665.067841,665.067841,665.067841,665.067841,665.067841,665.067841,665.067841,665.067841,580.556461,665.067841,665.067841,665.067841,665.067841
2019-02-22,676.777428,676.777428,676.777428,676.777428,676.777428,676.777428,676.777428,676.777428,676.777428,676.777428,676.777428,676.777428,676.777428,676.777428,676.777428,676.777428,676.777428,676.777428,676.777428,676.777428,676.777428,676.777428,594.116086,676.777428,676.777428,676.777428,676.777428
2019-02-23,657.85249,657.85249,657.85249,657.85249,657.85249,657.85249,657.85249,657.85249,657.85249,657.85249,657.85249,657.85249,657.85249,657.85249,657.85249,657.85249,657.85249,657.85249,657.85249,657.85249,657.85249,657.85249,578.098814,657.85249,657.85249,657.85249,657.85249
2019-02-24,664.942193,664.942193,664.942193,664.942193,664.942193,664.942193,664.942193,664.942193,664.942193,664.942193,664.942193,664.942193,664.942193,664.942193,664.942193,664.942193,664.942193,664.942193,664.942193,664.942193,664.942193,664.942193,585.314255,664.942193,664.942193,664.942193,664.942193
2019-02-25,679.992072,679.992072,679.992072,679.992072,679.992072,679.992072,679.992072,679.992072,679.992072,679.992072,679.992072,679.992072,679.992072,679.992072,679.992072,679.992072,679.992072,679.992072,679.992072,679.992072,679.992072,679.992072,596.467854,679.992072,679.992072,679.992072,679.992072
2019-02-26,688.782761,688.782761,688.782761,688.782761,688.782761,688.782761,688.782761,688.782761,688.782761,688.782761,688.782761,688.782761,688.782761,688.782761,688.782761,688.782761,688.782761,688.782761,688.782761,688.782761,688.782761,688.782761,616.742026,688.782761,688.782761,688.782761,688.782761
2019-02-27,682.367197,682.367197,682.367197,682.367197,682.367197,682.367197,682.367197,682.367197,682.367197,682.367197,682.367197,682.367197,682.367197,682.367197,682.367197,682.367197,682.367197,682.367197,682.367197,682.367197,682.367197,682.367197,610.775515,682.367197,682.367197,682.367197,682.367197
2019-02-28,673.174645,673.174645,673.174645,673.174645,673.174645,673.174645,673.174645,673.174645,673.174645,673.174645,673.174645,673.174645,673.174645,673.174645,673.174645,673.174645,673.174645,673.174645,673.174645,673.174645,673.174645,673.174645,598.363491,673.174645,673.174645,673.174645,673.174645
2019-03-01,659.289891,659.289891,659.289891,659.289891,659.289891,659.289891,659.289891,659.289891,659.289891,659.289891,659.289891,659.289891,659.289891,659.289891,659.289891,659.289891,659.289891,659.289891,659.289891,659.289891,659.289891,659.289891,582.333556,659.289891,659.289891,659.289891,659.289891
2019-03-02,669.740545,669.740545,669.740545,669.740545,669.740545,669.740545,669.740545,669.740545,669.740545,669.740545,669.740545,669.740545,669.740545,669.740545,669.740545,669.740545,669.740545,669.740545,669.740545,669.740545,669.740545,669.740545,588.417876,669.740545,669.740545,669.740545,669.740545
2019-03-03,664.352002,664.352002,664.352002,664.352002,664.352002,664.352002,664.352002,664.352002,664.352002,664.352002,664.352002,664.352002,664.352002,664.352002,664.352002,664.352002,664.352002,664.352002,664.352002,664.352002,664.352002,664.352002,590.348843,664.352002,664.352002,664.352002,664.352002
2019-03-04,658.415393,658.415393,658.415393,658.415393,658.415393,658.415393,658.415393,658.415393,658.415393,658.415393,658.415393,658.415393,658.415393,658.415393,658.415393,658.415393,658.415393,658.415393,658.415393,658.415393,658.415393,658.415393,581.734091,658.415393,658.415393,658.415393,658.415393
2019-03-05,640.485911,640.485911,640.485911,640.485911,640.485911,640.485911,640.485911,640.485911,640.485911,640.485911,640.485911,640.485911,640.485911,640.485911,640.485911,640.485911,640.485911,640.485911,640.485911,640.485911,640.485911,640.485911,560.012563,640.485911,640.485911,640.485911,640.485911
2019-03-06,656.725859,656.725859,656.725859,656.725859,656.725859,656.725859,656.725859,656.725859,656.725859,656.725859,656.725859,656.725859,656.725859,656.725859,656.725859,656.725859,656.725859,656.725859,656.725859,656.725859,656.725859,656.725859,581.227373,656.725859,656.725859,656.725859,656.725859
2019-03-07,665.60214,665.60214,665.60214,665.60214,665.60214,665.60214,665.60214,665.60214,665.60214,665.60214,665.60214,665.60214,665.60214,665.60214,665.60214,665.60214,665.60214,665.60214,665.60214,665.60214,665.60214,665.60214,586.119424,665.60214,665.60214,665.60214,665.60214
2019-03-08,682.268264,682.268264,682.268264,682.268264,682.268264,682.268264,682.268264,682.268264,682.268264,682.268264,682.268264,682.268264,682.268264,682.268264,682.268264,682.268264,682.268264,682.268264,682.268264,682.268264,682.268264,682.268264,605.478055,682.268264,682.268264,682.268264,682.268264
2019-03-09,690.771273,690.771273,690.771273,690.771273,690.771273,690.771273,690.771273,690.771273,690.771273,690.771273,690.771273,690.771273,690.771273,690.771273,690.771273,690.771273,690.771273,690.771273,690.771273,690.771273,690.771273,690.771273,612.527284,690.771273,690.771273,690.771273,690.771273
2019-03-10,677.151106,677.151106,677.151106,677.151106,677.151106,677.151106,677.151106,677.151106,677.151106,677.151106,677.151106,677.151106,677.151106,677.151106,677.151106,677.151106,677.151106,677.151106,677.151106,677.151106,677.151106,677.151106,595.530278,677.151106,677.151106,677.151106,677.151106
2019-03-11,658.603493,658.603493,658.603493,658.603493,658.603493,658.603493,658.603493,658.603493,658.603493,658.603493,658.603493,658.603493,658.603493,658.603493,658.603493,658.603493,658.603493,658.603493,658.603493,658.603493,658.603493,658.603493,578.063356,658.603493,658.603493,658.603493,658.603493
2019-03-12,660.719475,660.719475,660.719475,660.719475,660.719475,660.719475,660.719475,660.719475,660.719475,660.719475,660.719475,660.719475,660.719475,660.719475,660.719475,660.719475,660.719475,660.719475,660.719475,660.719475,660.719475,660.719475,582.4507,660.719475,660.719475,660.719475,660.719475
2019-03-13,646.938308,646.938308,646.938308,646.938308,646.938308,646.938308,646.938308,646.938308,646.938308,646.938308,646.938308,646.938308,646.938308,646.938308,646.938308,646.938308,646.938308,646.938308,646.938308,646.938308,646.938308,646.938308,567.905769,646.938308,646.938308,646.938308,646.938308
2019-03-14,640.126603,640.126603,640.126603,640.126603,640.126603,640.126603,640.126603,640.126603,640.126603,640.126603,640.126603,640.126603,640.126603,640.126603,640.126603,640.126603,640.126603,640.126603,640.126603,640.126603,640.126603,640.126603,563.783659,640.126603,640.126603,640.126603,640.126603
2019-03-15,628.928684,628.928684,628.928684,628.928684,628.928684,628.928684,628.928684,628.928684,628.928684,628.928684,628.928684,628.928684,628.928684,628.928684,628.928684,628.928684,628.928684,628.928684,628.928684,628.928684,628.928684,628.928684,547.97554,628.928684,628.928684,628.928684,628.928684
2019-03-16,625.66004,625.66004,625.66004,625.66004,625.66004,625.66004,625.66004,625.66004,625.66004,625.66004,625.66004,625.66004,625.66004,625.66004,625.66004,625.66004,625.66004,625.66004,625.66004,625.66004,625.66004,625.66004,541.862942,625.66004,625.66004,625.66004,625.66004
2019-03-17,642.235156,642.235156,642.235156,642.235156,642.235156,642.235156,642.235156,642.235156,642.235156,642.235156,642.235156,642.235156,642.235156,642.235156,642.235156,642.235156,642.235156,642.235156,642.235156,642.235156,642.235156,642.235156,562.83354,642.235156,642.235156,642.235156,642.235156
2019-03-18,670.301969,670.301969,670.301969,670.301969,670.301969,670.301969,670.301969,670.301969,670.301969,670.301969,670.301969,670.301969,670.301969,670.301969,670.301969,670.301969,670.301969,670.301969,670.301969,670.301969,670.301969,670.301969,584.808753,670.301969,670.301969,670.301969,670.301969
2019-03-19,682.081385,682.081385,682.081385,682.081385,682.081385,682.081385,682.081385,682.081385,682.081385,682.081385,682.081385,682.081385,682.081385,682.081385,682.081385,682.081385,682.081385,682.081385,682.081385,682.081385,682.081385,682.081385,588.845158,682.081385,682.081385,682.081385,682.081385
2019-03-20,700.611029,700.611029,700.611029,700.611029,700.611029,700.611029,700.611029,700.611029,700.611029,700.611029,700.611029,700.611029,700.611029,700.611029,700.611029,700.611029,700.611029,700.611029,700.611029,700.611029,700.611029,700.611029,601.441022,700.611029,700.611029,700.611029,700.611029
2019-03-21,699.066206,699.066206,699.066206,699.066206,699.066206,699.066206,699.066206,699.066206,699.066206,699.066206,699.066206,699.066206,699.066206,699.066206,699.066206,699.066206,699.066206,699.066206,699.066206,699.066206,699.066206,699.066206,593.517194,699.066206,699.066206,699.066206,699.066206
2019-03-22,705.698791,705.698791,705.698791,705.698791,705.698791,705.698791,705.698791,705.698791,705.698791,705.698791,705.698791,705.698791,705.698791,705.698791,705.698791,705.698791,705.698791,705.698791,705.698791,705.698791,705.698791,705.698791,592.634883,705.698791,705.698791,705.698791,705.698791
2019-03-23,709.507355,709.507355,709.507355,709.507355,709.507355,709.507355,709.507355,709.507355,709.507355,709.507355,709.507355,709.507355,709.507355,709.507355,709.507355,709.507355,709.507355,709.507355,709.507355,709.507355,709.507355,709.507355,597.740984,709.507355,709.507355,709.507355,709.507355
2019-03-24,695.513931,695.513931,695.513931,695.513931,695.513931,695.513931,695.513931,695.513931,695.513931,695.513931,695.513931,695.513931,695.513931,695.513931,695.513931,695.513931,695.513931,695.513931,695.513931,695.513931,695.513931,695.513931,575.070298,695.513931,695.513931,695.513931,695.513931
2019-03-25,670.206686,670.206686,670.206686,670.206686,670.206686,670.206686,670.206686,670.206686,670.206686,670.206686,670.206686,670.206686,670.206686,670.206686,670.206686,670.206686,670.206686,670.206686,670.206686,670.206686,670.206686,670.206686,555.132996,670.206686,670.206686,670.206686,670.206686
2019-03-26,658.78148,658.78148,658.78148,658.78148,658.78148,658.78148,658.78148,658.78148,658.78148,658.78148,658.78148,658.78148,658.78148,658.78148,658.78148,658.78148,658.78148,658.78148,658.78148,658.78148,658.78148,658.78148,548.411891,658.78148,658.78148,658.78148,658.78148
2019-03-27,646.797256,646.797256,646.797256,646.797256,646.797256,646.797256,646.797256,646.797256,646.797256,646.797256,646.797256,646.797256,646.797256,646.797256,646.797256,646.797256,646.797256,646.797256,646.797256,646.797256,646.797256,646.797256,541.49035,646.797256,646.797256,646.797256,646.797256
2019-03-28,658.964771,658.964771,658.964771,658.964771,658.964771,658.964771,658.964771,658.964771,658.964771,658.964771,658.964771,658.964771,658.964771,658.964771,658.964771,658.964771,658.964771,658.964771,658.964771,658.964771,658.964771,658.964771,557.300869,658.964771,658.964771,658.964771,658.964771
2019-03-29,661.103679,661.103679,661.103679,661.103679,661.103679,661.103679,661.103679,661.103679,661.103679,661.103679,661.103679,661.103679,661.103679,661.103679,661.103679,661.103679,661.103679,661.103679,661.103679,661.103679,661.103679,661.103679,568.902641,661.103679,661.103679,661.103679,661.103679
2019-03-30,654.249487,654.249487,654.249487,654.249487,654.249487,654.249487,654.249487,654.249487,654.249487,654.249487,654.249487,654.249487,654.249487,654.249487,654.249487,654.249487,654.249487,654.249487,654.249487,654.249487,654.249487,654.249487,566.380941,654.249487,654.249487,654.249487,654.249487
2019-03-31,655.420324,655.420324,655.420324,655.420324,655.420324,655.420324,655.420324,655.420324,655.420324,655.420324,655.420324,655.420324,655.420324,655.420324,655.420324,655.420324,655.420324,655.420324,655.420324,655.420324,655.420324,655.420324,567.139395,655.420324,655.420324,655.420324,655.420324
2019-04-01,656.824379,656.824379,656.824379,656.824379,656.824379,656.824379,656.824379,656.824379,656.824379,656.824379,656.824379,656.824379,656.824379,656.824379,656.824379,656.824379,656.824379,656.824379,656.824379,656.824379,656.824379,656.824379,567.532158,656.824379,656.824379,656.824379,656.824379
2019-04-02,654.418165,654.418165,654.418165,654.418165,654.418165,654.418165,654.418165,654.418165,654.418165,654.418165,654.418165,654.418165,654.418165,654.418165,654.418165,654.418165,654.418165,654.418165,654.418165,654.418165,654.418165,654.418165,556.602661,654.418165,654.418165,654.418165,654.418165
2019-04-03,638.541353,638.541353,638.541353,638.541353,638.541353,638.541353,638.541353,638.541353,638.541353,638.541353,638.541353,638.541353,638.541353,638.541353,638.541353,638.541353,638.541353,638.541353,638.541353,638.541353,638.541353,638.541353,539.565466,638.541353,638.541353,638.541353,638.541353
2019-04-04,632.015273,632.015273,632.015273,632.015273,632.015273,632.015273,632.015273,632.015273,632.015273,632.015273,632.015273,632.015273,632.015273,632.015273,632.015273,632.015273,632.015273,632.015273,632.015273,632.015273,632.015273,632.015273,536.937006,632.015273,632.015273,632.015273,632.015273
2019-04-05,609.85754,609.85754,609.85754,609.85754,609.85754,609.85754,609.85754,609.85754,609.85754,609.85754,609.85754,609.85754,609.85754,609.85754,609.85754,609.85754,609.85754,609.85754,609.85754,609.85754,609.85754,609.85754,515.032894,609.85754,609.85754,609.85754,609.85754
2019-04-06,595.976155,595.976155,595.976155,595.976155,595.976155,595.976155,595.976155,595.976155,595.976155,595.976155,595.976155,595.976155,595.976155,595.976155,595.976155,595.976155,595.976155,595.976155,595.976155,595.976155,595.976155,595.976155,491.398285,595.976155,595.976155,595.976155,595.976155
2019-04-07,590.218561,590.218561,590.218561,590.218561,590.218561,590.218561,590.218561,590.218561,590.218561,590.218561,590.218561,590.218561,590.218561,590.218561,590.218561,590.218561,590.218561,590.218561,590.218561,590.218561,590.218561,590.218561,489.522575,590.218561,590.218561,590.218561,590.218561
2019-04-08,600.415278,600.415278,600.415278,600.415278,600.415278,600.415278,600.415278,600.415278,600.415278,600.415278,600.415278,600.415278,600.415278,600.415278,600.415278,600.415278,600.415278,600.415278,600.415278,600.415278,600.415278,600.415278,501.711307,600.415278,600.415278,600.415278,600.415278
2019-04-09,587.597354,587.597354,587.597354,587.597354,587.597354,587.597354,587.597354,587.597354,587.597354,587.597354,587.597354,587.597354,587.597354,587.597354,587.597354,587.597354,587.597354,587.597354,587.597354,587.597354,587.597354,587.597354,496.299159,587.597354,587.597354,587.597354,587.597354
2019-04-10,607.516974,607.516974,607.516974,607.516974,607.516974,607.516974,607.516974,607.516974,607.516974,607.516974,607.516974,607.516974,607.516974,607.516974,607.516974,607.516974,607.516974,607.516974,607.516974,607.516974,607.516974,607.516974,514.954285,607.516974,607.516974,607.516974,607.516974
2019-04-11,612.178097,612.178097,612.178097,612.178097,612.178097,612.178097,612.178097,612.178097,612.178097,612.178097,612.178097,612.178097,612.178097,612.178097,612.178097,612.178097,612.178097,612.178097,612.178097,612.178097,612.178097,612.178097,520.893151,612.178097,612.178097,612.178097,612.178097
2019-04-12,633.329691,633.329691,633.329691,633.329691,633.329691,633.329691,633.329691,633.329691,633.329691,633.329691,633.329691,633.329691,633.329691,633.329691,633.329691,633.329691,633.329691,633.329691,633.329691,633.329691,633.329691,633.329691,538.759586,633.329691,633.329691,633.329691,633.329691
2019-04-13,648.96412,648.96412,648.96412,648.96412,648.96412,648.96412,648.96412,648.96412,648.96412,648.96412,648.96412,648.96412,648.96412,648.96412,648.96412,648.96412,648.96412,648.96412,648.96412,648.96412,648.96412,648.96412,561.150912,648.96412,648.96412,648.96412,648.96412
2019-04-14,663.097704,663.097704,663.097704,663.097704,663.097704,663.097704,663.097704,663.097704,663.097704,663.097704,663.097704,663.097704,663.097704,663.097704,663.097704,663.097704,663.097704,663.097704,663.097704,663.097704,663.097704,663.097704,573.749839,663.097704,663.097704,663.097704,663.097704
2019-04-15,651.372834,651.372834,651.372834,651.372834,651.372834,651.372834,651.372834,651.372834,651.372834,651.372834,651.372834,651.372834,651.372834,651.372834,651.372834,651.372834,651.372834,651.372834,651.372834,651.372834,651.372834,651.372834,559.03867,651.372834,651.372834,651.372834,651.372834
2019-04-16,673.048864,673.048864,673.048864,673.048864,673.048864,673.048864,673.048864,673.048864,673.048864,673.048864,673.048864,673.048864,673.048864,673.048864,673.048864,673.048864,673.048864,673.048864,673.048864,673.048864,673.048864,673.048864,580.474177,673.048864,673.048864,673.048864,673.048864
2019-04-17,656.154344,656.154344,656.154344,656.154344,656.154344,656.154344,656.154344,656.154344,656.154344,656.154344,656.154344,656.154344,656.154344,656.154344,656.154344,656.154344,656.154344,656.154344,656.154344,656.154344,656.154344,656.154344,565.115877,656.154344,656.154344,656.154344,656.154344
2019-04-18,645.256771,645.256771,645.256771,645.256771,645.256771,645.256771,645.256771,645.256771,645.256771,645.256771,645.256771,645.256771,645.256771,645.256771,645.256771,645.256771,645.256771,645.256771,645.256771,645.256771,645.256771,645.256771,550.406765,645.256771,645.256771,645.256771,645.256771
2019-04-19,627.221094,627.221094,627.221094,627.221094,627.221094,627.221094,627.221094,627.221094,627.221094,627.221094,627.221094,627.221094,627.221094,627.221094,627.221094,627.221094,627.221094,627.221094,627.221094,627.221094,627.221094,627.221094,536.814746,627.221094,627.221094,627.221094,627.221094
2019-04-20,629.945029,629.945029,629.945029,629.945029,629.945029,629.945029,629.945029,629.945029,629.945029,629.945029,629.945029,629.945029,629.945029,629.945029,629.945029,629.945029,629.945029,629.945029,629.945029,629.945029,629.945029,629.945029,535.013651,629.945029,629.945029,629.945029,629.945029
2019-04-21,620.174651,620.174651,620.174651,620.174651,620.174651,620.174651,620.174651,620.174651,620.174651,620.174651,620.174651,620.174651,620.174651,620.174651,620.174651,620.174651,620.174651,620.174651,620.174651,620.174651,620.174651,620.174651,521.384558,620.174651,620.174651,620.174651,620.174651
2019-04-22,631.506088,631.506088,631.506088,631.506088,631.506088,631.506088,631.506088,631.506088,631.506088,631.506088,631.506088,631.506088,631.506088,631.506088,631.506088,631.506088,631.506088,631.506088,631.506088,631.506088,631.506088,631.506088,530.797404,631.506088,631.506088,631.506088,631.506088
2019-04-23,620.82559,620.82559,620.82559,620.82559,620.82559,620.82559,620.82559,620.82559,620.82559,620.82559,620.82559,620.82559,620.82559,620.82559,620.82559,620.82559,620.82559,620.82559,620.82559,620.82559,620.82559,620.82559,516.504589,620.82559,620.82559,620.82559,620.82559
2019-04-24,648.661393,648.661393,648.661393,648.661393,648.661393,648.661393,648.661393,648.661393,648.661393,648.661393,648.661393,648.661393,648.661393,648.661393,648.661393,648.661393,648.661393,648.661393,648.661393,648.661393,648.661393,648.661393,540.393701,648.661393,648.661393,648.661393,648.661393
2019-04-25,653.726361,653.726361,653.726361,653.726361,653.726361,653.726361,653.726361,653.726361,653.726361,653.726361,653.726361,653.726361,653.726361,653.726361,653.726361,653.726361,653.726361,653.726361,653.726361,653.726361,653.726361,653.726361,544.97347,653.726361,653.726361,653.726361,653.726361
2019-04-26,661.972718,661.972718,661.972718,661.972718,661.972718,661.972718,661.972718,661.972718,661.972718,661.972718,661.972718,661.972718,661.972718,661.972718,661.972718,661.972718,661.972718,661.972718,661.972718,661.972718,661.972718,661.972718,554.921824,661.972718,661.972718,661.972718,661.972718
2019-04-27,668.402564,668.402564,668.402564,668.402564,668.402564,668.402564,668.402564,668.402564,668.402564,668.402564,668.402564,668.402564,668.402564,668.402564,668.402564,668.402564,668.402564,668.402564,668.402564,668.402564,668.402564,668.402564,560.718247,668.402564,668.402564,668.402564,668.402564
2019-04-28,668.352887,668.352887,668.352887,668.352887,668.352887,668.352887,668.352887,668.352887,668.352887,668.352887,668.352887,668.352887,668.352887,668.352887,668.352887,668.352887,668.352887,668.352887,668.352887,668.352887,668.352887,668.352887,565.368062,668.352887,668.352887,668.352887,668.352887
2019-04-29,679.109861,679.109861,679.109861,679.109861,679.109861,679.109861,679.109861,679.109861,679.109861,679.109861,679.109861,679.109861,679.109861,679.109861,679.109861,679.109861,679.109861,679.109861,679.109861,679.109861,679.109861,679.109861,581.303708,679.109861,679.109861,679.109861,679.109861
2019-04-30,687.677684,687.677684,687.677684,687.677684,687.677684,687.677684,687.677684,687.677684,687.677684,687.677684,687.677684,687.677684,687.677684,687.677684,687.677684,687.677684,687.677684,687.677684,687.677684,687.677684,687.677684,687.677684,591.987811,687.677684,687.677684,687.677684,687.677684
2019-05-01,676.723136,676.723136,676.723136,676.723136,676.723136,676.723136,676.723136,676.723136,676.723136,676.723136,676.723136,676.723136,676.723136,676.723136,676.723136,676.723136,676.723136,676.723136,676.723136,676.723136,676.723136,676.723136,588.621875,676.723136,676.723136,676.723136,676.723136
2019-05-02,657.667036,657.667036,657.667036,657.667036,657.667036,657.667036,657.667036,657.667036,657.667036,657.667036,657.667036,657.667036,657.667036,657.667036,657.667036,657.667036,657.667036,657.667036,657.667036,657.667036,657.667036,657.667036,574.616694,657.667036,657.667036,657.667036,657.667036
2019-05-03,664.132628,664.132628,664.132628,664.132628,664.132628,664.132628,664.132628,664.132628,664.132628,664.132628,664.132628,664.132628,664.132628,664.132628,664.132628,664.132628,664.132628,664.132628,664.132628,664.132628,664.132628,664.132628,571.834087,664.132628,664.132628,664.132628,664.132628
2019-05-04,650.786723,650.786723,650.786723,650.786723,650.786723,650.786723,650.786723,650.786723,650.786723,650.786723,650.786723,650.786723,650.786723,650.786723,650.786723,650.786723,650.786723,650.786723,650.786723,650.786723,650.786723,650.786723,565.955311,650.786723,650.786723,650.786723,650.786723
2019-05-05,645.253333,645.253333,645.253333,645.253333,645.253333,645.253333,645.253333,645.253333,645.253333,645.253333,645.253333,645.253333,645.253333,645.253333,645.253333,645.253333,645.253333,645.253333,645.253333,645.253333,645.253333,645.253333,565.546231,645.253333,645.253333,645.253333,645.253333
2019-05-06,623.196176,623.196176,623.196176,623.196176,623.196176,623.196176,623.196176,623.196176,623.196176,623.196176,623.196176,623.196176,623.196176,623.196176,623.196176,623.196176,623.196176,623.196176,623.196176,623.196176,623.196176,623.196176,544.967016,623.196176,623.196176,623.196176,623.196176
2019-05-07,623.040807,623.040807,623.040807,623.040807,623.040807,623.040807,623.040807,623.040807,623.040807,623.040807,623.040807,623.040807,623.040807,623.040807,623.040807,623.040807,623.040807,623.040807,623.040807,623.040807,623.040807,623.040807,541.059589,623.040807,623.040807,623.040807,623.040807
2019-05-08,617.57907,617.57907,617.57907,617.57907,617.57907,617.57907,617.57907,617.57907,617.57907,617.57907,617.57907,617.57907,617.57907,617.57907,617.57907,617.57907,617.57907,617.57907,617.57907,617.57907,617.57907,617.57907,532.055962,617.57907,617.57907,617.57907,617.57907
2019-05-09,630.301174,630.301174,630.301174,630.301174,630.301174,630.301174,630.301174,630.301174,630.301174,630.301174,630.301174,630.301174,630.301174,630.301174,630.301174,630.301174,630.301174,630.301174,630.301174,630.301174,630.301174,630.301174,537.33194,630.301174,630.301174,630.301174,630.301174
2019-05-10,622.20017,622.20017,622.20017,622.20017,622.20017,622.20017,622.20017,622.20017,622.20017,622.20017,622.20017,622.20017,622.20017,622.20017,622.20017,622.20017,622.20017,622.20017,622.20017,622.20017,622.20017,622.20017,531.14889,622.20017,622.20017,622.20017,622.20017
2019-05-11,619.969828,619.969828,619.969828,619.969828,619.969828,619.969828,619.969828,619.969828,619.969828,619.969828,619.969828,619.969828,619.969828,619.969828,619.969828,619.969828,619.969828,619.969828,619.969828,619.969828,619.969828,619.969828,524.306104,619.969828,619.969828,619.969828,619.969828
2019-05-12,625.940116,625.940116,625.940116,625.940116,625.940116,625.940116,625.940116,625.940116,625.940116,625.940116,625.940116,625.940116,625.940116,625.940116,625.940116,625.940116,625.940116,625.940116,625.940116,625.940116,625.940116,625.940116,524.916027,625.940116,625.940116,625.940116,625.940116
2019-05-13,619.513866,619.513866,619.513866,619.513866,619.513866,619.513866,619.513866,619.513866,619.513866,619.513866,619.513866,619.513866,619.513866,619.513866,619.513866,619.513866,619.513866,619.513866,619.513866,619.513866,619.513866,619.513866,515.233745,619.513866,619.513866,619.513866,619.513866
2019-05-14,617.828754,617.828754,617.828754,617.828754,617.828754,617.828754,617.828754,617.828754,617.828754,617.828754,617.828754,617.828754,617.828754,617.828754,617.828754,617.828754,617.828754,617.828754,617.828754,617.828754,617.828754,617.828754,512.871467,617.828754,617.828754,617.828754,617.828754
2019-05-15,609.643404,609.643404,609.643404,609.643404,609.643404,609.643404,609.643404,609.643404,609.643404,609.643404,609.643404,609.643404,609.643404,609.643404,609.643404,609.643404,609.643404,609.643404,609.643404,609.643404,609.643404,609.643404,504.529356,609.643404,609.643404,609.643404,609.643404
2019-05-16,626.560947,626.560947,626.560947,626.560947,626.560947,626.560947,626.560947,626.560947,626.560947,626.560947,626.560947,626.560947,626.560947,626.560947,626.560947,626.560947,626.560947,626.560947,626.560947,626.560947,626.560947,626.560947,526.670596,626.560947,626.560947,626.560947,626.560947
2019-05-17,629.526352,629.526352,629.526352,629.526352,629.526352,629.526352,629.526352,629.526352,629.526352,629.526352,629.526352,629.526352,629.526352,629.526352,629.526352,629.526352,629.526352,629.526352,629.526352,629.526352,629.526352,629.526352,530.132975,629.526352,629.526352,629.526352,629.526352
2019-05-18,629.679693,629.679693,629.679693,629.679693,629.679693,629.679693,629.679693,629.679693,629.679693,629.679693,629.679693,629.679693,629.679693,629.679693,629.679693,629.679693,629.679693,629.679693,629.679693,629.679693,629.679693,629.679693,538.761889,629.679693,629.679693,629.679693,629.679693
2019-05-19,619.733614,619.733614,619.733614,619.733614,619.733614,619.733614,619.733614,619.733614,619.733614,619.733614,619.733614,619.733614,619.733614,619.733614,619.733614,619.733614,619.733614,619.733614,619.733614,619.733614,619.733614,619.733614,532.150303,619.733614,619.733614,619.733614,619.733614
2019-05-20,629.657812,629.657812,629.657812,629.657812,629.657812,629.657812,629.657812,629.657812,629.657812,629.657812,629.657812,629.657812,629.657812,629.657812,629.657812,629.657812,629.657812,629.657812,629.657812,629.657812,629.657812,629.657812,542.626168,629.657812,629.657812,629.657812,629.657812
2019-05-21,629.031691,629.031691,629.031691,629.031691,629.031691,629.031691,629.031691,629.031691,629.031691,629.031691,629.031691,629.031691,629.031691,629.031691,629.031691,629.031691,629.031691,629.031691,629.031691,629.031691,629.031691,629.031691,545.401071,629.031691,629.031691,629.031691,629.031691
2019-05-22,632.295528,632.295528,632.295528,632.295528,632.295528,632.295528,632.295528,632.295528,632.295528,632.295528,632.295528,632.295528,632.295528,632.295528,632.295528,632.295528,632.295528,632.295528,632.295528,632.295528,632.295528,632.295528,541.457434,632.295528,632.295528,632.295528,632.295528
2019-05-23,616.208086,616.208086,616.208086,616.208086,616.208086,616.208086,616.208086,616.208086,616.208086,616.208086,616.208086,616.208086,616.208086,616.208086,616.208086,616.208086,616.208086,616.208086,616.208086,616.208086,616.208086,616.208086,527.193184,616.208086,616.208086,616.208086,616.208086
2019-05-24,619.707816,619.707816,619.707816,619.707816,619.707816,619.707816,619.707816,619.707816,619.707816,619.707816,619.707816,619.707816,619.707816,619.707816,619.707816,619.707816,619.707816,619.707816,619.707816,619.707816,619.707816,619.707816,535.459547,619.707816,619.707816,619.707816,619.707816
2019-05-25,611.652995,611.652995,611.652995,611.652995,611.652995,611.652995,611.652995,611.652995,611.652995,611.652995,611.652995,611.652995,611.652995,611.652995,611.652995,611.652995,611.652995,611.652995,611.652995,611.652995,611.652995,611.652995,524.546631,611.652995,611.652995,611.652995,611.652995
2019-05-26,620.051863,620.051863,620.051863,620.051863,620.051863,620.051863,620.051863,620.051863,620.051863,620.051863,620.051863,620.051863,620.051863,620.051863,620.051863,620.051863,620.051863,620.051863,620.051863,620.051863,620.051863,620.051863,532.567683,620.051863,620.051863,620.051863,620.051863
2019-05-27,618.840657,618.840657,618.840657,618.840657,618.840657,618.840657,618.840657,618.840657,618.840657,618.840657,618.840657,618.840657,618.840657,618.840657,618.840657,618.840657,618.840657,618.840657,618.840657,618.840657,618.840657,618.840657,533.992727,618.840657,618.840657,618.840657,618.840657
2019-05-28,616.737777,616.737777,616.737777,616.737777,616.737777,616.737777,616.737777,616.737777,616.737777,616.737777,616.737777,616.737777,616.737777,616.737777,616.737777,616.737777,616.737777,616.737777,616.737777,616.737777,616.737777,616.737777,529.913473,616.737777,616.737777,616.737777,616.737777
2019-05-29,616.000932,616.000932,616.000932,616.000932,616.000932,616.000932,616.000932,616.000932,616.000932,616.000932,616.000932,616.000932,616.000932,616.000932,616.000932,616.000932,616.000932,616.000932,616.000932,616.000932,616.000932,616.000932,535.874941,616.000932,616.000932,616.000932,616.000932
2019-05-30,624.551927,624.551927,624.551927,624.551927,624.551927,624.551927,624.551927,624.551927,624.551927,624.551927,624.551927,624.551927,624.551927,624.551927,624.551927,624.551927,624.551927,624.551927,624.551927,624.551927,624.551927,624.551927,538.32218,624.551927,624.551927,624.551927,624.551927
2019-05-31,619.77725,619.77725,619.77725,619.77725,619.77725,619.77725,619.77725,619.77725,619.77725,619.77725,619.77725,619.77725,619.77725,619.77725,619.77725,619.77725,619.77725,619.77725,619.77725,619.77725,619.77725,619.77725,526.907545,619.77725,619.77725,619.77725,619.77725
2019-06-01,633.387752,633.387752,633.387752,633.387752,633.387752,633.387752,633.387752,633.387752,633.387752,633.387752,633.387752,633.387752,633.387752,633.387752,633.387752,633.387752,633.387752,633.387752,633.387752,633.387752,633.387752,633.387752,540.922427,633.387752,633.387752,633.387752,633.387752
2019-06-02,631.858369,631.858369,631.858369,631.858369,631.858369,631.858369,631.858369,631.858369,631.858369,631.858369,631.858369,631.858369,631.858369,631.858369,631.858369,631.858369,631.858369,631.858369,631.858369,631.858369,631.858369,631.858369,537.441098,631.858369,631.858369,631.858369,631.858369
2019-06-03,629.587477,629.587477,629.587477,629.587477,629.587477,629.587477,629.587477,629.587477,629.587477,629.587477,629.587477,629.587477,629.587477,629.587477,629.587477,629.587477,629.587477,629.587477,629.587477,629.587477,629.587477,629.587477,531.760771,629.587477,629.587477,629.587477,629.587477
2019-06-04,621.597184,621.597184,621.597184,621.597184,621.597184,621.597184,621.597184,621.597184,621.597184,621.597184,621.597184,621.597184,621.597184,621.597184,621.597184,621.597184,621.597184,621.597184,621.597184,621.597184,621.597184,621.597184,532.414996,621.597184,621.597184,621.597184,621.597184
2019-06-05,617.608093,617.608093,617.608093,617.608093,617.608093,617.608093,617.608093,617.608093,617.608093,617.608093,617.608093,617.608093,617.608093,617.608093,617.608093,617.608093,617.608093,617.608093,617.608093,617.608093,617.608093,617.608093,524.312879,617.608093,617.608093,617.608093,617.608093
2019-06-06,607.1187,607.1187,607.1187,607.1187,607.1187,607.1187,607.1187,607.1187,607.1187,607.1187,607.1187,607.1187,607.1187,607.1187,607.1187,607.1187,607.1187,607.1187,607.1187,607.1187,607.1187,607.1187,517.659982,607.1187,607.1187,607.1187,607.1187
2019-06-07,606.300458,606.300458,606.300458,606.300458,606.300458,606.300458,606.300458,606.300458,606.300458,606.300458,606.300458,606.300458,606.300458,606.300458,606.300458,606.300458,606.300458,606.300458,606.300458,606.300458,606.300458,606.300458,523.124461,606.300458,606.300458,606.300458,606.300458
2019-06-08,598.640923,598.640923,598.640923,598.640923,598.640923,598.640923,598.640923,598.640923,598.640923,598.640923,598.640923,598.640923,598.640923,598.640923,598.640923,598.640923,598.640923,598.640923,598.640923,598.640923,598.640923,598.640923,508.739067,598.640923,598.640923,598.640923,598.640923
2019-06-09,600.336563,600.336563,600.336563,600.336563,600.336563,600.336563,600.336563,600.336563,600.336563,600.336563,600.336563,600.336563,600.336563,600.336563,600.336563,600.336563,600.336563,600.336563,600.336563,600.336563,600.336563,600.336563,512.983499,600.336563,600.336563,600.336563,600.336563
2019-06-10,608.782053,608.782053,608.782053,608.782053,608.782053,608.782053,608.782053,608.782053,608.782053,608.782053,608.782053,608.782053,608.782053,608.782053,608.782053,608.782053,608.782053,608.782053,608.782053,608.782053,608.782053,608.782053,521.99543,608.782053,608.782053,608.782053,608.782053
2019-06-11,622.340799,622.340799,622.340799,622.340799,622.340799,622.340799,622.340799,622.340799,622.340799,622.340799,622.340799,622.340799,622.340799,622.340799,622.340799,622.340799,622.340799,622.340799,622.340799,622.340799,622.340799,622.340799,528.602082,622.340799,622.340799,622.340799,622.340799
2019-06-12,636.175269,636.175269,636.175269,636.175269,636.175269,636.175269,636.175269,636.175269,636.175269,636.175269,636.175269,636.175269,636.175269,636.175269,636.175269,636.175269,636.175269,636.175269,636.175269,636.175269,636.175269,636.175269,551.659026,636.175269,636.175269,636.175269,636.175269
2019-06-13,660.074325,660.074325,660.074325,660.074325,660.074325,660.074325,660.074325,660.074325,660.074325,660.074325,660.074325,660.074325,660.074325,660.074325,660.074325,660.074325,660.074325,660.074325,660.074325,660.074325,660.074325,660.074325,574.998674,660.074325,660.074325,660.074325,660.074325
2019-06-14,655.361389,655.361389,655.361389,655.361389,655.361389,655.361389,655.361389,655.361389,655.361389,655.361389,655.361389,655.361389,655.361389,655.361389,655.361389,655.361389,655.361389,655.361389,655.361389,655.361389,655.361389,655.361389,570.869751,655.361389,655.361389,655.361389,655.361389
2019-06-15,642.876263,642.876263,642.876263,642.876263,642.876263,642.876263,642.876263,642.876263,642.876263,642.876263,642.876263,642.876263,642.876263,642.876263,642.876263,642.876263,642.876263,642.876263,642.876263,642.876263,642.876263,642.876263,567.08888,642.876263,642.876263,642.876263,642.876263
2019-06-16,657.384519,657.384519,657.384519,657.384519,657.384519,657.384519,657.384519,657.384519,657.384519,657.384519,657.384519,657.384519,657.384519,657.384519,657.384519,657.384519,657.384519,657.384519,657.384519,657.384519,657.384519,657.384519,584.183722,657.384519,657.384519,657.384519,657.384519
2019-06-17,651.721932,651.721932,651.721932,651.721932,651.721932,651.721932,651.721932,651.721932,651.721932,651.721932,651.721932,651.721932,651.721932,651.721932,651.721932,651.721932,651.721932,651.721932,651.721932,651.721932,651.721932,651.721932,581.936207,651.721932,651.721932,651.721932,651.721932
2019-06-18,639.005523,639.005523,639.005523,639.005523,639.005523,639.005523,639.005523,639.005523,639.005523,639.005523,639.005523,639.005523,639.005523,639.005523,639.005523,639.005523,639.005523,639.005523,639.005523,639.005523,639.005523,639.005523,579.034798,639.005523,639.005523,639.005523,639.005523
2019-06-19,638.757532,638.757532,638.757532,638.757532,638.757532,638.757532,638.757532,638.757532,638.757532,638.757532,638.757532,638.757532,638.757532,638.757532,638.757532,638.757532,638.757532,638.757532,638.757532,638.757532,638.757532,638.757532,578.893837,638.757532,638.757532,638.757532,638.757532
2019-06-20,613.393601,613.393601,613.393601,613.393601,613.393601,613.393601,613.393601,613.393601,613.393601,613.393601,613.393601,613.393601,613.393601,613.393601,613.393601,613.393601,613.393601,613.393601,613.393601,613.393601,613.393601,613.393601,558.663977,613.393601,613.393601,613.393601,613.393601
2019-06-21,611.751104,611.751104,611.751104,611.751104,611.751104,611.751104,611.751104,611.751104,611.751104,611.751104,611.751104,611.751104,611.751104,611.751104,611.751104,611.751104,611.751104,611.751104,611.751104,611.751104,611.751104,611.751104,550.642227,611.751104,611.751104,611.751104,611.751104
2019-06-22,618.078054,618.078054,618.078054,618.078054,618.078054,618.078054,618.078054,618.078054,618.078054,618.078054,618.078054,618.078054,618.078054,618.078054,618.078054,618.078054,618.078054,618.078054,618.078054,618.078054,618.078054,618.078054,556.2493,618.078054,618.078054,618.078054,618.078054
2019-06-23,599.457273,599.457273,599.457273,599.457273,599.457273,599.457273,599.457273,599.457273,599.457273,599.457273,599.457273,599.457273,599.457273,599.457273,599.457273,599.457273,599.457273,599.457273,599.457273,599.457273,599.457273,599.457273,538.222811,599.457273,599.457273,599.457273,599.457273
2019-06-24,601.850869,601.850869,601.850869,601.850869,601.850869,601.850869,601.850869,601.850869,601.850869,601.850869,601.850869,601.850869,601.850869,601.850869,601.850869,601.850869,601.850869,601.850869,601.850869,601.850869,601.850869,601.850869,537.730829,601.850869,601.850869,601.850869,601.850869
2019-06-25,608.723298,608.723298,608.723298,608.723298,608.723298,608.723298,608.723298,608.723298,608.723298,608.723298,608.723298,608.723298,608.723298,608.723298,608.723298,608.723298,608.723298,608.723298,608.723298,608.723298,608.723298,608.723298,533.762959,608.723298,608.723298,608.723298,608.723298
2019-06-26,604.032738,604.032738,604.032738,604.032738,604.032738,604.032738,604.032738,604.032738,604.032738,604.032738,604.032738,604.032738,604.032738,604.032738,604.032738,604.032738,604.032738,604.032738,604.032738,604.032738,604.032738,604.032738,518.264947,604.032738,604.032738,604.032738,604.032738
2019-06-27,606.787116,606.787116,606.787116,606.787116,606.787116,606.787116,606.787116,606.787116,606.787116,606.787116,606.787116,606.787116,606.787116,606.787116,606.787116,606.787116,606.787116,606.787116,606.787116,606.787116,606.787116,606.787116,516.750088,606.787116,606.787116,606.787116,606.787116
2019-06-28,615.216582,615.216582,615.216582,615.216582,615.216582,615.216582,615.216582,615.216582,615.216582,615.216582,615.216582,615.216582,615.216582,615.216582,615.216582,615.216582,615.216582,615.216582,615.216582,615.216582,615.216582,615.216582,527.577288,615.216582,615.216582,615.216582,615.216582
2019-06-29,624.242441,624.242441,624.242441,624.242441,624.242441,624.242441,624.242441,624.242441,624.242441,624.242441,624.242441,624.242441,624.242441,624.242441,624.242441,624.242441,624.242441,624.242441,624.242441,624.242441,624.242441,624.242441,531.936878,624.242441,624.242441,624.242441,624.242441
2019-06-30,624.584908,624.584908,624.584908,624.584908,624.584908,624.584908,624.584908,624.584908,624.584908,624.584908,624.584908,624.584908,624.584908,624.584908,624.584908,624.584908,624.584908,624.584908,624.584908,624.584908,624.584908,624.584908,530.041558,624.584908,624.584908,624.584908,624.584908
2019-07-01,627.017909,627.017909,627.017909,627.017909,627.017909,627.017909,627.017909,627.017909,627.017909,627.017909,627.017909,627.017909,627.017909,627.017909,627.017909,627.017909,627.017909,627.017909,627.017909,627.017909,627.017909,627.017909,523.310245,627.017909,627.017909,627.017909,627.017909
2019-07-02,624.112244,624.112244,624.112244,624.112244,624.112244,624.112244,624.112244,624.112244,624.112244,624.112244,624.112244,624.112244,624.112244,624.112244,624.112244,624.112244,624.112244,624.112244,624.112244,624.112244,624.112244,624.112244,521.817916,624.112244,624.112244,624.112244,624.112244
2019-07-03,615.586134,615.586134,615.586134,615.586134,615.586134,615.586134,615.586134,615.586134,615.586134,615.586134,615.586134,615.586134,615.586134,615.586134,615.586134,615.586134,615.586134,615.586134,615.586134,615.586134,615.586134,615.586134,521.001284,615.586134,615.586134,615.586134,615.586134
2019-07-04,600.762298,600.762298,600.762298,600.762298,600.762298,600.762298,600.762298,600.762298,600.762298,600.762298,600.762298,600.762298,600.762298,600.762298,600.762298,600.762298,600.762298,600.762298,600.762298,600.762298,600.762298,600.762298,510.748389,600.762298,600.762298,600.762298,600.762298
2019-07-05,619.900763,619.900763,619.900763,619.900763,619.900763,619.900763,619.900763,619.900763,619.900763,619.900763,619.900763,619.900763,619.900763,619.900763,619.900763,619.900763,619.900763,619.900763,619.900763,619.900763,619.900763,619.900763,528.239194,619.900763,619.900763,619.900763,619.900763
2019-07-06,610.671472,610.671472,610.671472,610.671472,610.671472,610.671472,610.671472,610.671472,610.671472,610.671472,610.671472,610.671472,610.671472,610.671472,610.671472,610.671472,610.671472,610.671472,610.671472,610.671472,610.671472,610.671472,520.776088,610.671472,610.671472,610.671472,610.671472
2019-07-07,618.642399,618.642399,618.642399,618.642399,618.642399,618.642399,618.642399,618.642399,618.642399,618.642399,618.642399,618.642399,618.642399,618.642399,618.642399,618.642399,618.642399,618.642399,618.642399,618.642399,618.642399,618.642399,529.952888,618.642399,618.642399,618.642399,618.642399
2019-07-08,608.022318,608.022318,608.022318,608.022318,608.022318,608.022318,608.022318,608.022318,608.022318,608.022318,608.022318,608.022318,608.022318,608.022318,608.022318,608.022318,608.022318,608.022318,608.022318,608.022318,608.022318,608.022318,527.318616,608.022318,608.022318,608.022318,608.022318
2019-07-09,618.312983,618.312983,618.312983,618.312983,618.312983,618.312983,618.312983,618.312983,618.312983,618.312983,618.312983,618.312983,618.312983,618.312983,618.312983,618.312983,618.312983,618.312983,618.312983,618.312983,618.312983,618.312983,535.426824,618.312983,618.312983,618.312983,618.312983
2019-07-10,633.836365,633.836365,633.836365,633.836365,633.836365,633.836365,633.836365,633.836365,633.836365,633.836365,633.836365,633.836365,633.836365,633.836365,633.836365,633.836365,633.836365,633.836365,633.836365,633.836365,633.836365,633.836365,549.43754,633.836365,633.836365,633.836365,633.836365
2019-07-11,636.858041,636.858041,636.858041,636.858041,636.858041,636.858041,636.858041,636.858041,636.858041,636.858041,636.858041,636.858041,636.858041,636.858041,636.858041,636.858041,636.858041,636.858041,636.858041,636.858041,636.858041,636.858041,550.565676,636.858041,636.858041,636.858041,636.858041
2019-07-12,607.893558,607.893558,607.893558,607.893558,607.893558,607.893558,607.893558,607.893558,607.893558,607.893558,607.893558,607.893558,607.893558,607.893558,607.893558,607.893558,607.893558,607.893558,607.893558,607.893558,607.893558,607.893558,521.745988,607.893558,607.893558,607.893558,607.893558
2019-07-13,617.070665,617.070665,617.070665,617.070665,617.070665,617.070665,617.070665,617.070665,617.070665,617.070665,617.070665,617.070665,617.070665,617.070665,617.070665,617.070665,617.070665,617.070665,617.070665,617.070665,617.070665,617.070665,528.566094,617.070665,617.070665,617.070665,617.070665
2019-07-14,621.072158,621.072158,621.072158,621.072158,621.072158,621.072158,621.072158,621.072158,621.072158,621.072158,621.072158,621.072158,621.072158,621.072158,621.072158,621.072158,621.072158,621.072158,621.072158,621.072158,621.072158,621.072158,527.118051,621.072158,621.072158,621.072158,621.072158
2019-07-15,625.312504,625.312504,625.312504,625.312504,625.312504,625.312504,625.312504,625.312504,625.312504,625.312504,625.312504,625.312504,625.312504,625.312504,625.312504,625.312504,625.312504,625.312504,625.312504,625.312504,625.312504,625.312504,534.936963,625.312504,625.312504,625.312504,625.312504
2019-07-16,629.697533,629.697533,629.697533,629.697533,629.697533,629.697533,629.697533,629.697533,629.697533,629.697533,629.697533,629.697533,629.697533,629.697533,629.697533,629.697533,629.697533,629.697533,629.697533,629.697533,629.697533,629.697533,543.680816,629.697533,629.697533,629.697533,629.697533
2019-07-17,615.2604,615.2604,615.2604,615.2604,615.2604,615.2604,615.2604,615.2604,615.2604,615.2604,615.2604,615.2604,615.2604,615.2604,615.2604,615.2604,615.2604,615.2604,615.2604,615.2604,615.2604,615.2604,530.293505,615.2604,615.2604,615.2604,615.2604
2019-07-18,625.076372,625.076372,625.076372,625.076372,625.076372,625.076372,625.076372,625.076372,625.076372,625.076372,625.076372,625.076372,625.076372,625.076372,625.076372,625.076372,625.076372,625.076372,625.076372,625.076372,625.076372,625.076372,531.738586,625.076372,625.076372,625.076372,625.076372
2019-07-19,633.028191,633.028191,633.028191,633.028191,633.028191,633.028191,633.028191,633.028191,633.028191,633.028191,633.028191,633.028191,633.028191,633.028191,633.028191,633.028191,633.028191,633.028191,633.028191,633.028191,633.028191,633.028191,544.809153,633.028191,633.028191,633.028191,633.028191
2019-07-20,621.988454,621.988454,621.988454,621.988454,621.988454,621.988454,621.988454,621.988454,621.988454,621.988454,621.988454,621.988454,621.988454,621.988454,621.988454,621.988454,621.988454,621.988454,621.988454,621.988454,621.988454,621.988454,542.111175,621.988454,621.988454,621.988454,621.988454
2019-07-21,612.817601,612.817601,612.817601,612.817601,612.817601,612.817601,612.817601,612.817601,612.817601,612.817601,612.817601,612.817601,612.817601,612.817601,612.817601,612.817601,612.817601,612.817601,612.817601,612.817601,612.817601,612.817601,532.787171,612.817601,612.817601,612.817601,612.817601
2019-07-22,629.25651,629.25651,629.25651,629.25651,629.25651,629.25651,629.25651,629.25651,629.25651,629.25651,629.25651,629.25651,629.25651,629.25651,629.25651,629.25651,629.25651,629.25651,629.25651,629.25651,629.25651,629.25651,549.28506,629.25651,629.25651,629.25651,629.25651
2019-07-23,614.058565,614.058565,614.058565,614.058565,614.058565,614.058565,614.058565,614.058565,614.058565,614.058565,614.058565,614.058565,614.058565,614.058565,614.058565,614.058565,614.058565,614.058565,614.058565,614.058565,614.058565,614.058565,538.842427,614.058565,614.058565,614.058565,614.058565
2019-07-24,615.841608,615.841608,615.841608,615.841608,615.841608,615.841608,615.841608,615.841608,615.841608,615.841608,615.841608,615.841608,615.841608,615.841608,615.841608,615.841608,615.841608,615.841608,615.841608,615.841608,615.841608,615.841608,540.355104,615.841608,615.841608,615.841608,615.841608
2019-07-25,618.80659,618.80659,618.80659,618.80659,618.80659,618.80659,618.80659,618.80659,618.80659,618.80659,618.80659,618.80659,618.80659,618.80659,618.80659,618.80659,618.80659,618.80659,618.80659,618.80659,618.80659,618.80659,547.359411,618.80659,618.80659,618.80659,618.80659
2019-07-26,621.236368,621.236368,621.236368,621.236368,621.236368,621.236368,621.236368,621.236368,621.236368,621.236368,621.236368,621.236368,621.236368,621.236368,621.236368,621.236368,621.236368,621.236368,621.236368,621.236368,621.236368,621.236368,546.53206,621.236368,621.236368,621.236368,621.236368
2019-07-27,631.629637,631.629637,631.629637,631.629637,631.629637,631.629637,631.629637,631.629637,631.629637,631.629637,631.629637,631.629637,631.629637,631.629637,631.629637,631.629637,631.629637,631.629637,631.629637,631.629637,631.629637,631.629637,552.082366,631.629637,631.629637,631.629637,631.629637
2019-07-28,612.117611,612.117611,612.117611,612.117611,612.117611,612.117611,612.117611,612.117611,612.117611,612.117611,612.117611,612.117611,612.117611,612.117611,612.117611,612.117611,612.117611,612.117611,612.117611,612.117611,612.117611,612.117611,539.947187,612.117611,612.117611,612.117611,612.117611
2019-07-29,588.239677,588.239677,588.239677,588.239677,588.239677,588.239677,588.239677,588.239677,588.239677,588.239677,588.239677,588.239677,588.239677,588.239677,588.239677,588.239677,588.239677,588.239677,588.239677,588.239677,588.239677,588.239677,514.937937,588.239677,588.239677,588.239677,588.239677
2019-07-30,590.659066,590.659066,590.659066,590.659066,590.659066,590.659066,590.659066,590.659066,590.659066,590.659066,590.659066,590.659066,590.659066,590.659066,590.659066,590.659066,590.659066,590.659066,590.659066,590.659066,590.659066,590.659066,513.131062,590.659066,590.659066,590.659066,590.659066
2019-07-31,598.199781,598.199781,598.199781,598.199781,598.199781,598.199781,598.199781,598.199781,598.199781,598.199781,598.199781,598.199781,598.199781,598.199781,598.199781,598.199781,598.199781,598.199781,598.199781,598.199781,598.199781,598.199781,519.00137,598.199781,598.199781,598.199781,598.199781
2019-08-01,589.778736,589.778736,589.778736,589.778736,589.778736,589.778736,589.778736,589.778736,589.778736,589.778736,589.778736,589.778736,589.778736,589.778736,589.778736,589.778736,589.778736,589.778736,589.778736,589.778736,589.778736,589.778736,508.332266,589.778736,589.778736,589.778736,589.778736
2019-08-02,590.056072,590.056072,590.056072,590.056072,590.056072,590.056072,590.056072,590.056072,590.056072,590.056072,590.056072,590.056072,590.056072,590.056072,590.056072,590.056072,590.056072,590.056072,590.056072,590.056072,590.056072,590.056072,508.578793,590.056072,590.056072,590.056072,590.056072
2019-08-03,582.708529,582.708529,582.708529,582.708529,582.708529,582.708529,582.708529,582.708529,582.708529,582.708529,582.708529,582.708529,582.708529,582.708529,582.708529,582.708529,582.708529,582.708529,582.708529,582.708529,582.708529,582.708529,499.058679,582.708529,582.708529,582.708529,582.708529
2019-08-04,609.966136,609.966136,609.966136,609.966136,609.966136,609.966136,609.966136,609.966136,609.966136,609.966136,609.966136,609.966136,609.966136,609.966136,609.966136,609.966136,609.966136,609.966136,609.966136,609.966136,609.966136,609.966136,525.872892,609.966136,609.966136,609.966136,609.966136
2019-08-05,615.960569,615.960569,615.960569,615.960569,615.960569,615.960569,615.960569,615.960569,615.960569,615.960569,615.960569,615.960569,615.960569,615.960569,615.960569,615.960569,615.960569,615.960569,615.960569,615.960569,615.960569,615.960569,530.698405,615.960569,615.960569,615.960569,615.960569
2019-08-06,595.0976,595.0976,595.0976,595.0976,595.0976,595.0976,595.0976,595.0976,595.0976,595.0976,595.0976,595.0976,595.0976,595.0976,595.0976,595.0976,595.0976,595.0976,595.0976,595.0976,595.0976,595.0976,510.871845,595.0976,595.0976,595.0976,595.0976
2019-08-07,590.796901,590.796901,590.796901,590.796901,590.796901,590.796901,590.796901,590.796901,590.796901,590.796901,590.796901,590.796901,590.796901,590.796901,590.796901,590.796901,590.796901,590.796901,590.796901,590.796901,590.796901,590.796901,504.509482,590.796901,590.796901,590.796901,590.796901
2019-08-08,590.006369,590.006369,590.006369,590.006369,590.006369,590.006369,590.006369,590.006369,590.006369,590.006369,590.006369,590.006369,590.006369,590.006369,590.006369,590.006369,590.006369,590.006369,590.006369,590.006369,590.006369,590.006369,507.140412,590.006369,590.006369,590.006369,590.006369
2019-08-09,582.907226,582.907226,582.907226,582.907226,582.907226,582.907226,582.907226,582.907226,582.907226,582.907226,582.907226,582.907226,582.907226,582.907226,582.907226,582.907226,582.907226,582.907226,582.907226,582.907226,582.907226,582.907226,500.708965,582.907226,582.907226,582.907226,582.907226
2019-08-10,586.07282,586.07282,586.07282,586.07282,586.07282,586.07282,586.07282,586.07282,586.07282,586.07282,586.07282,586.07282,586.07282,586.07282,586.07282,586.07282,586.07282,586.07282,586.07282,586.07282,586.07282,586.07282,507.70531,586.07282,586.07282,586.07282,586.07282
2019-08-11,572.725842,572.725842,572.725842,572.725842,572.725842,572.725842,572.725842,572.725842,572.725842,572.725842,572.725842,572.725842,572.725842,572.725842,572.725842,572.725842,572.725842,572.725842,572.725842,572.725842,572.725842,572.725842,490.097496,572.725842,572.725842,572.725842,572.725842
2019-08-12,564.03253,564.03253,564.03253,564.03253,564.03253,564.03253,564.03253,564.03253,564.03253,564.03253,564.03253,564.03253,564.03253,564.03253,564.03253,564.03253,564.03253,564.03253,564.03253,564.03253,564.03253,564.03253,477.071313,564.03253,564.03253,564.03253,564.03253
2019-08-13,577.044593,577.044593,577.044593,577.044593,577.044593,577.044593,577.044593,577.044593,577.044593,577.044593,577.044593,577.044593,577.044593,577.044593,577.044593,577.044593,577.044593,577.044593,577.044593,577.044593,577.044593,577.044593,484.944089,577.044593,577.044593,577.044593,577.044593
2019-08-14,583.486107,583.486107,583.486107,583.486107,583.486107,583.486107,583.486107,583.486107,583.486107,583.486107,583.486107,583.486107,583.486107,583.486107,583.486107,583.486107,583.486107,583.486107,583.486107,583.486107,583.486107,583.486107,491.175181,583.486107,583.486107,583.486107,583.486107
2019-08-15,577.190971,577.190971,577.190971,577.190971,577.190971,577.190971,577.190971,577.190971,577.190971,577.190971,577.190971,577.190971,577.190971,577.190971,577.190971,577.190971,577.190971,577.190971,577.190971,577.190971,577.190971,577.190971,489.139826,577.190971,577.190971,577.190971,577.190971
2019-08-16,574.383667,574.383667,574.383667,574.383667,574.383667,574.383667,574.383667,574.383667,574.383667,574.383667,574.383667,574.383667,574.383667,574.383667,574.383667,574.383667,574.383667,574.383667,574.383667,574.383667,574.383667,574.383667,485.500147,574.383667,574.383667,574.383667,574.383667
2019-08-17,572.323181,572.323181,572.323181,572.323181,572.323181,572.323181,572.323181,572.323181,572.323181,572.323181,572.323181,572.323181,572.323181,572.323181,572.323181,572.323181,572.323181,572.323181,572.323181,572.323181,572.323181,572.323181,481.773939,572.323181,572.323181,572.323181,572.323181
2019-08-18,590.886358,590.886358,590.886358,590.886358,590.886358,590.886358,590.886358,590.886358,590.886358,590.886358,590.886358,590.886358,590.886358,590.886358,590.886358,590.886358,590.886358,590.886358,590.886358,590.886358,590.886358,590.886358,502.077716,590.886358,590.886358,590.886358,590.886358
2019-08-19,599.274958,599.274958,599.274958,599.274958,599.274958,599.274958,599.274958,599.274958,599.274958,599.274958,599.274958,599.274958,599.274958,599.274958,599.274958,599.274958,599.274958,599.274958,599.274958,599.274958,599.274958,599.274958,514.190769,599.274958,599.274958,599.274958,599.274958
2019-08-20,594.556941,594.556941,594.556941,594.556941,594.556941,594.556941,594.556941,594.556941,594.556941,594.556941,594.556941,594.556941,594.556941,594.556941,594.556941,594.556941,594.556941,594.556941,594.556941,594.556941,594.556941,594.556941,515.193828,594.556941,594.556941,594.556941,594.556941
2019-08-21,577.39434,577.39434,577.39434,577.39434,577.39434,577.39434,577.39434,577.39434,577.39434,577.39434,577.39434,577.39434,577.39434,577.39434,577.39434,577.39434,577.39434,577.39434,577.39434,577.39434,577.39434,577.39434,494.443486,577.39434,577.39434,577.39434,577.39434
2019-08-22,590.135822,590.135822,590.135822,590.135822,590.135822,590.135822,590.135822,590.135822,590.135822,590.135822,590.135822,590.135822,590.135822,590.135822,590.135822,590.135822,590.135822,590.135822,590.135822,590.135822,590.135822,590.135822,504.386311,590.135822,590.135822,590.135822,590.135822
2019-08-23,578.363898,578.363898,578.363898,578.363898,578.363898,578.363898,578.363898,578.363898,578.363898,578.363898,578.363898,578.363898,578.363898,578.363898,578.363898,578.363898,578.363898,578.363898,578.363898,578.363898,578.363898,578.363898,499.106033,578.363898,578.363898,578.363898,578.363898
2019-08-24,578.400781,578.400781,578.400781,578.400781,578.400781,578.400781,578.400781,578.400781,578.400781,578.400781,578.400781,578.400781,578.400781,578.400781,578.400781,578.400781,578.400781,578.400781,578.400781,578.400781,578.400781,578.400781,495.499863,578.400781,578.400781,578.400781,578.400781
2019-08-25,570.382861,570.382861,570.382861,570.382861,570.382861,570.382861,570.382861,570.382861,570.382861,570.382861,570.382861,570.382861,570.382861,570.382861,570.382861,570.382861,570.382861,570.382861,570.382861,570.382861,570.382861,570.382861,484.290161,570.382861,570.382861,570.382861,570.382861
2019-08-26,575.562901,575.562901,575.562901,575.562901,575.562901,575.562901,575.562901,575.562901,575.562901,575.562901,575.562901,575.562901,575.562901,575.562901,575.562901,575.562901,575.562901,575.562901,575.562901,575.562901,575.562901,575.562901,493.763182,575.562901,575.562901,575.562901,575.562901
2019-08-27,576.556855,576.556855,576.556855,576.556855,576.556855,576.556855,576.556855,576.556855,576.556855,576.556855,576.556855,576.556855,576.556855,576.556855,576.556855,576.556855,576.556855,576.556855,576.556855,576.556855,576.556855,576.556855,499.872761,576.556855,576.556855,576.556855,576.556855
2019-08-28,582.108775,582.108775,582.108775,582.108775,582.108775,582.108775,582.108775,582.108775,582.108775,582.108775,582.108775,582.108775,582.108775,582.108775,582.108775,582.108775,582.108775,582.108775,582.108775,582.108775,582.108775,582.108775,514.501494,582.108775,582.108775,582.108775,582.108775
2019-08-29,587.041441,587.041441,587.041441,587.041441,587.041441,587.041441,587.041441,587.041441,587.041441,587.041441,587.041441,587.041441,587.041441,587.041441,587.041441,587.041441,587.041441,587.041441,587.041441,587.041441,587.041441,587.041441,517.120404,587.041441,587.041441,587.041441,587.041441
2019-08-30,601.698481,601.698481,601.698481,601.698481,601.698481,601.698481,601.698481,601.698481,601.698481,601.698481,601.698481,601.698481,601.698481,601.698481,601.698481,601.698481,601.698481,601.698481,601.698481,601.698481,601.698481,601.698481,525.337224,601.698481,601.698481,601.698481,601.698481
2019-08-31,584.31527,584.31527,584.31527,584.31527,584.31527,584.31527,584.31527,584.31527,584.31527,584.31527,584.31527,584.31527,584.31527,584.31527,584.31527,584.31527,584.31527,584.31527,584.31527,584.31527,584.31527,584.31527,514.346365,584.31527,584.31527,584.31527,584.31527
2019-09-01,591.100854,591.100854,591.100854,591.100854,591.100854,591.100854,591.100854,591.100854,591.100854,591.100854,591.100854,591.100854,591.100854,591.100854,591.100854,591.100854,591.100854,591.100854,591.100854,591.100854,591.100854,591.100854,517.450811,591.100854,591.100854,591.100854,591.100854
2019-09-02,598.891981,598.891981,598.891981,598.891981,598.891981,598.891981,598.891981,598.891981,598.891981,598.891981,598.891981,598.891981,598.891981,598.891981,598.891981,598.891981,598.891981,598.891981,598.891981,598.891981,598.891981,598.891981,522.918767,598.891981,598.891981,598.891981,598.891981
2019-09-03,587.890494,587.890494,587.890494,587.890494,587.890494,587.890494,587.890494,587.890494,587.890494,587.890494,587.890494,587.890494,587.890494,587.890494,587.890494,587.890494,587.890494,587.890494,587.890494,587.890494,587.890494,587.890494,509.135877,587.890494,587.890494,587.890494,587.890494
2019-09-04,583.814293,583.814293,583.814293,583.814293,583.814293,583.814293,583.814293,583.814293,583.814293,583.814293,583.814293,583.814293,583.814293,583.814293,583.814293,583.814293,583.814293,583.814293,583.814293,583.814293,583.814293,583.814293,505.72073,583.814293,583.814293,583.814293,583.814293
2019-09-05,571.286966,571.286966,571.286966,571.286966,571.286966,571.286966,571.286966,571.286966,571.286966,571.286966,571.286966,571.286966,571.286966,571.286966,571.286966,571.286966,571.286966,571.286966,571.286966,571.286966,571.286966,571.286966,498.100374,571.286966,571.286966,571.286966,571.286966
2019-09-06,582.31909,582.31909,582.31909,582.31909,582.31909,582.31909,582.31909,582.31909,582.31909,582.31909,582.31909,582.31909,582.31909,582.31909,582.31909,582.31909,582.31909,582.31909,582.31909,582.31909,582.31909,582.31909,504.992385,582.31909,582.31909,582.31909,582.31909
2019-09-07,606.931822,606.931822,606.931822,606.931822,606.931822,606.931822,606.931822,606.931822,606.931822,606.931822,606.931822,606.931822,606.931822,606.931822,606.931822,606.931822,606.931822,606.931822,606.931822,606.931822,606.931822,606.931822,519.448288,606.931822,606.931822,606.931822,606.931822
2019-09-08,605.168024,605.168024,605.168024,605.168024,605.168024,605.168024,605.168024,605.168024,605.168024,605.168024,605.168024,605.168024,605.168024,605.168024,605.168024,605.168024,605.168024,605.168024,605.168024,605.168024,605.168024,605.168024,522.005079,605.168024,605.168024,605.168024,605.168024
2019-09-09,592.681697,592.681697,592.681697,592.681697,592.681697,592.681697,592.681697,592.681697,592.681697,592.681697,592.681697,592.681697,592.681697,592.681697,592.681697,592.681697,592.681697,592.681697,592.681697,592.681697,592.681697,592.681697,508.609247,592.681697,592.681697,592.681697,592.681697
2019-09-10,605.345756,605.345756,605.345756,605.345756,605.345756,605.345756,605.345756,605.345756,605.345756,605.345756,605.345756,605.345756,605.345756,605.345756,605.345756,605.345756,605.345756,605.345756,605.345756,605.345756,605.345756,605.345756,518.778521,605.345756,605.345756,605.345756,605.345756
2019-09-11,617.021347,617.021347,617.021347,617.021347,617.021347,617.021347,617.021347,617.021347,617.021347,617.021347,617.021347,617.021347,617.021347,617.021347,617.021347,617.021347,617.021347,617.021347,617.021347,617.021347,617.021347,617.021347,525.691641,617.021347,617.021347,617.021347,617.021347
2019-09-12,633.063548,633.063548,633.063548,633.063548,633.063548,633.063548,633.063548,633.063548,633.063548,633.063548,633.063548,633.063548,633.063548,633.063548,633.063548,633.063548,633.063548,633.063548,633.063548,633.063548,633.063548,633.063548,525.611323,633.063548,633.063548,633.063548,633.063548
2019-09-13,633.933626,633.933626,633.933626,633.933626,633.933626,633.933626,633.933626,633.933626,633.933626,633.933626,633.933626,633.933626,633.933626,633.933626,633.933626,633.933626,633.933626,633.933626,633.933626,633.933626,633.933626,633.933626,530.581587,633.933626,633.933626,633.933626,633.933626
2019-09-14,640.588471,640.588471,640.588471,640.588471,640.588471,640.588471,640.588471,640.588471,640.588471,640.588471,640.588471,640.588471,640.588471,640.588471,640.588471,640.588471,640.588471,640.588471,640.588471,640.588471,640.588471,640.588471,547.437213,640.588471,640.588471,640.588471,640.588471
2019-09-15,647.045937,647.045937,647.045937,647.045937,647.045937,647.045937,647.045937,647.045937,647.045937,647.045937,647.045937,647.045937,647.045937,647.045937,647.045937,647.045937,647.045937,647.045937,647.045937,647.045937,647.045937,647.045937,551.824437,647.045937,647.045937,647.045937,647.045937
2019-09-16,638.522848,638.522848,638.522848,638.522848,638.522848,638.522848,638.522848,638.522848,638.522848,638.522848,638.522848,638.522848,638.522848,638.522848,638.522848,638.522848,638.522848,638.522848,638.522848,638.522848,638.522848,638.522848,548.158146,638.522848,638.522848,638.522848,638.522848
2019-09-17,655.688065,655.688065,655.688065,655.688065,655.688065,655.688065,655.688065,655.688065,655.688065,655.688065,655.688065,655.688065,655.688065,655.688065,655.688065,655.688065,655.688065,655.688065,655.688065,655.688065,655.688065,655.688065,562.838978,655.688065,655.688065,655.688065,655.688065
2019-09-18,657.999645,657.999645,657.999645,657.999645,657.999645,657.999645,657.999645,657.999645,657.999645,657.999645,657.999645,657.999645,657.999645,657.999645,657.999645,657.999645,657.999645,657.999645,657.999645,657.999645,657.999645,657.999645,561.372042,657.999645,657.999645,657.999645,657.999645
2019-09-19,639.599718,639.599718,639.599718,639.599718,639.599718,639.599718,639.599718,639.599718,639.599718,639.599718,639.599718,639.599718,639.599718,639.599718,639.599718,639.599718,639.599718,639.599718,639.599718,639.599718,639.599718,639.599718,558.936959,639.599718,639.599718,639.599718,639.599718
2019-09-20,636.968262,636.968262,636.968262,636.968262,636.968262,636.968262,636.968262,636.968262,636.968262,636.968262,636.968262,636.968262,636.968262,636.968262,636.968262,636.968262,636.968262,636.968262,636.968262,636.968262,636.968262,636.968262,554.163737,636.968262,636.968262,636.968262,636.968262
2019-09-21,628.319492,628.319492,628.319492,628.319492,628.319492,628.319492,628.319492,628.319492,628.319492,628.319492,628.319492,628.319492,628.319492,628.319492,628.319492,628.319492,628.319492,628.319492,628.319492,628.319492,628.319492,628.319492,536.474073,628.319492,628.319492,628.319492,628.319492
2019-09-22,616.65258,616.65258,616.65258,616.65258,616.65258,616.65258,616.65258,616.65258,616.65258,616.65258,616.65258,616.65258,616.65258,616.65258,616.65258,616.65258,616.65258,616.65258,616.65258,616.65258,616.65258,616.65258,533.067326,616.65258,616.65258,616.65258,616.65258
2019-09-23,646.136863,646.136863,646.136863,646.136863,646.136863,646.136863,646.136863,646.136863,646.136863,646.136863,646.136863,646.136863,646.136863,646.136863,646.136863,646.136863,646.136863,646.136863,646.136863,646.136863,646.136863,646.136863,556.926101,646.136863,646.136863,646.136863,646.136863
2019-09-24,644.929097,644.929097,644.929097,644.929097,644.929097,644.929097,644.929097,644.929097,644.929097,644.929097,644.929097,644.929097,644.929097,644.929097,644.929097,644.929097,644.929097,644.929097,644.929097,644.929097,644.929097,644.929097,557.048774,644.929097,644.929097,644.929097,644.929097
2019-09-25,641.247554,641.247554,641.247554,641.247554,641.247554,641.247554,641.247554,641.247554,641.247554,641.247554,641.247554,641.247554,641.247554,641.247554,641.247554,641.247554,641.247554,641.247554,641.247554,641.247554,641.247554,641.247554,558.362243,641.247554,641.247554,641.247554,641.247554
2019-09-26,655.078572,655.078572,655.078572,655.078572,655.078572,655.078572,655.078572,655.078572,655.078572,655.078572,655.078572,655.078572,655.078572,655.078572,655.078572,655.078572,655.078572,655.078572,655.078572,655.078572,655.078572,655.078572,564.673005,655.078572,655.078572,655.078572,655.078572
2019-09-27,655.867693,655.867693,655.867693,655.867693,655.867693,655.867693,655.867693,655.867693,655.867693,655.867693,655.867693,655.867693,655.867693,655.867693,655.867693,655.867693,655.867693,655.867693,655.867693,655.867693,655.867693,655.867693,566.319333,655.867693,655.867693,655.867693,655.867693
2019-09-28,639.713901,639.713901,639.713901,639.713901,639.713901,639.713901,639.713901,639.713901,639.713901,639.713901,639.713901,639.713901,639.713901,639.713901,639.713901,639.713901,639.713901,639.713901,639.713901,639.713901,639.713901,639.713901,557.501429,639.713901,639.713901,639.713901,639.713901
2019-09-29,647.988555,647.988555,647.988555,647.988555,647.988555,647.988555,647.988555,647.988555,647.988555,647.988555,647.988555,647.988555,647.988555,647.988555,647.988555,647.988555,647.988555,647.988555,647.988555,647.988555,647.988555,647.988555,563.625283,647.988555,647.988555,647.988555,647.988555
2019-09-30,633.791432,633.791432,633.791432,633.791432,633.791432,633.791432,633.791432,633.791432,633.791432,633.791432,633.791432,633.791432,633.791432,633.791432,633.791432,633.791432,633.791432,633.791432,633.791432,633.791432,633.791432,633.791432,550.038319,633.791432,633.791432,633.791432,633.791432
2019-10-01,620.942421,620.942421,620.942421,620.942421,620.942421,620.942421,620.942421,620.942421,620.942421,620.942421,620.942421,620.942421,620.942421,620.942421,620.942421,620.942421,620.942421,620.942421,620.942421,620.942421,620.942421,620.942421,528.216108,620.942421,620.942421,620.942421,620.942421
2019-10-02,613.156372,613.156372,613.156372,613.156372,613.156372,613.156372,613.156372,613.156372,613.156372,613.156372,613.156372,613.156372,613.156372,613.156372,613.156372,613.156372,613.156372,613.156372,613.156372,613.156372,613.156372,613.156372,524.389076,613.156372,613.156372,613.156372,613.156372
2019-10-03,616.19275,616.19275,616.19275,616.19275,616.19275,616.19275,616.19275,616.19275,616.19275,616.19275,616.19275,616.19275,616.19275,616.19275,616.19275,616.19275,616.19275,616.19275,616.19275,616.19275,616.19275,616.19275,530.219912,616.19275,616.19275,616.19275,616.19275
2019-10-04,611.576669,611.576669,611.576669,611.576669,611.576669,611.576669,611.576669,611.576669,611.576669,611.576669,611.576669,611.576669,611.576669,611.576669,611.576669,611.576669,611.576669,611.576669,611.576669,611.576669,611.576669,611.576669,521.661495,611.576669,611.576669,611.576669,611.576669
2019-10-05,637.127123,637.127123,637.127123,637.127123,637.127123,637.127123,637.127123,637.127123,637.127123,637.127123,637.127123,637.127123,637.127123,637.127123,637.127123,637.127123,637.127123,637.127123,637.127123,637.127123,637.127123,637.127123,541.236229,637.127123,637.127123,637.127123,637.127123
2019-10-06,637.872535,637.872535,637.872535,637.872535,637.872535,637.872535,637.872535,637.872535,637.872535,637.872535,637.872535,637.872535,637.872535,637.872535,637.872535,637.872535,637.872535,637.872535,637.872535,637.872535,637.872535,637.872535,532.512885,637.872535,637.872535,637.872535,637.872535
2019-10-07,658.43756,658.43756,658.43756,658.43756,658.43756,658.43756,658.43756,658.43756,658.43756,658.43756,658.43756,658.43756,658.43756,658.43756,658.43756,658.43756,658.43756,658.43756,658.43756,658.43756,658.43756,658.43756,546.308952,658.43756,658.43756,658.43756,658.43756
2019-10-08,677.512582,677.512582,677.512582,677.512582,677.512582,677.512582,677.512582,677.512582,677.512582,677.512582,677.512582,677.512582,677.512582,677.512582,677.512582,677.512582,677.512582,677.512582,677.512582,677.512582,677.512582,677.512582,572.578732,677.512582,677.512582,677.512582,677.512582
2019-10-09,688.352317,688.352317,688.352317,688.352317,688.352317,688.352317,688.352317,688.352317,688.352317,688.352317,688.352317,688.352317,688.352317,688.352317,688.352317,688.352317,688.352317,688.352317,688.352317,688.352317,688.352317,688.352317,584.633419,688.352317,688.352317,688.352317,688.352317
2019-10-10,677.686552,677.686552,677.686552,677.686552,677.686552,677.686552,677.686552,677.686552,677.686552,677.686552,677.686552,677.686552,677.686552,677.686552,677.686552,677.686552,677.686552,677.686552,677.686552,677.686552,677.686552,677.686552,570.859687,677.686552,677.686552,677.686552,677.686552
2019-10-11,677.813413,677.813413,677.813413,677.813413,677.813413,677.813413,677.813413,677.813413,677.813413,677.813413,677.813413,677.813413,677.813413,677.813413,677.813413,677.813413,677.813413,677.813413,677.813413,677.813413,677.813413,677.813413,576.765972,677.813413,677.813413,677.813413,677.813413
2019-10-12,651.505195,651.505195,651.505195,651.505195,651.505195,651.505195,651.505195,651.505195,651.505195,651.505195,651.505195,651.505195,651.505195,651.505195,651.505195,651.505195,651.505195,651.505195,651.505195,651.505195,651.505195,651.505195,563.371016,651.505195,651.505195,651.505195,651.505195
2019-10-13,638.846924,638.846924,638.846924,638.846924,638.846924,638.846924,638.846924,638.846924,638.846924,638.846924,638.846924,638.846924,638.846924,638.846924,638.846924,638.846924,638.846924,638.846924,638.846924,638.846924,638.846924,638.846924,560.214714,638.846924,638.846924,638.846924,638.846924
2019-10-14,626.194999,626.194999,626.194999,626.194999,626.194999,626.194999,626.194999,626.194999,626.194999,626.194999,626.194999,626.194999,626.194999,626.194999,626.194999,626.194999,626.194999,626.194999,626.194999,626.194999,626.194999,626.194999,555.115377,626.194999,626.194999,626.194999,626.194999
2019-10-15,600.936771,600.936771,600.936771,600.936771,600.936771,600.936771,600.936771,600.936771,600.936771,600.936771,600.936771,600.936771,600.936771,600.936771,600.936771,600.936771,600.936771,600.936771,600.936771,600.936771,600.936771,600.936771,527.095406,600.936771,600.936771,600.936771,600.936771
2019-10-16,600.9554,600.9554,600.9554,600.9554,600.9554,600.9554,600.9554,600.9554,600.9554,600.9554,600.9554,600.9554,600.9554,600.9554,600.9554,600.9554,600.9554,600.9554,600.9554,600.9554,600.9554,600.9554,519.600353,600.9554,600.9554,600.9554,600.9554
2019-10-17,611.495592,611.495592,611.495592,611.495592,611.495592,611.495592,611.495592,611.495592,611.495592,611.495592,611.495592,611.495592,611.495592,611.495592,611.495592,611.495592,611.495592,611.495592,611.495592,611.495592,611.495592,611.495592,539.069212,611.495592,611.495592,611.495592,611.495592
2019-10-18,634.572903,634.572903,634.572903,634.572903,634.572903,634.572903,634.572903,634.572903,634.572903,634.572903,634.572903,634.572903,634.572903,634.572903,634.572903,634.572903,634.572903,634.572903,634.572903,634.572903,634.572903,634.572903,562.332118,634.572903,634.572903,634.572903,634.572903
2019-10-19,654.425334,654.425334,654.425334,654.425334,654.425334,654.425334,654.425334,654.425334,654.425334,654.425334,654.425334,654.425334,654.425334,654.425334,654.425334,654.425334,654.425334,654.425334,654.425334,654.425334,654.425334,654.425334,569.686155,654.425334,654.425334,654.425334,654.425334
2019-10-20,662.300297,662.300297,662.300297,662.300297,662.300297,662.300297,662.300297,662.300297,662.300297,662.300297,662.300297,662.300297,662.300297,662.300297,662.300297,662.300297,662.300297,662.300297,662.300297,662.300297,662.300297,662.300297,577.093791,662.300297,662.300297,662.300297,662.300297
2019-10-21,654.775552,654.775552,654.775552,654.775552,654.775552,654.775552,654.775552,654.775552,654.775552,654.775552,654.775552,654.775552,654.775552,654.775552,654.775552,654.775552,654.775552,654.775552,654.775552,654.775552,654.775552,654.775552,567.737246,654.775552,654.775552,654.775552,654.775552
2019-10-22,667.203667,667.203667,667.203667,667.203667,667.203667,667.203667,667.203667,667.203667,667.203667,667.203667,667.203667,667.203667,667.203667,667.203667,667.203667,667.203667,667.203667,667.203667,667.203667,667.203667,667.203667,667.203667,579.869743,667.203667,667.203667,667.203667,667.203667
2019-10-23,663.514469,663.514469,663.514469,663.514469,663.514469,663.514469,663.514469,663.514469,663.514469,663.514469,663.514469,663.514469,663.514469,663.514469,663.514469,663.514469,663.514469,663.514469,663.514469,663.514469,663.514469,663.514469,574.768393,663.514469,663.514469,663.514469,663.514469
2019-10-24,651.084106,651.084106,651.084106,651.084106,651.084106,651.084106,651.084106,651.084106,651.084106,651.084106,651.084106,651.084106,651.084106,651.084106,651.084106,651.084106,651.084106,651.084106,651.084106,651.084106,651.084106,651.084106,559.266966,651.084106,651.084106,651.084106,651.084106
2019-10-25,628.294873,628.294873,628.294873,628.294873,628.294873,628.294873,628.294873,628.294873,628.294873,628.294873,628.294873,628.294873,628.294873,628.294873,628.294873,628.294873,628.294873,628.294873,628.294873,628.294873,628.294873,628.294873,539.287472,628.294873,628.294873,628.294873,628.294873
2019-10-26,632.076939,632.076939,632.076939,632.076939,632.076939,632.076939,632.076939,632.076939,632.076939,632.076939,632.076939,632.076939,632.076939,632.076939,632.076939,632.076939,632.076939,632.076939,632.076939,632.076939,632.076939,632.076939,543.768606,632.076939,632.076939,632.076939,632.076939
2019-10-27,613.027119,613.027119,613.027119,613.027119,613.027119,613.027119,613.027119,613.027119,613.027119,613.027119,613.027119,613.027119,613.027119,613.027119,613.027119,613.027119,613.027119,613.027119,613.027119,613.027119,613.027119,613.027119,522.855001,613.027119,613.027119,613.027119,613.027119
2019-10-28,621.684104,621.684104,621.684104,621.684104,621.684104,621.684104,621.684104,621.684104,621.684104,621.684104,621.684104,621.684104,621.684104,621.684104,621.684104,621.684104,621.684104,621.684104,621.684104,621.684104,621.684104,621.684104,531.119872,621.684104,621.684104,621.684104,621.684104
2019-10-29,622.439656,622.439656,622.439656,622.439656,622.439656,622.439656,622.439656,622.439656,622.439656,622.439656,622.439656,622.439656,622.439656,622.439656,622.439656,622.439656,622.439656,622.439656,622.439656,622.439656,622.439656,622.439656,530.698168,622.439656,622.439656,622.439656,622.439656
2019-10-30,630.310584,630.310584,630.310584,630.310584,630.310584,630.310584,630.310584,630.310584,630.310584,630.310584,630.310584,630.310584,630.310584,630.310584,630.310584,630.310584,630.310584,630.310584,630.310584,630.310584,630.310584,630.310584,540.462279,630.310584,630.310584,630.310584,630.310584
2019-10-31,648.569222,648.569222,648.569222,648.569222,648.569222,648.569222,648.569222,648.569222,648.569222,648.569222,648.569222,648.569222,648.569222,648.569222,648.569222,648.569222,648.569222,648.569222,648.569222,648.569222,648.569222,648.569222,557.12037,648.569222,648.569222,648.569222,648.569222
2019-11-01,648.648937,648.648937,648.648937,648.648937,648.648937,648.648937,648.648937,648.648937,648.648937,648.648937,648.648937,648.648937,648.648937,648.648937,648.648937,648.648937,648.648937,648.648937,648.648937,648.648937,648.648937,648.648937,551.855639,648.648937,648.648937,648.648937,648.648937
2019-11-02,632.785391,632.785391,632.785391,632.785391,632.785391,632.785391,632.785391,632.785391,632.785391,632.785391,632.785391,632.785391,632.785391,632.785391,632.785391,632.785391,632.785391,632.785391,632.785391,632.785391,632.785391,632.785391,545.744425,632.785391,632.785391,632.785391,632.785391
2019-11-03,659.670484,659.670484,659.670484,659.670484,659.670484,659.670484,659.670484,659.670484,659.670484,659.670484,659.670484,659.670484,659.670484,659.670484,659.670484,659.670484,659.670484,659.670484,659.670484,659.670484,659.670484,659.670484,565.892152,659.670484,659.670484,659.670484,659.670484
2019-11-04,651.833366,651.833366,651.833366,651.833366,651.833366,651.833366,651.833366,651.833366,651.833366,651.833366,651.833366,651.833366,651.833366,651.833366,651.833366,651.833366,651.833366,651.833366,651.833366,651.833366,651.833366,651.833366,564.095344,651.833366,651.833366,651.833366,651.833366
2019-11-05,668.725138,668.725138,668.725138,668.725138,668.725138,668.725138,668.725138,668.725138,668.725138,668.725138,668.725138,668.725138,668.725138,668.725138,668.725138,668.725138,668.725138,668.725138,668.725138,668.725138,668.725138,668.725138,584.42144,668.725138,668.725138,668.725138,668.725138
2019-11-06,668.238136,668.238136,668.238136,668.238136,668.238136,668.238136,668.238136,668.238136,668.238136,668.238136,668.238136,668.238136,668.238136,668.238136,668.238136,668.238136,668.238136,668.238136,668.238136,668.238136,668.238136,668.238136,582.428002,668.238136,668.238136,668.238136,668.238136
2019-11-07,666.184318,666.184318,666.184318,666.184318,666.184318,666.184318,666.184318,666.184318,666.184318,666.184318,666.184318,666.184318,666.184318,666.184318,666.184318,666.184318,666.184318,666.184318,666.184318,666.184318,666.184318,666.184318,578.9823,666.184318,666.184318,666.184318,666.184318
2019-11-08,670.16442,670.16442,670.16442,670.16442,670.16442,670.16442,670.16442,670.16442,670.16442,670.16442,670.16442,670.16442,670.16442,670.16442,670.16442,670.16442,670.16442,670.16442,670.16442,670.16442,670.16442,670.16442,590.620316,670.16442,670.16442,670.16442,670.16442
2019-11-09,681.855485,681.855485,681.855485,681.855485,681.855485,681.855485,681.855485,681.855485,681.855485,681.855485,681.855485,681.855485,681.855485,681.855485,681.855485,681.855485,681.855485,681.855485,681.855485,681.855485,681.855485,681.855485,595.557439,681.855485,681.855485,681.855485,681.855485
2019-11-10,665.662873,665.662873,665.662873,665.662873,665.662873,665.662873,665.662873,665.662873,665.662873,665.662873,665.662873,665.662873,665.662873,665.662873,665.662873,665.662873,665.662873,665.662873,665.662873,665.662873,665.662873,665.662873,583.301486,665.662873,665.662873,665.662873,665.662873
2019-11-11,669.145816,669.145816,669.145816,669.145816,669.145816,669.145816,669.145816,669.145816,669.145816,669.145816,669.145816,669.145816,669.145816,669.145816,669.145816,669.145816,669.145816,669.145816,669.145816,669.145816,669.145816,669.145816,582.574658,669.145816,669.145816,669.145816,669.145816
2019-11-12,655.942637,655.942637,655.942637,655.942637,655.942637,655.942637,655.942637,655.942637,655.942637,655.942637,655.942637,655.942637,655.942637,655.942637,655.942637,655.942637,655.942637,655.942637,655.942637,655.942637,655.942637,655.942637,575.391552,655.942637,655.942637,655.942637,655.942637
2019-11-13,647.298272,647.298272,647.298272,647.298272,647.298272,647.298272,647.298272,647.298272,647.298272,647.298272,647.298272,647.298272,647.298272,647.298272,647.298272,647.298272,647.298272,647.298272,647.298272,647.298272,647.298272,647.298272,569.053944,647.298272,647.298272,647.298272,647.298272
2019-11-14,640.798281,640.798281,640.798281,640.798281,640.798281,640.798281,640.798281,640.798281,640.798281,640.798281,640.798281,640.798281,640.798281,640.798281,640.798281,640.798281,640.798281,640.798281,640.798281,640.798281,640.798281,640.798281,558.795602,640.798281,640.798281,640.798281,640.798281
2019-11-15,635.1707,635.1707,635.1707,635.1707,635.1707,635.1707,635.1707,635.1707,635.1707,635.1707,635.1707,635.1707,635.1707,635.1707,635.1707,635.1707,635.1707,635.1707,635.1707,635.1707,635.1707,635.1707,552.793104,635.1707,635.1707,635.1707,635.1707
2019-11-16,623.350383,623.350383,623.350383,623.350383,623.350383,623.350383,623.350383,623.350383,623.350383,623.350383,623.350383,623.350383,623.350383,623.350383,623.350383,623.350383,623.350383,623.350383,623.350383,623.350383,623.350383,623.350383,542.695199,623.350383,623.350383,623.350383,623.350383
2019-11-17,623.748353,623.748353,623.748353,623.748353,623.748353,623.748353,623.748353,623.748353,623.748353,623.748353,623.748353,623.748353,623.748353,623.748353,623.748353,623.748353,623.748353,623.748353,623.748353,623.748353,623.748353,623.748353,542.958711,623.748353,623.748353,623.748353,623.748353
2019-11-18,611.946946,611.946946,611.946946,611.946946,611.946946,611.946946,611.946946,611.946946,611.946946,611.946946,611.946946,611.946946,611.946946,611.946946,611.946946,611.946946,611.946946,611.946946,611.946946,611.946946,611.946946,611.946946,527.220794,611.946946,611.946946,611.946946,611.946946
2019-11-19,603.796246,603.796246,603.796246,603.796246,603.796246,603.796246,603.796246,603.796246,603.796246,603.796246,603.796246,603.796246,603.796246,603.796246,603.796246,603.796246,603.796246,603.796246,603.796246,603.796246,603.796246,603.796246,512.785118,603.796246,603.796246,603.796246,603.796246
2019-11-20,613.566434,613.566434,613.566434,613.566434,613.566434,613.566434,613.566434,613.566434,613.566434,613.566434,613.566434,613.566434,613.566434,613.566434,613.566434,613.566434,613.566434,613.566434,613.566434,613.566434,613.566434,613.566434,527.471167,613.566434,613.566434,613.566434,613.566434
2019-11-21,601.233009,601.233009,601.233009,601.233009,601.233009,601.233009,601.233009,601.233009,601.233009,601.233009,601.233009,601.233009,601.233009,601.233009,601.233009,601.233009,601.233009,601.233009,601.233009,601.233009,601.233009,601.233009,516.468142,601.233009,601.233009,601.233009,601.233009
2019-11-22,603.201615,603.201615,603.201615,603.201615,603.201615,603.201615,603.201615,603.201615,603.201615,603.201615,603.201615,603.201615,603.201615,603.201615,603.201615,603.201615,603.201615,603.201615,603.201615,603.201615,603.201615,603.201615,517.030802,603.201615,603.201615,603.201615,603.201615
2019-11-23,618.951057,618.951057,618.951057,618.951057,618.951057,618.951057,618.951057,618.951057,618.951057,618.951057,618.951057,618.951057,618.951057,618.951057,618.951057,618.951057,618.951057,618.951057,618.951057,618.951057,618.951057,618.951057,525.775939,618.951057,618.951057,618.951057,618.951057
2019-11-24,621.698758,621.698758,621.698758,621.698758,621.698758,621.698758,621.698758,621.698758,621.698758,621.698758,621.698758,621.698758,621.698758,621.698758,621.698758,621.698758,621.698758,621.698758,621.698758,621.698758,621.698758,621.698758,531.12585,621.698758,621.698758,621.698758,621.698758
2019-11-25,639.531516,639.531516,639.531516,639.531516,639.531516,639.531516,639.531516,639.531516,639.531516,639.531516,639.531516,639.531516,639.531516,639.531516,639.531516,639.531516,639.531516,639.531516,639.531516,639.531516,639.531516,639.531516,549.506866,639.531516,639.531516,639.531516,639.531516
2019-11-26,640.715815,640.715815,640.715815,640.715815,640.715815,640.715815,640.715815,640.715815,640.715815,640.715815,640.715815,640.715815,640.715815,640.715815,640.715815,640.715815,640.715815,640.715815,640.715815,640.715815,640.715815,640.715815,552.62392,640.715815,640.715815,640.715815,640.715815
2019-11-27,645.317829,645.317829,645.317829,645.317829,645.317829,645.317829,645.317829,645.317829,645.317829,645.317829,645.317829,645.317829,645.317829,645.317829,645.317829,645.317829,645.317829,645.317829,645.317829,645.317829,645.317829,645.317829,555.816397,645.317829,645.317829,645.317829,645.317829
2019-11-28,654.458762,654.458762,654.458762,654.458762,654.458762,654.458762,654.458762,654.458762,654.458762,654.458762,654.458762,654.458762,654.458762,654.458762,654.458762,654.458762,654.458762,654.458762,654.458762,654.458762,654.458762,654.458762,568.476587,654.458762,654.458762,654.458762,654.458762
2019-11-29,655.897249,655.897249,655.897249,655.897249,655.897249,655.897249,655.897249,655.897249,655.897249,655.897249,655.897249,655.897249,655.897249,655.897249,655.897249,655.897249,655.897249,655.897249,655.897249,655.897249,655.897249,655.897249,568.596558,655.897249,655.897249,655.897249,655.897249
2019-11-30,662.32917,662.32917,662.32917,662.32917,662.32917,662.32917,662.32917,662.32917,662.32917,662.32917,662.32917,662.32917,662.32917,662.32917,662.32917,662.32917,662.32917,662.32917,662.32917,662.32917,662.32917,662.32917,587.886589,662.32917,662.32917,662.32917,662.32917
2019-12-01,671.231167,671.231167,671.231167,671.231167,671.231167,671.231167,671.231167,671.231167,671.231167,671.231167,671.231167,671.231167,671.231167,671.231167,671.231167,671.231167,671.231167,671.231167,671.231167,671.231167,671.231167,671.231167,591.176213,671.231167,671.231167,671.231167,671.231167
2019-12-02,667.125531,667.125531,667.125531,667.125531,667.125531,667.125531,667.125531,667.125531,667.125531,667.125531,667.125531,667.125531,667.125531,667.125531,667.125531,667.125531,667.125531,667.125531,667.125531,667.125531,667.125531,667.125531,587.910609,667.125531,667.125531,667.125531,667.125531
2019-12-03,681.350589,681.350589,681.350589,681.350589,681.350589,681.350589,681.350589,681.350589,681.350589,681.350589,681.350589,681.350589,681.350589,681.350589,681.350589,681.350589,681.350589,681.350589,681.350589,681.350589,681.350589,681.350589,597.837109,681.350589,681.350589,681.350589,681.350589
2019-12-04,681.163016,681.163016,681.163016,681.163016,681.163016,681.163016,681.163016,681.163016,681.163016,681.163016,681.163016,681.163016,681.163016,681.163016,681.163016,681.163016,681.163016,681.163016,681.163016,681.163016,681.163016,681.163016,585.031203,681.163016,681.163016,681.163016,681.163016
2019-12-05,691.055615,691.055615,691.055615,691.055615,691.055615,691.055615,691.055615,691.055615,691.055615,691.055615,691.055615,691.055615,691.055615,691.055615,691.055615,691.055615,691.055615,691.055615,691.055615,691.055615,691.055615,691.055615,596.613795,691.055615,691.055615,691.055615,691.055615
2019-12-06,684.015508,684.015508,684.015508,684.015508,684.015508,684.015508,684.015508,684.015508,684.015508,684.015508,684.015508,684.015508,684.015508,684.015508,684.015508,684.015508,684.015508,684.015508,684.015508,684.015508,684.015508,684.015508,583.116353,684.015508,684.015508,684.015508,684.015508
2019-12-07,667.991485,667.991485,667.991485,667.991485,667.991485,667.991485,667.991485,667.991485,667.991485,667.991485,667.991485,667.991485,667.991485,667.991485,667.991485,667.991485,667.991485,667.991485,667.991485,667.991485,667.991485,667.991485,557.40095,667.991485,667.991485,667.991485,667.991485
2019-12-08,659.514956,659.514956,659.514956,659.514956,659.514956,659.514956,659.514956,659.514956,659.514956,659.514956,659.514956,659.514956,659.514956,659.514956,659.514956,659.514956,659.514956,659.514956,659.514956,659.514956,659.514956,659.514956,550.96927,659.514956,659.514956,659.514956,659.514956
2019-12-09,651.73766,651.73766,651.73766,651.73766,651.73766,651.73766,651.73766,651.73766,651.73766,651.73766,651.73766,651.73766,651.73766,651.73766,651.73766,651.73766,651.73766,651.73766,651.73766,651.73766,651.73766,651.73766,546.38319,651.73766,651.73766,651.73766,651.73766
2019-12-10,679.424261,679.424261,679.424261,679.424261,679.424261,679.424261,679.424261,679.424261,679.424261,679.424261,679.424261,679.424261,679.424261,679.424261,679.424261,679.424261,679.424261,679.424261,679.424261,679.424261,679.424261,679.424261,572.410324,679.424261,679.424261,679.424261,679.424261
2019-12-11,677.761634,677.761634,677.761634,677.761634,677.761634,677.761634,677.761634,677.761634,677.761634,677.761634,677.761634,677.761634,677.761634,677.761634,677.761634,677.761634,677.761634,677.761634,677.761634,677.761634,677.761634,677.761634,573.524864,677.761634,677.761634,677.761634,677.761634
2019-12-12,676.304232,676.304232,676.304232,676.304232,676.304232,676.304232,676.304232,676.304232,676.304232,676.304232,676.304232,676.304232,676.304232,676.304232,676.304232,676.304232,676.304232,676.304232,676.304232,676.304232,676.304232,676.304232,571.486343,676.304232,676.304232,676.304232,676.304232
2019-12-13,689.085622,689.085622,689.085622,689.085622,689.085622,689.085622,689.085622,689.085622,689.085622,689.085622,689.085622,689.085622,689.085622,689.085622,689.085622,689.085622,689.085622,689.085622,689.085622,689.085622,689.085622,689.085622,587.702498,689.085622,689.085622,689.085622,689.085622
2019-12-14,700.399293,700.399293,700.399293,700.399293,700.399293,700.399293,700.399293,700.399293,700.399293,700.399293,700.399293,700.399293,700.399293,700.399293,700.399293,700.399293,700.399293,700.399293,700.399293,700.399293,700.399293,700.399293,602.97111,700.399293,700.399293,700.399293,700.399293
2019-12-15,695.081277,695.081277,695.081277,695.081277,695.081277,695.081277,695.081277,695.081277,695.081277,695.081277,695.081277,695.081277,695.081277,695.081277,695.081277,695.081277,695.081277,695.081277,695.081277,695.081277,695.081277,695.081277,600.913813,695.081277,695.081277,695.081277,695.081277
2019-12-16,703.792778,703.792778,703.792778,703.792778,703.792778,703.792778,703.792778,703.792778,703.792778,703.792778,703.792778,703.792778,703.792778,703.792778,703.792778,703.792778,703.792778,703.792778,703.792778,703.792778,703.792778,703.792778,603.924595,703.792778,703.792778,703.792778,703.792778
2019-12-17,666.882874,666.882874,666.882874,666.882874,666.882874,666.882874,666.882874,666.882874,666.882874,666.882874,666.882874,666.882874,666.882874,666.882874,666.882874,666.882874,666.882874,666.882874,666.882874,666.882874,666.882874,666.882874,575.260692,666.882874,666.882874,666.882874,666.882874
2019-12-18,649.577451,649.577451,649.577451,649.577451,649.577451,649.577451,649.577451,649.577451,649.577451,649.577451,649.577451,649.577451,649.577451,649.577451,649.577451,649.577451,649.577451,649.577451,649.577451,649.577451,649.577451,649.577451,567.243873,649.577451,649.577451,649.577451,649.577451
2019-12-19,644.313067,644.313067,644.313067,644.313067,644.313067,644.313067,644.313067,644.313067,644.313067,644.313067,644.313067,644.313067,644.313067,644.313067,644.313067,644.313067,644.313067,644.313067,644.313067,644.313067,644.313067,644.313067,564.016749,644.313067,644.313067,644.313067,644.313067
2019-12-20,627.799006,627.799006,627.799006,627.799006,627.799006,627.799006,627.799006,627.799006,627.799006,627.799006,627.799006,627.799006,627.799006,627.799006,627.799006,627.799006,627.799006,627.799006,627.799006,627.799006,627.799006,627.799006,550.54376,627.799006,627.799006,627.799006,627.799006
2019-12-21,612.60595,612.60595,612.60595,612.60595,612.60595,612.60595,612.60595,612.60595,612.60595,612.60595,612.60595,612.60595,612.60595,612.60595,612.60595,612.60595,612.60595,612.60595,612.60595,612.60595,612.60595,612.60595,533.430643,612.60595,612.60595,612.60595,612.60595
2019-12-22,633.36679,633.36679,633.36679,633.36679,633.36679,633.36679,633.36679,633.36679,633.36679,633.36679,633.36679,633.36679,633.36679,633.36679,633.36679,633.36679,633.36679,633.36679,633.36679,633.36679,633.36679,633.36679,550.696485,633.36679,633.36679,633.36679,633.36679
2019-12-23,622.847923,622.847923,622.847923,622.847923,622.847923,622.847923,622.847923,622.847923,622.847923,622.847923,622.847923,622.847923,622.847923,622.847923,622.847923,622.847923,622.847923,622.847923,622.847923,622.847923,622.847923,622.847923,546.683872,622.847923,622.847923,622.847923,622.847923
2019-12-24,632.3257,632.3257,632.3257,632.3257,632.3257,632.3257,632.3257,632.3257,632.3257,632.3257,632.3257,632.3257,632.3257,632.3257,632.3257,632.3257,632.3257,632.3257,632.3257,632.3257,632.3257,632.3257,552.478102,632.3257,632.3257,632.3257,632.3257
2019-12-25,644.861148,644.861148,644.861148,644.861148,644.861148,644.861148,644.861148,644.861148,644.861148,644.861148,644.861148,644.861148,644.861148,644.861148,644.861148,644.861148,644.861148,644.861148,644.861148,644.861148,644.861148,644.861148,566.07771,644.861148,644.861148,644.861148,644.861148
2019-12-26,627.718772,627.718772,627.718772,627.718772,627.718772,627.718772,627.718772,627.718772,627.718772,627.718772,627.718772,627.718772,627.718772,627.718772,627.718772,627.718772,627.718772,627.718772,627.718772,627.718772,627.718772,627.718772,552.60146,627.718772,627.718772,627.718772,627.718772
2019-12-27,651.609089,651.609089,651.609089,651.609089,651.609089,651.609089,651.609089,651.609089,651.609089,651.609089,651.609089,651.609089,651.609089,651.609089,651.609089,651.609089,651.609089,651.609089,651.609089,651.609089,651.609089,651.609089,570.864837,651.609089,651.609089,651.609089,651.609089
2019-12-28,652.694875,652.694875,652.694875,652.694875,652.694875,652.694875,652.694875,652.694875,652.694875,652.694875,652.694875,652.694875,652.694875,652.694875,652.694875,652.694875,652.694875,652.694875,652.694875,652.694875,652.694875,652.694875,573.007909,652.694875,652.694875,652.694875,652.694875
2019-12-29,639.434999,639.434999,639.434999,639.434999,639.434999,639.434999,639.434999,639.434999,639.434999,639.434999,639.434999,639.434999,639.434999,639.434999,639.434999,639.434999,639.434999,639.434999,639.434999,639.434999,639.434999,639.434999,560.180891,639.434999,639.434999,639.434999,639.434999
2019-12-30,643.011951,643.011951,643.011951,643.011951,643.011951,643.011951,643.011951,643.011951,643.011951,643.011951,643.011951,643.011951,643.011951,643.011951,643.011951,643.011951,643.011951,643.011951,643.011951,643.011951,643.011951,643.011951,561.099995,643.011951,643.011951,643.011951,643.011951
2019-12-31,618.62964,618.62964,618.62964,618.62964,618.62964,618.62964,618.62964,618.62964,618.62964,618.62964,618.62964,618.62964,618.62964,618.62964,618.62964,618.62964,618.62964,618.62964,618.62964,618.62964,618.62964,618.62964,540.395376,618.62964,618.62964,618.62964,618.62964
2020-01-01,562.778945,562.778945,562.778945,562.778945,562.778945,562.778945,562.778945,562.778945,562.778945,562.778945,562.778945,562.778945,562.778945,562.778945,562.778945,562.778945,562.778945,562.778945,562.778945,562.778945,562.778945,562.778945,489.640109,562.778945,562.778945,562.778945,562.778945
2020-01-02,532.098263,532.098263,532.098263,532.098263,532.098263,532.098263,532.098263,532.098263,532.098263,532.098263,532.098263,532.098263,532.098263,532.098263,532.098263,532.098263,532.098263,532.098263,532.098263,532.098263,532.098263,532.098263,454.466415,532.098263,532.098263,532.098263,532.098263
2020-01-03,466.906783,466.906783,466.906783,466.906783,466.906783,466.906783,466.906783,466.906783,466.906783,466.906783,466.906783,466.906783,466.906783,466.906783,466.906783,466.906783,466.906783,466.906783,466.906783,466.906783,466.906783,466.906783,403.911059,466.906783,466.906783,466.906783,466.906783
2020-01-04,423.403146,423.403146,423.403146,423.403146,423.403146,423.403146,423.403146,423.403146,423.403146,423.403146,423.403146,423.403146,423.403146,423.403146,423.403146,423.403146,423.403146,423.403146,423.403146,423.403146,423.403146,423.403146,367.674773,423.403146,423.403146,423.403146,423.403146
2020-01-05,372.427601,372.427601,372.427601,372.427601,372.427601,372.427601,372.427601,372.427601,372.427601,372.427601,372.427601,372.427601,372.427601,372.427601,372.427601,372.427601,372.427601,372.427601,372.427601,372.427601,372.427601,372.427601,323.737356,372.427601,372.427601,372.427601,372.427601
2020-01-06,322.304589,322.304589,322.304589,322.304589,322.304589,322.304589,322.304589,322.304589,322.304589,322.304589,322.304589,322.304589,322.304589,322.304589,322.304589,322.304589,322.304589,322.304589,322.304589,322.304589,322.304589,322.304589,278.081579,322.304589,322.304589,322.304589,322.304589
2020-01-07,295.359109,295.359109,295.359109,295.359109,295.359109,295.359109,295.359109,295.359109,295.359109,295.359109,295.359109,295.359109,295.359109,295.359109,295.359109,295.359109,295.359109,295.359109,295.359109,295.359109,295.359109,295.359109,247.667316,295.359109,295.359109,295.359109,295.359109
2020-01-08,295.652909,295.652909,295.652909,295.652909,295.652909,295.652909,295.652909,295.652909,295.652909,295.652909,295.652909,295.652909,295.652909,295.652909,295.652909,295.652909,295.652909,295.652909,295.652909,295.652909,295.652909,295.652909,250.07161,295.652909,295.652909,295.652909,295.652909
2020-01-09,300.070807,300.070807,300.070807,300.070807,300.070807,300.070807,300.070807,300.070807,300.070807,300.070807,300.070807,300.070807,300.070807,300.070807,300.070807,300.070807,300.070807,300.070807,300.070807,300.070807,300.070807,300.070807,257.634554,300.070807,300.070807,300.070807,300.070807
2020-01-10,308.415646,308.415646,308.415646,308.415646,308.415646,308.415646,308.415646,308.415646,308.415646,308.415646,308.415646,308.415646,308.415646,308.415646,308.415646,308.415646,308.415646,308.415646,308.415646,308.415646,308.415646,308.415646,260.063254,308.415646,308.415646,308.415646,308.415646
2020-01-11,308.642217,308.642217,308.642217,308.642217,308.642217,308.642217,308.642217,308.642217,308.642217,308.642217,308.642217,308.642217,308.642217,308.642217,308.642217,308.642217,308.642217,308.642217,308.642217,308.642217,308.642217,308.642217,260.473039,308.642217,308.642217,308.642217,308.642217
2020-01-12,314.879106,314.879106,314.879106,314.879106,314.879106,314.879106,314.879106,314.879106,314.879106,314.879106,314.879106,314.879106,314.879106,314.879106,314.879106,314.879106,314.879106,314.879106,314.879106,314.879106,314.879106,314.879106,266.300647,314.879106,314.879106,314.879106,314.879106
2020-01-13,326.496416,326.496416,326.496416,326.496416,326.496416,326.496416,326.496416,326.496416,326.496416,326.496416,326.496416,326.496416,326.496416,326.496416,326.496416,326.496416,326.496416,326.496416,326.496416,326.496416,326.496416,326.496416,273.579858,326.496416,326.496416,326.496416,326.496416
2020-01-14,350.775916,350.775916,350.775916,350.775916,350.775916,350.775916,350.775916,350.775916,350.775916,350.775916,350.775916,350.775916,350.775916,350.775916,350.775916,350.775916,350.775916,350.775916,350.775916,350.775916,350.775916,350.775916,295.738141,350.775916,350.775916,350.775916,350.775916
2020-01-15,394.539176,394.539176,394.539176,394.539176,394.539176,394.539176,394.539176,394.539176,394.539176,394.539176,394.539176,394.539176,394.539176,394.539176,394.539176,394.539176,394.539176,394.539176,394.539176,394.539176,394.539176,394.539176,332.993434,394.539176,394.539176,394.539176,394.539176
2020-01-16,426.873349,426.873349,426.873349,426.873349,426.873349,426.873349,426.873349,426.873349,426.873349,426.873349,426.873349,426.873349,426.873349,426.873349,426.873349,426.873349,426.873349,426.873349,426.873349,426.873349,426.873349,426.873349,359.438061,426.873349,426.873349,426.873349,426.873349
2020-01-17,469.549761,469.549761,469.549761,469.549761,469.549761,469.549761,469.549761,469.549761,469.549761,469.549761,469.549761,469.549761,469.549761,469.549761,469.549761,469.549761,469.549761,469.549761,469.549761,469.549761,469.549761,469.549761,400.766473,469.549761,469.549761,469.549761,469.549761
2020-01-18,524.275291,524.275291,524.275291,524.275291,524.275291,524.275291,524.275291,524.275291,524.275291,524.275291,524.275291,524.275291,524.275291,524.275291,524.275291,524.275291,524.275291,524.275291,524.275291,524.275291,524.275291,524.275291,453.294854,524.275291,524.275291,524.275291,524.275291
2020-01-19,573.741544,573.741544,573.741544,573.741544,573.741544,573.741544,573.741544,573.741544,573.741544,573.741544,573.741544,573.741544,573.741544,573.741544,573.741544,573.741544,573.741544,573.741544,573.741544,573.741544,573.741544,573.741544,493.590472,573.741544,573.741544,573.741544,573.741544
2020-01-20,616.251092,616.251092,616.251092,616.251092,616.251092,616.251092,616.251092,616.251092,616.251092,616.251092,616.251092,616.251092,616.251092,616.251092,616.251092,616.251092,616.251092,616.251092,616.251092,616.251092,616.251092,616.251092,530.816968,616.251092,616.251092,616.251092,616.251092
2020-01-21,636.946139,636.946139,636.946139,636.946139,636.946139,636.946139,636.946139,636.946139,636.946139,636.946139,636.946139,636.946139,636.946139,636.946139,636.946139,636.946139,636.946139,636.946139,636.946139,636.946139,636.946139,636.946139,554.659082,636.946139,636.946139,636.946139,636.946139
2020-01-22,650.109819,650.109819,650.109819,650.109819,650.109819,650.109819,650.109819,650.109819,650.109819,650.109819,650.109819,650.109819,650.109819,650.109819,650.109819,650.109819,650.109819,650.109819,650.109819,650.109819,650.109819,650.109819,560.301483,650.109819,650.109819,650.109819,650.109819
2020-01-23,663.543239,663.543239,663.543239,663.543239,663.543239,663.543239,663.543239,663.543239,663.543239,663.543239,663.543239,663.543239,663.543239,663.543239,663.543239,663.543239,663.543239,663.543239,663.543239,663.543239,663.543239,663.543239,572.427729,663.543239,663.543239,663.543239,663.543239
2020-01-24,673.515027,673.515027,673.515027,673.515027,673.515027,673.515027,673.515027,673.515027,673.515027,673.515027,673.515027,673.515027,673.515027,673.515027,673.515027,673.515027,673.515027,673.515027,673.515027,673.515027,673.515027,673.515027,579.671161,673.515027,673.515027,673.515027,673.515027
2020-01-25,666.016969,666.016969,666.016969,666.016969,666.016969,666.016969,666.016969,666.016969,666.016969,666.016969,666.016969,666.016969,666.016969,666.016969,666.016969,666.016969,666.016969,666.016969,666.016969,666.016969,666.016969,666.016969,558.651918,666.016969,666.016969,666.016969,666.016969
2020-01-26,647.031636,647.031636,647.031636,647.031636,647.031636,647.031636,647.031636,647.031636,647.031636,647.031636,647.031636,647.031636,647.031636,647.031636,647.031636,647.031636,647.031636,647.031636,647.031636,647.031636,647.031636,647.031636,538.560211,647.031636,647.031636,647.031636,647.031636
2020-01-27,649.932427,649.932427,649.932427,649.932427,649.932427,649.932427,649.932427,649.932427,649.932427,649.932427,649.932427,649.932427,649.932427,649.932427,649.932427,649.932427,649.932427,649.932427,649.932427,649.932427,649.932427,649.932427,549.278641,649.932427,649.932427,649.932427,649.932427
2020-01-28,650.7054,650.7054,650.7054,650.7054,650.7054,650.7054,650.7054,650.7054,650.7054,650.7054,650.7054,650.7054,650.7054,650.7054,650.7054,650.7054,650.7054,650.7054,650.7054,650.7054,650.7054,650.7054,547.227915,650.7054,650.7054,650.7054,650.7054
2020-01-29,648.199162,648.199162,648.199162,648.199162,648.199162,648.199162,648.199162,648.199162,648.199162,648.199162,648.199162,648.199162,648.199162,648.199162,648.199162,648.199162,648.199162,648.199162,648.199162,648.199162,648.199162,648.199162,547.161608,648.199162,648.199162,648.199162,648.199162
2020-01-30,643.997985,643.997985,643.997985,643.997985,643.997985,643.997985,643.997985,643.997985,643.997985,643.997985,643.997985,643.997985,643.997985,643.997985,643.997985,643.997985,643.997985,643.997985,643.997985,643.997985,643.997985,643.997985,542.100317,643.997985,643.997985,643.997985,643.997985
2020-01-31,635.556498,635.556498,635.556498,635.556498,635.556498,635.556498,635.556498,635.556498,635.556498,635.556498,635.556498,635.556498,635.556498,635.556498,635.556498,635.556498,635.556498,635.556498,635.556498,635.556498,635.556498,635.556498,529.496441,635.556498,635.556498,635.556498,635.556498
2020-02-01,654.448852,654.448852,654.448852,654.448852,654.448852,654.448852,654.448852,654.448852,654.448852,654.448852,654.448852,654.448852,654.448852,654.448852,654.448852,654.448852,654.448852,654.448852,654.448852,654.448852,654.448852,654.448852,556.048802,654.448852,654.448852,654.448852,654.448852
2020-02-02,672.528424,672.528424,672.528424,672.528424,672.528424,672.528424,672.528424,672.528424,672.528424,672.528424,672.528424,672.528424,672.528424,672.528424,672.528424,672.528424,672.528424,672.528424,672.528424,672.528424,672.528424,672.528424,578.076118,672.528424,672.528424,672.528424,672.528424
2020-02-03,658.620521,658.620521,658.620521,658.620521,658.620521,658.620521,658.620521,658.620521,658.620521,658.620521,658.620521,658.620521,658.620521,658.620521,658.620521,658.620521,658.620521,658.620521,658.620521,658.620521,658.620521,658.620521,565.356136,658.620521,658.620521,658.620521,658.620521
2020-02-04,652.226934,652.226934,652.226934,652.226934,652.226934,652.226934,652.226934,652.226934,652.226934,652.226934,652.226934,652.226934,652.226934,652.226934,652.226934,652.226934,652.226934,652.226934,652.226934,652.226934,652.226934,652.226934,560.011317,652.226934,652.226934,652.226934,652.226934
2020-02-05,647.222297,647.222297,647.222297,647.222297,647.222297,647.222297,647.222297,647.222297,647.222297,647.222297,647.222297,647.222297,647.222297,647.222297,647.222297,647.222297,647.222297,647.222297,647.222297,647.222297,647.222297,647.222297,555.053477,647.222297,647.222297,647.222297,647.222297
2020-02-06,660.588176,660.588176,660.588176,660.588176,660.588176,660.588176,660.588176,660.588176,660.588176,660.588176,660.588176,660.588176,660.588176,660.588176,660.588176,660.588176,660.588176,660.588176,660.588176,660.588176,660.588176,660.588176,577.02391,660.588176,660.588176,660.588176,660.588176
2020-02-07,655.751104,655.751104,655.751104,655.751104,655.751104,655.751104,655.751104,655.751104,655.751104,655.751104,655.751104,655.751104,655.751104,655.751104,655.751104,655.751104,655.751104,655.751104,655.751104,655.751104,655.751104,655.751104,575.569538,655.751104,655.751104,655.751104,655.751104
2020-02-08,644.332709,644.332709,644.332709,644.332709,644.332709,644.332709,644.332709,644.332709,644.332709,644.332709,644.332709,644.332709,644.332709,644.332709,644.332709,644.332709,644.332709,644.332709,644.332709,644.332709,644.332709,644.332709,565.1782,644.332709,644.332709,644.332709,644.332709
2020-02-09,634.267523,634.267523,634.267523,634.267523,634.267523,634.267523,634.267523,634.267523,634.267523,634.267523,634.267523,634.267523,634.267523,634.267523,634.267523,634.267523,634.267523,634.267523,634.267523,634.267523,634.267523,634.267523,554.459625,634.267523,634.267523,634.267523,634.267523
2020-02-10,637.036585,637.036585,637.036585,637.036585,637.036585,637.036585,637.036585,637.036585,637.036585,637.036585,637.036585,637.036585,637.036585,637.036585,637.036585,637.036585,637.036585,637.036585,637.036585,637.036585,637.036585,637.036585,549.740912,637.036585,637.036585,637.036585,637.036585
2020-02-11,627.491957,627.491957,627.491957,627.491957,627.491957,627.491957,627.491957,627.491957,627.491957,627.491957,627.491957,627.491957,627.491957,627.491957,627.491957,627.491957,627.491957,627.491957,627.491957,627.491957,627.491957,627.491957,546.684153,627.491957,627.491957,627.491957,627.491957
2020-02-12,630.260933,630.260933,630.260933,630.260933,630.260933,630.260933,630.260933,630.260933,630.260933,630.260933,630.260933,630.260933,630.260933,630.260933,630.260933,630.260933,630.260933,630.260933,630.260933,630.260933,630.260933,630.260933,554.645367,630.260933,630.260933,630.260933,630.260933
2020-02-13,621.710197,621.710197,621.710197,621.710197,621.710197,621.710197,621.710197,621.710197,621.710197,621.710197,621.710197,621.710197,621.710197,621.710197,621.710197,621.710197,621.710197,621.710197,621.710197,621.710197,621.710197,621.710197,539.653558,621.710197,621.710197,621.710197,621.710197
2020-02-14,632.171536,632.171536,632.171536,632.171536,632.171536,632.171536,632.171536,632.171536,632.171536,632.171536,632.171536,632.171536,632.171536,632.171536,632.171536,632.171536,632.171536,632.171536,632.171536,632.171536,632.171536,632.171536,550.656742,632.171536,632.171536,632.171536,632.171536
2020-02-15,623.904732,623.904732,623.904732,623.904732,623.904732,623.904732,623.904732,623.904732,623.904732,623.904732,623.904732,623.904732,623.904732,623.904732,623.904732,623.904732,623.904732,623.904732,623.904732,623.904732,623.904732,623.904732,544.667457,623.904732,623.904732,623.904732,623.904732
2020-02-16,611.281783,611.281783,611.281783,611.281783,611.281783,611.281783,611.281783,611.281783,611.281783,611.281783,611.281783,611.281783,611.281783,611.281783,611.281783,611.281783,611.281783,611.281783,611.281783,611.281783,611.281783,611.281783,532.801167,611.281783,611.281783,611.281783,611.281783
2020-02-17,617.35424,617.35424,617.35424,617.35424,617.35424,617.35424,617.35424,617.35424,617.35424,617.35424,617.35424,617.35424,617.35424,617.35424,617.35424,617.35424,617.35424,617.35424,617.35424,617.35424,617.35424,617.35424,539.929187,617.35424,617.35424,617.35424,617.35424
2020-02-18,631.81024,631.81024,631.81024,631.81024,631.81024,631.81024,631.81024,631.81024,631.81024,631.81024,631.81024,631.81024,631.81024,631.81024,631.81024,631.81024,631.81024,631.81024,631.81024,631.81024,631.81024,631.81024,540.563033,631.81024,631.81024,631.81024,631.81024
2020-02-19,636.17355,636.17355,636.17355,636.17355,636.17355,636.17355,636.17355,636.17355,636.17355,636.17355,636.17355,636.17355,636.17355,636.17355,636.17355,636.17355,636.17355,636.17355,636.17355,636.17355,636.17355,636.17355,536.751501,636.17355,636.17355,636.17355,636.17355
2020-02-20,623.52839,623.52839,623.52839,623.52839,623.52839,623.52839,623.52839,623.52839,623.52839,623.52839,623.52839,623.52839,623.52839,623.52839,623.52839,623.52839,623.52839,623.52839,623.52839,623.52839,623.52839,623.52839,530.391993,623.52839,623.52839,623.52839,623.52839
2020-02-21,654.723056,654.723056,654.723056,654.723056,654.723056,654.723056,654.723056,654.723056,654.723056,654.723056,654.723056,654.723056,654.723056,654.723056,654.723056,654.723056,654.723056,654.723056,654.723056,654.723056,654.723056,654.723056,554.2468,654.723056,654.723056,654.723056,654.723056
2020-02-22,662.460035,662.460035,662.460035,662.460035,662.460035,662.460035,662.460035,662.460035,662.460035,662.460035,662.460035,662.460035,662.460035,662.460035,662.460035,662.460035,662.460035,662.460035,662.460035,662.460035,662.460035,662.460035,553.832994,662.460035,662.460035,662.460035,662.460035
2020-02-23,669.766205,669.766205,669.766205,669.766205,669.766205,669.766205,669.766205,669.766205,669.766205,669.766205,669.766205,669.766205,669.766205,669.766205,669.766205,669.766205,669.766205,669.766205,669.766205,669.766205,669.766205,669.766205,565.348036,669.766205,669.766205,669.766205,669.766205
2020-02-24,677.853204,677.853204,677.853204,677.853204,677.853204,677.853204,677.853204,677.853204,677.853204,677.853204,677.853204,677.853204,677.853204,677.853204,677.853204,677.853204,677.853204,677.853204,677.853204,677.853204,677.853204,677.853204,566.496458,677.853204,677.853204,677.853204,677.853204
2020-02-25,668.021124,668.021124,668.021124,668.021124,668.021124,668.021124,668.021124,668.021124,668.021124,668.021124,668.021124,668.021124,668.021124,668.021124,668.021124,668.021124,668.021124,668.021124,668.021124,668.021124,668.021124,668.021124,568.330695,668.021124,668.021124,668.021124,668.021124
2020-02-26,659.554102,659.554102,659.554102,659.554102,659.554102,659.554102,659.554102,659.554102,659.554102,659.554102,659.554102,659.554102,659.554102,659.554102,659.554102,659.554102,659.554102,659.554102,659.554102,659.554102,659.554102,659.554102,564.744112,659.554102,659.554102,659.554102,659.554102
2020-02-27,667.75482,667.75482,667.75482,667.75482,667.75482,667.75482,667.75482,667.75482,667.75482,667.75482,667.75482,667.75482,667.75482,667.75482,667.75482,667.75482,667.75482,667.75482,667.75482,667.75482,667.75482,667.75482,565.447781,667.75482,667.75482,667.75482,667.75482
2020-02-28,633.407267,633.407267,633.407267,633.407267,633.407267,633.407267,633.407267,633.407267,633.407267,633.407267,633.407267,633.407267,633.407267,633.407267,633.407267,633.407267,633.407267,633.407267,633.407267,633.407267,633.407267,633.407267,542.108317,633.407267,633.407267,633.407267,633.407267
2020-02-29,625.463951,625.463951,625.463951,625.463951,625.463951,625.463951,625.463951,625.463951,625.463951,625.463951,625.463951,625.463951,625.463951,625.463951,625.463951,625.463951,625.463951,625.463951,625.463951,625.463951,625.463951,625.463951,539.356841,625.463951,625.463951,625.463951,625.463951
2020-03-01,639.877642,639.877642,639.877642,639.877642,639.877642,639.877642,639.877642,639.877642,639.877642,639.877642,639.877642,639.877642,639.877642,639.877642,639.877642,639.877642,639.877642,639.877642,639.877642,639.877642,639.877642,639.877642,550.82296,639.877642,639.877642,639.877642,639.877642
2020-03-02,647.564649,647.564649,647.564649,647.564649,647.564649,647.564649,647.564649,647.564649,647.564649,647.564649,647.564649,647.564649,647.564649,647.564649,647.564649,647.564649,647.564649,647.564649,647.564649,647.564649,647.564649,647.564649,567.875219,647.564649,647.564649,647.564649,647.564649
2020-03-03,652.359952,652.359952,652.359952,652.359952,652.359952,652.359952,652.359952,652.359952,652.359952,652.359952,652.359952,652.359952,652.359952,652.359952,652.359952,652.359952,652.359952,652.359952,652.359952,652.359952,652.359952,652.359952,572.423222,652.359952,652.359952,652.359952,652.359952
2020-03-04,652.555829,652.555829,652.555829,652.555829,652.555829,652.555829,652.555829,652.555829,652.555829,652.555829,652.555829,652.555829,652.555829,652.555829,652.555829,652.555829,652.555829,652.555829,652.555829,652.555829,652.555829,652.555829,570.992205,652.555829,652.555829,652.555829,652.555829
2020-03-05,653.346039,653.346039,653.346039,653.346039,653.346039,653.346039,653.346039,653.346039,653.346039,653.346039,653.346039,653.346039,653.346039,653.346039,653.346039,653.346039,653.346039,653.346039,653.346039,653.346039,653.346039,653.346039,578.370988,653.346039,653.346039,653.346039,653.346039
2020-03-06,656.166325,656.166325,656.166325,656.166325,656.166325,656.166325,656.166325,656.166325,656.166325,656.166325,656.166325,656.166325,656.166325,656.166325,656.166325,656.166325,656.166325,656.166325,656.166325,656.166325,656.166325,656.166325,572.511247,656.166325,656.166325,656.166325,656.166325
2020-03-07,664.888954,664.888954,664.888954,664.888954,664.888954,664.888954,664.888954,664.888954,664.888954,664.888954,664.888954,664.888954,664.888954,664.888954,664.888954,664.888954,664.888954,664.888954,664.888954,664.888954,664.888954,664.888954,586.653015,664.888954,664.888954,664.888954,664.888954
2020-03-08,653.063739,653.063739,653.063739,653.063739,653.063739,653.063739,653.063739,653.063739,653.063739,653.063739,653.063739,653.063739,653.063739,653.063739,653.063739,653.063739,653.063739,653.063739,653.063739,653.063739,653.063739,653.063739,568.976491,653.063739,653.063739,653.063739,653.063739
2020-03-09,628.882455,628.882455,628.882455,628.882455,628.882455,628.882455,628.882455,628.882455,628.882455,628.882455,628.882455,628.882455,628.882455,628.882455,628.882455,628.882455,628.882455,628.882455,628.882455,628.882455,628.882455,628.882455,545.757662,628.882455,628.882455,628.882455,628.882455
2020-03-10,636.437457,636.437457,636.437457,636.437457,636.437457,636.437457,636.437457,636.437457,636.437457,636.437457,636.437457,636.437457,636.437457,636.437457,636.437457,636.437457,636.437457,636.437457,636.437457,636.437457,636.437457,636.437457,547.66936,636.437457,636.437457,636.437457,636.437457
2020-03-11,629.224302,629.224302,629.224302,629.224302,629.224302,629.224302,629.224302,629.224302,629.224302,629.224302,629.224302,629.224302,629.224302,629.224302,629.224302,629.224302,629.224302,629.224302,629.224302,629.224302,629.224302,629.224302,543.130069,629.224302,629.224302,629.224302,629.224302
2020-03-12,633.206104,633.206104,633.206104,633.206104,633.206104,633.206104,633.206104,633.206104,633.206104,633.206104,633.206104,633.206104,633.206104,633.206104,633.206104,633.206104,633.206104,633.206104,633.206104,633.206104,633.206104,633.206104,547.998559,633.206104,633.206104,633.206104,633.206104
2020-03-13,620.197252,620.197252,620.197252,620.197252,620.197252,620.197252,620.197252,620.197252,620.197252,620.197252,620.197252,620.197252,620.197252,620.197252,620.197252,620.197252,620.197252,620.197252,620.197252,620.197252,620.197252,620.197252,545.066218,620.197252,620.197252,620.197252,620.197252
2020-03-14,605.906551,605.906551,605.906551,605.906551,605.906551,605.906551,605.906551,605.906551,605.906551,605.906551,605.906551,605.906551,605.906551,605.906551,605.906551,605.906551,605.906551,605.906551,605.906551,605.906551,605.906551,605.906551,528.193156,605.906551,605.906551,605.906551,605.906551
2020-03-15,609.280154,609.280154,609.280154,609.280154,609.280154,609.280154,609.280154,609.280154,609.280154,609.280154,609.280154,609.280154,609.280154,609.280154,609.280154,609.280154,609.280154,609.280154,609.280154,609.280154,609.280154,609.280154,541.641515,609.280154,609.280154,609.280154,609.280154
