day,buzz,positive_buzz,negative_buzz,quality,postive_quality,negative_quality,impression,positive_impression,negative_impression,value,positive_value,negative_value,reputation,positive_reputation,negative_reputation,satisfaction,positive_satisfaction,negative_satisfaction,recommend,positive_recommend,negative_recommend,awareness,attention,ad_awareness,wom_exposure,consideration,purchase_intent
2015-01-01,6.975964457879269,63.246371,8.453059,42.20321817627995,337.045805,5.557003,42.79735771022297,350.561821,14.406299,17.540504353692928,166.489976,28.716578,32.34756033713701,262.77835,8.701659,13.138496598704839,110.830539,7.633089,25.574810921063083,209.242526,8.362977,91.5877631328569,9.128352659722461,12.140057456294493,7.283033733558167,26.043083348344414,7.483228246931807
2015-01-02,8.38603425439903,74.261127,8.453059,43.09450519576077,345.701375,7.52411,43.83775507053267,358.655649,14.645849,18.33789385703886,174.454074,30.550373,33.381797564387895,271.489489,9.53115,14.235799378207448,117.864479,6.151311,27.268164198263793,222.693084,8.710509,91.3254825404414,10.540409682301153,14.285949997957973,7.578095331609477,27.003779347819346,8.244311594315878
2015-01-03,9.341387728531581,81.645627,8.973583,43.12552831279431,343.022473,7.52411,45.084966497560984,364.594352,13.852389,20.534771680281924,185.039765,25.28793,32.67808929989005,266.173078,11.95137,13.846818877378327,115.251323,7.528931,28.459172062324296,229.196013,7.795696,92.1846772725768,11.648346869990698,14.431486664606366,8.456478676768343,27.264702216041343,8.229867766278828
2015-01-04,9.065479351435448,76.715572,5.828164,41.519068439378955,335.543332,10.88547,42.91012995734321,349.869865,14.334614,19.298413384249013,177.457165,26.553451,31.311237840094368,256.663812,11.82596,12.538739828072964,105.832166,7.785639,27.567323713214265,224.665126,9.102766,91.51388849672412,10.55615595788661,14.73142338469519,7.645110416313429,27.099329523758303,8.268421166510349
2015-01-05,7.990839973602753,69.550379,6.825432,40.079446023674414,326.603541,11.995673,41.952163154375825,348.838164,19.530204,17.37413604264632,168.113145,31.733019,31.638265114497088,260.424792,12.07687,11.002332830403645,95.413937,9.049957,26.19167404856565,217.90369,12.309363,92.26690684177252,9.72989078101778,14.417370772052235,7.687676484968126,27.0050128119803,8.217787409513614
2015-01-06,8.643513621005118,72.43666,4.339578,39.46616522391294,325.418833,14.488486,43.420018784238835,361.092092,19.011694,18.64790079196268,174.464542,27.548868,31.317462174798344,259.85514,13.123558,11.071485185967536,97.556487,10.330867,26.621600603333462,221.760768,12.025075,92.12126423375906,9.745152647253384,13.669145078912257,8.123056353347335,26.989557163807927,8.289092164354567
2015-01-07,8.243132154780715,72.400405,5.371548,38.7053950893008,330.06975,15.337638,42.47734562220704,367.793094,22.389445,17.99254537100748,176.682393,30.376386,29.988064090361956,260.488283,16.640966,11.090643494144519,101.410489,11.227153,25.820145252983203,225.037257,15.081285,92.57960094226989,9.564305811068724,12.887772378612464,7.482112676199063,27.72043322912695,7.786567248788556
2015-01-08,8.148074277096422,67.716597,2.549762,38.176023491720194,320.97233,15.647349,42.210630700281136,355.472572,17.879527,16.387963568734484,161.499131,30.431141,29.51009862882093,252.094571,16.078101,10.563623006269944,95.672004,11.186044,24.413245766742918,211.379528,16.126772,92.81985055418423,8.785688491901174,12.617940569818542,7.3133321057655545,28.64753925383201,7.917479077587293
2015-01-09,6.9880694584818475,59.513744,3.674762,37.61497889660912,314.247107,13.680242,41.482991911485016,348.757872,17.283199,16.270010781170853,160.475867,30.468453,29.257829815916303,250.481143,16.69305,10.176493594485352,92.5025,11.186044,22.971663785324473,198.792687,15.234935,92.5787723403574,7.907838808839619,10.903457667446965,6.833664472996085,29.15631737113285,7.9597364325465785
2015-01-10,6.810718215359368,58.697616,3.154238,37.110734828258494,318.117508,15.468726,40.487536764161355,353.051907,22.864328,15.279420390991177,157.691157,33.083062,30.407633394846336,263.42255,15.4395,10.30632611309456,96.487706,12.436634,22.513343698769713,199.707333,16.1045,93.1571658182445,7.584262316410577,11.590751287858344,6.553343412378895,29.58900640557158,8.61321366304084
2015-01-11,6.580497207183971,59.905868,7.498934,38.2256503890201,317.902759,13.474526,41.26260948854849,352.592643,23.978135,16.20407796588736,158.441717,29.392799,31.336071709441025,265.059371,15.49959,11.226640340291755,100.668853,11.260138,22.959545900796293,200.847534,17.998219,92.96560311251996,8.463710380610866,11.318700239730074,7.004219631273837,29.595949340818418,8.480544681575177
2015-01-12,6.643354001397664,58.19074,6.501666,38.44271082915417,310.334866,11.228703,42.01088124278911,345.336913,18.468354,16.96570951417194,159.373672,27.370799,29.43102681602474,243.637463,14.647329,11.837518869780032,100.240381,8.137749,23.300787859991168,194.949389,13.656002,93.35651785887323,8.314611212809544,11.187239433981908,6.435532438959923,30.452180157205134,8.621016825200122
2015-01-13,7.208171008498121,63.657921,7.578116,39.39312829660736,316.523506,10.043686,41.309664882198554,341.041638,19.651101,16.89321044922005,162.994439,31.564712,29.450679778262217,244.721919,15.594672,12.041340510897143,101.61531,7.933289,23.075560169829316,193.90179,14.373181,93.52787964046227,9.156264660044725,11.922365815709043,6.40643271653977,30.44134517206017,9.024089891531482
2015-01-14,7.025295229192718,58.73311,6.546146,40.29100339132708,309.52933,10.230144,43.37063260119342,339.968834,17.792816,17.477881087649617,159.651228,29.817887,30.550189053629122,240.486599,13.54644,12.533224990041445,101.865766,8.763492,24.2149517603645,193.467834,13.588587,93.75704618266448,8.787751012725135,13.235599917858362,6.919582952814757,30.40322233917429,9.621312754354141
2015-01-15,7.321254828404814,61.701528,7.546146,39.91422451039056,303.66961,8.423764,43.41843138689504,342.013122,20.846629,17.50630599544286,157.505796,28.011507,30.63370309634103,238.337813,11.74006,13.057608074572638,106.432399,9.845165,24.615784933157162,194.343878,12.260715,93.34567778362069,9.361578644728285,14.15088400199421,7.485707262025206,30.327376681831986,9.413804218846208
2015-01-16,6.982832916697354,59.375824,7.121839,40.51453529726704,311.602423,8.423764,42.7017162395473,340.596586,21.050799,16.80251755479942,154.40598,28.669261,30.275119927456988,238.722989,12.167996,13.03359688379172,107.37827,9.845165,24.8665558785175,199.12364,13.042052,93.689249509908,8.886251834761458,14.266727124880116,7.244214563447765,29.794544828795278,9.043664957385278
2015-01-17,6.819727708266754,56.770408,7.121839,42.277038293396764,314.418016,6.63528,43.70966468940555,334.804506,16.59205,16.959162962411863,151.640058,28.174986,28.906951891384708,222.603408,12.156766,13.113226076386622,102.68307,7.216955,24.262881259710586,191.087467,14.450307,93.6135510777143,8.776239395929487,14.52194276568731,6.658486429632958,28.02197173285206,7.827271040379475
2015-01-18,7.956980380228459,63.773242,3.952993,43.2024344257528,330.062233,5.26812,43.574167252762166,343.912178,16.323393,15.868714834195439,150.740039,31.439698,28.501340548086212,225.061504,10.789606,12.46622708519069,101.270797,7.550218,24.219513957179167,193.330821,11.249518,94.14037940318052,9.008593781041299,15.300968690225256,6.56185298301836,28.744620818668277,7.651837704522392
2015-01-19,8.837881733446826,72.89032,4.863983,44.58427044651985,348.439108,5.26812,43.48859199675349,352.335624,17.598217,15.502176823952885,150.523412,31.20112,29.55710071416996,239.646858,12.14197,13.396017378630173,112.004685,8.893779,25.95175132387632,211.003558,11.249518,93.41099100893614,10.10172478022137,15.382135219882045,6.8806147703285925,29.167032668819974,8.906291504910518
2015-01-20,8.34606581915567,71.423775,5.475033,44.67371552005019,358.428504,5.426814,43.25105495619894,359.297681,17.537536,16.658950996095886,164.852919,33.217621,29.31973141890902,245.071547,13.393599,13.559171627889985,115.662569,8.521033,25.626158827310608,215.133358,12.641193,93.64955923269265,9.731838599477978,16.231638069240976,6.972266170043119,29.568400834165388,9.322246752193086
2015-01-21,8.50041119505502,74.783741,6.986875,44.15868140140219,358.138308,5.941204,42.430096793628955,355.975263,17.564859,17.093099245929146,167.959006,31.6293,29.430534704153615,247.363413,12.633825,13.283149040893955,114.287169,8.344544,25.81418905955159,219.318061,13.431419,93.72325334977289,10.252448242562497,15.89072469549615,6.4984243013516005,28.587839959523137,8.810375464658124
2015-01-22,7.248399669133685,63.060457,6.561261,42.498784098932944,338.53848,7.27265,40.471146935552646,332.628895,17.167915,16.586268539925435,160.867421,31.582216,29.48130373270235,241.006516,11.208211,12.076477293111717,102.50589,8.373214,24.779242805538946,206.218981,13.071892,92.89117981034818,8.931915380100609,14.539916896903064,5.494680861327197,27.438860123180515,8.253018040515133
2015-01-23,8.666191817686995,75.419864,7.674195,41.81154818798895,335.027594,8.176843,41.214903435431154,340.905257,18.718619,18.025897381571607,169.133001,28.378856,30.034055789256094,245.852969,11.333835,12.101561566336025,104.868634,10.267868,25.512662875707328,213.399316,14.185209,92.7686847310808,10.629595438849389,14.76698682410427,6.449316261999076,27.097175582199938,8.423292545563548
2015-01-24,8.508039356308903,76.990944,9.778687,41.18745331732531,334.694094,9.319283,40.131250828322415,338.118166,21.087199,18.23335580049746,173.871439,29.990994,30.68170706206544,252.289486,10.178395,12.48666661834509,110.053134,11.410308,26.616125848077637,222.578116,12.548757,92.25625971234889,10.983702503553793,14.576187751715297,7.0614467994973795,28.939254121925444,9.410345303378582
2015-01-25,8.046908501912833,72.699613,9.614927,41.02151979182107,330.912314,9.319283,40.33846811350747,336.404956,20.166789,18.249311400175056,170.283902,27.376797,31.831249557350095,261.388868,12.124026,11.857475840218463,104.117486,11.159409,25.75312526874175,216.162522,14.494388,92.09575483302332,10.499815624936994,13.865580276270768,7.180377722655418,27.225356707358696,8.95210098804742
2015-01-26,7.014793447212658,68.284551,11.919305,39.84625394652125,329.491776,9.319283,39.63033179316695,339.31649,20.878974,17.552036862928052,167.926826,27.047141,32.6012981761179,271.871323,10.200233,10.604850000426001,95.178323,9.966266,24.242868465829304,210.22301,15.640028,92.1166291978894,9.981567072553675,13.092666098501368,7.430323281116591,25.229160088817043,7.369005803643774
2015-01-27,7.513412255845125,69.77652,10.231805,38.56113508337889,313.606731,8.004999,38.978236631317934,326.605496,17.698183,16.116913559408903,150.195668,22.608911,33.15343011843824,268.483251,6.029859,11.398473176724252,99.596862,9.262562,24.496908663552492,205.255146,11.329608,91.88068937475383,10.095531225981011,12.668399235397084,7.515635186691484,24.933885436520388,7.435046404195606
2015-01-28,7.7098093082123995,71.976578,9.71994,38.84177294848233,324.086804,10.439851,39.88446195895529,337.589777,15.52312,16.342575537244496,155.548746,23.726349,33.89557709352356,278.813122,5.404796,11.973319761024516,104.397007,7.712562,25.51465633779794,215.208713,9.402526,92.19909696390683,10.117227578606828,13.720617513929403,7.9185456492368145,25.650351301027047,7.947280667064649
2015-01-29,8.018590107317294,76.054216,9.145554,39.408887605260304,338.327242,9.491885,40.9827597919771,356.818253,14.850203,16.70460221262672,165.346862,26.107372,33.820148262573504,287.98741,6.08305,12.708908133788787,111.982112,5.936532,26.96850562580227,233.354551,8.561352,93.71836220342762,10.210666488409363,13.657702603281885,8.050672179936512,26.10230476450748,8.38658112409248
2015-01-30,6.647603885493663,66.605778,10.932488,39.21618241379959,339.905624,11.472412,40.45530482217907,354.73706,15.926271,15.387011534690284,156.764709,27.899396,32.08292877575453,276.005095,7.312461,12.000592553431675,105.988492,5.484238,25.026076512217077,222.365403,12.77349,94.0109384293629,9.258365696297833,13.701733622372586,7.461367951495824,25.181934088741247,8.045579234800455
2015-01-31,7.271449460699213,70.60982,10.416248,38.524957735924595,331.752592,12.840272,41.33097813879481,355.249588,13.108833,14.26897869172558,148.476869,30.357256,32.289770154895756,277.36856,10.071563,11.653573478824885,101.484424,5.01532,24.326218478977456,215.350648,13.976494,94.90033269346603,9.788037806780725,13.673866589154244,7.779113287581771,24.873217679491646,7.316200589059968
2015-02-01,7.118072392617735,70.315839,10.660872,38.37525721396424,335.162411,13.547994,41.630814395966986,361.694386,12.795875,15.390646293338147,156.55697,27.571418,30.625440661783916,264.790876,8.125932,12.499864899137963,109.946915,5.188353,25.651601331396595,227.011176,12.030863,95.02495302481279,9.662197801803913,13.878109662390505,7.545017486532041,24.85839466832923,7.154911584709975
2015-02-02,8.064071733418515,72.940246,7.445504,38.67677457273992,328.573935,14.449079,42.49055426851941,355.973699,10.874104,15.299621257642194,158.583902,34.323506,30.940206527434434,260.302631,9.012599,13.64569856274491,116.50153,5.673956,25.59755419403834,221.232579,13.334477,95.45651331317184,9.897534283662761,14.11278677888809,7.582347591127989,25.776861095971736,7.6803145978227505
2015-02-03,7.331049728858795,67.55861,9.312984,39.363332593611574,330.37037,17.626352,42.26640438509695,353.416439,17.607343,14.772051309481327,160.23051,42.865684,30.876335316941727,256.827076,11.512756,12.882861168668963,109.896534,7.541436,24.69521555978387,216.02355,19.818594,95.62156530418213,9.675395682941812,13.753431494142651,7.833696187341058,25.752141822233764,6.84757984177503
2015-02-04,7.951348034131958,73.939144,9.271412,39.23320736711998,334.830078,15.749272,42.17166979416313,361.876485,18.897379,15.274523813927427,167.952221,43.725636,30.927746102957084,262.159074,10.625977,13.430120776962207,119.156996,9.930806,24.04478564313561,215.456727,19.902244,95.73991422812328,10.231317388239736,12.190320373789762,7.5278126871043805,26.085360738138984,7.820334191472121
2015-02-05,7.887422316771446,72.004911,9.807967,39.909188887863465,328.609673,13.902347,40.65728411937527,341.477944,20.871449,14.376331507006068,158.605334,45.239541,29.760931186236995,246.726629,12.044258,12.8768632912263,112.037813,10.496205,21.94824979910623,196.081957,23.007154,95.05681874772415,10.374990767014205,12.0038430322693,7.761810212898303,25.761144420875613,7.619056198897754
2015-02-06,8.799121638244403,76.947806,7.736816,41.076233994668314,335.213192,12.121077,40.55080045542666,338.081635,19.122407,14.687234800495382,160.840687,45.31574,30.605558700042796,249.550082,8.816847,12.160493128625694,107.337135,11.686705,23.125966811273667,201.434453,19.533222,94.56130714799484,10.766357913197718,11.639861341607995,7.958208057774015,25.372750144233414,7.968156860192231
2015-02-07,8.353119780718849,72.629861,7.017531,43.15416313375518,349.448329,10.479744,42.2769012943413,353.383966,21.306123,16.87310416790343,173.536929,41.001576,30.879002297351004,250.409156,7.859864,12.452174867759378,108.822891,11.013183,24.916905705385602,214.275858,18.557817,94.08286122780542,10.139926529020816,11.690773343731353,7.627288730513851,24.643141258333902,8.918916417445253
2015-02-08,9.013941398491532,75.3978,6.306844,42.59595887571454,338.663881,12.170132,42.37980001100132,348.379451,23.542538,16.426556803362285,168.425029,42.51712,30.896570828151305,246.841978,10.022864,12.451142054225626,108.29609,12.859336,24.448283903292655,208.895596,21.501954,94.29124435161226,10.659584345606863,11.5934599806279,7.842089783297124,26.034773955722073,9.728313310905435
2015-02-09,7.655016887800617,68.067444,8.04595,41.019361365541236,333.889969,12.265159,41.080747920305036,346.401859,24.295729,17.251525009566905,171.276006,36.010164,29.689327265764092,242.568166,9.779943,11.167421585547393,99.21346,11.651886,23.565652394225935,204.470129,19.696446,93.74406306966767,9.70734444660478,10.454477689587101,7.53858866257648,25.739290712692913,8.78940450515558
2015-02-10,7.750562339583296,69.96116,7.147467,40.57123485736538,337.53042,8.724718,42.34479648553676,359.90852,16.729157,17.465006272595282,168.858118,27.314641,29.559000459526665,247.791254,8.233155,11.323497115782569,104.070068,12.299866,25.750009847422977,223.328331,14.639833,93.46847378951007,9.51440986733857,10.484127002351446,6.597472572627325,25.631093276896728,8.440451021461158
2015-02-11,7.168778145073065,63.151186,6.189062,40.78273820577032,331.385078,7.331056,41.67259933512817,347.632968,16.508232,16.41022497960983,157.291077,26.897689,29.329006494361227,242.275428,9.231181,10.682605964616325,97.639952,12.757436,25.239780457811356,215.614092,15.062272,92.87815584219223,8.72658565955768,11.308268581498071,7.077465588599491,24.491549520056495,7.144603802157508
2015-02-12,7.7162022686295115,69.817741,5.652507,40.84050663145069,346.409842,6.794501,42.845660032840534,368.903467,12.613973,16.326679235386152,163.665899,27.898956,31.263689640139187,267.263503,7.285616,11.643086003253845,107.75922,10.939397,26.736751999443324,233.967603,11.634143,93.13869077955708,9.07568885093806,12.313183385279645,6.698992135017291,24.59993516128883,7.234339370116507
2015-02-13,7.439838236061788,66.075609,4.123097,39.89790066473538,337.92612,5.691051,42.79975164893486,369.322172,12.923008,15.700914244829415,158.272253,27.528674,32.193540969369984,275.365468,7.285616,12.173605989574614,109.677756,8.306537,25.691947183459845,223.7245,9.784275,93.54846066507278,8.430118491738641,11.93357591698632,6.644708973549439,25.76726231367265,6.683260063625343
2015-02-14,7.32931952837376,64.969634,3.25413,37.395402622794485,325.263677,10.38095,40.39762367290521,354.348975,14.186468,13.455291240469295,145.604179,32.305792,31.562405700283108,274.920776,9.153979,11.940037138462637,110.01458,9.475177,24.036323547294895,213.756259,11.361778,93.54461479204429,8.102239038416712,11.530467562042235,6.668311632097905,25.38098481051519,6.770452760203587
2015-02-15,7.559727555752326,66.352558,2.708103,36.57802584027159,317.911165,9.965078,39.30628901430987,345.01837,14.103357,13.05998571948169,144.851163,34.900683,31.723727429322242,275.3693,8.290979,11.527501139373362,104.458501,7.409828,22.26011432087878,199.631313,12.226035,93.22356456328093,8.203067839612578,12.268296642377258,7.156233129811855,24.248445645770474,6.134266804852868
2015-02-16,8.838578105663132,75.808923,2.192137,38.27144692038302,330.351209,11.587163,40.753858789779926,353.682179,14.242049,11.749114716585323,134.475757,36.617023,32.085656937622694,275.828549,8.586136,12.71624181111318,113.323793,7.409828,23.255558690520957,206.217448,12.521192,93.80105818631282,9.364962783549343,14.325190429157791,7.285644170710516,23.497793368009102,6.493180503363822
2015-02-17,10.171199596742603,87.624868,1.22314,38.79376969601932,341.70223,12.159121,41.04567086415752,364.20019,15.527759,13.288452533480605,147.492669,34.610678,32.006897267996735,281.860954,9.970583,12.89146336683701,114.404038,4.894368,22.83011078778775,206.315325,12.379398,94.34358753312463,10.459175343587845,15.492615707271403,8.662404947067063,23.799873718135753,7.33297557953
2015-02-18,9.88177528389138,86.942937,3.791182,38.567082388278536,335.973802,11.445011,41.60132743607611,365.227573,15.166649,13.043361699252992,146.55141,36.795988,31.22792976881157,273.163182,10.390847,12.660207306950955,110.899617,4.368308,22.841343079968834,205.498819,13.296739,94.99037367242593,10.782865311019105,15.323353473843984,8.937011940551281,24.490666408640717,7.50014550503009
2015-02-19,9.443059126216788,83.284462,4.728381,38.70858993365934,335.953853,13.940077,42.057115970969946,364.674089,14.804183,14.551735863421127,155.413676,34.358907,30.79448535147624,266.77964,10.60269,11.616434715084486,102.013943,5.377718,23.92921149941368,212.832534,13.767268,94.90712530847684,10.579836337755129,14.713629297577386,9.085254031900563,24.833763335314085,7.1618366431504334
2015-02-20,9.929933087056506,89.323163,4.728381,38.12053407239506,339.753394,14.998107,41.4226514164898,366.232862,13.346278,15.147677912294688,164.311467,35.265833,29.185629680266285,260.298043,11.66072,11.57825833534694,104.739994,6.10285,25.0498884610158,227.446549,14.042306,95.09441729741214,11.039989897418863,15.255642545687193,9.373096759143088,24.638522887734247,7.220580103995326
2015-02-21,10.005004688866974,90.886567,5.745381,39.821538514487,349.20082,10.325115,41.464724363116645,368.100863,15.241877,15.842713989380378,167.736448,32.917175,29.445394568480125,259.452288,8.876112,12.006877297887478,107.887748,5.710907,25.928195210852174,234.795376,14.150073,95.03288460803387,11.35529275848177,15.885455587206582,8.88320558065888,25.059932010535807,6.558152554637657
2015-02-22,9.041801275687678,84.543774,6.815271,41.35469760535885,364.962996,9.454327,42.4760821632592,378.641034,13.492301,15.60879061524519,170.056335,35.87423,29.71587383088773,265.131209,9.676536,11.922564871523493,108.436766,5.943569,27.27805093760382,245.95088,11.453129,95.49136209782186,10.62737988954461,15.519493866765725,8.801718390843247,25.65244509340694,7.104099313735703
2015-02-23,9.023755058544689,81.941036,5.592131,41.839121007984936,361.831895,7.83613,42.277457821616395,369.418231,11.713751,15.565945667830974,166.148466,34.446874,30.005544139885345,264.616713,10.743417,11.631738751644379,104.35831,5.943569,28.179454802996435,249.9372,11.514226,95.14672268252905,10.345634407025052,14.47924553196484,8.832680480209978,26.947184459340594,7.407025278325703
2015-02-24,7.707894376176067,72.706094,8.920701,42.28120527702653,361.673536,11.782481,41.91524743758227,360.956011,14.093379,13.553365581525888,155.596453,43.437839,30.18515167819759,260.895353,11.10317,11.152086514695727,99.198568,6.911338,28.072939164754146,246.222714,13.909793,94.28678498237214,9.863868270369938,14.199393720110628,8.08513151997566,26.755847883072025,7.4068911430783935
2015-02-25,7.486447113135501,66.42933,6.352659,41.67480795404663,346.911175,12.482348,41.296887910744054,346.025859,14.629736,12.923988590964463,146.008369,42.296929,29.90292330170129,251.77872,11.816017,10.625654685297839,91.313626,6.045681,27.45818597878263,233.827101,13.48274,93.56306089679055,9.069718783807277,13.554247783595704,7.354763703901095,26.460212701474017,7.193731870567823
2015-02-26,7.963871961579877,65.995217,5.41546,40.82122286317656,322.703551,12.183772,40.65952748123108,324.872853,15.583062,12.036435078597806,130.591369,39.032349,28.93141143236968,232.555727,12.479628,10.662942981128518,87.395811,6.284701,25.783916094674737,209.270603,13.136941,93.93177747879149,9.387714914698932,13.853567367587974,7.16174987382083,25.54739827114163,7.005369589248195
2015-02-27,8.450977826349224,66.751298,5.960739,42.56677836558283,318.013176,11.816863,41.335661968966676,316.091265,18.750762,11.898580568382853,126.182076,40.591819,29.022460973040538,224.987387,16.219637,11.244995682860667,86.448383,5.559569,25.129756453552677,194.871463,14.105169,93.85363504486045,10.108277049988704,14.026279635775078,7.803631231529044,24.82053886634232,7.181609394450413
2015-02-28,8.042146734967618,59.295758,4.943739,41.33346754070374,290.278965,10.930989,42.4331815981868,299.514745,12.734465,11.798616299954674,117.801157,38.061426,28.83479128289068,211.0491,16.172138,9.854655575174327,72.527855,5.926182,23.855806200122164,173.323783,12.096778,94.0534899013913,9.505138365780159,14.00151491252401,8.272767996075187,24.417236535665218,6.667100073198869
2015-03-01,8.559734205363394,59.636213,3.873849,38.86312182800344,263.590151,10.416455,41.14427303286836,280.502826,12.468577,11.58502987691848,108.129215,32.658571,27.85265786454854,196.960252,15.514192,10.261226087513489,71.66146,4.814732,22.917416769331794,161.860322,12.564876,93.26551811180931,9.749035211027815,13.299775276284795,7.266807089272895,23.70224925756894,6.162461528074291
2015-03-02,7.834143772541265,54.01032,4.885539,35.9483053158863,237.488794,12.071355,39.980484769823974,264.49765,13.796027,12.108859511540066,111.23512,35.305307,26.93207001432852,183.428803,14.548568,10.289485254160404,69.335977,4.814732,21.08420287215009,145.102926,12.892326,93.22113197884346,9.392380334750367,14.352183638290123,7.518838213609637,22.790879618362766,5.646584964371862
2015-03-03,8.069576059349837,49.625861,2.386012,34.1403631568525,207.69931,7.839294,38.29207269662426,238.769916,14.605509,13.681446231857647,109.138306,29.046186,26.225461071452322,166.575668,13.050029,10.50362762682174,65.335916,3.846963,20.861262934541287,131.334306,9.211049,92.78135918555442,8.884739770500625,13.252643407428671,7.120460032217765,22.611478948848948,4.332638076093493
2015-03-04,8.997058695882597,55.806067,3.708022,35.93447542690094,215.765689,7.684806,38.84233772464816,240.271427,15.352381,15.763017830616914,117.76437,26.487605,26.80723286839573,169.025901,13.796901,11.167006356370367,69.806694,5.143428,22.444174519101125,137.589722,7.625291,93.09449245729702,10.277770537550513,14.536305391276654,7.974482499856071,24.70711968235896,4.607112465272791
2015-03-05,7.937171628276945,51.731586,5.028932,36.26102521168972,221.358854,7.997446,37.294249420213646,238.157101,18.716158,14.293344268672712,113.492293,29.38965,26.274481182141727,167.72089,13.12073,11.009201352876056,69.994515,5.215908,22.381147545615473,137.716101,6.024481,92.46767878888569,9.646517584972855,13.633363464829584,8.216066629771964,25.606529667482764,4.936985710172532
2015-03-06,6.598224837358638,43.981192,5.435664,35.525735955394936,214.840667,7.306325,37.882531723619046,238.605786,17.303508,14.60580503167451,109.982406,24.658174,27.038272389460598,168.736385,10.784131,11.084864513783863,71.37804,6.622448,23.9028296530553,144.688739,5.053123,92.37531017287428,8.459179146368816,14.064526057474295,6.687645179392611,24.843629819579235,5.7645376677601785
2015-03-07,7.078906798426672,47.526848,5.435664,36.255316449607015,222.880458,7.306325,38.17331642747113,244.28207,17.303508,14.543770840762733,109.896733,23.419463,26.85892316737897,169.648929,9.945756,11.959538335666393,76.59056,5.479138,24.284025171951757,148.900105,4.507277,92.84350323281754,8.907249704796952,12.376778119357706,6.651851845847194,25.365123450147525,6.202497366385225
2015-03-08,6.830254194596362,46.490068,6.664234,36.62139143617973,221.20666,7.674716,38.30173804230872,242.941352,19.611646,15.190563051245492,114.172631,25.599523,27.09853574730631,170.302039,12.295945,11.573965939778311,74.193168,6.707708,24.47923468015328,148.767646,6.034168,93.68596809374753,9.116127842955951,13.033397681184036,7.885554647095986,25.002400271707565,6.222745433986223
2015-03-09,7.483438630012211,50.457075,6.442597,39.50885188989577,238.488394,6.113736,40.25390517713331,255.831001,19.074249,15.777599413904895,118.054407,25.25712,28.906379870399146,182.185043,12.169722,11.183678307595155,74.015698,8.237947,26.22541362441117,159.743762,5.496771,94.85018347130216,9.674207734096587,13.245974042492236,7.495583996250481,25.79140508098576,6.256334984876899
2015-03-10,7.041346064482994,49.961204,8.968246,40.61652493912732,243.921629,7.462366,41.61042381512548,260.542183,18.296689,17.16441864110068,122.216968,22.29001,30.455976690803478,188.277781,10.970692,11.682031593584925,76.247817,8.237947,26.39133081872413,160.489137,6.845401,95.88635786576222,10.122291024708375,14.113156850621461,7.586769670788109,25.93366226557209,7.354397111183516
2015-03-11,7.106883805946625,49.032635,7.646236,40.27031566846982,241.428117,6.916987,41.7195527048143,258.369332,15.41868,16.252979187925135,116.210033,21.562041,30.95553843031232,189.878664,9.611433,11.68514415173514,74.65617,6.608619,26.14466305286386,159.452938,7.201475,95.80763546577163,9.73291129893272,13.987871135981718,7.661715791412606,23.07829858274209,7.554201899130762
2015-03-12,8.030225662033045,54.763904,6.325326,41.28563920511575,253.444153,4.407857,44.40972824550575,279.681444,11.800543,19.053425840756237,136.237818,21.306944,32.243158299701186,204.525006,10.033244,12.241029929022359,80.139593,6.301309,27.007966061877543,171.46084,8.547925,96.15857573752452,10.127471174315623,14.431467420701571,7.509807167832687,24.131883332621186,9.087918661863592
2015-03-13,8.338603682857771,54.107138,5.373315,40.20726014029924,240.396042,5.410237,43.694028262661476,265.904809,10.541067,18.03692640189977,128.141857,22.72752,30.614138116079292,189.418174,10.498052,11.116687158835974,72.123701,7.153751,25.854178443899205,160.301975,9.200783,95.61712901540841,10.177406448163293,13.066928596116833,7.701844417064518,25.7749740829733,8.199880598098556
2015-03-14,7.601090721423651,51.003999,6.359803,39.613141084016505,239.060286,6.396725,41.24594811109698,254.811771,12.558092,17.314624995687545,125.626137,23.930533,29.884776200900788,186.602835,11.077788,10.180330522692946,68.432437,8.639351,24.83592674864232,156.557551,10.686383,94.98218865261467,9.766722266154899,14.46615497348799,7.485348261339602,24.0296277855824,8.038785905331636
2015-03-15,7.589382724808846,50.312691,6.0589,39.865978901004794,238.818135,6.359085,41.51684910774392,252.417355,10.332059,18.138542138307827,125.40076,19.634681,30.358493339173055,185.233564,8.212788,10.340644880239184,67.707218,7.410781,23.854107125485132,147.601225,8.507611,94.17177466114542,9.667546423432736,13.258578583706246,6.530205568630146,24.369795031951583,7.846162111771031
2015-03-16,6.5029715861098545,43.657414,5.268847,37.14432190398016,224.536812,5.265165,37.19095413490443,229.942783,10.395855,16.650418851216184,112.498227,14.206898,27.75259354336826,171.128922,7.298851,9.21070387678408,60.253488,5.880542,20.644444079371528,129.586555,7.717558,93.1670030760187,8.28804276798336,11.407448345666465,5.673695889796771,22.246547266657682,7.3720219170282615
2015-03-17,6.853657546765493,43.386302,2.866536,36.56966332445923,220.766103,4.561224,36.15617548057952,220.458877,6.698595,15.161784810509978,107.954017,18.31546,26.666477936280348,165.647044,7.991159,8.659278601051081,58.027769,6.832923,20.498914205739055,127.561328,6.368928,92.41000758654543,7.823369765215864,10.198536941003807,5.630692424030941,21.745331590755466,7.38489721838389
2015-03-18,6.773600678422771,43.19822,2.866536,36.11177804415464,220.49752,5.479114,34.914810177582375,216.186398,8.295033,14.927723786025906,107.394145,18.510807,25.888090254868533,162.212902,8.068847,8.04710905212549,53.625029,5.710563,19.132416615733685,120.065136,6.146023,91.45366248890336,7.73645510296519,8.860503743825063,4.936420084592777,21.915954834710398,6.9973154904424
2015-03-19,6.189800610254178,38.975208,3.477794,35.44229478030143,209.879179,6.623874,32.77464772891442,196.050163,8.093343,13.129683415714535,96.50376,21.207343,24.565682971760157,149.360797,8.480941,8.677074194175287,54.458452,4.696963,19.45188879832134,118.111266,6.558117,91.49366305693628,7.4026693236505015,9.501240622313833,4.310825433424411,21.296232220573135,5.7682664514435364
2015-03-20,5.383355381923115,35.574402,4.554444,36.122784020409426,213.768117,5.621494,31.516230864484225,190.897962,9.295209,12.732216043194766,96.124143,22.758597,25.14070039630886,152.116049,7.250363,9.841922813582046,60.208886,3.497781,18.415223066712898,112.022315,5.910159,91.37850927954102,6.964156401645156,9.80197086955208,4.3563244975089965,21.240061062118713,6.432250840681846
2015-03-21,6.139017143699462,38.718062,3.567956,36.607131769894266,215.236076,5.635006,33.26995395052421,198.9259,8.432474,13.672111804176598,98.092217,19.80995,27.02385939719575,162.555145,7.824917,9.822437280261182,58.252407,2.012181,19.75585682737424,117.540461,4.424559,90.78365234440324,7.385314554692496,9.41007349420537,5.222562627610177,22.2943210594986,7.189490104204918
2015-03-22,5.994193229073083,37.100528,2.640289,36.95199503457419,218.022184,5.587494,33.236914812160336,199.46189,8.384962,13.224643708738808,98.362339,22.334696,27.807419895590574,168.095864,8.23276,10.602194879520823,62.963531,2.012181,21.93075796051171,129.575437,3.496892,90.08024676617781,6.912724435231936,9.497903765498934,5.177261327979496,23.0175632331164,8.390983817641306
2015-03-23,6.914808235277752,41.84358,2.640289,37.760257375496266,221.83403,7.753421,36.0681310082688,212.960225,8.473074,14.017741142922308,104.569765,25.096616,29.24889450978761,175.107321,9.28162,12.649871244291358,74.569326,2.851273,25.05573392313154,145.549599,3.496892,89.59318537663195,7.846214331807415,11.630507880666588,5.944893594188637,24.76612091050128,9.948914245851041
2015-03-24,7.2575049091278725,45.810888,2.887908,38.34410402819693,234.086837,7.308732,36.95031750901309,228.207923,9.673074,13.93491927550105,107.413125,24.997988,28.088525876517895,177.297586,11.173932,13.624845137761953,83.680161,3.098892,25.089880122188145,153.085689,4.696892,89.57087587606475,8.23409164598117,11.661472804642207,6.37759201072494,26.314380521965713,9.590546034884193
2015-03-25,6.447674929622124,42.247092,3.950568,38.817788711243416,236.952462,6.390842,37.77293570121932,232.432261,8.076636,14.737291331986391,112.594355,25.060936,29.42635961136057,185.466777,10.686364,13.710799027217158,86.044481,4.608002,26.633254644692734,162.208868,4.018344,91.48040277940822,7.777925071977989,11.079150581835268,6.350978638638131,27.435092764519077,9.399320894831426
2015-03-26,6.093168972905587,42.181632,5.36705,39.470247337090655,244.723082,6.246082,38.5798967242558,241.749368,8.651816,13.560275678120846,103.74258,21.812162,30.567183616064963,193.613013,8.92782,12.537859610763416,83.2766,7.523562,24.99522310155243,153.279523,2.2598,91.42242509491635,7.869766221030415,9.961580093520208,7.026394532306268,25.750492673848107,8.972073967081641
2015-03-27,7.103661594248345,47.809217,4.2904,40.9697476291795,257.818602,6.827627,41.68095529830384,262.567378,7.219366,14.750100454169573,112.911218,22.548394,33.77763504557958,214.162435,7.23215,12.750619019239306,84.57726,6.463762,26.77921953980266,165.837777,1.781545,91.59356164394316,8.504322356877214,9.57545387587855,7.694153356027049,25.523795225622987,8.986779538690921
2015-03-28,7.6509683200386815,52.55656,5.005729,41.98588300499465,267.485564,6.542956,42.59597761239968,272.230085,7.495734,14.10739180003852,113.263358,25.585802,32.84783024792202,211.162825,7.01329,14.2896572065998,95.274099,6.463762,26.42218564917683,166.710975,2.496874,93.02834743475208,9.261820252266698,9.598627530053372,7.14667308999955,25.976703213435172,9.028710021561324
2015-03-29,8.287993127804597,57.319362,5.699465,42.398408609662795,270.574987,6.506056,42.96780563106161,275.074126,7.458834,14.976730658241582,117.608438,24.329247,32.5140221539269,209.818819,7.312561,14.145119282545956,94.563449,6.463762,25.598734078935337,163.5676,4.131655,93.64103341500235,10.118183790609015,10.605200051078674,8.209131961216245,25.329484389351563,8.393831589239548
2015-03-30,7.936383410846402,55.454639,5.699465,41.66849462314258,265.570351,4.340129,42.03837840393513,270.971383,7.422267,15.533215694918445,120.456494,23.074877,31.75090541807033,205.318074,6.263701,12.97633213492263,87.881938,6.530064,24.043720864109897,154.867759,4.131655,94.1241210198995,9.754611982479965,9.226753810143382,7.924074921564506,24.573169019225745,7.942716065974772
2015-03-31,7.332382283105571,50.27441,5.101251,41.203538247583616,256.985866,3.140129,41.07413164324818,260.934445,7.885953,14.90138089294123,110.723943,18.919885,32.43702199613285,204.578182,4.740981,12.00699221746154,79.302444,5.330064,22.943107998903923,144.278986,2.931655,94.7368793869692,8.988424201895203,9.649442476574306,7.426182654049472,22.51854925250551,7.601402486490007
2015-04-01,7.853883923206189,52.229186,4.038591,40.04844194279736,248.873102,3.140129,41.28339819642175,261.196486,7.885953,15.200711128383904,110.87475,17.604806,32.49917347815228,203.784402,4.372936,11.843138162962823,76.489188,3.820954,23.03712946150144,144.285027,2.931655,93.61841901994173,9.17026629728998,10.792030277527017,7.110561857767328,22.977585565835433,7.47580239113213
2015-04-02,8.0104601062968,53.457927,3.967755,39.85260056838331,249.599084,3.382009,41.509973409816006,263.864538,7.407893,15.358692808036606,115.740806,20.851831,31.98144056813708,203.202342,5.614816,12.622055603072955,79.783809,1.802308,23.0284971831968,146.266155,3.991645,93.04135480911934,9.294898686912752,10.734877881607536,6.916063001931618,24.665818693863717,7.927688660923003
2015-04-03,8.05470824716715,56.232264,6.316979,38.28267142262939,242.388629,5.149688,38.72963296592805,249.954218,9.945442,14.284569382805012,108.294447,19.772513,28.944235745704216,187.167186,7.79883,12.293657129927729,77.986495,1.802308,21.993715272115512,142.055082,5.759324,93.28970565285265,10.093419349326808,11.294883851036026,6.850813711221047,23.95606820834844,7.520229325004796
2015-04-04,7.129852885171364,49.456919,5.60165,38.323017805795644,240.15679,4.434359,39.24465818253681,250.796499,9.405117,14.56652427581823,111.586318,21.988559,29.639987655667426,190.706381,8.392713,11.669909855980082,74.838347,3.057478,23.345399025390286,148.640051,5.043995,92.32664024307859,8.95125046520765,11.777924960796575,7.157641501272449,24.31399729579044,6.817458642957143
2015-04-05,7.4394851315916135,51.297824,4.907914,38.10169931576874,241.179374,3.591104,39.41815187987093,255.304205,9.507018,13.683438834278816,107.852268,22.527345,29.65135425962299,195.307541,10.412534,11.30821141395703,73.571351,3.057478,23.522981577970878,151.035085,4.35437,93.16191718152153,9.013635770389158,11.363074155045725,6.842027565413039,24.908054585008323,7.1846420991629385
2015-04-06,7.9498631256842724,54.916822,5.677171,37.969658990254665,239.309564,4.134099,39.42640859564022,253.963256,9.765014,13.84325612956753,109.219384,23.477392,29.595536238399344,194.263575,10.955529,11.634809670459644,74.215459,2.152084,23.916767811120916,153.446712,5.311671,93.00422779591406,9.78304965217302,11.243073675040774,6.800468482748488,24.835852124477857,6.322691077190404
2015-04-07,8.415913405405503,58.923433,5.849067,36.305686732569235,235.182561,6.223301,39.04005766863646,257.525578,11.3222,13.66144926817205,114.021407,27.866438,29.432628240187764,195.508429,9.893629,11.318351703746186,75.851519,4.47313,22.9213849299932,153.084645,8.532543,93.00825263940507,10.270866938883978,11.224740733531402,6.895234907138828,24.786478907961882,6.641775329589936
2015-04-08,7.847080863261717,56.420524,7.158487,37.14971671712103,239.440054,6.223301,39.26927328076548,259.154426,12.63162,12.64785576470257,106.718209,27.318092,29.69499836342722,195.570675,9.152804,11.415391417426223,76.13614,4.47313,22.775655787169207,151.512489,8.532543,93.00084989005302,10.127669721071547,11.234075911107814,7.30509507764657,24.004948776896807,7.372808316198223
2015-04-09,8.150578019594947,54.083363,5.201583,37.31904739546433,228.796402,4.981421,38.01998541996726,240.609854,12.59111,14.626669423911695,112.099187,24.378091,29.808849710409984,187.844581,9.070802,9.9720544898256,65.322548,5.516756,22.935365567049722,145.023717,7.472553,93.93689691785261,9.885208307890451,11.17098320072138,7.5096817895940635,22.538165246674968,6.952370128374281
2015-04-10,7.293190276849298,47.109602,2.852359,36.40589927839011,224.12504,3.203239,37.13547977977353,235.196941,9.847829,14.721618665990194,111.835548,22.500397,29.653758677329822,190.023344,10.075536,8.66999851755767,59.936361,7.324237,21.893188984559178,139.094985,6.240617,93.57903749984199,8.233275809284457,10.731872627251223,6.938951339388763,22.942925548448418,6.823820846191081
2015-04-11,7.852630759314569,51.66622,3.734636,35.25940695890935,219.432934,4.213439,35.32650172774776,227.96851,12.339476,15.54110878706261,113.774664,18.913466,28.004964697357483,181.377887,10.4387,9.38770577316623,64.556468,7.254957,20.0595444017829,129.692043,7.250817,93.6825192886709,9.07632149018812,9.957161767897773,6.770911326646277,21.731817363353358,6.583068779032844
2015-04-12,6.818174185376995,44.378532,3.734636,33.53210499125346,204.102053,4.213439,33.90295412394758,214.715827,12.61654,15.174309055273454,109.000169,18.544422,28.08430713747672,174.697782,7.284098,9.578279447761103,64.352148,7.254957,19.896629444312588,126.973906,8.367881,93.269625045861,8.071174083171224,9.365307585544173,6.319615310931397,21.4949201536649,6.258108827632013
2015-04-13,6.765350098263334,45.603754,4.232659,37.20530912111381,231.186294,3.670444,34.740984944766794,225.764898,13.318747,14.983162140137935,112.058577,20.434372,30.002433319350075,190.210325,6.741103,9.691013314741285,68.634613,9.372664,20.236304693315084,132.563766,8.815834,93.41712424196378,8.149670236831827,10.533188476145847,6.748778290975952,23.27034179614585,7.31863577658938
2015-04-14,6.4206763179673425,41.649273,3.458977,38.95456268350946,233.283668,1.581242,35.72857662204243,224.289364,11.77516,14.54526688323675,107.174197,20.658693,30.32718847148544,188.304255,7.917603,9.516078536713955,64.829921,8.228118,21.204545049062766,133.99417,7.869162,92.61703315997562,7.5837451618586655,10.214089748395567,7.229111210235079,23.470892732591157,7.023361484180131
2015-04-15,6.735874336464629,43.662323,3.258317,38.95695594887546,235.257971,1.581242,35.60427802444231,226.249516,12.68326,14.957633584001492,112.534882,22.81404,29.692066759660086,187.129217,9.026363,9.390822546294427,65.666143,9.336878,20.975291508238996,137.27752,11.460772,92.9344426409577,7.822282147629017,9.147550389063872,6.898425043983733,23.246600856319485,7.416222216948162
2015-04-16,6.9659255363092925,46.358439,3.258317,37.71717132634047,234.947889,1.581242,35.819848972050494,233.109275,11.48189,12.905701870285913,101.749801,21.898628,29.145682885525797,189.611645,9.279185,9.268151590911069,66.76421,9.419574,19.720855466246505,134.862829,12.844402,92.43984439297755,8.019156596568967,9.15560485671358,7.638498289053931,23.00322956202425,7.373450906186768
2015-04-17,6.891854547546304,47.245162,4.892457,38.041762215204876,237.414117,3.63502,37.48475384408911,240.7207,10.364602,12.86435780418709,105.192925,26.13723,29.71321391279741,191.005255,8.407817,10.44220887974608,72.809259,8.638463,20.186011885208238,136.994473,12.944814,92.24983403041442,8.48410713326071,9.204382142189242,7.5244655584073605,22.843990054069938,8.277326461554471
2015-04-18,7.147265202798603,47.202298,4.01018,36.99813705797058,228.894537,5.308612,38.03213560314733,239.500965,9.666414,12.199995409360769,99.924588,26.197977,30.654382648703553,195.498689,10.249132,8.37638726161256,61.239147,10.619239,19.70287910836872,136.31953,17.251739,91.54907764912029,8.47444346115393,9.717326681704156,6.991535271312396,23.033151403287935,8.879904530722136
2015-04-19,8.134237669987927,54.806056,4.726452,38.13533318569553,241.220725,6.435062,38.92431824799687,249.213807,9.570644,12.767850703385095,106.521108,27.913999,30.188829293341886,198.206351,12.344482,8.277354606291572,62.296235,11.335511,20.20989825623841,141.457386,17.032241,91.89380293221802,9.669636548293346,10.944811991649066,7.474571441871346,23.97430118667203,9.49030523823661
2015-04-20,7.8092055465060595,50.848446,3.459172,36.50130432950949,227.939068,6.435062,40.67455728199757,255.181343,8.352427,13.667922626643042,110.705373,27.763142,29.967141263202922,194.196664,12.344482,8.390161334577586,61.280172,10.365434,20.91483517268978,145.48354,18.564246,92.36946914410628,8.949268809290734,10.078301956415578,7.127596471882337,23.783616568032944,9.49463770519346
2015-04-21,8.069887413037081,53.250717,3.459172,36.358345814785196,231.663302,7.330778,40.21712775706527,256.701099,8.559728,13.070848597728125,108.037748,27.390062,30.154664147518,197.223529,11.167982,8.27878388103508,62.532269,11.451824,20.2742994578178,143.646217,18.552936,92.97038555534394,9.191167284241331,9.762356418544304,6.448759411947545,22.521444906383124,8.790546840499754
2015-04-22,7.785584607566771,53.169191,4.874222,35.84880158327118,230.647752,8.273088,41.63294638794475,265.381139,7.126691,13.030081090426062,109.928191,29.100945,30.70640989599236,202.636071,12.160315,8.916671099646027,65.654306,10.343064,20.006943562653497,140.793728,16.688119,93.18163130392597,9.357121708131567,10.21834800908779,6.800050515168731,23.724832382357565,8.315129315282132
2015-04-23,7.2056245968412425,51.468169,6.934212,39.002637266973686,249.326691,8.273088,44.93177793992939,284.825014,7.126691,14.592138957894365,120.138011,29.952118,33.43669284920981,218.442582,11.788985,10.785293330267837,74.977726,8.319828,23.571749625586754,160.98836,15.304489,94.31409461529144,9.4495450527267,10.458956079347367,6.041144444180099,26.061454863059286,8.72764865968328
2015-04-24,6.864526505822825,50.561733,7.567262,38.76874070526366,249.467856,6.648268,44.87315160889837,290.495971,9.442731,13.051318009855862,111.223657,29.479561,31.71099444027502,209.353722,10.738795,10.543826104049655,74.299216,8.260251,23.997961145880424,164.392807,14.086789,94.47956112816958,9.280914909601806,10.260908335828734,6.129381355112778,25.75809673279595,7.825559587574939
2015-04-25,6.031443853710602,49.541072,10.65177,38.86946113392283,257.410644,6.78969,44.23504009089247,296.082016,10.865097,11.577187241833304,107.339861,32.692937,31.04337074783118,211.768973,11.608771,11.090316137127024,77.726291,6.218595,23.112434801833572,160.877603,11.854172,95.30011890501638,9.335465751436562,9.785127809496469,5.996773363117445,25.323606767722822,7.932653751889922
2015-04-26,5.311684380504367,45.173579,10.800603,39.303769336310936,260.005822,5.66324,44.23642359690908,296.001425,9.738647,12.380054331678622,108.553617,28.4398,31.057144331278636,211.277147,10.300131,11.221588340893938,78.984579,6.367428,23.11008536845332,159.561452,10.01145,94.69223065797759,8.649736590771447,9.42986012382654,5.257529516052288,24.36611609620345,7.504386403861159
2015-04-27,5.1083144804866345,47.016883,13.855064,38.567036705034205,257.707563,7.340618,42.201800060188546,285.419389,11.456527,10.999813079218507,99.351949,27.944088,30.30668335882719,207.043059,10.300131,10.95183160029766,78.224397,7.128019,21.818105012817192,151.595157,9.957822,94.20527492836106,9.376839319806761,9.022225593209916,5.363151938368689,22.9238017274041,6.846237804283184
2015-04-28,4.4978154062890425,44.344041,15.624884,38.444439225725645,251.917823,6.444902,43.339907640005684,287.430067,10.698921,11.92986447043838,101.30346,25.129669,29.987629313345803,203.545002,12.069951,12.128332015676444,82.306162,4.865129,23.178773371678233,155.694521,7.694932,94.27944170292479,9.391959337928762,8.76661011369588,5.827870834329234,24.458074975756386,7.5613296580989084
2015-04-29,4.352018251281566,41.377346,14.066541,37.79253853373487,243.820678,6.656082,40.33806446982867,267.203038,14.064161,11.07930474275901,93.98733,24.45988,27.826844828187262,185.858797,11.233258,11.693516884972166,78.247027,4.865129,22.55013234231264,148.744415,7.232539,94.34568512794219,8.835067591233313,8.618364983017534,5.173789889627066,23.227807979679955,6.728135038314057
2015-04-30,4.332530699848557,41.057586,13.728659,35.46528185918211,231.026079,7.31662,38.448345571117834,256.59032,14.064161,10.740254187206558,91.763096,24.01525,25.912836408812666,173.646013,10.191888,10.981266178527546,74.133241,4.865129,20.902346310787383,139.081275,7.232539,93.09321517094884,8.685415581516411,9.097786444560384,5.19519410041449,23.205279359627518,6.005458930338577
2015-05-01,4.617178236657919,41.371901,12.506919,35.747853207129275,230.845134,7.36207,38.09716229584211,250.963693,12.793571,12.152465965092833,100.384013,24.41105,28.176901293639776,186.122271,9.970148,10.505683577199274,70.621642,4.943786,20.38084848426566,135.691919,8.277989,93.58708861678056,8.61833605580663,9.013260440192306,4.609201622394746,23.425259673809027,6.424506402264274
2015-05-02,5.189009438249578,41.66709,9.422411,35.62005409819477,225.881069,4.536856,37.20829591265809,241.238784,10.025183,12.289591739574758,102.1965,25.828564,28.634523797875826,186.391526,8.455633,9.815342002656696,66.865438,5.872573,21.740593903451053,142.065319,6.968538,93.18613356065536,8.221632564072392,9.094408018649915,4.799477106142458,24.007519367130556,6.32550924732689
2015-05-03,5.825842931270528,45.291438,9.229818,35.69861289987141,226.237694,5.265411,37.452006544470215,242.895368,11.069683,11.083141607871175,97.580501,28.976516,28.698963819248853,185.382401,7.737528,9.757517031694931,65.405916,5.007468,21.90549669452306,143.797635,8.203918,93.16638822321698,8.808042286275294,8.654468753673653,5.748041534830245,24.116673913451685,6.328393496253279
2015-05-04,5.971072840318511,43.500015,7.053586,36.91714519975064,228.924107,3.588033,38.729145420418554,245.978872,9.582652,12.109470223854878,101.518717,27.604538,29.292465408196914,186.533833,7.737528,9.808932030358978,64.727784,4.855705,22.701411933710983,144.764134,6.198516,93.73443759537975,8.282271876660365,8.631789490150483,5.586397643976013,25.733644670618332,6.898077458575908
2015-05-05,6.147861473364361,42.915365,5.283766,37.081968533677234,231.463469,4.481489,38.59088451610249,247.069924,10.851737,12.251382297635647,105.088609,30.096824,29.12546248357437,186.237153,7.957644,8.747428557492674,61.354758,7.810981,21.980961305167785,141.639363,7.091972,94.12408937793255,7.874275566247977,9.173642842422552,5.7444029481518655,25.51969464851612,6.5466013927335265
2015-05-06,6.7820599324701085,45.424518,4.318299,37.700357916661616,233.569016,5.066292,39.94663049164936,251.149799,9.032366,12.14168647879352,104.518813,30.927776,29.91735716441397,191.764423,10.434643,8.485364896350074,59.929483,8.499494,22.114255843890447,142.554197,8.519191,93.28647173662527,8.207000651261383,9.586180940649742,6.697694136821303,25.941325344028126,7.2214908907443505
2015-05-07,6.460036295304793,42.338385,2.596191,36.61409372226338,230.771436,5.521244,38.52492775996702,246.038024,9.032366,11.91962718318053,103.312476,29.982836,28.831284407415055,189.69208,12.321792,8.910825593306095,63.318963,8.499494,21.218590285121305,140.943274,10.40634,92.34445450195581,7.3040504979199605,8.782990905969017,5.944374892174429,23.6495962858695,7.542585466629403
2015-05-08,6.818561923578424,43.671817,1.550741,37.43465782571072,236.368165,5.118807,39.39374137048814,252.293677,8.94225,12.145500191979218,99.876531,24.848755,29.552525028262515,196.200797,13.642632,9.138417501060797,63.905827,7.454044,21.527599618664343,143.249817,10.264934,91.53793353928069,7.320629987363497,9.57280529627754,6.474258757843897,24.933528530241173,7.662370268133406
2015-05-09,6.204728158173913,40.156372,2.12217,39.44370174928375,246.90373,5.118807,40.850258712412725,260.428089,10.021149,13.029676402664997,102.283728,22.413453,29.321180520246354,191.038522,11.303379,9.976797190398381,67.306757,6.150247,21.406670570683815,141.960071,10.739877,90.96489442867068,6.897130641361647,8.326381056153613,6.4801245189699275,25.189232966994595,7.741626788373007
2015-05-10,5.790886729731022,38.156379,2.510518,38.02207520427426,240.109698,6.064435,38.54908596630865,252.941747,15.652464,13.31201580362317,104.580418,22.638172,29.122870708306237,190.000895,10.734774,9.326691091363791,66.55402,9.14348,20.552936250056955,139.011534,12.49773,90.86329966581143,6.606584539412255,8.421640652464086,5.780976584138324,24.158798657587095,7.639838653368308
2015-05-11,5.910949851538115,39.797119,2.407173,37.54048186407857,244.303115,6.839319,37.68569493545022,256.667604,18.285257,13.234878340501103,109.351361,25.633617,28.08395420673826,189.046091,11.399933,10.612219618514523,75.180194,8.052181,21.231306793684535,146.584127,12.28466,90.40884793354783,6.672046371280431,8.748136208343606,5.710520619208477,24.510123790439707,7.957283807088215
2015-05-12,6.103676961872661,42.481503,3.910813,37.358406979635625,242.023156,5.945863,37.15812244640283,250.700836,15.889192,13.291357529543898,107.673678,23.682203,28.533798433742856,191.22598,10.913637,11.268931090942987,76.308152,5.096905,22.090502946501694,150.986721,11.391204,90.45209034702621,7.341421954782672,8.650050305535947,5.210098657186448,24.509135911865535,8.888207817022654
2015-05-13,5.996928443510437,43.649773,4.859038,38.49805105682877,253.229667,4.20757,37.54168138004274,256.394723,13.55884,13.827794940149547,113.421944,23.977767,29.650931918162946,199.720993,7.925901,12.188403515654095,83.994087,5.154205,23.54538552860769,161.001354,8.699585,90.76282044568977,7.499313133581302,8.402548464799484,4.866170186054898,25.100381562840933,9.144962487101939
2015-05-14,6.391874634462737,46.193776,5.997158,38.185487305119736,245.499003,5.361714,37.62656704285903,253.468038,16.845634,14.20797239638008,114.046826,24.69707,30.402998685120526,198.917425,7.721916,11.946339106987267,80.281215,5.154205,24.297195160651842,162.473054,9.675146,92.62128318128957,8.29915360500027,9.063349018611959,5.113187497058914,25.597021306274755,9.363385005508679
2015-05-15,6.590718536608321,47.148235,6.896174,38.35996095894272,240.896799,6.617717,38.282409775312985,252.488045,18.682598,13.94496980715561,114.937125,29.769814,29.304230644946827,186.853387,7.881144,12.701611975937666,83.95865,6.385005,25.57469289606025,166.768247,10.57373,93.33684556163043,8.84902485356816,8.592712898899988,5.260917010052402,25.637904556621084,9.272899989683475
2015-05-16,7.528496677088879,51.795589,6.324745,37.05037190348182,232.197917,8.41995,37.499389635191285,244.55812,18.068162,13.291666667494503,113.414799,33.135385,28.654743113553454,183.249609,10.179817,12.46022247657373,81.921217,6.663585,26.020915401447386,167.287882,10.125963,94.0566383640844,9.622841867423789,9.522561901289905,5.261935561728311,25.168225581270114,8.907584049229248
2015-05-17,7.99368012652208,53.031297,5.919853,37.46266912244811,228.755302,7.965827,38.93694429188594,241.697441,12.219198,13.325976658212493,108.548473,30.010679,26.7810017355239,168.015963,10.179817,12.889632494974187,80.463365,4.497203,25.996169931396985,161.826221,8.615549,93.84800647545954,10.002593768737423,9.165050256988344,5.401722680116026,25.052925584186823,8.330937254072705
2015-05-18,7.529992788805195,48.655895,5.144969,37.94515760778837,226.451305,7.190943,39.509454271519104,239.056266,10.756852,12.886412107585835,103.811334,29.349148,26.2906847702739,163.901102,11.984351,12.27999044211411,75.75094,4.79287,25.24201203660085,153.807544,7.95039,93.93483601585739,9.310767551844084,7.987788608737816,6.51597078346061,24.368721926409933,8.00267780989122
2015-05-19,7.051095115082015,46.940753,5.19738,37.26779280943742,228.648475,8.018438,38.34008819214008,239.749788,12.771627,13.282659728972229,108.744469,30.109447,25.62618643902188,162.190969,10.480711,11.887458223631352,75.168123,4.79287,25.274057966409476,158.403498,8.777885,93.48396949125178,8.806929303623749,7.812350845135107,6.931686174305396,24.636706858315442,7.449922423191042
2015-05-20,7.175420939815518,46.896026,4.96201,36.56757982336193,222.808667,9.103368,39.258467225335394,242.202793,12.771627,13.348096093794664,105.675679,27.667813,25.592891301859627,160.379888,10.811978,11.703488667659471,73.156496,4.759912,25.185992524143032,155.96783,8.777885,93.76851701162228,8.87354164724187,7.343220731308481,6.731696425156825,24.143123156298333,7.324715291147463
2015-05-21,6.658851962219828,42.508838,3.82389,39.14074640579139,234.223943,6.833734,40.996656060679946,247.657046,9.484833,13.646206352438325,106.320894,27.042546,26.562834613247528,165.583315,11.265141,11.161832251308168,70.56001,5.714763,25.369696351759597,155.585068,8.198493,92.53135033803697,7.975266678859115,6.617709032062245,6.83518259261907,25.119020576351858,7.666668711000941
2015-05-22,5.996767854568128,40.420308,4.143944,39.09937600285869,245.099931,8.575318,40.37554733967443,253.891485,9.646904,13.803255499464143,112.600413,29.100112,26.612536367686378,173.836399,12.848667,10.866963185534436,71.065451,5.32772,24.239759018972478,156.359591,9.725547,91.55411662195957,7.366820827370502,6.024135892127422,6.231010405008571,24.894680796304726,7.584141474110763
2015-05-23,5.016911690121966,35.149227,5.143944,40.34943847284595,249.096113,7.773085,42.19903690182051,262.229828,9.844671,15.23041388811717,113.90216,22.811683,27.13368111196895,174.915191,12.633327,12.02736995209937,77.232764,5.29914,25.099968692960545,159.041895,8.923314,91.98266132213526,6.7370562917864625,6.2194720542529875,6.5803197845825805,26.08398738915626,8.020461155523527
2015-05-24,4.81396098070666,34.25121,4.487976,41.02007450102036,261.077987,7.463535,44.578797625078195,284.634758,9.01782,16.067498509823675,124.393127,25.052746,30.85497157519348,203.400087,12.633327,13.260726903266503,86.459268,4.472289,25.94367272260774,168.752721,8.351005,92.7575772683428,6.265748198879789,6.585453315769374,6.728311332956828,27.959246795047736,8.93004479298623
2015-05-25,5.441155338483266,37.885778,4.487976,39.92115338266648,252.499505,7.463535,44.05049440336595,278.44847,8.066612,15.907505812815268,120.267223,22.62698,31.49580886326286,204.033588,10.712368,13.009490980207609,84.798847,4.946614,24.723439396999762,160.103433,8.351005,93.18373364934776,6.903513524293505,7.2479727291418286,7.004383217273833,27.29311624145035,8.548512524342096
2015-05-26,4.876349023430386,35.845434,5.926891,41.333509520665594,263.664966,10.065731,45.82251691806755,291.746515,10.605248,16.75355283978113,123.878169,21.087764,31.703290398993296,209.458922,14.945311,13.680417509995996,90.881485,6.946115,24.875691662178497,164.379747,11.756453,93.87179471378057,6.808367513757831,7.0593580210861555,6.745757652124142,28.412954970830857,8.79141087602757
2015-05-27,4.4482624695829625,33.242936,6.316536,41.40727063498374,259.628945,8.980801,44.723635793501415,282.367646,11.644748,16.55265298562187,122.48801,22.29083,31.729965476521265,206.968975,14.899881,12.748208544907289,83.401225,6.23326,25.17630058651913,166.233641,13.835453,93.68486059662929,6.5352559055097625,7.089180091363073,7.05731533757328,28.490252657141912,8.207483194871479
2015-05-28,5.226220747475277,39.56472,7.029471,38.79209403872862,250.476616,8.980801,42.965140335105,279.119393,11.644748,15.97368307730579,121.350228,21.907862,30.731868633705474,204.081343,12.763554,13.05380681656016,86.543414,5.278409,25.367044464625323,169.471815,11.552135,93.20143727472166,7.484544769152554,7.6238434085316955,6.658451445714357,27.649106446618205,7.89028305039919
2015-05-29,5.214812054989275,38.249913,6.564358,38.39676674478543,238.641584,5.340201,42.85514163356734,270.667273,10.276499,16.554826336757284,115.16983,14.581572,30.98833539309453,197.819813,9.532566,12.818929154756312,83.0773,5.188609,26.120171671206236,166.930404,8.222453,94.0199868880674,7.375537548461949,7.765787760340323,6.80711241822827,27.7073680761447,7.564667083367041
2015-05-30,5.213747836925675,38.853145,6.463729,37.38890752169767,238.604032,6.332561,40.31100445870402,262.213666,11.789224,15.834940391292312,114.566479,16.194926,30.097550916509775,194.295533,7.320227,11.568179477338191,80.112433,8.24732,24.184272269815143,160.075995,9.835807,92.50669740842685,7.2946901479709725,7.782721036772531,6.919964300234134,26.36659990056999,7.007827595973103
2015-05-31,5.18163513514179,38.764414,6.463729,37.013673129139285,236.658363,5.926757,39.095565537918134,256.003399,12.29393,15.32134922047153,108.853975,13.345499,28.64537686599097,186.895916,8.329639,10.890805526700815,76.641885,8.752026,24.237879249007317,162.640171,11.548849,92.07362431471181,7.255441637414725,6.80094246586281,6.630153939441538,25.207809601912672,6.413035358457186
2015-06-01,4.494694578797583,36.231854,7.935529,38.026491644143285,245.322326,5.926757,40.41499361170119,267.842878,13.410508,16.99828663181264,119.194161,12.181541,29.15452916367412,191.323083,7.780905,11.379212864056985,78.954647,7.316875,25.78522036672417,173.879562,11.548849,91.65367390917424,7.015713062730815,6.679267371292279,5.97841090957986,26.18926726089587,6.985144058183197
2015-06-02,5.3217746785018125,39.442791,6.144433,38.138219408762914,241.878414,3.247476,39.24234616747642,255.989746,10.450284,15.227725332893424,107.860273,12.580356,27.50188980263489,175.627358,3.547962,10.293415252856056,71.22813,6.822204,24.379428258508312,159.858052,7.315906,90.31788943159462,7.285792721262414,6.417962971599213,5.971737649589598,23.489692013233306,6.515209215351773
2015-06-03,5.515840148739621,41.502283,6.488943,37.65001646150297,243.688509,4.694486,38.38348185738332,253.849533,10.199633,15.606213254988589,114.896826,15.832017,25.17149050426139,165.853301,6.070216,10.581268502807163,73.989769,6.822204,23.303744311846067,153.952798,6.025755,90.59632523120634,7.560316472465544,6.423591199294296,5.634270528378296,22.520136031682657,6.869694085997347
2015-06-04,5.401104562671955,39.670615,5.776008,38.7017088465954,249.268723,6.396326,39.14518092478318,258.032793,12.377389,14.907817086881375,110.417002,16.863064,25.872693050467255,168.434183,6.070216,10.944809340734393,76.631095,7.946994,23.833893701042822,156.158864,6.589373,91.77088811934647,7.241917950054185,5.9881202080645926,6.52387344659416,21.87072630853625,6.448760811224111
2015-06-05,5.618130545712523,42.059692,5.792126,37.952009710268236,251.393662,6.396326,37.827925581997924,258.650569,14.454252,14.667506603860911,114.642305,19.956936,25.837390147797766,172.754239,5.962235,11.912560865693951,85.392329,8.491377,23.477905552723186,161.347695,9.787228,91.92950505771951,7.412622075980403,6.507419004589071,6.743790563897588,22.56682217947991,7.521840937487911
2015-06-06,5.744432867168359,42.730228,5.8889,38.02790602585674,250.235071,6.347016,38.37070891656384,261.169638,15.083052,15.053865424960888,116.582246,20.035832,26.17771149298789,175.3,7.411946,13.035428677374655,88.034044,4.432666,24.971262693922366,169.267543,9.116924,93.40412614506343,7.580869963652383,7.095927421713247,6.796752892688191,22.580543358262226,7.977308237422031
2015-06-07,5.6275170166425355,43.638185,7.804531,38.82557275214441,254.249326,7.02446,37.7817347470987,255.700103,15.121957,14.877869389235665,114.90566,20.169665,26.613502005145417,175.866086,6.402534,12.277225189518212,82.10415,3.92796,24.513380446840163,163.222775,7.131911,93.67598253306383,8.078851229414372,8.338822442833713,6.738019300424504,22.891665114846933,9.10416617930188
2015-06-08,5.472602191794088,42.011308,7.351111,38.10554468807919,248.362244,7.02446,36.664464669954214,249.852395,17.641552,12.673461437875202,103.322771,23.056628,25.34360664924903,169.384038,8.872755,11.341620001735118,77.961895,6.130841,24.675344614953897,165.284858,9.005948,93.78933033499175,7.793980005701011,9.130306865944842,7.058671238835075,22.829576806962056,8.249353656355005
2015-06-09,5.81824602534295,42.935346,6.147241,37.917999742702925,246.025231,6.27405,38.80528352483584,262.52854,17.167165,14.312108630739978,110.760246,20.266418,28.418128768440486,188.557337,8.872755,12.243120438343773,83.063433,5.651581,25.463615642703598,171.128281,10.124748,93.90027775244783,7.762687605852476,9.776607746623897,7.144385592782896,24.8457153449413,8.008243837054167
2015-06-10,5.745940374266353,41.281046,4.700231,37.459924352846116,246.161951,7.678,40.353800547871224,274.57272,17.665266,12.749633261902686,98.678677,17.509722,30.148989935430563,197.968755,6.028959,12.45469135188499,84.942825,5.651581,25.1954027400334,169.739298,9.335899,93.15329093672538,7.222520219263153,10.02114158934011,6.95029515906654,25.66152823337866,7.757981865999435
2015-06-11,6.082826498300156,43.63001,4.700231,38.34730859587139,251.396977,5.97616,41.113220506412354,278.610022,15.48751,12.461771921574112,101.154177,21.399473,29.33687092822337,196.614285,8.859809,11.328297722325265,77.692414,5.191887,24.647411796382237,166.514458,8.772281,93.28348219603137,7.551660404340662,10.618875812468591,6.5417957850144965,26.944079494484214,8.465974261350903
2015-06-12,6.954416842195919,48.032267,3.930156,40.92189761232852,265.486355,5.97616,44.136706763352365,291.721747,11.824527,14.203058453748016,110.039814,19.969737,29.88852655448262,198.412602,8.871603,11.836370171023585,78.95504,3.893547,25.07977055730072,165.4021,6.356295,92.80370466412887,8.19390141375565,11.023596233434116,6.558205148974385,26.86795048759711,7.947160422733182
2015-06-13,7.115098565345529,48.881092,4.076871,40.229719711266206,258.579563,5.2505,44.39183587660671,288.438561,8.900392,13.844539855526511,108.109591,20.929657,29.736713161683852,196.090414,8.83647,12.04082584797684,79.715381,3.893547,23.955470482309433,156.479732,5.630635,91.89359050026529,8.409947057553385,11.334773631335302,6.746830509112027,26.621486542981938,7.738843516878557
2015-06-14,7.450175865122434,49.720093,3.52124,40.87953402876033,257.564055,4.06835,45.245911528216496,288.928576,8.356781,14.376581849081962,110.790905,21.641118,29.15955717596711,190.608488,9.788851,12.42019466167326,81.864076,4.845928,25.344363821541897,162.153559,4.992096,91.76491991279777,8.585868877384177,10.60604469964285,7.12988259518206,26.81113361410357,6.838034706148109
2015-06-15,7.243629934719991,49.001799,3.60382,41.22515122484609,263.65825,5.28799,46.234342555888894,294.607129,4.84278,16.090386266114688,121.292862,20.449635,30.24362031015591,198.084016,8.53827,13.923594210993203,89.906345,2.643047,26.041579514526397,167.548008,4.337699,91.90214277452351,8.393669606368922,10.02653753352458,6.246793314484208,26.476791388103454,7.845897721991416
2015-06-16,7.215695439631387,48.04209,3.60382,42.03930428329883,264.189432,5.28799,46.51462959559598,291.106474,4.643487,15.736529777901193,119.006444,22.092132,29.49263013775872,191.284857,9.65282,13.27495532691176,84.941706,3.18714,25.991269055071157,164.207112,4.138406,92.71673450856245,8.386041069164326,10.405934116281598,6.164639122097433,25.902860517107808,8.495331122846823
2015-06-17,7.260650470102123,49.996324,5.241736,41.51551583978248,259.434228,3.53294,45.23750976017321,283.296074,4.452447,17.35218834734512,127.109436,20.150694,28.60278119168668,186.880079,10.572778,12.7072799530599,81.514706,3.18714,25.630549171114776,163.220804,5.234316,92.76984146018125,8.961410756513482,10.734780487279483,6.219735671830166,25.3163928341738,7.895163184950062
2015-06-18,7.188128637430655,49.658783,5.241736,40.68605354873272,256.150562,4.74238,45.486634442516056,286.610669,5.538629,18.834669074982553,132.848919,16.465306,28.78607152170554,186.703654,8.82811,13.883924146244667,90.935922,5.144064,24.124379781812063,156.05676,6.986847,92.20706599531295,8.884696743430643,10.291961305469135,6.445622291636455,24.981964681152665,8.125071739404447
2015-06-19,6.864592582785857,47.336394,5.241736,38.34106981947982,240.559083,5.44619,43.43685508976992,273.35661,6.995637,17.11850430631402,121.682343,16.70924,28.42440630804548,183.052553,8.750051,12.723717128661116,84.624715,6.601072,23.242966957801578,149.437967,6.908788,91.5949698896579,8.57418633059688,9.444396904414916,7.242817665765099,24.92515723159467,8.313795598824193
2015-06-20,6.47657288589683,45.511551,4.754631,38.46490285951893,246.287524,4.2288,44.06252186217099,283.062655,5.778247,17.754040979353118,125.328573,13.602813,28.51498353398388,186.814351,7.370234,11.860843875569309,82.780682,8.140672,22.95495580561017,151.685992,7.230998,92.21038149936793,7.987664215518624,8.721798072544798,6.480148300573226,24.61356636117026,8.141945424600237
2015-06-21,6.294295534118538,44.208957,5.170621,37.27662319790942,235.425021,4.2288,43.640585236039925,276.989276,6.322635,17.6442454281651,123.318713,13.885977,27.630980634548656,180.110468,8.738231,12.307516704343866,83.52169,7.188291,21.887836883395316,143.527628,7.775386,91.81666748777619,7.961652291789743,8.971427220566527,7.0558318266419855,24.7455525762505,8.50188274854116
2015-06-22,6.693912080361754,45.488312,4.58463,37.088721557278284,231.010632,4.37705,42.98330454094688,271.023097,8.370197,15.255939448531947,110.645697,17.423066,28.000351475665525,179.766445,8.668071,10.603016275947288,73.346755,8.556181,20.587319057730415,134.960076,9.159626,91.46124129231728,8.19446697617719,9.433046555677663,7.024416248860822,23.892428166768095,7.476332142513926
2015-06-23,6.171798616609638,43.536022,5.363891,35.920526417109635,227.512191,5.346316,42.24804470849027,268.751811,7.45069,15.34039340457011,113.21862,18.339389,28.012068660813792,182.276883,9.024251,11.555035607002162,79.422849,7.955784,21.35594962408739,142.07366,9.988646,91.49670930292054,7.9063025170308565,9.56233840808644,7.5047350388379215,24.729839424246183,7.069431032921539
2015-06-24,6.176424289400692,43.867546,4.916485,37.3670967416542,239.902621,4.250406,43.65741642534909,281.676327,6.35478,14.439767916562818,111.586421,20.523331,29.371245891796693,192.61344,7.386335,12.751399448046946,89.791931,9.376384,22.05118861032801,149.377162,10.313336,92.52500955167116,7.735626867860579,10.046281437735935,8.185665988615238,25.541767503957203,8.171375923948283
2015-06-25,6.214960022163294,43.921115,4.916485,36.694621834243925,236.095724,5.802988,41.7332163532014,270.316149,8.401566,13.371654678797185,103.280589,19.361072,28.95369691038731,189.89101,8.179747,12.145987607409904,82.981685,6.754364,22.053474998438197,150.909591,12.503611,91.91174960499416,7.781735952331867,10.445634101177669,8.299648676712515,24.13260447346916,7.233125447893059
2015-06-26,6.276102414305047,44.892922,5.619696,38.08019854211804,244.092357,5.802389,43.52107739352258,280.024897,7.688183,14.056293449370145,106.96138,19.00297,29.61751769782619,192.809985,7.475937,12.284279138053272,84.104152,7.234267,22.692871013846933,154.505515,12.503012,93.02534853845657,8.072226197630636,11.222706966074668,8.021021915225122,24.531277742344855,7.533269303916186
2015-06-27,6.290676095325017,43.270923,4.963941,37.8897086100053,236.531227,5.802389,42.47527403660797,266.340756,7.688183,13.723097711595242,102.023834,18.457227,30.002781121574134,189.521688,6.820182,12.224755079808315,80.137138,5.694667,23.042137115264552,151.973266,11.658502,93.02279121214715,7.921007870733675,10.813962042193356,7.940632680821083,24.35050656035043,7.259502250771366
2015-06-28,5.0383610236838985,36.990247,5.528525,36.73567060015947,235.86228,6.468743,39.63564980580688,258.397988,10.895717,12.237756192100244,97.326679,20.908796,29.284435866432588,191.60794,8.74316,11.175379829871293,76.144963,6.361021,21.57556472663941,148.585399,13.85817,91.92722680898213,6.809065429403462,10.277140954388319,6.7915057965821255,23.489978832851516,6.8551381265619895
2015-06-29,5.210087720261658,39.126898,6.418306,37.35084790994308,239.587048,5.100853,38.98375379640559,256.198835,11.461363,14.105960660800024,108.570261,20.013957,28.100924950801375,186.41421,9.99843,11.624991038653619,79.378819,6.397881,21.86451312711029,151.85583,14.591838,91.92502517455982,7.254806568170595,10.053836030563929,7.252548660112837,23.801542742639967,6.828016388873119
2015-06-30,4.798278259615762,37.19467,6.918955,36.15753971617835,232.274956,4.131587,38.81525746210572,256.374144,11.461363,13.758887661525431,105.403214,18.588707,26.497918430844148,177.476252,10.282233,11.786334714987714,79.796897,5.428615,20.207738306400937,141.123536,13.618691,91.65184580476408,6.991393854458676,9.479278590995815,6.33918876342072,22.502575948932527,6.450376548494418
2015-07-01,4.983515671483009,39.415038,8.122666,36.39764723906449,233.674621,5.127388,39.31373415874949,260.139788,13.281932,14.918903212778236,111.480351,17.801932,26.763539356119338,179.331008,11.278034,12.145062823529711,80.269002,4.008015,20.29095903666341,141.429163,14.01866,90.74573080926541,7.570691441042582,8.948905238521741,6.113870673476902,22.653273295731797,6.142987232719708
2015-07-02,5.122374889704393,41.404665,8.946127,37.32638089385898,238.88842,2.365366,40.89914849054228,269.311285,10.148964,16.35744837484698,123.375342,19.724424,27.604729158569786,186.450103,11.529452,12.014923908183409,81.36472,5.230725,21.309107303609558,148.195643,13.167949,91.00950347655352,7.946002762586804,8.84666808726652,5.950553293405448,24.864381028533327,6.423312820959117
2015-07-03,4.561691275179966,39.57989,10.425721,34.95880724653488,229.839598,6.414795,39.49116173135912,265.076542,12.685064,15.607439247000162,120.6101,20.861587,27.098479027286697,186.046068,12.857312,11.169529092833447,76.862059,5.476619,20.795605417838345,147.438611,14.532073,91.13358528940229,7.824272384808614,9.322361825828176,5.801476640666345,23.475710245691044,6.226338123947196
2015-07-04,4.236143387181434,41.654115,14.074433,33.5963395858563,226.187849,7.456735,39.478122620669794,272.753125,15.728287,15.250801203646901,120.980326,21.689011,26.966493846765673,190.425675,14.858595,11.61091154954267,81.0702,5.476619,20.80685070003576,151.536133,16.071803,91.21349727643022,8.559711460321521,9.435440372802734,5.784677313317494,23.049847518199215,6.120357609272198
2015-07-05,4.226140964993796,40.971732,13.903415,36.699504964937724,242.392093,7.33277,42.02969796320345,282.260206,13.061143,16.140252547341895,123.253401,19.875526,29.542105861755303,199.831617,10.615239,12.066556106942771,82.638615,5.352654,21.963338834465397,154.00233,13.327747,93.1566208203814,8.567584999715955,9.5672412699072,6.046224010532766,24.04245718097984,5.888916077139553
2015-07-06,3.802892312199848,36.408626,12.498665,34.20312848571694,224.188238,9.142583,41.536516944908605,271.277875,10.124937,15.53275289607939,113.020473,15.361248,28.81489414698784,190.275289,9.107131,11.52469078939936,77.303844,4.844546,20.15720743482215,136.724801,9.990199,93.20360594113649,7.778731255748215,9.33303870386365,5.546759539121211,23.58399181146722,6.22382418708062
2015-07-07,4.759248184994547,41.081807,11.218755,34.94863807520561,228.436252,9.142583,40.0038802873517,262.922564,11.908557,14.961273432415577,111.323865,17.445742,28.9065045274184,190.517061,9.136218,11.03859772084188,75.369933,6.105586,20.78335855200843,140.886061,10.475859,92.55787363529757,8.33509430893717,10.103049536313327,6.6544461047660555,24.24448775856181,7.423785210669746
2015-07-08,5.3251458959134075,42.145919,9.471593,33.1508724973162,213.495747,10.086782,38.77529548426217,249.9476,12.027988,14.22295722069272,106.56067,19.290659,27.29764327649467,177.314813,9.820417,10.42511504365516,70.912586,6.945586,20.813559732513585,138.304286,10.59529,93.16724120078088,8.412439240033933,10.694910182492807,7.528413865609989,24.538728914503206,8.158974831146407
2015-07-09,4.513269696302993,36.293232,8.648132,33.22064539356676,213.572974,10.086782,38.45094248517568,247.551283,12.027988,14.379308499905335,104.399781,16.322301,27.16587151887437,175.95066,9.551733,9.93167468248981,66.557295,5.722876,21.267013610169805,137.769888,7.503195,93.54499189390634,7.337014380549258,10.323355364104728,7.156153159533021,24.04582232273108,8.019228584971106
2015-07-10,4.162355673975045,32.428849,7.393885,34.04257620635362,211.015666,6.2627,37.622977690152176,235.964521,9.676821,13.44844421121327,98.8471,17.959895,25.75097338203221,164.888877,10.006704,10.328188774584952,67.010783,4.890711,20.810634821902656,131.53236,6.364418,93.08718699869551,6.620995453322759,8.876823724379427,6.40428247177166,23.018981079104307,7.485751817060403
2015-07-11,4.245849933245958,29.30396,3.745173,35.198076140008325,217.687711,5.805486,37.75718928272696,234.505669,7.218324,13.0598830800897,96.333911,17.717197,25.700216907444585,163.29801,8.590147,9.202084372696733,61.89741,6.503527,20.36224284144965,127.289129,4.714324,92.8813447570501,5.490153313687648,8.318373089841662,6.664332224354181,24.17244773104035,7.538837250376695
2015-07-12,5.062155522547025,33.66818,2.182212,34.209558788950964,220.135963,7.356828,38.31066280332991,246.742234,8.45475,13.000138893495539,101.243605,20.384383,24.22988251353078,160.973961,10.267152,8.633214047417072,60.492707,6.795206,20.351824668079676,134.691717,8.105938,92.19093098305194,5.7638456549366905,8.679715152415394,6.4475177365739755,23.888002902695597,7.5219662418547175
2015-07-13,5.3453326467062166,37.304742,3.136757,34.997053205740215,229.25223,5.547015,38.888090222709124,256.135282,7.558108,14.412040801983286,111.611174,19.487741,24.2292317688396,166.792614,11.91656,9.846985640083254,69.606342,6.66327,21.31365518529604,144.345289,8.105938,91.80275028655419,6.326778265866039,8.580382637783115,7.174812502417528,23.120207734035482,7.34739385781617
2015-07-14,5.201065733800852,36.859459,3.683461,34.369894697115434,224.781998,5.547015,40.08745046365154,261.48,5.774488,15.320812049013849,116.265851,18.539105,24.87896629709045,168.828211,10.13294,9.456116249005902,67.178206,6.86055,22.36671265305161,149.515276,6.844898,92.03405297973998,6.355992424409636,8.128521094945244,6.789154405850311,23.133425916886715,7.209856936962051
2015-07-15,4.571893869008525,32.602059,3.036402,36.22719851463528,239.78484,5.509733,40.55352768128214,268.889017,6.636278,15.567253766596668,120.820228,20.149456,26.485866160761862,179.732514,8.45294,9.622820952014466,70.65507,8.42593,23.365648938388162,157.40292,6.301258,92.14636910352937,5.510963661210013,7.324472190138621,5.9544473050684,23.18255797460556,7.064724648482098
2015-07-16,5.9324918481617095,41.535632,3.036402,37.028413709449865,245.807647,5.509733,39.86433728524705,267.374979,8.673184,13.306166569236252,112.651929,26.300834,26.414243119771314,178.007286,6.590612,10.022606882619607,73.468185,8.42593,23.63424325833244,159.676971,6.301258,91.75231537922608,6.868273167047407,7.640160034156057,7.038079426664631,22.295552780799145,7.218447582097867
2015-07-17,6.262699668303616,43.354562,2.107844,37.18749179568511,251.748394,6.828141,40.48677580860319,277.500623,10.850981,14.721766979672859,121.841335,24.882419,27.37552027227969,185.91439,5.616687,10.395142822998613,75.53866,7.07529,24.06991506036123,168.251227,9.724545,91.50945620897151,6.90278908921879,8.940282098597802,7.549846678507446,23.551071890612697,7.519805496075124
2015-07-18,7.290893820804436,49.924783,2.744251,37.86080222379458,252.883087,7.879822,41.022740835704774,277.709574,12.244902,14.860012306543844,124.640159,28.478659,28.361612122010595,189.906698,6.374201,11.451770205659177,81.547345,7.441121,25.0387409745609,173.148136,11.118466,91.5758113271718,8.139042063754998,9.849173166022918,8.325772142536374,24.101503742411616,7.729702397476615
2015-07-19,6.876262725926387,46.826306,3.777848,36.2024564954022,234.069736,7.426283,40.13650827234294,262.73023,11.457866,14.770574005482203,120.469281,27.998929,28.96011718044204,186.915088,5.611895,11.912882460650506,82.101686,7.521752,24.527930290388795,162.197286,8.641551,90.3739498963719,8.083157309078032,8.74813314360366,8.319972140506508,22.965233629019068,7.667905613928305
2015-07-20,7.006876632997357,47.298028,2.823303,38.16880320378153,250.738152,8.469433,41.03955950091389,273.199907,12.709646,13.759229793434374,117.438831,30.104917,29.697598302443307,192.608463,4.108995,11.647755001514652,81.233399,7.301642,25.046940022439884,169.708211,10.727851,91.0135009270742,7.8964846437752225,9.00749557050406,7.87520802694601,24.55374518012724,7.650039255845659
2015-07-21,6.854782624109845,45.018637,2.276599,38.34796267556057,249.857846,10.74449,40.51558424110194,267.61396,14.984703,13.680409594436108,115.905624,30.603344,30.547933439398207,194.58636,4.108995,11.587980638981827,78.098554,5.843322,24.53026574123644,165.957948,13.002908,91.64467244104262,7.585004765939668,8.655696097897692,7.455832113779334,24.994225954960044,7.193251929737389
2015-07-22,6.711613975387315,44.333422,2.821259,38.75363965029802,248.537829,8.841772,40.59356435673578,263.803792,12.727573,13.128720666259913,108.350285,27.147523,30.47448145237191,197.484101,8.995662,10.69822054894213,70.92632,4.756502,23.14992646670974,155.336368,12.151208,91.77469666633591,7.623886425877897,9.240040346807936,7.922584572378201,24.972770835830083,6.390188070206356
2015-07-23,5.57514989158682,36.926949,2.821259,38.05716320848611,242.774492,9.961772,39.82506280625434,255.438421,11.810667,13.542212359896316,108.268926,25.425145,30.601845173322662,196.200861,8.995662,11.69190732224408,77.401138,5.876502,22.48045005066884,149.674194,12.151208,92.28202996044062,6.497514564929499,9.13568194926143,7.420088148913232,25.108518452681334,7.196475462363057
2015-07-24,4.8644615122572645,33.200256,3.838609,38.1801084833685,240.822436,10.369206,38.51585960176202,243.855869,11.376062,13.649434885736655,105.852479,23.465171,31.938023755468052,201.980424,9.204106,12.181915300820801,79.405935,5.876502,22.76642243486005,147.870753,10.453763,92.73941629713039,6.136376929066433,8.544236128552097,7.247584423788419,24.404438127471533,6.659278202682161
2015-07-25,4.611591618859904,32.900831,4.121439,39.00343716811873,253.38745,9.980119,40.20215151446049,262.452076,11.563972,14.19387512860992,111.194692,22.615492,32.42429309532997,212.705612,10.356506,11.35377668593805,74.752956,3.897855,23.459716970708502,157.291368,10.887166,93.38309968609252,5.9324251896346,8.745172694863456,6.559715850475074,24.478250799356896,7.466053918583188
2015-07-26,5.262239406839712,36.248193,2.481247,39.40952826316262,261.224547,8.339927,39.153638742371804,264.445014,13.202396,14.505040546782816,111.737206,18.660688,30.598416894188325,205.786939,9.441807,11.511866442863038,76.852956,2.983156,23.94031385132528,163.59362,9.972467,93.4452118357156,6.035594257556908,8.96495532763484,6.6976133029575085,25.523053750778214,7.96822041784071
2015-07-27,6.043505229065428,41.172557,2.481247,39.16631151406808,258.04462,7.296777,39.68633964020453,267.511617,13.434486,13.971679122124256,114.095061,24.646546,30.95039903778033,210.99442,12.845922,11.678871645143438,77.950157,3.180495,24.36023829716789,164.912565,8.955137,93.97485490861524,6.818636865554496,9.703212960365331,6.614337848001177,24.742981814566658,7.983656203554133
2015-07-28,5.836798068222407,41.63778,3.538317,39.86518706090785,266.593174,6.37478,39.50661815672697,271.447409,13.569559,12.71894708806696,110.657987,27.635575,29.95394456296512,209.722142,14.198982,12.056693725943454,82.448392,3.748812,24.334343093204946,166.874579,8.03314,94.39558115986777,6.9209310299052795,9.192523216727732,6.418461424387237,24.558424146484555,8.06152316992545
2015-07-29,5.83846727994237,42.721092,5.044296,39.02827093923771,258.232011,6.37478,38.615708323130775,265.474823,16.279941,13.866869072093916,115.769884,26.284207,29.75843401049373,201.349436,9.312315,13.60172324556967,90.20489,2.430252,25.655643652453954,173.049475,7.48848,94.21547743116376,7.40181450014359,8.72185467209041,5.987320721148846,24.67316098077992,8.781352442298928
2015-07-30,5.4339251889045075,41.060656,6.049926,38.28367952969916,253.398845,6.73745,38.521633462521784,266.710691,18.516161,14.100185429412686,114.357144,23.509779,29.815495468346782,202.895948,10.794985,12.39428279177428,83.040052,3.183802,24.99542215705166,170.016425,8.97115,94.14646098827272,7.311912039359113,8.231347932391895,5.307560116336035,24.968688764851255,8.090171725838875
2015-07-31,6.662925830911255,48.013214,5.032576,38.42387629393091,252.598385,4.736896,39.240082513887266,271.410577,18.283974,13.714718145616642,116.702416,28.232673,28.70854853530539,196.11117,10.920495,11.234046451555102,77.437155,4.969519,24.82421965057841,167.093582,6.959607,94.40845115819836,8.223241460773428,7.9813923149137365,5.69813872550098,25.268350082648816,8.25085250700009
2015-08-01,6.08347331396088,42.460786,4.113339,37.6191160514417,242.294291,5.160505,36.91951430497234,250.188282,17.464467,13.270382891714071,110.314029,26.663575,28.465844806463636,187.861585,8.425855,11.584089509304944,80.202618,7.18179,22.643255333883268,149.042522,6.309746,93.7615499197676,7.38856087495416,7.096734285640139,4.935834144383587,25.647104023866497,7.731318171770228
2015-08-02,5.866355374057284,41.073956,5.0752,37.290807664045424,234.956557,6.122366,37.10930238606606,243.263493,15.543105,13.743188192730516,111.456297,27.121536,29.4365345315713,190.227838,9.591215,11.848173085365653,81.042064,8.33602,22.784291123904122,147.08689,7.271607,94.70722844044789,7.520464021279179,7.7504622684819875,4.779574997850558,25.85379865829209,7.12621111017898
2015-08-03,5.234517747045333,38.628372,6.937713,36.56008670718227,231.205423,9.864452,36.26313880610962,235.325479,15.782281,13.49878503158918,105.776385,24.052449,29.317697443154778,184.51784,7.023523,10.876763572742572,74.453378,8.603605,21.11606005100865,136.775415,8.935203,93.86130459919792,7.526396992750328,7.106880840267156,6.026360261867452,27.376068204893002,7.91121953592398
2015-08-04,5.302210383524404,37.823326,5.880643,37.225283625423025,233.534983,9.274656,36.58477994858257,234.537086,14.135415,13.96129421376154,106.830557,22.722013,29.756978212511147,185.910092,6.64189,10.428656134926781,70.861776,8.035288,21.469860838561086,137.688626,8.345407,92.9358212114164,7.254482606643552,7.3576807823609816,6.622434199277996,27.86347756525594,7.593947948572321
2015-08-05,5.165714931463533,36.541855,5.079326,35.57065383933279,227.217264,10.569086,35.63003278497487,229.72723,12.717396,12.378215006660842,98.267171,22.875874,28.116693570883793,181.318493,10.069731,8.581838923139895,60.304211,8.035288,19.219203281318865,126.697156,9.639837,92.41678163645261,6.833625998623516,7.255034003236912,6.1640698376891425,25.59655156185397,6.9695681163210015
2015-08-06,5.626551057445148,38.834001,4.073696,33.3447262438715,216.525499,10.524906,35.520589786352645,231.205812,11.762938,12.660278370750158,101.478567,23.264554,25.831719401970982,169.611492,10.025551,8.794411360977822,60.492787,6.161738,18.616602317951,124.607281,9.595657,91.757325563564,6.945346075872637,8.039789842975054,5.938166986690407,24.69613402648165,6.888899120330777
2015-08-07,4.970561558390772,36.734606,5.791636,33.78936921132041,220.218206,9.87106,35.525187918227125,232.842638,11.689593,13.245909301217676,100.347828,17.88878,25.365097401262503,168.672628,10.768649,9.4330196872162,65.414174,6.691303,18.723805002343756,128.585585,12.025287,90.97638146304928,6.831254521076131,8.01863147484039,6.018922486618847,25.610287860240504,7.869674959094109
2015-08-08,5.113100346928742,38.795512,6.717791,32.78859075199884,214.69011,8.986487,35.08553852301773,231.382531,11.268698,12.871668627869113,100.861802,20.109662,24.331062045862105,163.412831,10.768649,9.596625251734475,66.032278,5.826562,18.713695125633524,128.363823,10.960946,91.11081048436526,7.254695100040707,8.561743421774533,6.405809292520173,25.436169041772754,7.405833495397824
2015-08-09,5.205625050350888,38.723446,5.75593,32.33931762677236,214.376206,9.56949,34.634224626018636,231.827156,12.486665,12.051946578336068,97.760355,21.4347,23.541972515576287,161.384577,12.291942,9.186035645791364,65.897018,7.721338,17.883867981465254,123.879157,10.619616,90.77287724053356,7.023366696161642,8.16608496226514,6.5670089900670705,24.71956162334388,7.102891491788752
2015-08-10,4.823912140371036,35.52034,4.609885,32.53301444440158,215.007511,6.543872,34.66352060877193,234.746961,12.631557,12.149334235872812,100.038185,22.188208,23.32700547648608,161.319079,11.845305,9.81811882577694,69.623934,6.711818,18.815078967816543,129.165965,8.603518,91.45601445852665,6.262757360683345,7.896098419705432,5.998782915698844,24.388654723299002,6.799794766862112
2015-08-11,4.570413271704324,34.212687,4.609885,31.502037762871137,211.788051,7.747731,34.47789446082632,236.675029,13.359932,13.62078137075542,106.927805,18.705303,22.83464500553058,160.972462,13.071291,10.587016224529092,75.284467,6.711818,18.396330576017487,129.509453,10.355473,91.03683114625612,5.993864983135606,7.248953975040745,5.530978280152527,23.218991032658877,6.722475219113861
2015-08-12,4.530352783885598,33.333887,3.360563,33.63678257366772,228.998041,6.453301,34.922905491011015,244.740192,13.686318,15.280916388639984,119.985896,18.885633,23.4035700514086,165.644524,10.80387,10.881044607135516,79.649693,7.659477,19.09418781246644,135.390339,9.061043,91.28367521110663,5.546225160434355,7.388224502353048,5.279229703312016,24.923345583281087,6.683716537791618
2015-08-13,4.438222123981717,32.43374,3.360563,36.53029707561855,244.311485,5.014811,36.3035004665944,251.420081,13.609069,15.656913342760593,121.054993,18.492255,25.565729583997975,176.837165,9.36538,11.353667886524835,82.033221,7.659477,20.303308845501906,141.302699,8.303116,92.00991535499577,5.464248626392125,6.790646885384956,5.911730071346081,25.604933564418893,7.349810618232105
2015-08-14,4.447304721550449,30.425541,1.642623,37.4476426608118,247.375633,5.014811,38.12276592913036,257.973065,11.242851,15.804923610359173,121.789279,19.499949,25.32803620434961,174.661593,10.73876,11.692010246824463,81.014785,5.344195,21.28770297411797,143.00446,5.230629,92.72519539279611,4.954914479784647,6.706813279427988,5.292344315252507,25.7143418771714,6.636713680933773
2015-08-15,4.77236400915521,31.059185,0.716468,38.09585678281207,246.442125,4.228455,38.72417205396664,258.392233,12.183731,15.380491220015568,115.983946,18.194697,24.31887909730334,165.358329,10.73876,11.58541874069887,77.656822,3.996665,22.384323229864165,147.585288,5.265636,92.1902265773098,4.997739086602059,6.4404806640638395,5.783432640523099,25.643848994545866,6.7642049788827014
2015-08-16,4.578543844121346,29.625002,0.716468,40.94086549244043,261.180712,2.683591,40.4120311152396,266.46943,11.311324,15.685327581617745,118.041416,19.0056,24.94011884310589,167.85309,10.383314,11.622488224982943,74.331055,0.947659,23.026407918908724,150.578465,5.191696,92.72917988014161,4.805492754841616,6.3068312858127085,6.040111801198599,26.440424100648485,7.087484723937706
2015-08-17,4.25740409522724,26.344754,0.0,40.36499159045353,256.732079,6.954104,40.19715408794337,260.073154,11.333755,15.579024701983336,113.642714,17.239938,25.435689342320046,167.66631,10.270638,10.94419049291505,69.240258,1.517768,23.468455519006394,151.588055,6.365597,92.06518122778155,4.25740409522724,6.286240359546038,5.431627471009623,25.86846008527451,6.1165347207328775
2015-08-18,4.6042698880515704,33.747239,5.243842,40.852049313439224,258.710654,5.810149,39.41259267349245,255.629425,11.640084,15.434243647794027,113.831999,18.284087,26.01151850710362,170.669916,9.641858,11.07076162203712,70.70619,2.171043,24.160133174636442,153.417168,3.850378,92.70380447817266,6.298388228984768,6.819586646996921,5.639186727167575,26.697727698703645,6.725190817659435
2015-08-19,3.562355549706319,33.146829,11.303524,39.43700916508564,249.710576,7.894562,39.883386158845475,257.152613,12.599548,13.550402165130427,104.563803,21.476766,25.32997237671013,165.845996,10.530137,11.367964310258973,74.691346,4.986369,23.528875256974707,151.245318,6.973251,92.5799011265168,7.249267530529603,6.3750645077757255,6.418909099548544,25.835000453202017,7.155797734001668
2015-08-20,2.8801788348193793,32.942417,15.236541,40.25493466776242,255.361446,7.894562,40.71259659801291,260.555392,10.275035,13.689774894017429,109.437853,25.280073,26.049647909417008,170.670136,10.530137,11.534845980146295,77.466565,6.556193,24.594186694558108,157.485251,6.292688,92.95295352224198,7.837173100910221,6.685697647477006,5.699996142166519,27.55447885195092,6.731750412657722
2015-08-21,2.9174662569036833,36.098239,17.665971,38.23290302260305,251.344551,9.792789,38.94144637921871,259.463522,13.435252,14.073282375579222,114.815323,25.901694,25.922978440541737,172.724992,8.946136,11.274810036961128,79.115506,7.882353,24.129920917807357,160.069341,7.618848,93.08870934942158,8.509819220515,6.802613605294638,6.652420092976677,25.918136169086193,6.449065110011697
2015-08-22,2.639103398499206,34.45073,17.665971,39.24721857070692,259.406012,9.792789,40.035002796514924,266.191766,11.568217,15.467477236867841,123.367029,24.993514,26.479937433436362,177.359154,8.946136,11.10662368866871,78.520738,7.882353,24.78221078078258,164.50143,6.885993,92.37421122261743,8.194419873866938,7.099077024444718,6.2885035738061115,25.487006001924588,7.2343373788227305
2015-08-23,2.232135056864211,35.748768,21.111125,37.313793071593054,256.265995,11.57382,38.59472627648964,266.82306,13.730926,14.394955002869015,122.502902,28.105293,26.58108987690657,182.704427,8.39396,11.429814083623738,82.835496,7.882353,24.154444620959936,167.410838,9.013551,92.02834228601743,8.670723865505394,7.1000125718108,5.297125664268897,24.046708310557392,7.61476312490902
2015-08-24,1.9609895880225743,35.941961,23.209845,37.209738758521674,250.277209,8.685559,38.94359262069892,267.031279,14.182237,14.433606062627163,122.725879,29.012813,26.683388566035333,181.370282,8.12306,11.5792663274738,83.78526,8.604564,23.676062386772056,163.186419,9.464862,92.41629025723083,9.110510435086457,7.7218684559961694,5.333632077076403,22.97906508359796,8.325330396011678
2015-08-25,1.4262325969669267,29.230261,20.140795,36.650930761823076,243.293194,9.714611,39.00797821760995,264.760929,16.160741,13.510476315831236,115.942544,29.839467,26.149977786338326,175.062026,8.406647,10.114860427033227,73.992638,9.530025,22.18945509200175,156.155484,14.740754,92.74586343691229,7.74683676839537,7.611772138234015,5.405880483731076,22.91460093347998,8.507629849639295
2015-08-26,1.6525187479910843,26.09571,15.853099,37.54141484938981,240.318698,7.630198,39.522264580632424,258.004034,13.037868,13.267758787221817,110.668489,28.432513,27.230155034732757,176.274729,7.497288,9.540517612019173,65.746364,6.612505,22.73013476911104,153.348845,12.463346,93.27614744132481,6.767922098027262,8.398297254100058,5.4997557654580564,23.107470448969206,7.739496918436441
2015-08-27,2.432732018953363,28.122277,13.104882,36.64288604205729,233.828846,7.630198,39.06802587531319,256.236716,15.06754,13.403706670388866,110.020803,27.278949,27.39891146164819,178.118738,8.983678,9.60674083450363,66.728066,7.425101,22.785424497048076,154.605475,13.949736,92.2091409595049,6.6785637422323445,8.306605398379846,6.6153814390507115,22.224452415408756,8.590850597353485
2015-08-28,3.016676997985958,30.923869,12.488282,36.506501910915254,228.831359,5.731971,38.52117004435207,249.131628,13.720153,12.119864451755648,104.920727,30.853528,26.978165376766178,172.177936,7.308341,9.10223674396271,61.724743,6.098941,21.105629589995445,144.399834,15.418617,91.62093662496756,7.10367602370313,7.589030561667998,6.444350099995853,21.829558454137214,8.162522771340752
2015-08-29,4.220682246694651,38.639454,12.488282,37.62739411122168,239.712835,6.575063,38.44370735931125,252.75886,14.563245,12.390469226658748,107.917394,31.146561,29.201770362409256,189.08439,8.151433,10.133919086343008,68.888283,6.098941,21.703711575382094,151.956585,17.481289,92.44346728991724,8.251788013512014,6.663147770701092,7.008923328019261,22.685443297732615,8.001667712915875
2015-08-30,4.745639512803433,37.908259,9.043128,38.73405352342891,240.392106,4.794032,38.97787520396211,247.884854,10.803746,14.134250262463171,113.055883,27.084965,30.0702483315055,189.271285,6.370402,9.573852613972202,64.331453,6.098941,22.420609732386012,151.179453,14.80714,93.64860727842886,7.719152818953963,6.723735568438458,7.038764700038737,23.65775625117165,7.210369632821978
2015-08-31,5.196517533615113,38.529518,6.944408,37.56629911070167,232.027108,3.694252,37.53826943788537,236.624554,8.462066,13.430713840733688,107.71686,26.083233,29.331252542095527,184.40623,6.127059,9.077239291833068,60.52266,5.350018,21.365783780178567,142.872872,13.008857,93.09888899598872,7.481565008996838,6.022012852021563,6.42588228741406,23.891985353778626,6.767843703485542
2015-09-01,5.072730988549282,37.110586,6.600264,38.18860058479275,232.16499,2.47678,38.06981314324575,235.243746,6.269992,12.733050540294183,103.381783,26.797893,29.392235215547725,181.691396,4.909587,9.459586605551127,62.926187,6.030792,21.761622499956434,140.204278,9.317363,92.57935955310693,7.267487486065516,6.717435006881284,6.135642463993134,23.71806973167448,6.019492116417465
2015-09-02,6.569585918636962,44.497331,4.828278,38.10574704965473,232.570262,2.47678,38.9694017551842,241.57847,6.269992,14.622571392410755,112.288075,23.992775,30.22146369304289,187.971398,5.485491,10.515319426175514,69.597979,6.10345,22.388572219486225,144.578672,9.390021,91.8747105905767,8.168806709718847,5.611271603800798,5.731082049813661,24.350344935011037,7.194200029055255
2015-09-03,6.3440780662308685,42.135465,3.643478,38.62996192689889,236.859771,2.47678,38.436172295876716,239.749454,6.54226,14.356102039753804,107.736436,20.632386,29.16973930239158,180.983245,3.999101,9.55760405793424,62.309118,4.31942,21.510321225328596,139.432369,8.920891,92.16470757754875,7.545081738220818,6.032874495573146,5.153669397154371,23.72666154311154,5.9443354164848845
2015-09-04,6.0355010520817025,39.319353,3.027468,38.617709087634765,235.922654,3.7117,38.74139467733243,238.919034,5.96435,14.637083533142556,103.675687,15.661892,30.01948728638596,186.978193,6.468941,10.115934606120078,66.382154,5.55434,21.68770962007501,140.833887,10.42419,91.98605403691086,7.042463699469331,6.806456932928122,4.569883108212134,23.82298625564444,6.366800420215359
2015-09-05,5.186382367892737,34.730321,3.724438,35.89750822709441,218.869544,4.262548,38.15638248013152,233.92951,5.818228,15.334649130943134,105.274747,13.59922,26.928885122468316,168.554111,7.564465,9.498357709082327,63.035586,6.25131,21.05499655196103,136.802995,10.929368,92.41960888815409,6.432362659665733,7.74743972212822,4.234242540515984,22.548778665571866,6.77085141078881
2015-09-06,4.98747988133433,33.124198,3.724438,34.00526251280279,204.713794,4.262548,38.59741980630946,233.338921,5.818228,14.374611314801186,97.369596,12.635395,26.428787324233365,163.354568,7.564465,9.869413478604764,64.428665,6.25131,20.933186308916675,134.324483,10.929368,90.95632229731305,6.251133706690529,8.22374729895648,4.526816193325798,21.377851421931094,6.997129885469393
2015-09-07,5.474243219505437,35.867445,3.724438,35.335060049682845,210.73979,3.263608,39.82135952299189,239.636527,5.818228,15.807070645995147,103.586991,10.772923,26.84393450994448,165.28546,7.666454,11.660581898115447,74.872179,6.404968,23.01448702640319,145.519685,10.385971,91.46497663555593,6.742853805190119,7.693635958361337,4.601044647785475,22.620515315609467,8.069256534322278
2015-09-08,5.853894374935156,38.811961,3.438946,36.08434682232724,222.147643,4.102687,41.272924613408755,256.749175,7.351477,16.794057397309885,112.124187,10.643633,27.962323284035307,178.735058,9.76862,12.921352850717177,83.151907,5.072738,23.387594728131884,152.52565,11.20268,92.15062437682417,6.992119467995828,6.997079380751674,4.947158576264978,23.84095253255262,9.014875850898054
2015-09-09,5.476857993689537,37.422882,3.438946,36.84307425159616,234.576386,5.964894,40.22588813441364,259.755698,10.153826,17.701447396052185,122.048404,12.210819,28.929108007435296,188.607281,9.101996,12.953789357172681,84.532954,4.154615,25.17226079594346,168.575823,12.381797,92.87633937403511,6.585300458386191,8.513901212473792,5.452476227875027,24.63090320976602,9.151216000380675
2015-09-10,5.989253829592817,41.440727,4.281201,35.17213980586669,226.155646,7.934799,39.96804537593945,258.640449,10.664046,16.884124832644275,122.063171,17.307872,28.071676481047614,187.4322,13.26523,12.705248733910631,84.49077,5.66275,23.864919211986013,164.227151,16.160445,94.04919973353026,7.369314462470998,8.333131795164913,5.489199072189567,24.636715974289807,9.187898832920819
2015-09-11,5.684534104795294,38.736962,3.966795,34.58647198586192,218.25238,6.699879,40.72227173399855,258.512017,9.429126,16.0263238147534,118.749033,20.72201,26.66836763720653,176.480695,13.360274,12.722313201306715,82.245457,4.42783,23.48436469537535,158.154414,14.509347,94.69119544594395,6.981587493364377,7.618774275057276,5.5987871534979,24.962157116684615,9.58455046070884
2015-09-12,5.288647332575694,36.170139,3.269825,35.40815677782724,225.577665,5.305939,41.14033606345331,265.496711,9.565489,15.606361106939845,118.572823,21.486716,27.975081636203715,185.452731,11.421658,12.237197304848095,81.693765,5.566996,23.32326173912216,157.033916,11.941497,94.41097708365304,6.339880537476981,6.845688531611647,4.810918090560688,24.84295419200815,8.610985994536867
2015-09-13,5.851685820204972,41.625938,4.126601,36.060593121413326,237.285909,6.198941,40.65493291160003,271.929804,11.400945,15.831193057009003,125.128467,23.67749,28.94440148997041,197.798963,12.31466,13.737880072484849,93.603403,5.566996,23.741443312803586,164.976704,12.834499,94.8431328559169,7.13957912655029,6.200886273928682,5.012103552258148,26.388910130883975,9.85606288368339
2015-09-14,5.209588440737509,37.927702,4.126601,35.75968433450026,238.216636,6.198941,39.548994880027585,268.004626,11.400945,15.632548469923199,123.051418,21.623569,28.875583259354066,198.758595,11.406654,12.092877894607557,84.195293,5.733704,21.898464467568086,154.917164,12.834499,94.80535087758709,6.481611672710684,6.0339496741019225,5.173932589520297,26.163186414033184,8.465474234311193
2015-09-15,5.003905172238348,37.590111,4.539782,34.38528266727456,233.489939,6.37834,37.45210489060713,256.942643,9.574968,15.142404863545138,120.946368,20.93219,27.607056410485733,192.303454,9.96141,11.438272393334513,81.105151,5.556424,21.78701016529356,157.279467,13.378288,94.00695162536381,6.378574612329826,6.17887278881562,4.9270205182627285,25.738547173579185,7.315130852846479
2015-09-16,5.079277571522774,39.576262,5.821372,33.537164180147926,227.390995,4.516133,37.95458753223027,259.003947,6.772619,12.47995446906001,108.948845,26.011954,24.72855329788719,175.594983,11.2587,11.53541326748582,82.216264,5.556424,20.319757899188662,147.530343,12.493188,93.8063091968557,6.831223096161762,5.76884512994616,4.456603511667011,24.07839702912621,6.791853638635822
2015-09-17,5.272201668117049,40.125452,4.979117,34.82058675673096,235.297263,3.171088,37.83829026346694,263.237488,10.994249,12.746734259890019,109.294931,24.320755,25.186897400169773,178.945156,11.040514,13.318814740977961,92.237763,3.449899,21.3802734217888,152.988179,10.45982,93.38412410541828,6.76600800400669,5.70760118123133,4.331936579225622,23.39370438727797,7.330715483494619
2015-09-18,4.9712934513798315,39.320938,5.414883,36.0995250278876,251.5069,5.294824,38.848932048594406,277.276475,12.312429,13.85394530385259,118.60263,24.113613,28.81491108798317,206.253952,9.72563,13.35738550269169,95.870375,4.768079,22.92205677409954,165.46764,9.130758,93.62366963481747,6.559149803166438,5.86983239183611,4.349989810301828,24.350825688848193,7.06101591558351
2015-09-19,4.5095247374256875,40.996144,10.564973,35.98543486968668,248.131705,5.294824,37.80386045660789,267.209175,12.101196,13.593058823701135,117.189165,25.460497,27.88418032979954,198.675127,10.507125,13.678176495428412,95.235002,2.931943,22.307644106798477,162.718638,12.182213,93.67026401406662,7.640722488161897,6.289865793305759,5.062883925113561,24.460602648337666,7.059403100158951
2015-09-20,3.164793087814386,37.356446,16.655094,35.75166683963348,241.413715,7.557087,37.51433335963456,261.41327,16.026795,13.138461955608355,110.018176,24.077668,25.344865312420595,179.743279,13.958988,11.94120153835712,81.041004,2.931943,20.60424089800285,150.635873,15.860666,93.09100908961551,8.25720699083858,7.074942891140081,6.059266288412063,23.64056293827572,5.939159074548721
2015-09-21,2.9106419623051885,42.579417,23.731701,36.91325564636488,247.13205,8.102115,38.0791877743573,264.09361,17.51374,12.918744673526412,110.706241,27.051558,26.0811207613047,183.391005,14.504016,12.726433246105467,85.964505,3.555125,22.429607488751095,161.647492,16.405694,93.33997944047077,10.240387886689872,7.94360984185094,6.887568921215779,23.568835834838055,6.677697323770324
2015-09-22,-2.9898510122339212,37.703072,56.228811,35.51253059274278,231.722696,11.679667,35.25362224439693,246.708058,28.269279,12.564661321057507,104.308194,26.454938,24.18232620102713,174.09752,24.258795,12.54442862415944,80.533015,2.805125,21.207803595905062,148.926051,17.518087,93.72616631041222,15.159575305934528,8.075157153211677,8.242657661038393,22.27192634886464,7.201821085388726
2015-09-23,-13.273887336228595,32.599936,113.693851,30.782270625586083,211.6669,23.609342,26.67175831829195,224.338522,61.393241,11.83418564168155,103.547868,31.249496,18.998999645056465,161.620918,45.55068,11.604182000746063,74.98604,4.092825,17.06914538911699,137.218276,32.938061,93.11809798649729,23.94615239168344,7.506394266605704,13.35668397865867,21.767543517453376,6.9731318897882515
2015-09-24,-24.09688660484381,26.455461,172.898902,27.63797252513657,201.144741,33.181142,18.46758384166507,198.236518,86.003906,10.516975776268911,100.925128,37.010559,12.576294147607173,143.41775,66.988134,10.819324537455671,71.467788,5.715762,12.860603907069601,125.456127,47.298682,93.46320124523282,32.803240941271454,7.048058533022827,17.788974920793592,21.93975073139795,6.737395356557774
2015-09-25,-35.937032924927664,22.528559,243.346858,23.5320264420287,189.723721,45.129089,6.162569000444384,169.419502,131.553048,6.816951900143755,87.286405,45.399037,3.363101882297564,117.508797,96.843918,9.43539633460109,64.658214,6.681581,6.611250430165058,111.746567,71.12315,92.61928362808902,43.269845198191085,6.825196226914477,23.988202921397974,19.536343931739424,6.072624661530456
2015-09-26,-47.2045298905976,17.673376,301.44702,21.55384570975428,183.860353,54.28776,-1.3704657936043958,151.817409,160.056069,2.8094039751000244,75.660396,58.771449,-2.129760627034719,109.769909,122.573128,9.131980725195891,63.693598,8.795997,2.7113614737596974,99.223286,82.923729,92.69881789228424,53.08431064754324,7.250306102316226,28.592366435365,19.104189629271843,6.154873819763217
2015-09-27,-56.65728449565353,15.436675,362.700085,16.26946078911124,166.709286,66.990627,-10.395757802109994,131.049128,194.76673,0.5812316924704499,70.404478,66.841997,-6.1756230137861134,105.5957,143.447283,9.160277132879534,65.589907,9.444804,-1.0334752703529808,92.12336,98.457729,93.00065299628322,61.69438349287838,7.213849154572663,31.612777410150965,18.89511411700421,6.050071077713985
2015-09-28,-65.09055122425403,9.191161,410.583421,11.3973917259139,147.313559,77.029551,-20.23261071055317,107.303916,232.071846,-1.6490199952607514,61.469484,71.638454,-12.788000006687557,88.715582,167.575019,9.19183175927405,66.223688,9.540651,-6.98597309032401,75.636278,118.716502,92.63196946577418,68.0714643882541,7.0704891414275135,34.672864383927944,17.125497604278554,5.437136747200308
2015-09-29,-68.89799887474774,9.191161,439.293826,10.624303390241913,146.950239,80.62696,-23.932718581491745,103.688541,253.090936,-2.898274000485613,61.21341,79.306176,-15.397349205565417,84.954784,181.07428,9.930578848133036,71.533285,9.540651,-9.15954421396757,74.892822,132.072195,92.48558002732915,71.84265675188796,6.2937074979292476,39.06380037709446,16.4089606730785,5.3072919413669
2015-09-30,-70.21594316783255,7.017275,442.486791,11.781507452210773,152.68785,79.620579,-24.18437211172882,104.089398,254.077511,-3.769597575385819,58.431212,81.809732,-16.28921154705992,85.831684,186.855109,10.930179916400737,77.857335,10.069879,-9.784621823873684,76.936895,137.619759,93.08070781561138,72.4789010305044,6.316577929726076,39.926109114071636,15.754900954365963,5.324159194507577
2015-10-01,-73.0802252170978,5.868265,466.17617,11.007277531857437,150.891244,81.560083,-26.26249318970837,105.759253,271.177917,-5.336229578504092,54.773313,88.384439,-19.243271280412745,83.377069,204.584001,10.214653463603591,75.825552,11.486865,-12.04240073920672,71.152731,147.003787,92.86654977016194,74.94356114148786,6.161887151190686,41.67207836842066,15.153471410006544,5.105384177511654
2015-10-02,-74.3900828700555,7.724133,465.00551,10.90033033665361,145.923851,78.918709,-26.317249543508048,102.758175,264.532267,-3.9139080280927914,58.100155,82.159239,-18.763246829983075,82.420972,197.760047,10.872702722630443,76.038179,9.202866,-11.388917717417456,67.105219,137.113744,93.70060630012478,76.90319152861926,6.708095274017863,41.92195043598658,14.846130283725667,5.235531684890414
2015-10-03,-73.89060203937373,9.850343,463.868615,9.011410500616462,137.743532,82.373229,-29.373769003021195,98.154173,278.64029,-3.2178174423636983,61.53121,81.302979,-19.591036111124996,81.933403,202.309853,12.280219032159858,82.543835,7.08845,-12.763167937792375,68.124073,146.546921,94.63879246015424,77.09685085996891,5.710625551816692,43.44408427516774,15.185777266919512,5.3071193547042546
2015-10-04,-74.95678084656643,8.27204,467.933731,12.196665805306631,150.066916,75.272615,-29.56828952055274,101.705523,283.028811,-2.995800953413283,65.414423,83.785742,-19.43497265940848,82.179656,201.361834,12.566368554234458,85.339975,8.278525,-11.280880635711917,72.323857,141.502237,95.1480680016255,77.65461493443708,5.46062721876885,46.55559033192845,14.97344295720845,5.7628811802497415
2015-10-05,-74.55574812004686,7.17541,475.223969,12.057651145248395,148.366631,72.670707,-27.511047756698083,106.389586,279.099358,-3.8264931249026746,63.253907,87.275993,-19.242001505133945,78.003621,198.801699,12.382892498303686,86.709052,8.971317,-9.38378754118274,77.4375,136.347354,94.6383683130956,76.84169922632114,4.6538029216962435,45.40613248617778,14.710791038827375,5.5739926933485275
2015-10-06,-73.31913849022571,7.17541,461.257036,11.4754237486863,141.251838,70.182003,-28.28667455086783,102.888653,278.074279,-4.523950644699829,59.032122,87.049948,-18.44713397978435,76.730155,190.977332,11.33728964946006,80.846425,10.632085,-9.216707150689635,72.291621,129.372725,94.78859172693139,75.63632046540721,4.700349324044868,42.85956924285232,14.084011602770246,5.255546856420336
2015-10-07,-74.02115769114624,6.97315,464.443247,10.048856332257577,136.408773,74.304215,-30.904553775251298,91.339974,282.338192,-4.843047971381005,56.251946,86.183248,-17.315747123320264,78.266912,185.282754,11.094174916044123,79.380057,10.815157,-9.487452885709779,65.424333,124.059271,95.12267095385972,76.27774512336923,4.7517900177589745,42.60876373850284,14.530322666890601,5.040183648804326
2015-10-08,-71.42151395984729,8.000813,435.473534,7.806033074070561,124.157974,77.437231,-29.296421983534067,86.612485,261.957707,-5.52400433451163,52.112876,85.175199,-16.250601194498547,75.311215,172.574467,11.043628371194885,74.651239,8.55281,-9.280516307945554,64.99834,120.544174,94.94821506213418,74.09504211403156,5.89725994318,40.9803534260938,13.38919456964168,4.619399067781331
2015-10-09,-69.03339623139709,8.722405,435.556558,7.403380200466191,127.521504,81.746333,-27.644551036619603,90.795201,261.721726,-5.7986513370490265,53.009979,88.863096,-16.66452299648856,77.631598,180.668504,10.95936949229589,78.874168,11.112281,-8.494509183700735,73.999992,126.521624,94.9395411097549,71.85480701225238,5.529351254672639,39.74708420395439,13.744282998544,4.410098912315779
2015-10-10,-68.22956031436989,5.639673,429.754158,7.142698416355901,124.974339,80.575374,-25.738085786171293,92.036361,252.024128,-6.603878009693393,45.03225,86.081911,-15.75288491747601,74.028496,171.948322,9.490847048428975,71.458692,12.463651,-8.08142498572187,69.441182,119.675265,93.75538702123072,70.04412889297821,5.745761244981278,38.48698496732436,12.512874471068239,3.849691129731169
2015-10-11,-67.50333499037941,7.723013,427.770558,5.884732797764104,117.999821,81.38137,-22.91552601286871,94.44607,237.040661,-7.533318024131365,40.406422,87.283391,-15.808723887593215,73.815687,172.187355,9.925214208232557,75.203355,13.442527,-7.635007840709646,70.52769,118.037436,94.0128325224596,69.9855736792119,5.471493141276371,35.99719115061059,12.517998791553875,3.2874600721787703
2015-10-12,-67.78218678064188,8.485395,416.311114,5.801357984154455,121.026047,86.120962,-22.51973935294179,94.401624,229.896351,-6.541388907835199,45.387101,84.744737,-14.952206150930959,81.157963,171.121042,9.554905076701578,69.418412,11.929325,-8.517930111492273,69.975988,121.225898,94.1712762267404,70.60279667355314,6.273744769105003,37.13630838523233,12.943798192891942,3.6647565317505832
2015-10-13,-67.0357441256176,11.578122,415.729903,6.209126632102318,125.016343,87.582141,-21.313073417749226,93.906591,222.400974,-6.215427284223791,45.338969,82.811157,-15.219428055674669,81.015252,172.771658,9.214847700859513,68.35533,12.799937,-8.750408563353536,74.83472,127.590056,93.67801396929846,70.87661807612574,7.119173278673277,38.34666101389395,12.615495389519454,3.6634291356395496
2015-10-14,-64.65863670615093,12.230836,408.208877,7.228068294011999,130.408735,86.143089,-18.34074588556035,100.409897,212.73105,-5.6421329099878035,45.596289,80.149457,-14.920470128385846,80.065402,171.440334,7.9946106911541985,62.75611,13.796057,-8.582511615690573,78.329578,130.890014,93.04591207365227,68.65294497405063,7.103696714269018,36.76138276328498,12.426862801425829,3.8699750609401846
2015-10-15,-63.078750631245285,13.324193,401.153986,7.206423294242484,129.388954,85.081392,-17.769254014142938,101.736248,210.987716,-4.079975226235631,52.663471,77.748558,-12.451090541554485,87.03227,163.585845,7.918426027557795,65.267696,16.582497,-7.468219847859267,81.136098,127.053275,92.05304693664479,67.41298932450412,6.617213808422272,36.79872399831332,12.859320695963062,4.2969946746480865
2015-10-16,-63.153035428939575,10.746733,387.492442,6.830991725093012,124.93652,84.18556,-17.11663715507494,98.51538,200.62638,-4.867478881895686,48.892209,77.929638,-13.929081339015426,77.602981,160.6983,7.5130350104066155,61.670986,16.851229,-8.906057483196268,72.08661,125.216581,91.73143017860514,66.75593676892196,6.478570138244851,36.47298823475471,13.464414367027105,4.663964712964014
2015-10-17,-61.98412495490804,14.931499,385.747867,6.874652382695641,126.632864,85.505662,-17.43396678669437,102.023393,206.32107,-3.490785473627141,52.944193,73.827611,-13.105963021488808,78.459259,156.864909,7.217270389911212,61.228163,18.051269,-8.361748379042925,77.578463,127.602129,92.43635912121061,66.97589975045905,6.288309613338834,35.06232161796378,13.657708541765533,4.883437244987036
2015-10-18,-60.96644728607671,14.147099,380.77369,6.175589038337386,124.414704,87.277307,-19.997972688387343,94.6676,214.927003,-4.061918879824876,52.690826,77.117499,-14.157775229426909,72.918238,158.057148,6.002429115548501,53.303385,17.207299,-9.840708156438975,75.742568,134.920451,91.86118463895578,65.67149807402902,5.929988901851624,32.74996011859638,12.72391430108122,4.303050463260508
2015-10-19,-59.24573893930736,16.373357,377.577497,7.181006448450798,124.587185,80.806665,-19.493895598650717,98.110706,216.959351,-4.057647240958382,52.554079,77.292381,-15.555077184683807,68.664316,163.499124,6.359937987939944,58.511288,19.736585,-9.821831537538262,75.646844,135.527711,91.82531661014346,64.61694888381176,4.973117258836186,32.73764060380584,12.889009140249765,4.23159644477547
2015-10-20,-56.78672794749646,18.460296,368.353605,6.651463805553242,124.994777,84.011562,-19.786004755741647,101.362811,223.274936,-3.079934719949142,58.607086,77.584206,-15.41776877128207,71.748462,166.745556,6.325802815321683,60.533902,21.557258,-10.28352912272473,73.690209,137.052515,91.47029913183019,62.7788391414962,4.445434140394528,31.250730307272757,13.71697682926869,4.502770356739732
2015-10-21,-55.7126429537104,21.458581,363.103745,6.828243717440195,124.814486,82.941828,-20.3762814884235,103.444563,228.397494,-2.926234128337557,56.34728,74.291748,-15.890275278817882,70.778496,168.22201,6.196004141041655,58.939003,20.943411,-10.882777814785982,67.427941,134.164111,92.03126360883935,62.71121566903367,3.7238691327123616,30.98291408561604,14.149376409907354,4.518206175898711
2015-10-22,-54.83250652975863,21.035613,363.267761,8.642754928314371,129.640332,75.697356,-21.051900055632945,102.032894,233.426431,-3.0058078800618686,50.495935,69.256414,-14.460866332335796,71.578371,161.834565,5.617840147361064,56.321986,21.258743,-9.68678426227633,66.241904,126.701095,92.51038997618275,61.573167183181376,2.8527192320847865,28.74545230155594,13.937030682561103,4.031818528796894
2015-10-23,-53.330218935095075,25.030354,358.481401,9.224500204695756,128.472708,70.795854,-20.89409138774846,104.340611,234.982427,-3.14457829735594,50.56198,70.223683,-12.973228897914776,77.024287,158.140338,6.059982433629616,59.36124,21.470762,-8.43474011835689,71.474079,124.212901,92.43935677832431,61.33663709363775,3.1749024571447375,27.937204724023783,13.372609168970417,4.143534047127565
2015-10-24,-51.929141015451584,24.354158,353.066667,8.626761638349603,126.801334,72.193759,-19.46774324249189,104.024387,227.255594,-3.4677706357696194,52.545294,74.496352,-13.226433252349127,79.899903,163.623492,6.591036838958561,61.855388,20.133992,-7.862834686237136,69.344539,119.116441,92.29241537248502,59.623953171776236,3.4989697465654985,27.240009812606992,13.499802050393155,4.193878908900472
2015-10-25,-49.103584173845995,27.181618,333.844411,9.341107060501727,129.464983,71.127694,-18.497171705106577,108.24291,223.761857,-3.459835595472761,52.032898,73.64034,-11.835866021983543,87.907972,161.825585,7.213654967196059,64.729057,19.678179,-7.058422699702896,67.671045,111.752463,93.17537650838229,57.808356307349186,4.32420116076639,27.567061833499096,13.400826037545393,4.592965337864089
2015-10-26,-49.07424132762927,25.476578,333.257874,8.691601809034932,128.221812,73.710272,-18.072711663276962,109.875868,223.223369,-3.6928981221907837,50.229698,73.390626,-11.36717899254132,88.631243,159.92333,6.914254690537708,60.837515,17.473049,-6.757249987464819,66.669789,109.049561,93.22077161184859,57.19847599180567,5.036070300415414,26.62003026164109,13.4382320880176,4.626300356884691
2015-10-27,-50.190967228938156,20.296912,338.427816,9.31742890812367,130.533787,71.476107,-17.58788822718398,109.886387,221.365625,-3.7153254239642846,48.296075,71.845329,-12.503349124881646,83.199356,162.450703,7.553661991145157,63.406607,15.528404,-6.3889958413242365,66.386822,106.882894,94.48588246864472,56.595385235688255,5.470762017710023,26.11768389827498,13.465041800367992,4.666663293580727
2015-10-28,-50.55149385232755,16.486393,333.767696,11.31434035727268,135.822692,64.809387,-15.517814440248962,113.104479,210.500461,-3.547635671348167,48.366789,70.633163,-11.121261147014296,87.090544,156.892007,7.955548027246251,63.078318,13.146131,-5.0095451560708515,69.103696,100.545596,93.7611260468536,55.80495055782121,5.567876847379613,25.234534674581578,13.381703782795068,4.559286595673847
2015-10-29,-51.07391495878324,15.873391,329.746215,11.149775157683822,132.038819,63.518295,-14.812393938005378,115.136577,206.165587,-2.984667679359651,51.32771,69.669873,-12.395543905695364,83.648322,159.824671,9.076323207184538,66.092356,10.314153,-5.949017929065842,67.924871,104.484337,93.83265203933232,56.239804835515706,6.581128215836126,26.455748716321164,13.877773298230577,4.958817094056258
2015-10-30,-51.38678384845635,11.87865,316.278468,11.021443483070408,128.022867,62.735158,-15.469793055320844,109.779685,201.418076,-1.9400242710189075,51.861369,63.353488,-12.290169416908734,80.198763,153.002022,8.53631281241915,57.840475,7.273931,-7.255553349332561,60.680474,103.660185,93.59231626129147,55.397335654774885,6.1380878129320475,25.481464530360125,14.222539179605825,4.423583119625211
2015-10-31,-50.9749517199436,13.027968,312.357381,13.635916923666239,138.166034,58.094727,-13.990767178887461,112.271501,194.42652,-1.2065280265944773,52.786256,59.871095,-10.228657992179583,81.836401,141.899983,9.007556104134206,59.828978,6.935814,-6.280045646657616,62.010208,98.88719,93.49232374695544,55.4122038640152,6.649879838913388,25.952524987699395,15.414928686842735,4.293614996631667
2015-11-01,-52.33501905220991,8.901568,320.947604,14.511146012189021,143.84417,57.321882,-12.475083967074356,116.205927,190.588254,0.46677811542581765,58.064504,55.281353,-9.305623882232519,80.184479,135.668992,9.062846183546668,60.340987,6.304029,-5.42025860234575,64.759524,97.077659,92.28660959284657,55.32088445108677,5.98244699234221,25.67266905220445,16.689171010733876,5.013261238392093
2015-11-02,-50.63471585207754,7.617968,311.408544,16.357651699439284,155.264089,57.123903,-10.356931884123922,121.620023,183.75799,1.6509121200312142,63.813364,53.908469,-6.69882919804826,85.897639,126.08827,9.540830119682015,64.127874,6.886232,-4.2942377875952324,65.184833,90.948757,92.76349377616867,53.174186629144835,5.568328930170971,23.90368230909787,17.760568022195613,5.0157913710053945
2015-11-03,-52.046990439039995,8.676728,318.996217,16.09567268311657,154.477757,58.510615,-11.050201246514057,124.053224,189.937779,1.7831539279630833,65.49056,54.858871,-6.062246089155829,88.202162,124.347059,9.7300402087815,63.170885,5.157519,-4.009052836835847,63.144847,87.048001,93.19380928675953,54.95752358482093,5.433751815731318,25.301107145229313,17.952217315636222,4.338850194818787
2015-11-04,-51.87750272308301,9.441497,319.400602,13.433407650352363,143.00577,62.743483,-12.721801274842596,117.33129,193.341852,0.8559074568823256,63.383228,58.269329,-5.741789492007752,90.678976,124.985175,9.985086564062568,66.374544,6.715379,-4.751493709352611,60.689265,89.078618,93.43246543060589,55.03792794322605,6.225960496509905,26.50523361929899,17.73525219145173,3.5294497948494583
2015-11-05,-54.00671277222847,8.396565,324.33505,12.782372603055373,142.130548,67.353854,-12.723727158248824,115.695928,190.129547,-0.10417701088751598,60.15703,60.766464,-5.899115506692018,88.731829,123.241569,9.719581747952615,62.527421,5.668009,-4.518071905570048,59.197594,85.628249,93.97948743965,56.87734041500106,5.2794924292350425,26.431957103647303,18.187780558709658,3.04387986796145
2015-11-06,-55.20997854735683,8.396565,339.391721,12.879835991604827,146.154222,68.936961,-14.134092789115996,115.543211,200.279999,-1.4829562216993653,57.480661,66.371288,-7.414268865821826,84.43946,128.889524,9.50239485543556,63.487735,6.518927,-3.756952076353417,60.541129,83.064828,94.15486839124591,58.01107194777801,5.343088250872743,26.366863533430624,17.700346975607324,3.3075567904238405
2015-11-07,-56.84313298991485,4.875037,340.426019,11.280087871179806,135.281725,68.694182,-14.637211627841978,115.491073,201.89607,-1.5931595348433747,59.752026,69.156614,-8.766793930934305,79.675901,131.427206,9.463747653927463,61.5079,5.642404,-3.6909502773387053,64.986191,86.774258,93.80214191311545,58.49481867338429,4.9897342245982985,26.119892202696533,17.65291133675059,3.6933908573426875
2015-11-08,-56.36356359461496,8.026024,333.324777,10.869264734615639,131.06483,68.333554,-14.177584863294026,113.157676,194.982713,-1.940441542795407,59.695489,70.894625,-9.689323920777346,77.520094,133.441416,8.956388077593722,61.81443,10.123201,-3.7776678887181947,69.292745,91.095317,94.01694372493654,59.144855007286964,5.790433361297368,26.85800150144238,17.36379432744872,3.9078983682008315
2015-11-09,-58.81072711985351,9.930964,351.339347,8.0945162677648,120.192417,73.202083,-17.597220129632095,104.014664,206.170151,-3.010521444118618,55.057184,72.533881,-11.948146473597552,72.653832,142.015283,8.213099829817407,57.826492,10.147756,-4.180567099432536,71.307187,95.57624,93.48690755751741,62.23212649329005,6.862063868724588,26.829011639113343,16.49154480040454,3.7186641069986504
2015-11-10,-58.58302639729044,10.321554,350.24755,8.274838013214868,117.469932,69.455469,-17.83312628715433,99.789977,203.266079,-3.6153303457493484,53.808637,74.786467,-11.965515983471725,73.236431,142.665926,8.969550790668105,62.38857,10.34306,-4.047747385098245,74.18758,97.674495,92.11501711942073,62.140670576072566,6.677791925767225,26.37768050468463,16.99351751952908,4.850307247232439
2015-11-11,-59.196709959184865,9.366305,341.246365,7.460105454920721,112.635139,70.810851,-18.819050393227204,96.032831,201.539836,-3.608806514652048,53.432099,73.664489,-13.28418006008486,65.054077,139.53042,8.978445675221376,59.960611,9.62391,-4.685203634656646,73.038862,99.305958,92.28910855273566,62.53800404280207,6.1028465023934,25.012617781440955,17.4150729946868,5.586903782302537
2015-11-12,-56.575062880527625,9.913697,337.800459,8.190349157615843,118.009663,70.541628,-18.05011741490444,99.822853,204.434218,-3.506523344818455,55.331672,75.654099,-12.559555228134315,72.341224,145.131455,8.878287769120337,64.178796,12.72374,-5.327201006885597,73.102675,103.977032,92.51392131002754,59.99617099561219,5.97563434348077,24.097957152465334,17.527788755970583,6.00141318445332
2015-11-13,-53.29105224560592,12.523557,327.211981,8.16372747404314,116.331139,68.123599,-15.481050140184758,104.274248,195.691232,-2.4729920554817433,60.303594,74.906833,-9.474093933816917,80.58434,136.529711,9.819729517961417,71.693156,13.706776,-2.4792503858701163,82.974251,97.614446,92.0334307626808,57.5326669952341,5.673140426480221,22.669529878221166,17.65527160958292,6.2972137967640185
2015-11-14,-51.40474280386721,11.387197,314.205388,8.570891351869005,118.640579,68.15065,-15.705495529326644,102.483845,195.002735,-2.2851320307777145,58.467157,71.928552,-10.602144362623747,86.086563,148.542321,9.474166622364994,70.71043,14.899432,-3.793675027395359,77.815357,100.163369,91.77435886268665,55.27079808349846,5.768642037862536,21.554589814429722,17.018356602079894,6.7566219051788075
2015-11-15,-49.868752535487616,9.157029,302.18901,9.562511758827869,122.165111,65.97518,-14.57103379842533,107.542387,193.162714,-1.187860447380866,57.61056,64.590504,-7.747134489595646,91.529176,137.051834,10.555222016906592,72.576125,10.552965,-2.6926910644483972,79.785469,95.607894,91.599928271033,52.985474550626876,5.710418071876716,20.802156206607275,17.236299702039155,6.587240041271232
2015-11-16,-47.73134906191382,8.206634,284.735339,10.412337819411873,120.949833,60.626579,-14.155942853682395,102.951197,184.962802,-1.9979760004279046,56.340717,67.915871,-8.58865205189768,85.526748,135.284588,10.971718260458161,73.378205,9.814214,-4.024547446936863,75.027478,98.343452,92.1903956349968,50.56442718360372,4.5292284344308635,21.16624800578757,16.940234589054068,6.7794861552341015
2015-11-17,-44.384136457481425,8.752713,263.550643,9.757815835138182,119.036759,63.019644,-12.862646228692745,103.127785,176.968934,-2.796989764675434,50.090439,66.147239,-9.161333136863997,78.340533,130.933394,8.701396173405916,61.545729,11.593248,-4.504547068915142,70.685536,96.544984,91.82815094075598,47.4334674168434,4.448734260663786,19.12217233628884,15.154486939679712,5.778801765982491
2015-11-18,-41.86438543088637,7.752713,253.532514,12.012098834218833,126.291871,55.770562,-11.432660897552783,104.991187,172.110699,-0.5953989807422551,59.100437,62.595939,-7.812565285405526,80.603555,126.470005,8.572457810389624,63.531957,13.204287,-2.4197768934071084,74.404341,88.610504,91.58104227837256,44.505469554532844,4.595641337200858,18.02731105400167,14.743797674197639,5.220056186213673
2015-11-19,-40.00970663301251,6.480653,243.520026,11.813812474265543,129.490263,59.49878,-11.065897018577612,105.549009,171.109432,-0.6035587560164782,54.984849,58.560661,-7.760884805862545,74.89745,120.877174,8.533680646321995,61.206431,10.648242,-2.3400062219781947,74.528945,88.392421,90.53360596043852,42.1974362244197,4.421386916451045,17.83230910643992,14.802262068106531,4.9079245665285205
2015-11-20,-37.66843156813685,8.656883,231.08122,13.533152726870135,140.832706,60.922224,-8.169200856588022,116.25207,164.48952,0.23161823241318624,59.922118,58.55446,-6.33462024354847,78.25702,115.661649,8.510137039119375,60.558078,10.30747,-2.1856854818557934,76.450662,89.356685,90.32989315587021,40.600585569601776,5.633006631685803,18.559157341811648,15.325735093948795,5.369837596135568
2015-11-21,-36.33899941928862,12.176202,228.050784,15.18491749446296,147.012734,56.80558,-6.794660498770773,118.232278,158.596474,1.565683571847135,63.289052,53.98799,-4.496010103963254,77.957425,104.666314,9.212155938068117,63.840325,9.114814,-0.8958153457392771,79.150548,84.472207,90.67662605583368,40.43833333167244,5.679981521791329,18.764073888163676,16.12483226878558,4.231297213773135
2015-11-22,-35.40091183852949,12.557133,218.849462,14.366327520184496,138.520317,54.803175,-8.45403648398166,108.224732,157.489081,2.182273830788559,63.174934,50.458133,-5.380586635068181,74.59973,105.954113,8.372013142062183,56.880667,8.094294,-1.4805151781673682,71.639485,80.266916,90.5532812612718,39.71065966514586,5.461895754622794,17.067781119887695,15.206044863714824,3.4585241582934905
2015-11-23,-33.191273442032625,14.370161,205.594503,14.709594546470935,136.897605,52.151458,-6.4567193816778,114.534741,151.733733,2.7632550112512426,62.500647,46.580751,-1.9817553924024105,81.600849,93.018304,9.076307799514568,60.143249,7.852065,0.7237116294887961,74.238786,70.069278,90.76129436486974,38.1798009293651,5.781867349395994,15.927312574200474,15.408831422097236,3.717938777144194
2015-11-24,-34.650865735150795,12.374732,210.773863,16.04362929175491,141.489236,49.628844,-5.982384998062731,116.078006,150.331118,2.2710166843793496,67.082247,54.079174,0.31643138029050044,92.814446,91.002667,10.811103315660679,69.867284,7.966565,1.7359606123700362,81.036339,71.096816,91.60199563942444,38.97341669471597,6.6422360808788214,15.972440837181928,17.106629069916792,4.347690237836777
2015-11-25,-34.84457634679216,13.417692,215.663273,15.754008751939363,144.356323,52.916593,-5.809639019134121,119.436242,153.156664,0.13801079618998546,60.246356,59.445311,-0.9684700381170777,95.652249,101.273462,10.251130340113255,68.472904,8.97309,0.5141078538370949,83.553601,80.569606,91.24341195050843,39.468002885755624,6.974162968600036,16.95945189588038,17.21979455075188,4.5240386768741665
2015-11-26,-34.01755611112343,14.913122,211.992458,14.10510317930811,135.064626,53.347281,-6.854372852730546,114.711471,154.422003,0.4171888956497887,61.14619,58.729223,0.3708221269247585,101.150635,99.002292,9.868214028116538,68.293958,11.122859,-0.05056236199815162,81.105534,81.398465,91.84650821685115,39.16581746336412,7.594782093214814,15.490893121050986,15.653138147298748,4.5308590977187055
2015-11-27,-34.06066000260414,14.901384,210.880787,12.960371573560897,127.306867,52.735033,-9.062808526314653,108.467567,160.613468,-0.8085074298547305,56.434787,61.086805,-0.6183458972822024,100.395861,103.953721,8.860949924738625,62.173863,11.189423,-2.4069505008379126,72.184444,86.033639,92.0986840259469,39.24029588497536,7.074561234734977,15.366863945134243,14.932689140556917,3.6489736965100126
2015-11-28,-33.352645461468136,13.386125,209.554404,13.492069855691083,130.223815,50.868307,-7.909505850200888,112.446013,158.966885,-2.149695555360643,53.630969,66.274706,0.3100073728406357,102.935565,101.112213,7.433182641368936,58.221434,14.502124,-1.9961382340529066,72.629063,84.369631,91.9553396865401,37.90447905560284,7.139647712860314,13.441474450064849,15.032840768058062,4.912950344828608
2015-11-29,-34.00297160713354,13.999797,220.942786,12.922481354000265,137.44341,58.796845,-6.725699183522132,121.693386,162.62617,-3.1529688126994664,54.330492,73.519544,0.34338134619188554,109.135524,107.045696,6.893196808877558,57.000337,15.048158,-3.3039303617369358,67.868073,87.975881,92.5242733658912,38.60360777458189,6.344267559869908,13.677545916994664,15.380540286762926,4.682623978944239
2015-11-30,-34.92127036243306,11.97401,220.978243,12.80590515610819,137.166499,60.522999,-7.252547655996384,121.201615,164.608202,-2.3210354934090347,55.642916,69.534342,-0.42866494956298473,106.64193,109.207495,5.880417980293177,51.184126,15.989752,-3.890215056215983,66.989765,90.27275,92.05858943337746,38.92260214916751,6.626768826144653,13.969119304952606,15.919127992570498,5.041697733784611
2015-12-01,-32.547983134355455,14.436874,209.330647,12.806760827221684,136.498669,59.813182,-6.449569882195566,126.062991,164.682312,-1.4467556442281415,54.956611,63.619626,-0.44725263557865114,98.889184,101.567284,5.310795799682344,47.520332,15.719866,-3.7573326339796904,64.41121,86.909708,92.02302637800386,37.370006170102364,6.059798754550796,13.641343497216976,15.481924618155995,4.802706384633496
2015-12-02,-31.255400391062604,16.318408,200.707576,11.449169424371956,129.509218,61.9656,-7.686838758162333,125.104244,170.452241,-0.6192831506063081,54.094856,57.748276,0.3614524788944652,93.577028,91.444663,5.36785149967644,46.353056,14.685771,-4.116657715638301,59.725661,84.011611,92.92954987741975,36.7875949480088,5.562447290281351,12.463432338697556,15.828613710982042,5.160688571019293
2015-12-03,-30.183023456121106,16.28047,192.526786,12.624014339066536,132.010953,58.296137,-7.150595913790135,125.921751,167.675891,-0.631730442228007,55.391419,59.080253,0.12498344843991953,89.092404,88.362594,5.039026232051432,47.509773,18.085623,-2.6708451393593373,61.170209,76.76595,91.82988792441796,35.75923995856052,5.098812987076521,13.189090367222114,16.496743995442337,5.263474283429728
2015-12-04,-29.87365443472812,13.384098,188.374361,13.76507589784089,136.900382,56.268993,-6.798694238338097,123.419497,163.244062,0.05847179912395632,54.171108,53.828599,1.1144024055167971,92.711444,86.183633,6.130440081562074,52.436024,16.525877,-2.493084764711969,60.851015,75.454704,92.55588146832552,34.44341633710935,4.8357512363229755,11.476764065280749,18.17192104034375,5.731902673955054
2015-12-05,-32.403484145309015,14.836758,203.212081,12.009043999466181,130.220602,60.406889,-9.281668530435045,118.697142,172.655454,-0.023570602283692288,52.434173,52.571199,1.1133573799485061,93.287199,86.814776,7.388412100115049,56.165178,13.213176,-3.0974977082497746,58.178579,76.185659,93.47806736329373,37.50779021857091,4.296743998738383,12.935808547370971,16.95412577422069,4.618211468595406
2015-12-06,-31.4929740762828,13.605572,196.728402,11.311293001665575,124.893347,59.121344,-9.544985632085764,111.477916,166.979336,-1.2808671520375765,48.801799,56.249683,-0.7045812894602416,82.926751,87.023694,7.680864784253795,60.215677,15.553598,-2.2786254069955123,61.710166,74.959735,92.75724521028195,36.17267377608538,4.30704066286169,14.358777942350907,16.9409115085663,4.975425713181187
2015-12-07,-31.420083500381786,13.625668,203.444324,11.095603342284315,127.302426,60.270379,-10.483637514818398,111.722858,175.057826,-2.1564734911925454,48.947348,61.975286,-1.7081026462232332,86.862319,97.181507,7.772251658495823,63.684098,16.729469,-3.8550906214874123,64.191682,87.481503,92.33833053751042,35.93091120646859,3.6386922439610334,14.377637538909175,16.16836953154689,4.2607553745793165
2015-12-08,-31.05309032849076,12.033886,203.896484,10.835784146336986,128.661058,61.711789,-9.347742829563686,116.377733,174.133087,-1.0952332976759036,51.356048,58.122985,-0.06915587863424195,100.03594,100.463222,8.699007464999678,70.525172,16.778052,-2.842818675021907,67.683924,85.248378,91.6043244855031,34.948475389009545,3.5737850247200034,14.052054147543553,16.7187113146548,4.377841357325309
2015-12-09,-29.978609081049935,12.405332,201.872513,10.418190160913982,130.439629,64.595843,-8.368434172970344,115.992901,168.882067,-1.6029769285593642,52.451954,62.582895,-0.32541254060346797,99.95388,102.010513,9.123202889781549,72.86836,15.208996,-2.9790453050199224,68.950546,87.778348,89.81838045378517,33.90429791629618,3.271473923053472,13.351496323279408,16.325339952904482,4.63128221823793
2015-12-10,-29.788509508997336,11.61175,200.373261,11.480383568965797,133.051608,60.303606,-6.522053100875615,120.159435,161.487874,-0.4604506691136736,55.913796,58.831544,-1.16922230574332,98.15689,105.565927,8.908422804865717,69.4896,13.039399,-1.86469400643211,72.304782,84.12083,90.03147707791673,33.45341686705615,3.1526084325378156,11.77636719046665,16.13643473169429,4.408385896983255
2015-12-11,-30.35550126826965,11.8526,203.986603,11.121315505980329,130.462592,60.070644,-5.678879642347885,121.450278,157.394533,-0.6758131654711145,55.165001,59.442535,-2.4833368272319785,88.807308,104.525495,7.9664519752883844,65.943912,15.520554,-0.6405076391977979,77.135115,81.189184,89.63895348982066,34.10071667745771,2.9056510529503314,12.054286373773007,15.223174160367115,3.808445266102435
2015-12-12,-27.78940513228371,10.507679,191.250548,11.874069652421777,136.941267,59.712071,-3.3989546896897966,128.000908,150.10778,-0.8516959232356699,56.29005,61.829498,-2.2305503697036153,90.241096,104.748642,6.627648085012276,60.944355,17.837994,-0.1349952632377803,81.328991,82.207003,89.37477490846894,31.02053840295222,3.1295388846234937,12.262803495339377,15.971587913740992,4.297568974564165
2015-12-13,-28.32902324926623,12.299383,192.613714,12.156834868397699,139.053885,61.675589,-3.448200796421877,133.244499,155.192309,0.46503305435752207,62.018184,59.058247,-2.4330150167742404,95.547186,111.033335,7.527074777112533,64.822182,16.912325,-0.7409706891188412,84.507392,89.223673,90.39877018385782,32.19371337152423,3.4187406396162427,11.395489799152442,16.541426043466753,5.095208227899377
2015-12-14,-27.03847081500255,14.831617,187.165247,12.792530895638535,148.450337,66.915279,-1.9175520267946888,141.773994,153.995791,1.4805355712923085,71.579442,62.143033,-2.1048467210189625,98.005043,111.42059,8.374855383784926,70.594556,17.216196,1.697481427889501,90.456421,79.637276,89.4382787440779,31.692515918025048,3.5229577355947055,11.883586567422535,16.88234741788074,5.526723843969999
2015-12-15,-27.225636485724646,13.960535,188.165378,12.706824651861536,148.904622,67.599254,-4.2522742612615705,133.661276,160.869704,0.4759104309963189,69.525627,66.480486,-4.418371501286102,87.042906,115.314117,6.998708237288663,63.709439,18.927791,0.7428469371665071,89.657673,84.904523,89.89541936024577,31.589286135306843,3.5989162222408244,11.954684059757666,16.068677968880074,4.9983170742195195
2015-12-16,-28.334781524653657,13.646321,193.778636,14.607919538396494,156.139884,63.273159,-2.71342354450999,138.552229,155.802239,0.5310390163999197,70.559486,67.183519,-3.4847614804089253,89.890558,112.044184,7.459913657685929,67.002317,19.577511,2.1650824912211206,92.399496,78.635447,90.8963162328489,32.627909319633616,4.779075872906511,12.633384234402989,16.48346795047065,4.623301542168423
2015-12-17,-29.428245007584223,12.982411,199.120321,14.53048560025291,154.828401,62.920976,-4.093868194577306,136.569064,162.463373,0.38568619196995846,70.423024,67.983503,-3.112689861800586,88.551962,108.240176,8.394178936713887,70.405449,17.311052,1.5753859180048464,90.218683,80.254139,91.4280447370693,33.53326124739434,5.319114458782576,13.571945800696666,16.76041068701104,4.841102316777486
2015-12-18,-28.511590163534393,14.091522,195.243295,16.369828216572618,167.405138,63.397491,-4.096220618035449,141.118673,167.144497,0.6492163256532324,75.526102,71.401229,-2.368477345458339,98.110852,113.159254,9.144146912233978,74.920967,16.822544,2.048273365701743,95.336097,82.322149,91.23369115230761,32.947336978382616,5.634479747314771,13.619552543751007,17.909454755572742,5.335575440384626
2015-12-19,-29.282632443183648,12.885829,193.894362,15.310573128303506,160.127736,65.486505,-4.609388365005856,141.143008,169.635618,-0.37003187322521025,74.690172,76.977498,-3.2475001855032035,95.156645,115.230839,9.335524317305707,75.519779,17.812892,1.1321050911511854,91.349402,84.351374,90.74724585518095,33.451839143872355,5.724583452229102,12.285656078652757,16.87378706356777,5.093581854179698
2015-12-20,-26.748645615436022,15.780263,184.83994,17.34688107197967,167.13901,57.50138,-2.3566177732103015,150.872477,165.767027,1.1016246482155192,77.018647,70.05604,-1.4442196647845933,96.184677,105.31259,9.07903438179475,75.125557,17.743264,3.4887466313686404,99.149567,77.099614,89.35180362327694,31.74215643002698,5.537054901057645,11.466678491406984,16.908995128659814,4.626087577350049
2015-12-21,-27.834016241601695,13.143338,184.902898,18.916702692898543,166.344357,49.612208,-1.629987404897126,147.424507,157.482916,1.4701089635006963,73.187998,64.116175,-2.1809981387088317,89.697705,103.156319,7.789200865050902,66.391917,18.325921,3.727850977436135,95.428852,72.42484,90.46023564903106,32.093830174064735,6.245181995367495,11.728566762046547,16.72986403049855,4.344558811441032
2015-12-22,-26.993236505018043,17.630224,185.895174,20.650190924286132,174.284812,45.55985,0.33080965921327804,157.571807,155.509673,2.587189350892719,78.111342,61.983847,-0.46859752733121135,97.626763,100.547811,9.447592270446368,73.836455,14.943975,4.638358782498713,102.331822,73.418164,90.00800789694976,32.64975387323341,6.453914318839395,11.511117008901136,17.349298038482342,5.618468066758312
2015-12-23,-26.66422296972637,15.784858,177.924312,21.09923025815824,169.041366,40.741446,-1.301610023897633,152.08684,160.001653,2.7690171789546527,78.249055,61.411252,-0.6463836268450234,96.119827,100.050348,10.371620892030755,76.508747,13.441132,5.2517442660659945,104.192659,72.257922,90.33861664308716,31.855938654885506,6.006380661176154,10.828529037252409,17.326905408536312,5.577379431078752
2015-12-24,-24.358580018165686,19.999618,174.633835,21.669725404755255,178.950917,41.386206,-0.8906742910151191,157.696948,163.351166,1.477935243484667,76.574462,67.192168,-1.1724353437809025,102.632927,110.075833,10.11853039411459,78.835408,14.600505,5.219637018034047,109.718198,76.582667,89.88698057841444,30.659414397994393,5.566258366007972,10.357299875246925,17.248175661342813,5.695505912248044
2015-12-25,-25.314749595899755,17.977177,176.447351,18.08747048363662,162.423039,49.195587,-2.8791209302391416,149.580417,167.603696,1.0975947078183501,73.574253,66.703317,-2.645444977713348,94.127799,110.688268,9.287174143404176,72.698843,14.561191,3.504763249172195,103.520208,81.580412,89.95323995323994,31.058262368166524,6.097445394569996,11.180048240751116,15.441474227416721,5.4122274569558915
2015-12-26,-22.805059386003933,18.026194,159.318266,19.232569372141988,161.69068,42.532491,-3.076015059588935,143.069677,162.127577,2.2271834590830157,69.203541,55.404701,-2.0790265083372166,93.26751,106.148422,10.057403426125774,75.143953,12.831843,4.26683344314513,101.683819,75.24803,89.37930743933885,28.62404722947795,5.225973801501345,11.12885927419864,15.95036079749342,5.115803366598808
2015-12-27,-22.074505729711426,14.792167,148.778124,20.756613688280744,165.995216,40.008488,-3.058715147928706,141.136645,159.702174,0.40396262893354784,61.01655,58.564612,-2.674042057523778,92.808699,109.039372,10.430770757795706,76.022243,12.710438,4.311258156567166,98.005117,71.837009,90.96729028755227,26.948595261293434,5.911044820683201,11.530014145161838,16.00607114509083,5.597218385345158
2015-12-28,-19.665533036914475,20.208795,141.828089,20.29425018096939,167.716288,42.208763,-1.8482333737261183,146.187909,157.618102,0.3341599642550263,62.794297,60.727722,0.2516256910760187,103.738576,102.182425,12.092622649937777,85.439244,10.653769,5.185483354135659,103.602235,71.533192,91.59988331780676,26.20095538048986,5.720734505357828,11.470679498301497,16.56707869954312,6.237438470835494
2015-12-29,-18.989834235379586,19.581354,133.333786,19.905127848274628,167.408878,48.173677,-1.3613241478722797,141.556309,149.710879,-0.17479906417894064,61.728168,62.775245,0.6377745128648648,100.316762,96.496381,11.360398982928562,78.372916,10.322137,5.285054363911756,100.649284,68.990883,91.64905812460985,25.52765782343768,4.792128705540058,11.549951706002638,15.38735272594511,5.235108578437229
2015-12-30,-16.947486948391084,22.478232,124.091537,21.308027410371793,174.407333,46.649212,2.0673131753360545,150.10889,137.713747,1.3644651594784885,66.658179,58.477154,2.1660538850845974,106.789211,93.802041,11.093878251786068,76.838526,10.322137,5.918408001422066,100.050311,64.564873,90.84640328850277,24.445511807299216,4.593087077895628,11.848482386144562,14.316389199579932,5.0139941894409565
2015-12-31,-15.778353755917736,20.955952,111.230554,20.55196589943557,165.805507,48.219061,3.0977647852941357,146.967356,129.24374,1.8216221619523434,66.895879,56.473612,3.1961188507853224,104.469319,86.182978,11.796383780781278,77.62843,10.136354,6.586091646423969,101.636926,63.955124,91.51508945809343,23.103790071838173,5.747076455225412,13.120450339045503,15.80731858906572,5.1777226022059235
2016-01-01,-13.312205265403703,20.793232,96.689612,21.655770557145434,166.993347,43.528109,4.5810114610136115,146.415993,120.298443,2.596868386744673,67.482908,52.677479,3.2525415531848623,104.140719,85.597125,12.103148903284627,81.215518,12.212286,6.445589268798391,99.07987,62.331872,91.12135728177061,20.60646020918787,5.229292931640452,12.329547344577305,15.945609242443703,5.463995498190291
2016-01-02,-12.857077965780986,22.943065,95.405726,22.198291022807204,169.575389,44.465528,5.722920247459537,151.822581,119.568127,3.442041092881117,71.697516,52.298127,2.6846143701093785,100.605981,85.475459,12.10883947558682,79.872256,11.626677,7.368760788865364,103.971685,62.441252,91.29285554422204,20.998671757899135,5.746799538629185,12.962342091325022,16.120906203911847,6.20638079095766
2016-01-03,-12.465394059630786,24.500077,95.35782,19.606884117210637,159.857378,48.40486,3.5063656212241305,140.271967,120.340535,4.042728537973244,75.20664,52.22633,2.9369410902036956,97.900525,81.205905,11.08306343294686,74.129673,11.12959,5.37136953361074,99.370216,68.837437,90.17299098154372,21.08557024267113,5.1214893554423195,12.435358469533272,15.103818507201142,5.489169676347742
2016-01-04,-13.22638217053886,18.426258,91.497381,18.833535189283417,154.214638,50.165961,0.8726686054081284,130.264085,125.442897,2.6857254088508373,66.321305,51.483614,2.398033120400965,92.16446,78.916168,10.151157649047516,65.551536,9.46995,2.5613747102463154,86.340416,72.189719,89.87537254174669,19.89694422775397,5.124352961191582,10.67210239028204,14.275241145170972,4.419889964780207
2016-01-05,-13.019296942258162,17.537395,89.673813,18.710785632338297,149.336855,45.665431,0.6353050172075864,128.382912,124.862858,3.554711487980137,66.490223,46.794524,2.4295967043826794,97.860786,84.399045,10.292052491531676,69.148784,12.123293,3.137292895817128,86.060933,68.678038,91.14969146993442,19.349651551733604,6.376166978756672,10.617121891945125,15.808478169886431,6.000141663626212
2016-01-06,-14.84556481844374,16.536301,100.215264,18.25325192907315,153.24788,50.361044,0.2656544557904965,131.951281,130.453885,1.1689865133202535,60.702619,54.113474,1.399618627119262,100.454879,92.565746,8.789392219994156,65.649618,16.107062,1.987721575794555,81.95698,70.752928,92.0137666927809,20.713006754902633,6.577842063150186,10.750015868966482,16.63131874600252,6.944479722120225
2016-01-07,-14.565996349736437,17.966301,99.480111,17.798462832959235,151.090931,51.487685,0.11359695255930453,131.820202,131.184494,1.5647407144661631,59.54202,50.785463,0.7387770701262956,97.900405,93.766082,9.106174690418916,64.435835,13.476122,0.11108255488071545,73.855607,73.23397,92.09407467650317,20.98692244273261,5.620452197562753,9.670545375108027,14.99606199506493,6.818083703210476
2016-01-08,-15.151465736454622,21.26233,109.149727,20.03354463883994,165.07002,48.863699,3.0675724080840983,144.187004,126.393283,1.1968626375876243,62.5672,55.624694,2.6194793191900203,105.844534,90.650016,9.65640560881706,68.746409,12.733587,1.8398141048866778,78.237849,67.565847,92.29027198888102,22.482561558354803,4.913173168580907,9.32866654367222,16.65354420191865,7.28131465423107
2016-01-09,-17.3520919637056,18.935839,121.474555,19.592949617649637,165.470043,49.689427,2.297785886292311,142.170356,128.59205,0.28049160083757696,61.869253,60.211744,2.301196950243144,103.29621,89.697747,10.21581872860561,73.864881,13.496544,1.5981943878110225,79.82595,70.38174,92.77012684517754,23.760918454919384,5.903349864484963,9.687666996304134,17.634578724734695,7.753050186178228
2016-01-10,-18.18337186188508,16.035844,123.784985,19.38430547907298,164.591497,49.725988,2.2147002033629315,146.325468,133.201827,-0.16826613015183467,62.271551,63.268645,1.6184381326360864,103.761448,94.171075,10.466009548626234,75.821352,13.802957,0.8669618998147811,77.908537,72.771184,93.1320958210618,23.595678853198887,5.421377317645529,9.210723838654177,18.3213470374914,8.04927266953682
2016-01-11,-17.59314125523208,20.683726,127.795556,19.94816792056486,167.069764,45.619891,3.9700882025633035,153.850263,129.679286,1.221646790934131,69.188824,61.751106,0.9968831813238086,103.095959,97.026663,11.034496415176612,83.963624,16.782608,2.1407607798024744,85.78573,72.752196,91.96023408967119,24.38775419765901,5.7104954856780665,10.334042333627389,18.791645190677123,8.189589537460943
2016-01-12,-19.068458542201615,22.503358,139.884584,19.290622608055767,173.467821,54.719002,4.077556553280631,160.575422,135.474883,0.2556436601662603,68.99838,67.424694,0.4799341829575509,103.909657,100.955288,10.47831701976706,80.890261,16.388052,0.9846694492300601,85.140465,79.079057,91.99642984612498,26.379752923865702,4.771305087798069,11.030489332878945,18.632250421952655,7.314960042533947
2016-01-13,-18.431974462449542,22.486548,134.877119,18.11306192445954,168.097194,57.65122,3.7668142102181665,156.902011,133.933533,1.4529560222752833,71.052886,62.19336,0.914268028414261,100.110051,94.535222,10.56012734296015,77.337974,12.946677,1.2380431455152119,90.316058,82.766982,91.94900267411839,25.807530521945775,4.613845315474186,11.114766400297317,18.76444613419114,7.183022526597188
2016-01-14,-20.350100808514103,21.172157,145.053531,17.80949003152218,167.978067,59.562678,2.5330143992532617,154.817893,139.398151,2.163961496452739,79.715632,66.542502,1.2715922043387005,101.836862,94.096036,10.36801561440594,76.941812,13.826448,2.9011352291500163,97.001083,79.340403,92.33243925901913,27.30603801475929,5.697480757577489,11.493511879777577,18.928796406325073,7.348738255587778
2016-01-15,-20.796738497422723,20.961478,143.271939,17.35469826205588,157.258813,55.191792,1.5471960179940656,150.481865,141.382445,2.6099879854781878,74.044174,58.694227,1.1197978725827755,96.781521,90.195729,10.62401590148237,73.022029,10.539718,3.5606719952977475,96.225385,75.284244,91.91765749549089,27.924998384947457,6.760205422372651,12.737350873995837,18.559249793481225,7.345718036035853
2016-01-16,-19.94421725482075,25.036907,142.390157,18.175170159612485,163.347546,56.4035,1.6119187175618759,151.051254,141.566605,3.944694617954661,77.886424,54.675549,4.1205783681860195,111.107977,86.862189,10.62811482423252,71.320544,8.78393,5.1097674929135275,98.687936,68.621686,92.72525599223471,28.454275776365616,6.480882304472857,13.401431242029638,19.167383889406185,6.963414476030408
2016-01-17,-20.312160791491017,26.765123,147.786591,20.162167155790165,173.362969,53.235175,2.9799772089645815,155.385929,137.630988,4.40201195302622,82.095903,55.868366,5.859709531299202,116.837371,81.924756,10.682752962143274,72.171459,8.522768,7.417651660523508,106.676454,62.481496,92.94597021034023,29.296640833991162,6.4882575433124545,13.668646507107846,19.080798395394343,6.6584993144754065
2016-01-18,-20.42790424770914,25.388712,148.874745,19.59008330741825,175.850608,57.429176,3.770990347977457,158.703417,135.9079,4.890918310808601,83.152408,53.586962,6.469196735750607,119.652207,80.546118,10.101361044861198,68.397245,7.334838,7.388217936832941,104.294898,59.633355,94.0105109931371,28.827853053395756,6.118794234795876,12.968803391254195,19.0667477233921,6.453573494108679
2016-01-19,-17.896263250402768,30.478242,137.602237,19.725623494996803,171.107652,53.033417,4.733120307915981,159.927795,131.59614,4.770821343246531,82.485546,53.928219,7.232490691838539,121.42661,78.134148,10.601423647774606,70.935564,7.477241,7.8387409214746,103.86791,56.946537,93.11535227933983,28.079726670367304,7.442937519556915,13.622323851008064,20.29903985032947,7.181007274494555
2016-01-20,-17.738633731805926,33.091468,139.979259,21.510442902527554,177.865369,48.249765,5.296824672805643,161.389081,129.471973,5.9305396309115626,90.386656,54.650968,7.374974533274436,124.145957,79.706529,11.460231292135601,75.990831,6.934847,8.687674331855384,105.813299,53.463928,93.50533808656006,28.72206645144696,7.980288005955074,13.255926779407604,21.539494768178166,7.093285381618587
2016-01-21,-17.73868114481386,30.283379,136.947728,23.422535349416837,181.340775,40.498879,7.310420619200947,161.368727,117.410484,5.751439881974628,82.475561,47.891615,8.243773137778264,124.426044,74.855465,10.332584814571169,69.282733,7.151934,8.107031044123755,100.169782,51.421446,93.25242909825081,27.811160077180507,6.9740278811628125,12.716629882993638,21.607983168011717,6.536268517785272
2016-01-22,-17.641983984788396,27.774647,133.667541,21.883111150704668,174.938594,43.589083,5.7958452835390695,155.143066,120.354528,4.8530890231400114,81.100191,51.970381,7.307346969626148,120.480775,76.619715,9.54440868984561,68.071492,10.782864,6.6317712462359415,95.873828,56.067792,93.86827794804739,26.896615887796937,6.502285554941705,11.623399621397276,21.161534574018223,6.182532042958352
2016-01-23,-17.25429222075433,26.427226,128.941223,20.25891049679425,165.698952,45.33343,4.931738842611014,148.799775,119.498529,3.014067961066266,73.28741,55.379741,5.662716682953196,112.524786,78.880536,8.521948094376777,61.414843,10.782864,4.258504158991624,83.205257,57.903942,93.39176510881035,26.1503082445548,5.846969551367434,10.21624511167435,18.566824588647986,5.146328525796538
2016-01-24,-16.562580923174085,27.414439,123.844273,19.037417277490682,156.551886,45.713183,4.66286045890252,143.551052,116.403178,3.606968773139916,70.382812,49.382498,4.7134939859272365,108.636344,81.193674,8.973010333926098,64.14833,11.906116,3.233847516964013,77.716712,58.888766,93.57558261967274,25.979871103325593,6.659548723666477,10.594812702367568,18.323579975103392,5.827626525630296
2016-01-25,-15.982717041907964,30.591135,120.374772,19.461120856470888,151.452917,42.129189,4.3984830883339745,140.862995,116.154317,3.425619727534731,66.341513,47.097939,3.295076944016811,105.812631,87.302387,9.668645306696503,65.024128,10.710075,2.544491808548478,77.402411,63.108613,93.43788433713208,26.873999040114544,7.05821224085189,11.155497758068812,18.61357575523245,6.282661218593111
2016-01-26,-16.40071112529978,26.283299,118.743118,19.89933626106999,153.164717,40.981226,4.097087475804799,136.122741,113.025208,5.256691684611564,72.89671,43.261851,3.609974936290535,102.911152,82.55974,9.863110751389796,64.063673,8.459899,4.108327288641279,82.065191,58.904293,94.17717065889865,25.72508140811162,6.563171591122857,9.626014469382767,17.647597052803825,5.994582869632295
2016-01-27,-15.860404818436235,25.560888,115.5792,18.518565483174086,148.342215,43.237079,3.9838535514164044,140.767222,118.156212,5.512334907061386,71.889831,40.603676,2.5416997321872334,104.34432,89.918489,10.45188016317988,68.405464,9.084115,4.277055246911727,89.412133,65.137009,94.57581003819124,24.867595070986376,6.259621530203797,10.167526420856264,18.088437404479773,5.627791551645963
2016-01-28,-15.494550203356894,28.691478,119.217842,19.189492625080927,155.658707,43.544772,4.902142679408426,148.891913,120.251317,5.698876107390285,75.964252,42.668769,4.412949829689943,114.627304,88.8448,10.990413345734517,74.36069,10.149587,5.355415586509679,96.824189,65.535362,94.41420715861942,25.316253553322653,6.409296820084045,10.988605718238311,18.90701201812463,6.097530114511824
2016-01-29,-14.344816165600493,29.217634,114.278856,20.708584377430867,162.759518,39.96272,6.8945924811709345,153.397954,112.514721,6.6674680265833715,79.951731,40.41529,5.373493299266846,116.60099,84.7375,11.215462912245878,74.840564,8.335635,6.574652530616125,99.381031,60.394963,93.91908115733318,24.199402748515997,6.345001158117306,10.796163854619136,18.845371978767474,6.007322527142474
2016-01-30,-13.2511201563204,30.233914,109.666783,22.73221625859757,174.500581,38.233976,10.132396079629125,165.95246,105.214554,8.139765838559567,89.477519,40.684289,5.52239545761802,119.401269,86.297674,11.432574118004817,78.353343,9.821615,9.511238100475977,119.7723,62.75788,93.60717668892555,23.338461385550275,6.990352175027165,11.91291212610599,21.016361441094197,7.1732765892472985
2016-01-31,-10.835674505494246,34.034758,100.846443,23.34798665789576,184.17159,40.21024,11.976908720393832,175.933498,102.085077,7.9649149870410785,93.110226,43.999357,6.199958845910307,125.327234,87.098908,11.554310232435233,80.053926,8.811205,10.054563713680492,127.411073,65.415639,93.29838591802257,21.875346968814586,7.393681262386228,11.841079562374217,21.93025606597743,7.338372547971082
2016-02-01,-11.186590557579452,32.371681,104.002367,24.824606895251875,195.232715,36.274218,11.950378439921156,179.386624,102.865203,8.887256599678132,104.065234,47.157789,8.402026990796555,130.260675,76.460283,10.378702818349307,79.223103,12.765535,11.948719754447836,138.137753,61.626953,93.96511770238108,21.297585194921727,7.649428402946179,10.927267163604004,22.913251978806226,8.112712327103845
2016-02-02,-10.28827903083451,33.768383,99.976058,25.446902965889144,195.210467,31.453217,12.918867120284908,184.668429,101.532255,7.7554428142686165,94.263209,44.354975,7.988861776873884,128.0831,76.672756,10.654344999719093,81.674606,13.111204,10.894064258853824,130.452192,60.346136,93.48728679131614,20.78309090042783,7.722707502831755,10.081631822051879,22.552930501410955,7.3469286285956015
2016-02-03,-10.257401892222276,31.317444,96.131123,25.913389572694623,193.461617,29.722092,12.540372597260866,176.048056,96.808918,6.66347384842859,90.160268,48.055624,9.09760927982981,124.807258,67.321987,8.906781632853972,69.926552,13.647068,10.417567962999003,119.518601,53.692877,92.98243544718382,20.16998868875839,7.546034010373217,9.378176897958483,22.379844776162184,7.283882455751603
2016-02-04,-6.99716016135818,33.399778,76.977192,25.38727384939842,187.765729,29.657051,12.013104252497055,169.814359,94.99829,6.666044303146301,89.371102,47.855835,9.388674520569944,123.77693,65.305472,8.81272878553073,68.749622,13.86508,10.675155152728788,117.855875,51.372381,92.85710818581524,17.7230649165053,7.788624474578711,8.646043424676018,21.712276832560505,7.226745343306661
2016-02-05,-5.731211006193593,37.262554,72.83857,26.589563408556565,194.434554,29.382049,13.805858301229708,181.41369,95.714972,7.321818850803815,89.963101,44.513519,11.19452619848125,131.756301,62.26721,9.302349757275607,72.761308,15.017745,12.015282253742749,126.228855,51.644989,93.36257049750046,17.737027486806998,8.693361982330142,8.697916533845047,22.51409168685624,8.11577631931855
2016-02-06,-5.084720310426278,36.201451,66.888862,26.368165133517625,187.133266,27.995561,13.965730905524548,177.318982,93.032709,7.185490094328012,89.167584,45.801563,11.900553190012078,129.493139,57.67067,10.447239559596975,76.583165,13.531765,10.429319917667836,115.470502,52.527251,93.76778087319234,17.081447774114995,8.54977102876749,8.070284365259967,22.258870737234837,8.057916798354746
2016-02-07,-6.116672205778432,36.765757,72.982668,25.773997001402886,178.460536,25.8523,11.62760980506197,168.181488,99.33423,6.790146543628968,86.185539,45.980976,11.571590191629138,123.655999,55.140434,10.472131156434008,74.106656,12.101005,10.08571163158463,107.282094,47.564439,93.37337017041524,18.535405761840337,8.56005611105045,8.337404777377454,20.640284727104184,7.002698765097476
2016-02-08,-4.094319717817222,34.711965,58.467352,25.87387590758089,175.352023,25.230885,12.122265367102212,161.353351,91.019541,6.403747980038528,78.13832,40.983549,12.188863550098059,124.24624,53.526025,11.06635777252622,71.758392,7.550995,10.606550321893343,102.8441,41.304522,92.41356115392179,16.05976424992956,8.827710363568857,7.738098043966183,19.41806240378236,5.712055171840676
2016-02-09,-4.943976957801451,30.592273,59.251455,24.77557719115347,174.100439,30.481692,10.897021157304424,156.048534,92.880822,5.9475490865575384,79.68484,45.208164,13.229661583243269,126.648009,49.958477,10.71804166802309,71.302861,9.172655,10.499411938902783,104.511061,43.648205,92.46387938347496,15.498883430622023,9.443801328616324,8.176286611373289,19.346986957583862,5.10341355246557
2016-02-10,-4.763377956918835,29.099128,56.673885,24.183301892314564,168.261329,28.266418,9.736105758321727,151.114368,94.752947,6.048076718026295,76.214967,41.203207,12.268486282140897,122.094097,51.072958,11.532504821872235,74.773185,8.012575,9.712230443874471,101.85481,45.631601,91.79069047400054,14.8167862158391,9.9447554707662,8.601453256802031,18.710876915725063,5.507396856994473
2016-02-11,-7.7457327266704095,26.969541,72.161676,23.380483523658626,166.96625,30.553853,9.165650937825173,156.543311,103.066726,5.5073897663637625,73.875048,41.742426,8.996818395625613,117.194936,64.703397,11.510397138549223,72.789136,5.632233,8.255029071888913,98.855636,50.692034,92.81103539842243,16.99065361155356,10.180654090381424,8.618171082647526,18.60810541374624,4.972684538835745
2016-02-12,-8.566521090143336,23.970778,74.090772,21.949902192434514,163.867145,35.445239,8.212614679657248,156.940706,108.891306,4.699888870056898,78.450084,50.952527,7.253846858116404,115.256077,72.816123,11.95821554749995,75.439035,5.475314,7.510636562704676,99.722215,55.779866,92.71489900978013,16.7607030481118,10.37721005118039,8.712536878476046,18.09927733591992,4.398224912698133
2016-02-13,-7.242963923579538,27.826416,71.962712,22.585447086016764,172.222044,34.593583,8.193462982043211,162.860971,112.932639,5.037106287669077,79.771268,49.07676,9.068217648306518,127.678057,72.419251,10.137614177251258,71.738124,9.962759,10.35209791266256,114.404092,51.321732,92.31319433959536,16.375843003895493,10.580342957490029,9.355705066990371,17.41304272609155,3.88971204790307
2016-02-14,-7.651360771503852,22.29065,68.689714,22.34318353331151,169.526693,34.034088,8.914031276531091,161.589542,107.533444,4.965167763657575,77.638883,47.529319,8.79733297337792,124.278403,70.929982,9.245208639370578,67.804338,11.739928,10.315860744561945,116.80442,54.247406,93.53621967700434,15.00296618239414,10.426911767826436,8.885919873821766,18.64676576623219,4.344295133555251
2016-02-15,-6.413940382889323,27.712617,67.588997,22.797132410492086,177.625701,35.892685,11.362285227671697,176.663208,106.022264,4.954373016288163,81.329724,50.527682,9.069865441345723,126.385776,69.997132,9.612204162694177,71.500369,11.739928,10.272705210998154,118.935789,55.068919,93.08266724582234,15.328845561937426,10.277098708641587,9.860134791928656,18.625109189836476,4.743213300334485
2016-02-16,-5.377576460506665,31.883113,65.141079,25.415422814507714,184.870759,27.687449,15.183459237007108,187.323104,93.420028,7.10563828198309,87.971617,44.026342,10.593978747126046,132.108468,66.589328,10.92262196059336,77.381643,9.829988,12.553208681787698,129.217942,51.581819,93.7709630378409,15.688121486409573,10.209155825961824,10.456224979117525,19.7215981936861,6.686979992853304
2016-02-17,-5.536707600866809,32.052228,66.526926,26.43254092650463,193.498172,28.914103,16.75884191844239,195.437112,91.087008,7.31566356251253,90.732117,45.180625,13.599248806337213,146.485809,61.809133,11.002668066003142,78.338872,9.829988,13.990567937234019,135.60749,48.494238,94.32069703993214,15.832015446192438,10.704553539034276,10.627761662877608,19.79271123921017,6.524573295978792
2016-02-18,-4.281058557625322,35.422567,61.860659,26.979669241398067,195.875128,29.259566,17.154864791847302,191.927321,85.985791,7.794702876745883,92.006272,43.869329,14.90814334901272,146.449678,54.382994,11.117552521736721,82.458267,13.800744,15.42337759217513,139.560704,44.312141,93.26300686292687,15.752845824906665,10.498269227225194,10.654005913737658,19.670925704896757,6.643969254787388
2016-02-19,-3.0608384043475745,39.095501,58.074356,26.051731238200993,190.554177,29.019341,15.399229853047736,179.690242,84.206681,7.196735365034226,82.210445,37.58679,15.765486101139311,143.563591,45.809043,10.957108499681764,78.928024,10.98802,14.52490635124096,129.96608,39.903798,93.80667493076234,15.67118933415962,9.569213547310094,10.444019748907989,19.417222914337422,5.917178373065015
2016-02-20,-4.807700029738371,35.179301,64.902181,23.408196047343562,179.007791,34.290151,12.571140130907295,165.703664,87.984487,5.5321524862901175,72.541952,38.340254,10.980291599870522,123.780338,55.896342,10.92966197762973,78.297679,10.726693,10.389065201140022,111.904085,47.675257,93.97093607352109,16.188261164048047,8.865444352106476,9.15644894728373,18.667165821051473,6.068696596139005
2016-02-21,-4.429402526503082,38.53944,66.604549,24.618572553915552,191.400092,35.414512,13.358375261375555,180.082237,95.442321,6.228607954907737,79.497586,40.032543,12.241470359591908,135.835548,58.272446,10.795918955490178,79.962452,11.558499,10.883858786429542,115.604474,46.643326,93.61791846004294,16.594450088300462,8.36644805878499,8.93315591171191,18.548670745646813,5.685712565862348
2016-02-22,-5.5525149810656105,32.491118,67.408134,23.78991056156658,185.502371,35.899409,12.7112447369443,177.598834,97.664113,5.8207882999719835,78.224651,41.620597,12.33409116055986,139.888988,62.325999,10.398035965498062,76.946596,11.558499,10.147116692893887,113.204742,49.394552,93.59485687583022,15.886010801359676,7.993822410498037,7.731017323259969,19.821911873929455,6.1248957343531245
2016-02-23,-6.073149400307848,27.725808,65.67604,22.297014995864853,176.797382,37.466561,9.375162634786108,162.837927,104.253892,4.842851914768205,73.219172,42.956891,9.258378846162213,126.883309,69.029039,8.841144670891268,67.005488,11.758454,7.782240815615104,97.118693,48.488596,92.54403013999686,14.947033187276556,7.214778006390492,7.030927374662073,18.224689640878594,5.108325015423264
2016-02-24,-3.93470484183013,33.097005,57.979383,21.699280223084536,176.65274,39.430327,9.444256985765287,165.842237,106.118425,5.593518437452345,77.184069,41.811647,7.724923830334879,120.218536,71.367483,8.9778258603641,69.863517,13.089333,7.552338045576561,100.086158,52.326507,92.15291684163861,14.402108385299812,8.093504814364467,6.956580408921802,17.272678015988703,4.938242217730797
2016-02-25,-3.962952062347895,32.033828,57.272086,22.533779122098455,185.641737,42.13424,11.113948387035567,175.173147,104.393412,6.330180428781472,85.43528,45.12121,8.62527196556115,125.172773,70.242298,9.338716009214723,70.161735,10.687656,8.600466318713359,109.134376,54.361877,92.32474241534207,14.022958956444764,8.350097863957856,7.648894126355367,19.10615379003915,6.131987587736436
2016-02-26,-4.815603382195946,26.115324,56.135799,23.35257378129951,182.45317,36.873208,12.306748639087823,171.915162,95.194882,7.22015026135552,87.002529,41.992107,7.699904295648037,120.078615,72.077406,10.074089291933722,74.764716,11.962836,8.823554308438458,109.09383,54.087786,91.75488707393848,13.193954662883076,9.105686293366858,7.365322685805974,20.156374444312906,7.223544229517599
2016-02-27,-3.4934265782927665,28.478926,50.04998,26.554949979053582,194.060205,30.089889,18.0105513559127,196.711848,85.501102,8.270292858669789,94.558966,43.491932,12.1671916251281,134.541085,59.411655,11.26976107078784,80.580286,10.99227,11.218192872753265,114.311245,45.04165,92.18499093798896,12.717735878119557,9.614152931555399,7.765812779862714,21.225030520319155,7.733733451542392
2016-02-28,-4.468633550186763,25.404232,52.284154,24.545191240191365,184.389399,36.74408,16.656769673052953,182.618836,82.424299,7.381718280667174,86.987701,42.584863,11.000487413296515,126.14192,59.971302,12.287056296545794,82.292939,8.383295,10.160010977043976,108.315606,47.200659,91.24290280890493,12.915250577715948,10.622618298061147,7.429752407108846,21.505051484867487,7.809011989586412
2016-02-29,-3.835212513242076,28.240447,49.932899,25.495337599136302,177.822411,33.617524,17.152337596503763,173.443105,76.427292,7.388030946125531,80.048175,38.260528,11.983415466585189,120.17248,52.392751,13.212230706025935,83.11336,8.383295,11.300817732411303,107.014182,43.095313,91.52354403054794,13.82100072325629,11.043083102063656,8.090268088127011,21.618569801155676,8.220504537859828
2016-03-01,-3.5716135913641534,30.008555,50.199786,24.40478535839357,176.462056,38.495659,18.12536668165857,181.110152,78.64289,6.90493777951844,81.537726,42.502374,13.056958982338344,124.275825,50.461548,12.649540725128253,81.933259,10.42222,11.62291566134925,116.252504,50.545235,92.47951666953959,14.188000764112433,12.439539996361844,8.776929397029635,22.356147974239978,7.418618064352593
2016-03-02,-5.106022864648939,24.395081,52.756509,23.023465440581948,166.746783,38.862836,16.9877609429334,173.253973,78.895375,6.911273835091005,79.025237,40.636534,12.534619513419443,119.946091,50.322488,12.103921345138119,78.033028,10.80174,11.158307778549545,108.73515,46.756277,92.64068747659894,13.889913532704364,10.723685768057772,8.432419545886782,22.697485160107977,7.789435482879329
2016-03-03,-4.476546998799912,23.544608,48.318956,22.795682432333333,159.160285,33.003189,16.650137760121623,167.00157,74.855479,6.337985424980415,72.347968,37.271947,13.061733955805433,117.452813,45.16586,11.595478875357793,75.316232,11.143907,11.471581236449833,105.62442,42.137776,92.87542725474162,12.985230600105618,11.034920936235965,7.94699109191767,21.44434600279105,7.113632336609229
2016-03-04,-5.299518248097939,22.780611,52.457433,22.590631774490195,159.535354,33.029863,17.00166330727005,172.808177,77.600403,6.20874242395554,77.62592,42.857525,12.981109860422224,119.177149,46.48411,9.618678490796082,65.378442,11.514714,11.123147833647359,104.225772,41.937152,93.18100645196333,13.435582392521534,10.376833615159619,7.4117090312420215,20.603401941830345,6.793189559090348
2016-03-05,-6.348929902587812,19.415348,54.496774,19.329213124945888,146.445473,39.640646,12.288015214400204,154.415639,86.51741,6.124906846180755,71.830514,37.986942,10.589027383439536,106.757624,48.247263,9.045277247096017,58.239431,8.259162,9.590342575598756,99.420045,46.427982,92.71556760461561,13.376391299758408,10.01058990313096,6.641138382155508,19.967711610633827,6.307977711702607
2016-03-06,-5.636247725140566,19.893906,51.338462,20.7296505950093,147.984735,32.334272,15.7878500166653,164.646248,76.566029,7.7340272690372736,79.641674,36.493632,13.287077999351055,117.256024,43.127581,8.31623792271686,56.346959,9.950771,11.79651239122585,104.615077,38.802481,93.45062745855874,12.76797395696653,10.278358981896782,7.130408071513234,20.90592863608047,6.977223647049638
2016-03-07,-5.764662496814216,20.089617,53.275534,20.292600936776847,151.032048,34.211927,14.189934271340036,164.320031,82.631644,6.84110152383118,83.014488,43.631744,11.720489712378528,115.112781,47.640453,7.954759074051976,56.616786,10.822956,10.289114841086022,100.402207,41.169995,94.09275685473301,12.744120783005993,10.5354442139807,7.27096461876476,18.69919480026073,6.0399651643697325
2016-03-08,-6.780652521592074,17.964831,56.059683,20.43060975685881,149.185898,34.403279,13.029492101272716,160.301864,87.099975,7.789273296392792,80.983133,37.221679,12.107718304089547,117.123282,49.100074,8.311699016289655,54.527956,7.831426,9.614596269987983,92.540738,38.524311,94.26536139657586,13.175914360127393,9.61365201217522,6.917817316009091,18.86439326301295,6.1383523378968174
2016-03-09,-5.783959849412184,23.293267,56.179514,22.467639290209227,162.559707,34.813949,14.625044190609279,169.781929,86.627338,6.553791630870996,83.432546,46.169215,11.408838605871637,122.339029,57.471033,8.213223383649067,55.711415,9.012942,9.047133241387485,93.847541,42.407651,94.07156394781592,13.977495651149477,10.343332018670438,7.0115476525996545,19.951598718570033,5.9289358968118915
2016-03-10,-7.897060879405032,21.476141,66.633581,21.215649468641505,161.9381,40.62152,13.821810979963173,169.461746,90.42505,6.149244476256303,85.17946,50.016487,10.37039110576709,122.482496,63.181913,8.500210362102393,57.709583,9.103178,7.328787221247743,90.680717,48.772813,93.24903357342988,15.408487254845557,10.791451951476553,6.932679074996859,20.226778217657774,6.210833501113128
2016-03-11,-8.432910402296717,26.090474,73.901062,21.04763376775963,163.61789,44.287825,10.821649734930745,161.022472,99.668869,6.14801364956209,80.846087,45.989776,9.73787339159712,120.154804,64.945697,9.043657264624585,61.183933,9.910701,6.712549754242948,89.764741,51.707779,92.75934277241028,17.636672112796994,10.852717775155872,7.391675901906974,18.49177687846144,5.245033612618919
2016-03-12,-8.700366671191444,28.176568,77.488744,23.190163063771386,171.688381,40.250541,11.797298524971119,164.156748,97.291697,7.354687708879092,85.458912,43.773812,9.530553394610912,124.894232,70.876701,9.201140218927595,63.889606,11.739132,8.083527484596113,95.668617,49.852579,92.33593060076514,18.64300125035743,10.999933725927393,7.937758576706676,19.085596949545742,5.776958099392206
2016-03-13,-8.153976949153153,29.891376,75.552408,23.399633810778788,170.204339,39.169945,12.589405327543835,166.595684,96.096927,7.471979695106228,83.127848,41.285897,9.733010863155455,123.046177,68.542795,9.40832491087267,63.608546,10.923356,7.544388624001343,90.335612,48.088182,92.0921057990277,18.8297580345421,11.0726934616151,8.235573270179048,18.40095586450608,6.158139226370367
2016-03-14,-10.189181805608866,29.397319,87.621221,21.834571886956383,166.971675,42.20268,11.789624891563449,164.805621,97.436329,7.974499107613841,84.566249,38.997678,9.918586683344866,126.087144,69.4095,9.138331413321032,63.701783,11.482741,8.888490238929753,96.988943,46.197565,91.40236253125784,20.478242400980154,10.35702323840512,7.723465833344753,19.70931102979562,6.315473027664015
2016-03-15,-9.640492137490508,33.011877,89.71093,24.052605150599714,181.365156,39.903505,13.423272409194547,172.812965,93.866079,9.226752710487913,98.265517,43.999808,9.891545117427873,127.322988,69.147406,9.609845742323278,68.82099,12.302179,10.41489758059988,103.846652,42.593054,90.51579645248619,20.866455317591722,11.095997313879389,7.384786904796467,20.655052116699345,7.1645260350131705
2016-03-16,-9.31377570295485,34.067532,88.988734,24.093914822993085,181.016411,38.940114,13.876240521094005,174.725644,92.900632,9.838380783638884,95.946747,37.932069,10.856237683778442,129.452144,65.435397,11.468265186729019,77.035997,9.410264,12.68477945544078,114.318632,39.519393,90.89246344221662,20.868415450323706,10.216987824497405,7.2976612734126975,21.445409542319087,8.083098767809524
2016-03-17,-8.175552637513817,34.904371,82.510174,24.625804973522868,177.998742,34.604005,13.719120618765531,175.984602,96.098901,10.408159224992184,100.449346,39.843195,11.767854773474824,128.329671,59.806086,11.411329410569957,78.387881,11.940324,13.386320359224065,114.514773,36.56695,91.86987333618117,20.164113040110564,9.43742725782844,7.369140238215288,21.940758003021763,7.342756515053347
2016-03-18,-6.413815065685939,34.244273,72.621734,24.285505623578263,178.920378,33.606546,15.27204913426369,185.950314,94.569059,10.24990007039519,106.430334,45.09942,13.455276324747919,141.623348,61.112866,11.160113898307406,77.015614,10.238379,13.920131528875537,121.121237,37.829265,91.25994269360089,17.859931007585388,9.634124063763796,7.772287629321753,22.499652355912527,7.605152237961048
2016-03-19,-5.61735960466888,32.734774,66.300313,23.798750285836,176.561374,34.35615,15.037146015986947,187.31901,97.467203,9.482564605790184,104.656801,47.995413,13.89757986930772,139.703659,56.661128,10.653453744494291,73.589279,9.93145,12.314173126137376,114.71651,41.135346,91.85602793095457,16.574013519004364,10.224723962503269,7.448324171561084,22.851113172511468,7.376783438476349
2016-03-20,-6.714213454076219,31.659057,72.423408,22.57916089808575,174.258373,37.172347,11.018497979739816,174.033121,107.135945,8.47867935885631,100.455978,48.978934,11.459691003963359,130.827762,61.251948,9.147365547262666,67.503884,11.967011,10.295211923204594,111.283427,48.777575,91.40871705000201,17.143211401462455,9.893202265934962,6.965726475478115,21.47616170202205,5.881727990699191
2016-03-21,-5.704936642217662,29.470623,63.731745,23.572982518683375,174.080178,32.512115,13.051376911886079,182.997359,104.617029,8.808608276312157,97.958422,45.058132,12.140876195721013,132.008716,59.096418,8.682058575655084,62.675734,10.535441,9.115948758565098,103.653117,48.907087,91.7858806046717,15.51944517008681,9.723065850907869,7.166739984468727,19.924266831956324,5.3968228716361475
2016-03-22,-5.312545639817727,25.595003,57.459928,21.24604188159756,158.211597,30.776733,11.477413833691337,170.979738,102.137613,6.988892560451293,86.720422,44.800681,10.662123135978147,121.884853,57.932884,7.899601570643269,57.916406,10.534185,8.43579098680705,99.349301,48.750988,91.74970357042585,13.846984154188727,8.608076255424262,7.027050615766585,18.835082790212553,5.109096419971017
2016-03-23,-7.202927525502539,20.863555,64.375836,20.51166040689868,152.878812,28.969592,10.335566619322636,166.41988,103.983589,6.160259844826316,87.126482,49.912869,9.622138405060324,117.234029,59.107498,5.546584712386304,45.947751,12.441298,5.7398169931881124,87.547611,52.873858,91.96553469111899,14.110341760547405,8.280867670779708,6.443146408065008,16.458014649605825,3.903569016945728
2016-03-24,-6.3719106847568,20.075058,58.982179,21.831159195867144,162.176594,28.874733,12.010888509584118,171.026141,97.687214,5.822246128035933,84.307493,48.756644,11.363560931580242,125.963188,56.576867,5.559691862845281,43.351284,9.403601,6.637570073726284,89.111425,48.582178,91.90429671797688,12.94738958319868,8.877990086394469,6.075078702686754,16.955474185663196,4.61385445503327
2016-03-25,-7.035854398968658,20.826164,63.295817,23.74894474782224,169.333508,25.980706,12.79752470423885,172.696204,95.448097,4.494576959502495,73.878768,46.748712,11.105694049840979,117.999834,50.963914,4.904478384422097,42.270736,12.666443,6.7041654097657,87.907608,47.440088,92.69011994374284,13.936304355225316,8.854979725449175,7.111793043994669,19.168762592254915,4.170816997348313
2016-03-26,-7.225502619034145,22.803838,66.932075,22.998134065887427,164.771859,24.315594,12.59325986440859,171.219382,94.308697,4.592838859319852,75.225487,47.17569,10.482475892415517,116.098533,52.079017,5.364345748398765,43.906554,11.144941,7.3492715983208,90.392484,45.508354,92.44731148822547,14.69324673910993,7.7617948557736645,7.510902053834159,19.799171141319384,4.433883731336401
2016-03-27,-6.979842498627778,23.224501,64.271405,24.147045803193283,165.377923,23.374508,12.916376946637214,170.899399,94.941054,4.766515441153444,73.579406,45.548587,10.71706997297162,112.240571,49.215862,6.868139080584943,49.15296,8.762959,9.308967840525357,96.071834,41.327861,93.0779049629721,14.878287608603594,7.384290517603064,8.126865228343249,20.579237920114842,5.270097452769501
2016-03-28,-6.248201290155577,23.970666,60.013258,22.97538473275999,157.330691,24.797762,10.808768803074525,155.641439,93.291328,4.49335546639334,75.271562,49.351754,9.270132815088896,103.742182,50.267654,6.87214853680085,50.222395,10.580579,8.755910931985774,94.026587,43.518335,93.00718663963666,14.559121116736776,7.60246324034853,8.814543241009364,22.00480946883213,5.252424737536994
2016-03-29,-6.241735236033414,24.252252,61.072367,23.749213055599835,165.742632,25.645572,13.131964056179754,168.582221,91.116515,5.13651757937028,79.093121,48.792706,11.887605977281268,116.503576,46.378362,7.950512056662222,57.953549,11.053327,9.153003513614697,96.504673,42.510931,92.21714751407212,14.46420471292461,7.8715157020412,9.494133960279607,22.516481994606345,6.02706615437539
2016-03-30,-5.125825179536727,25.130682,54.633971,23.507405488709303,160.125482,24.821262,12.6486092301647,158.8913,86.088276,6.112091137811321,76.829902,41.649851,12.39144797239289,109.545045,38.222193,8.53955638795236,60.244988,11.092902,10.371662779839266,97.648718,37.951371,91.76664573009192,13.858104660277357,8.723215252299294,9.96528140943269,23.496546552765874,6.499451735969227
2016-03-31,-5.451558937471133,28.861431,59.937504,22.039351623318556,151.887413,26.254267,11.795768732192986,155.702796,88.462182,5.84127273652694,69.856526,36.558928,9.58478680267202,98.239382,43.602252,9.31339695638755,62.689156,9.599057,8.986507156676998,91.663431,40.436735,91.74432000240375,15.577664132053245,8.33947164399401,9.913501386230504,22.74667464720439,5.917093189570913
2016-04-01,-5.602978046436541,27.53109,59.20796,20.83383950988951,148.101413,30.315689,11.021831612355445,151.764819,89.452041,5.910814108445413,75.073826,41.656581,8.068292667344206,95.73326,50.118543,10.654692744906423,66.89321,6.65608,7.893496970419998,85.056044,40.429548,91.47013958183385,15.342330000368138,8.318072391328846,8.539430641808195,21.786354462550303,7.076373460592178
2016-04-02,-7.363756930659457,24.035953,65.56622,21.575219080644278,150.570023,28.889661,9.945827247131907,147.561375,91.468695,6.25073462001661,75.841949,40.588928,8.7196050563638,99.823756,50.646749,10.888214338652901,68.929114,7.52154,8.216962814451012,85.3557,39.013505,91.86309452127489,15.88741585578772,9.29867526314836,8.148431377547787,21.092441478181385,6.582549615418076
2016-04-03,-7.444960574906605,22.217239,66.424687,21.909794563929694,160.950874,30.852656,13.087942002035962,159.643165,81.928245,7.768151480661885,88.009246,41.882722,9.85874939203908,108.247827,49.707537,10.81934250709278,73.845856,9.601658,8.608311996406854,90.719575,39.60426,91.8522440878923,14.92815519126525,9.02590172826069,7.7202817130251065,21.570333770887977,6.920248668358421
2016-04-04,-7.9489981133420855,21.506432,69.668989,22.55929579999418,169.658148,32.972574,14.124107416661207,167.990042,82.412826,7.218270295964505,86.091218,42.356102,10.495955102322702,114.301095,50.706661,11.047581001717454,76.105374,9.168668,9.538744030307418,96.117511,38.322768,91.46529415663268,15.048064194601846,8.784230065963081,6.64579440343794,19.668465683385993,7.078495509625564
2016-04-05,-7.224248522548531,24.092319,67.1776,22.624637263893636,168.330447,33.39754,13.25782675488432,160.207714,81.138287,7.159478195588688,83.658303,40.959311,8.513728483518427,102.831998,52.056283,10.968616078809411,74.458216,9.041598,9.644321452995372,95.761148,38.242598,92.34631969426744,15.303522738748626,8.769582919916106,6.166815410433375,18.47739803584653,6.265110827373342
2016-04-06,-6.978508495268566,21.461559,62.921547,22.501084130796897,167.760474,34.079376,12.738417567397372,159.20019,83.52003,6.336929553705383,79.528983,41.880677,9.399280405821829,105.688796,49.84677,10.624910686721504,72.996489,9.872876,9.306880280994353,91.744613,36.451545,91.97539880803168,14.2032897375211,9.430401095345394,6.373902193906189,18.57450029669358,5.96949481645042
2016-04-07,-6.116094174434319,21.279971,57.853448,23.18374903482301,172.192698,33.556783,13.698216216646394,162.723427,80.80981,7.408595162995997,84.199416,39.896945,8.514778034489026,103.678084,52.760778,11.263632273447307,78.554966,11.199856,10.933950116376435,101.05464,35.670988,91.07192534784086,13.233290423794546,9.307523905270838,7.380015801769145,19.4914808859215,7.177486977223016
2016-04-08,-5.693627421407629,21.724335,56.011561,24.286266818404066,178.123737,31.870978,14.01824169277304,162.136911,77.718563,8.691852396975772,86.043976,33.701333,10.492360073166092,109.399982,46.214618,11.031722726067924,77.970051,11.536626,12.360574425183307,107.322905,32.887088,92.01632875815932,12.908575021300688,9.944709524807147,8.217273986076954,19.357808426839178,6.63775272181976
2016-04-09,-3.3863787565385244,24.053942,44.580928,24.135933740748612,179.519695,33.216517,15.303132584945264,164.367026,71.605049,8.714003964901718,85.764937,32.943841,11.41115345904886,114.734474,45.564247,10.88744047946959,77.466771,11.4711,12.754273158160052,109.058699,31.746973,91.80914035605548,11.322834522602749,10.066147799575791,8.342596307167202,18.896504894605773,6.203331936003656
2016-04-10,-2.6433571948125474,22.782152,38.423435,22.833196662076723,163.806817,28.698141,13.8040118277422,153.298119,71.616969,6.899839349962146,74.091597,33.263842,11.297298906073996,111.546528,44.698109,9.556799591745001,68.7098,12.16027,11.624764224992349,97.227999,28.441901,91.49850157854375,10.343667380685801,9.811545426750232,7.500818321497335,17.98406784950792,5.571704916003306
2016-04-11,-2.469562067968344,24.01008,38.890034,25.038650549973752,175.776041,24.909629,14.691191005205766,164.810872,76.291434,8.595048402877408,82.084053,30.295954,11.711150125628487,117.286647,46.722972,9.833133648098467,73.892091,14.644106,12.206818655548428,103.384151,29.833904,91.81790049574903,10.439261815277424,10.323005327846024,8.782087438212233,19.75288297243424,5.970941227216849
2016-04-12,-2.625697789679791,23.111503,38.69593,24.795606172843,171.854387,24.683865,15.365135504188004,167.70955,76.512142,9.011724792539967,82.659501,29.171789,13.294042037621049,125.399672,46.494922,9.961871966837942,72.607411,13.480246,12.321941470510298,103.295642,30.160646,92.0173404323782,10.413449285872481,10.129060849268217,8.59481503491116,21.6512837604514,6.214732378881833
2016-04-13,-2.4264661197739015,30.528575,45.081125,25.090763318665864,174.232362,23.752376,16.976037880279897,179.655988,77.843464,9.445787388251697,90.246636,33.596229,11.314863349559289,126.568315,58.708264,11.248730140560191,78.165702,10.70228,12.393080645123934,108.11084,33.784261,92.72634693913726,12.60702594227601,10.143198291852421,8.935765887509744,22.146690443557464,7.126352025319584
2016-04-14,-3.7945640088852954,25.847099,48.463758,25.008564490463453,172.444119,23.386105,16.303222223993018,174.044097,76.872349,9.492134670635679,91.186867,34.611099,13.079656011856718,130.383504,52.425109,10.573592490857168,73.646238,10.62468,11.387074922162741,102.329948,34.459808,93.2631735715029,12.467681607686703,10.38221754694494,7.698640011076395,20.778940288109247,6.315477842194657
2016-04-15,-2.632547095568399,28.321732,44.138926,24.838497871239714,172.726698,23.488973,17.83238401246612,183.412686,76.269958,10.244518334239833,94.612418,33.06004,12.091501840759806,128.407989,55.758337,10.38004216710523,73.840468,11.473819,11.862103398670653,109.939058,38.667706,91.7600249366076,12.060046476061121,9.417896701457117,7.379281362503518,19.895476729407942,6.152950544964685
2016-04-16,-3.218006866974306,27.662297,46.930334,24.935362244131202,173.183718,23.881525,17.618450049200607,185.098849,79.60717,8.72014454267701,93.741185,41.528721,12.00670043592185,125.085602,53.194659,10.380430478037912,74.902466,12.748926,11.78461747037275,108.789241,38.228035,91.66209708787572,12.45791664110259,9.863341291065352,7.229949183513661,19.908726758245564,6.589145840672985
2016-04-17,-2.5778273097063016,31.747341,47.355146,26.119810909842368,183.459138,25.313201,17.8974026116452,194.609383,86.247132,9.078329338267688,95.725417,40.759441,12.078285438020414,128.427982,55.298365,11.39884091455479,79.267062,10.251234,12.12075422012185,114.820939,41.434189,91.86145174451127,13.064780810260487,10.015556840448001,7.706665451509584,20.744293843216592,6.269784923142195
2016-04-18,-2.799759522961965,31.223639,47.894475,25.728818657348384,179.530282,26.331083,17.157811753808403,185.383811,83.219656,7.803211779150075,89.861823,43.398524,11.081812312328216,121.542401,55.557064,11.165978906164762,75.052304,8.565807,11.859245045772926,110.813494,40.199026,91.79088325076201,13.287377616232945,8.908820501335068,6.712679350222139,19.86744352632071,5.6406546373409245
2016-04-19,-3.106422196388677,33.68499,52.432021,26.710811514811805,186.936961,25.739165,16.808928758961912,186.828078,85.387421,6.646187004212514,90.440604,50.331351,10.696455423866322,124.646366,60.094039,10.724230407998942,76.489942,11.769995,11.206590017144434,112.515996,44.885044,91.06836942088978,14.269768608002403,8.834931976823567,8.107852586530235,18.90329744406152,5.9175263188853116
2016-04-20,-3.5007525067920584,27.51137,48.601341,27.574831824962853,189.750078,23.627965,16.974362209572718,184.378774,82.118244,7.266640156079397,88.076207,44.298982,11.476763285897736,123.363737,54.223001,10.672000926683165,76.60679,12.314273,12.156243682680907,112.480325,39.24612,91.057673633986,12.634050745351406,7.1090219190466435,6.817127478927508,17.128088779683708,4.90713719164507
2016-04-21,-2.6111762974246906,31.245755,47.044196,27.028121104397513,185.080003,21.551337,15.49773306706051,176.394439,82.628261,6.450541890068506,81.982548,42.954733,11.284215759900876,118.414572,50.141504,9.40286964066067,69.329453,12.439123,11.370576542408932,104.67403,35.878452,91.25482562420726,12.93981250287547,6.1865107098906895,7.458656388926428,17.427084945577022,4.967354001156158
2016-04-22,-5.236660727239056,30.080423,61.404785,25.862854597359508,177.247448,22.542482,13.5492824296295,164.109158,83.060824,6.251344131491399,82.976017,45.582079,11.920332145828972,121.590889,50.286518,9.353092570847787,70.966223,15.018421,10.463922355589283,98.171694,35.579193,91.78411547573442,15.294070342339177,7.2121785212446845,7.955896117273258,18.133341969834067,5.772664807815134
2016-04-23,-7.570431132126215,31.946132,78.050429,25.339609333130724,179.398356,25.078892,10.904051896094247,162.83799,96.431779,7.376024816456897,82.546809,37.626456,10.82859848094557,119.715668,53.768972,8.854846072455121,68.369827,14.44338,9.262525054272716,99.319275,42.910043,91.03751587840247,18.061687174651432,5.731237902375781,8.233221687708374,18.12108062065431,5.784661281529972
2016-04-24,-9.533241344907347,33.655937,91.758543,25.724203759670868,183.407729,26.625453,11.230272850984813,165.405588,96.96002,8.293611963380028,87.757455,37.210065,9.705517337960083,119.347024,60.194441,9.682232004679394,75.380078,16.369413,10.975278614776691,108.654952,41.763507,91.45291527686663,20.577502254994474,6.165681195773056,8.769943532402285,19.74558655990475,7.632388764172193
2016-04-25,-10.056490968341992,36.361447,97.21282,25.84871005656666,185.222165,28.812787,10.209458065252436,166.018818,104.241848,7.714633806217762,82.680659,35.999758,10.471370281431302,121.904407,58.542618,9.450979759166506,73.227204,16.039752,9.304830759711152,104.715683,48.412572,91.4670971591629,22.07490716254507,6.986396842850688,8.88868503492904,21.01808139910982,8.58810735106342
2016-04-26,-12.905225881655499,35.570208,115.95467,24.89975766397104,183.19908,28.102715,8.250036929084423,162.687139,111.299059,8.357687477855997,81.986692,29.928075,9.156032875064842,115.773524,58.742149,9.037776803776465,70.190952,13.896174,9.26218924281819,102.026321,44.333716,92.29278392766616,24.32637761860361,7.012961807612579,7.966904315887367,20.541614049109672,7.84836472427255
2016-04-27,-13.028279068238263,41.679164,123.817808,24.256343023253915,184.459152,31.531577,6.9727073159765744,157.243771,113.283343,8.230996552626188,84.260847,32.367355,8.745398109525846,117.18043,62.04382,8.044157256011715,68.093687,17.37815,8.234173417847602,102.31772,50.404199,91.419942585612,26.25001620631105,7.794258873983511,8.916564035684777,21.994983455573042,8.36926640343483
2016-04-28,-15.700711491796412,38.228929,136.120099,25.24179520440723,187.857308,30.479162,7.032258691794116,164.470585,120.625691,8.36796748492566,89.186239,37.013436,8.741145471533148,123.007029,68.507527,9.426484484047538,74.77639,16.00392,8.679030965785973,107.536462,53.424233,91.59973793774337,27.963745734197825,8.481569572241739,9.494818251335928,21.932878449803574,8.429123663673948
2016-04-29,-16.100768980788015,38.348842,139.244832,25.717183680645377,188.254863,27.097299,6.740825149523642,164.909144,122.667545,5.273914830188613,77.782336,44.733178,7.067271719845916,117.955223,73.667936,8.715546776948987,67.110329,12.494073,8.23812532225059,105.950753,54.326274,92.05699594910097,28.340023399575927,7.75451703283869,8.968509485254602,21.661028138916322,7.974304615297152
2016-04-30,-14.918003865116264,37.071661,129.980047,25.26760623785066,188.77898,31.413924,8.741119621339772,169.686911,115.24777,4.241839253716903,74.744945,48.327038,6.689021100141697,116.395407,74.736606,8.610655710165076,64.620693,10.994073,8.164912269462077,105.218952,54.368394,92.77665090647154,26.822961122349852,8.273165454463463,8.9239005369812,22.32945554032071,8.023610258668565
2016-05-01,-14.452012412920526,35.4607,124.393037,25.647262876785355,186.259024,28.435258,8.013811373146924,160.868599,111.554569,3.181032176424374,67.207027,47.632132,7.132790250848345,111.717458,67.824906,7.734661992571317,59.634484,12.038236,6.263398849562615,95.826983,57.284344,91.82805870978278,25.97714475192227,7.268799565896552,8.770723310908721,20.27058568726197,6.9234521850086095
2016-05-02,-14.414186832609108,33.464665,122.545728,24.02453818066059,175.572716,27.098756,8.314343553791081,155.112284,103.72884,4.243436613622229,75.150447,48.9256,5.791328993396659,104.366553,68.575582,7.496228958450926,58.286371,11.958954,6.661631448488492,93.281088,52.111564,91.85876523684989,25.244006714769128,6.781316152690644,9.271051781924331,18.769872991235193,6.427314064904413
2016-05-03,-11.89709970534601,34.495397,105.102486,23.288572889312526,171.002993,32.789615,9.371010464492517,158.162998,102.547782,4.056536202853034,73.881127,49.806334,7.289309950164631,110.429576,67.168868,7.819562511842092,57.930182,11.522523,5.861810927099,90.185365,55.3966,92.12429858831982,23.521858162233915,7.037476837926921,8.805983779171614,18.366216814023932,6.780964388803968
2016-05-04,-12.209108582272936,30.910102,106.11458,23.558042195806586,176.295462,31.184928,9.898059023339764,162.38817,101.41907,4.630195125605262,74.977072,46.456447,8.752602749436956,114.678684,60.765254,8.041931102254951,58.778595,9.242691,6.793723439190515,92.810414,50.963098,93.20988111794571,22.245340510034787,7.162333280242566,7.7916709683489085,18.313424063178918,6.633036785521046
2016-05-05,-10.761239353651252,32.023551,99.032309,23.21509966467029,179.929866,35.372632,9.650143359837662,162.507495,102.417379,4.4419164404484075,72.437941,44.778738,7.8470063925548175,115.121704,66.259474,6.763861232638872,53.729606,11.611972,7.166806374263744,98.788232,54.161514,93.14626943136686,21.04685298239088,6.718865538723986,7.280627258814124,17.860960418313525,6.835259629274744
2016-05-06,-8.949011647232085,31.07933,87.882985,23.128464382795304,185.511622,38.704202,10.532460368256023,166.651551,99.79699,6.34140578083606,79.592292,39.340358,8.390442720790503,120.552861,67.29471,7.51995652824668,58.017941,10.285182,7.316855550213365,99.778683,53.335103,92.69404499949394,18.741666227581522,6.850431881367436,6.687970508224128,18.46411583888817,7.32127368286055
2016-05-07,-8.10460559503164,28.23996,80.07766,25.558055269199144,193.739334,30.267986,11.033135425686694,161.64595,91.077141,8.703090514689352,87.859115,32.193458,9.742684256185948,125.437056,63.122075,8.455014009058665,65.242011,11.163071,8.681946311519225,99.909369,44.378952,91.89435220400465,16.935002692876246,6.723121001209477,6.127562561845602,17.580559887024165,7.85534492646979
2016-05-08,-6.62523934040932,27.081636,69.626318,24.114807371887046,186.741425,31.885614,11.42050802612206,164.57862,91.240608,9.055635888513137,93.045637,34.893904,9.570342892996814,131.482292,70.025313,8.270320443786748,64.296166,11.18742,9.555247449906153,102.057122,40.69708,92.35329154690692,15.059775070625628,6.790943973710754,5.907174042484196,16.849328893821404,7.619638592633857
2016-05-09,-5.888123779206627,26.51212,63.548616,25.350634816091354,190.698973,31.24263,11.727462762825686,164.964078,91.197944,9.806416564523465,91.978669,30.29598,11.898668686429083,142.867823,68.024798,9.113263820709712,66.736059,9.413324,11.046614881876472,108.747481,39.263903,93.17330316361605,14.318005710217577,7.725329883893322,5.7838790248865335,18.018261978962773,8.00542060067524
2016-05-10,-6.767050241316294,21.950786,64.222617,25.8516819494418,184.530664,23.042587,11.760424422276943,158.521142,85.057128,8.539795572409158,85.172848,31.827183,10.591198907549881,133.642283,67.482087,9.525188290499946,69.400587,9.899455,11.1250473793062,106.042161,36.547166,91.96343840601826,13.794996189452883,7.695856893424994,5.989907475393961,18.198193888328994,7.921035104386362
2016-05-11,-6.64406496839553,20.366749,60.454593,24.45680882285805,171.00552,23.442132,10.12789899695824,150.576453,89.468436,8.691035465262827,86.235163,33.796652,9.222225289289472,132.332127,76.688612,9.146051934902925,64.128164,8.944251,9.148573798951269,101.186362,45.987233,90.89964326048616,13.395139112018953,7.26501581638516,6.449664154617049,17.322026666806327,8.177668239188232
2016-05-12,-6.765193427433033,21.276503,63.762193,24.45228997393646,178.053135,24.491759,10.25440298540486,154.393499,89.995431,8.233058598223831,87.617185,35.913242,9.446248986007763,133.770187,74.447359,9.508198425383133,67.168257,7.456384,7.318750668795428,93.536349,47.574297,89.76442189262313,13.541105893694457,7.558471886270533,5.920826127640902,16.884990437856544,7.194777905173096
2016-05-13,-6.2060259847797505,25.376905,63.190426,26.014603485701137,181.13818,22.630343,11.575823933912137,157.453598,86.921721,9.28100211924341,89.443288,32.893836,11.672621703091455,138.357344,67.235675,9.445194567123448,65.720552,8.17067,8.97342229714962,99.841289,45.165931,90.52388273795295,14.535836469409688,7.19664396105074,7.327849553179343,17.387110548677843,7.096340548611309
2016-05-14,-6.722028114387848,30.237253,70.591785,26.23603885157098,180.266171,22.762654,12.983038686347593,168.577204,90.635779,10.357826642879434,96.845528,34.664109,11.842545565072655,137.300647,66.205975,9.27983153447715,63.002643,7.292781,10.640750934156614,108.051428,44.171522,91.65921961533972,16.795526910897657,7.532707610172158,8.160602289510184,18.664675841647117,6.6943691173690825
2016-05-15,-7.180041477513602,29.412662,72.038699,26.245342380400082,177.930006,22.118241,13.1795287449071,165.244306,87.000875,10.466543180032255,97.691387,35.554245,13.271486794487467,136.735532,57.94617,9.20049524287208,59.839326,5.218381,9.956054060824354,103.351592,44.245091,92.29728207418144,17.088733346949564,7.670601476231822,8.457307019590615,19.58721700119153,6.5417877865980065
2016-05-16,-7.889339638372736,26.078741,73.883828,24.615728137095346,173.488155,24.330294,12.467313512894764,163.633411,88.088304,10.101822812226729,99.444959,38.233433,11.274332668618827,125.373769,57.057474,8.242370977895146,55.162645,5.218381,8.49015965885267,97.239603,45.793875,92.10313377532721,16.496961044444284,6.670020280409643,7.644123796681508,18.591233558661795,5.914937174351205
2016-05-17,-6.4512162638088135,29.863024,69.735119,26.004627707606886,185.080987,24.357963,13.220849254841152,164.577252,82.86507,12.419213440502354,111.07569,34.318062,12.853948853490449,132.713049,53.268515,8.964110777953312,60.838962,5.435785,9.845337506680426,105.742864,44.893217,94.08694255225991,16.11475795206537,6.022883997774504,8.066986770621089,19.74155636871881,5.7624717729623836
2016-05-18,-5.714965871941358,30.768112,66.080095,26.838052952204265,189.467638,23.639024,14.918064105456242,172.678402,80.501749,11.357941459756638,104.902172,34.723024,14.260703044039873,132.434833,44.319923,10.026207627111477,68.292436,6.341887,11.70921247876411,109.034282,36.684679,94.92292202299653,15.674118266417159,5.846251706849616,8.415431614856521,20.104614352122475,5.3739724743501585
2016-05-19,-5.175027266452559,30.536437,61.025242,25.709151138220992,173.47133,22.005211,15.625338006685494,166.022049,73.964972,11.039646560265744,100.635027,35.594668,14.8358754106585,128.768525,41.362587,10.947233992103516,69.956381,5.460473,13.729198706614099,110.991197,30.105273,96.93343106783949,15.541251465486319,5.769849441438722,8.493107289421415,20.94592468774318,5.527315821775924
2016-05-20,-4.557151444792532,28.766803,55.894089,26.069238334621243,175.052796,19.870838,16.334946290125828,170.583997,73.347211,12.504638474245965,105.511659,31.075488,15.349469950178463,128.297991,36.927435,12.12898696800973,79.015146,6.81511,14.355672994926621,110.667104,25.212308,96.80683208763296,14.222303930265067,6.6547903224514275,7.6196539464998425,21.30389931600561,5.729368901219341
2016-05-21,-4.001596426652071,28.244844,51.748692,23.884996739147716,166.365626,26.074284,15.154559767235796,160.218771,71.206679,9.501431979452256,92.433785,36.626005,14.228981838076018,124.037463,40.461862,11.965692251886054,77.943159,7.661256,12.690534954453456,104.915692,30.37634,96.89027110344156,13.619125166775408,7.198750487306136,6.905871880189412,20.91413557756516,6.01405985251543
2016-05-22,-3.835461804772093,29.788143,52.622223,23.26323665949164,169.073202,30.577596,13.771366329366074,162.085985,80.099383,8.714683587763194,89.352693,37.470601,12.72170821967811,120.086015,44.348459,12.322028598708155,85.580614,12.222515,12.411020440791447,109.661431,35.773527,96.49615817629599,13.84254636535778,8.155299215893024,6.808173143944288,20.30351266516903,5.536049790563171
2016-05-23,-3.307966050976907,34.259055,53.685916,23.15253235441948,168.106037,32.136979,13.387255262866566,166.062897,87.44288,8.914438535144981,91.357767,39.005489,13.066571822757101,126.203809,49.467086,13.086105768536399,89.988577,13.137136,12.013431313490283,111.384553,40.832662,96.45933959584073,14.97508930661256,8.670165962527049,7.805959565437188,21.477649158026114,5.7370390614652695
2016-05-24,-3.204619963936397,35.393372,54.466864,22.84742838863858,169.677641,33.692642,14.034320253423408,177.177532,93.647036,7.038224755221183,87.984839,46.094217,12.955075505387523,126.894974,49.788006,11.893701937505961,83.664509,12.874702,11.772977425443516,111.770969,41.699699,95.379672312581,15.09780727355201,9.609601064592555,7.50264794783182,22.056484804540446,5.951018312167365
2016-05-25,-3.682839882469815,34.242333,55.513039,24.33113718584475,174.889839,34.362289,15.858343675386772,181.7114,90.119537,7.029945079235272,85.550219,44.947885,13.414019224090836,128.522422,51.048063,12.033896806677962,80.68067,11.177382,13.144283270998333,115.282989,39.366524,95.7861170811325,15.540371046805618,10.726005692965519,7.8997209178739665,22.64165765607062,5.604675002107045
2016-05-26,-3.633119107607684,33.822225,54.966802,26.114750612612497,183.797535,31.810953,18.439588714785682,194.573142,87.25563,8.25511020151972,91.060256,43.015915,15.577224827389028,135.224275,44.565582,11.625773513748355,79.488899,11.827461,13.545502913555207,116.568967,37.734797,95.2984738790349,15.255973696688024,11.326451431768806,8.097177270291686,23.222785791256165,5.626568022087469
2016-05-27,-4.1481999673954455,34.966539,59.487627,25.05623069486201,179.8107,31.696809,15.991260759781145,190.380102,95.851604,7.8191025291534,89.556483,43.335736,14.42684214118301,131.743626,46.462813,10.81423375149298,73.684284,9.758538,11.977628721641702,111.092021,40.289145,95.60078501505636,15.978686113828388,11.108521101103275,7.750538972667428,21.99709805686482,5.03088861833442
2016-05-28,-4.575867497477447,31.611327,59.100654,25.57335679284393,182.481677,28.850837,16.67670177811262,196.530889,96.346321,9.134560340045383,95.801734,40.926256,13.908615358450472,136.016183,52.460775,11.156442327897166,78.529561,11.507714,11.79113884453221,113.658335,42.823576,95.49999871409815,15.09989697054758,10.016948685749634,7.944315938876599,22.05724353963119,4.302734454052143
2016-05-29,-4.3961198269086434,32.694056,58.952916,28.28415009310695,194.354978,25.408369,19.317005746860332,206.083924,90.699774,10.335386723486288,100.087531,38.3523,15.820433028465594,140.291798,45.793342,12.02547989167256,78.092401,6.261922,13.657879936631453,117.230153,35.649038,95.88034633881064,15.343052618633912,10.205861968671973,7.758794248211981,23.583378659614528,5.4033618145792754
2016-05-30,-4.184833911824959,33.861774,59.290741,29.030277586652176,198.029686,21.628427,20.895904408046352,209.422992,82.449909,9.84853284295291,94.689919,34.845724,15.845520680215754,137.961853,41.677214,11.345650930439758,75.323261,6.381891,14.7410191544025,119.323008,29.749826,95.50920642603054,15.330068411500285,10.727932833132712,7.360034724703793,23.645233265403622,6.213893644236039
2016-05-31,-6.155106059806259,29.767745,66.726166,29.57287028295219,199.823136,22.25242,21.305055545810294,209.527692,81.601186,10.077668932704045,91.620607,31.109102,15.8041637900531,142.456093,47.559769,11.836597941660584,78.223155,7.150136,15.344725613500435,121.801592,29.663971,96.24274176071214,16.070228117443268,10.407210003577843,7.262975557882278,23.758009074399574,6.068272222287803
2016-06-01,-6.822564013155871,34.123809,76.208262,29.22425931484524,202.596976,22.329416,20.782822561360938,208.899768,80.702551,10.868541990414386,98.822406,31.780654,15.751284721632189,142.208581,45.048012,12.1119044215306,81.861472,7.150136,16.038386842757216,128.421496,29.48996,96.27916418154967,17.88659619982606,10.10744894156769,7.582017420578949,24.70660672355506,7.288242279849517
2016-06-02,-6.366642502270765,37.832334,77.215343,28.864357730404322,201.082567,22.532372,20.104939535573653,202.027818,77.661951,11.786982578803762,101.597797,28.685451,14.44180545343585,136.607276,47.27263,11.32669155083589,77.311542,7.246481,16.91671733038928,131.841546,27.1975,96.21677903376693,18.598564425986815,10.10983800006441,7.788023931916428,24.593465122043213,7.169224185804164
2016-06-03,-8.09545473378488,32.88327,81.349308,26.26499711837883,188.883168,31.639333,19.963186472112547,199.136807,79.620784,9.631426842655115,90.745103,33.083475,13.534080554054317,131.896656,50.870539,10.17342183918161,70.721237,9.814782,15.66891907799581,122.825575,29.018562,96.18367006616425,19.080673859137214,9.548426698814168,7.485489272900336,23.090508160261585,6.8365386808503095
2016-06-04,-8.40879578701089,31.652131,81.468401,25.637617377926674,179.750838,27.865776,19.540987364679673,195.044771,79.278004,8.778286729939046,82.254763,30.249516,15.006406937303996,132.75678,43.85425,9.867741293780712,65.678968,7.21946,16.273508333903457,119.923195,23.51397,96.31249903480239,19.094313020746643,9.79706633565917,6.8898344629254895,22.546186004954247,7.5995481049591955
2016-06-05,-10.122334197560596,30.2031,90.615748,23.36157765814157,169.493962,30.066164,18.637360101306435,194.051752,82.819278,7.752595045130006,76.524127,30.254681,13.96177838757919,132.336237,49.008816,10.368057541317294,68.062027,6.18284,15.358813076790886,118.365655,26.700378,95.95397323544273,20.243588011905647,9.468010524876135,7.02251016966832,22.109883163022793,7.292061090456582
2016-06-06,-11.11994833226633,26.8543,91.476538,24.55465693278939,172.061546,29.36512,19.916603482298232,195.925738,80.1828,7.7211394016484896,75.186449,30.315979,15.92333895037043,137.757531,45.220968,11.458428215426046,73.157529,6.568256,16.18137510878786,117.689345,23.653236,96.51742747875758,20.36191944750934,9.306251723708678,6.956115688706703,22.975766885663326,6.777367075128845
2016-06-07,-10.341787393381722,28.315592,87.100162,23.777645050311598,163.277009,28.12062,18.535237946846266,183.768077,78.410468,7.997451973243917,74.357822,28.898874,15.890845645845985,129.684485,39.358075,11.085012061715656,70.292306,7.283114,15.408141453421836,112.191589,24.608956,96.06205658272617,20.304736255021442,9.496872752385364,7.109735899886599,21.87725325529117,7.193286225421478
2016-06-08,-9.800873042165778,25.625421,80.102127,23.805049761886455,159.999294,27.682439,16.683126520308885,176.724342,83.993646,8.252686203388924,75.096032,29.224694,14.189958212041246,123.770477,44.897689,9.354687584596785,61.388777,9.392127,13.582000355292337,102.230559,26.737015,96.15423716623017,19.021382735723567,9.384623434039998,6.513921127109253,20.91110081797297,6.7448145488034
2016-06-09,-9.138432038414717,24.91039,76.245659,24.957406513938487,165.78541,25.586832,16.275221143645055,177.365735,85.939454,8.212476519194727,74.946908,28.813207,14.885735663244196,129.112527,45.4917,9.64401708022476,66.438743,12.263343,12.698896570598603,101.369503,30.033275,96.1079489273716,18.007262785767207,8.014475228979851,6.2889257826313525,21.738248302331748,6.929557219253164
2016-06-10,-7.07534316544471,29.787171,70.687123,27.314898097397506,180.331165,22.433803,17.669235262591272,187.361358,85.222019,9.44309050549487,84.982505,30.395478,14.569548002813729,138.055664,53.834475,11.23683741573732,76.618359,11.662342,15.061368138812844,120.880558,33.816338,95.87664777583575,17.38119666633796,8.32534360657298,8.143254506260211,24.963207307403618,8.255496740221236
2016-06-11,-5.371044640764071,32.830163,64.07113,28.53403583230689,190.368315,24.398577,18.255943508757237,187.982503,81.795836,10.302303053628725,90.61025,30.686356,16.19282871445987,142.453756,48.267306,11.041035226700807,77.681697,13.460928,14.289487752679758,118.7142,35.598634,96.23560617915228,16.65957300395852,8.234092629861642,8.855011043808519,26.207865936108465,8.233121608057772
2016-06-12,-3.6947605702382544,36.05617,57.15226,30.597731562596415,196.424932,21.720107,18.588492486812793,182.884967,76.74967,10.33741889162952,92.418836,33.394952,16.692899424856993,143.168569,47.856599,8.794919329373412,65.868263,15.651637,13.758650126876024,116.651173,38.092978,96.71518954566284,16.324486290009784,8.70478969371042,9.639720557917395,27.188130647017072,8.412678573552764
2016-06-13,-3.6614060535255732,37.547183,58.650121,28.361233463605608,194.270255,30.807,15.575134634319642,173.710812,83.941719,8.505896331543513,91.870085,42.845366,13.956983940980408,137.150611,56.707917,8.36109001199119,63.180363,14.990252,12.060473960872196,116.485629,46.97369,96.03962901857932,16.690443349567715,9.114398196551566,9.616920410098254,25.755424130573473,8.268646481238601
2016-06-14,-4.411294095612182,34.358491,60.124894,28.004323397790387,198.788719,35.215249,14.996476421384648,179.479382,91.884847,8.64841310987817,91.250328,40.73488,13.722341662703663,139.802933,59.650629,6.9128927281426735,59.212841,18.834581,13.06435023990509,120.684676,44.375705,96.79814634726344,16.175870507961577,8.424350233056959,8.90653483553416,25.536694245954394,8.015539784209325
2016-06-15,-3.5777920315402265,35.633627,57.261214,26.824171430991868,199.786112,37.635239,16.784468976035903,187.227849,85.766512,8.715537132364942,92.362535,39.677517,15.270876890842663,145.641289,53.329546,7.45743650160163,65.136915,20.057057,12.999670725349564,123.403809,44.821402,97.07448178696953,15.367337183801236,9.000972571559752,9.638556120277283,25.63845001524536,8.265826322754352
2016-06-16,-4.912378410960248,30.655933,59.962664,26.273520565800556,197.067501,40.322451,16.320323489197246,186.025462,88.660135,7.091570341448366,85.054322,42.746762,14.140534330574805,141.449373,57.088438,8.642972249175385,68.769133,17.206073,11.857764636978334,117.272569,46.530397,97.48691245279043,15.18944025296807,10.438122184471844,9.505014657123258,24.774093261988885,8.269461281767938
2016-06-17,-4.160478516696175,33.465983,58.248681,26.66978818556563,194.759916,35.896145,17.565640192497778,181.821983,77.188837,7.360294144631034,83.613666,39.770645,16.26439409561492,140.826177,43.944156,8.04083034553794,65.51896,17.622193,11.884209485363977,110.739361,39.94876,97.9065386425901,15.39690671443473,10.258830412266224,9.314374667556793,23.536377847327245,7.138746425546705
2016-06-18,-4.280608800988508,32.591528,58.063134,27.99431771986028,202.273781,35.694618,17.531816093516348,182.531419,78.208989,7.2421270585413575,86.193492,43.09948,14.039293477546641,136.89822,53.357918,8.717980687016745,67.699632,15.823607,13.437208268519054,119.826589,39.868973,97.18289688161093,15.234891117891761,11.08400885215091,9.122043503368158,22.8462756362807,6.8869323689983535
2016-06-19,-4.5940135027681315,29.415288,56.352803,26.425752383875984,190.021419,35.071047,18.19985734050468,179.734244,73.017333,7.087380347865755,82.401776,40.844124,13.781117016173901,132.821132,52.014002,9.293466783488846,69.747422,15.254134,14.100418300151995,116.961028,34.281639,96.88947078272992,14.627175823777577,10.720621971523526,7.916955119390989,22.52224921070415,6.655845010221941
2016-06-20,-4.193655124972894,29.807923,54.875249,27.199222132679264,191.949452,29.367707,19.267646369968844,184.498025,69.326806,6.966878993759634,76.645999,35.001891,14.44897779651519,131.452358,45.084446,9.935767864327788,77.19936,17.808894,14.656776753318946,116.454192,28.844174,97.25299370500852,14.167128087645292,9.552534803948829,8.04915818675302,22.84943581324997,6.932531686828969
2016-06-21,-2.7285381821437955,32.404827,48.443825,27.34460942918914,184.923743,24.185609,19.166053800236888,176.510959,63.848325,7.116745007568535,76.232382,34.398458,13.647337540882972,119.170796,38.948492,10.794134289649765,76.462709,13.012214,13.941801438632694,109.073399,27.120166,96.51248818091919,13.753891231662749,10.020218931473318,8.32338013890328,22.459517178856593,7.028830914570438
2016-06-22,-2.941157255775726,32.067369,49.152368,28.518833584098353,186.415003,20.750878,18.164772129477218,168.992093,63.474065,5.69787545024089,70.194544,37.095941,12.73171584295945,116.04724,42.089497,11.846745415466769,79.264319,10.447314,13.431133408230908,105.926907,27.906291,95.74255730386473,13.981857346889287,9.019986530721233,6.8139473441512814,21.50499271759264,6.6390954059497975
2016-06-23,-2.295890418045341,38.491532,52.001212,26.623580296967152,179.331718,22.670909,17.314100412773655,168.64358,66.76243,5.139223297101099,67.46868,37.228011,11.748874159845014,111.400109,42.266352,10.5113126681001,72.800727,10.949138,13.97476069410684,112.519024,30.28751,95.68278816056078,15.378707996949592,8.062213054802974,7.27223402078968,22.341464633423495,6.7636966928033395
2016-06-24,-4.240581848789766,31.440159,56.589473,27.84581251429771,185.999291,20.856132,19.10764838327505,178.397251,65.076894,5.615257991230686,72.653572,39.351565,11.305326945191554,111.137573,44.089883,11.07473720494426,75.758476,10.078328,14.603176105732327,116.027678,29.421671,95.59910494674703,14.843222348523815,8.862860872040548,6.191655790092508,22.37855065109267,8.274166062069382
2016-06-25,-4.7095873077578245,30.325905,57.816098,26.199369664282983,173.285197,20.35763,19.318540966664056,175.561381,62.797696,5.471478572024161,68.211902,36.274496,12.249088368467138,109.194139,37.695347,10.067990150545503,70.604668,11.8371,12.892369963112676,105.27425,30.020578,96.07575784501365,15.100383566210398,8.998691256163642,6.618646665062449,20.872015958375094,7.827474969648603
2016-06-26,-5.210174131576937,27.412916,58.566884,26.11018365285634,179.568499,23.444,18.17519920716702,178.768707,70.091039,5.98406657074121,75.400845,39.619427,11.725356739086031,110.30714,40.195973,10.311083002684668,72.839693,11.185103,12.421849732724183,109.759603,35.483792,96.37157558469957,14.379219038748408,8.8599730933046,6.793528343647318,20.364647608003825,7.97783404948522
2016-06-27,-3.8543655374731642,32.862975,56.237958,26.52776636742758,182.600732,21.721832,19.273159856000007,187.341927,70.458933,7.788563906267217,87.609606,40.37549,13.310393166297766,122.241709,41.520197,10.820061789506658,73.490501,7.871722,14.820680777152717,122.808431,32.927708,96.76632215297354,14.692099049308629,8.680676957279946,7.431896901960632,21.168410399118436,8.076878078322194
2016-06-28,-4.435149098914453,32.520659,59.803539,26.172175413868874,187.6773,26.678807,20.15633485716426,196.818768,72.8268,7.292283154506886,88.303358,43.444779,14.68367362465069,138.277308,47.95049,10.990661225230811,78.413383,10.804181,14.203713863202708,125.526406,38.152067,96.98829227980575,15.008370947924101,8.874909745790044,7.930984172740836,21.90446900743258,7.809087831651709
2016-06-29,-4.840316646322831,34.879577,64.362191,26.33592206459855,188.226201,27.812765,19.67525855490009,198.899019,79.056022,7.738046599211682,90.759575,43.626741,16.67372105989438,150.00757,48.44709,10.306070380619456,72.812389,10.037592,14.913191626900074,128.097385,37.260379,97.41075344327952,16.293045849357473,9.345695018909284,8.236455192324883,21.46192649968232,7.550878069528721
2016-06-30,-5.356194684871035,28.649519,61.182631,27.05013128245966,188.461973,24.161569,20.437660630648043,194.399956,70.263187,8.5360946013107,94.732317,42.884739,17.59919031961456,151.104153,44.208033,11.08776507773121,76.115339,8.769112,15.429174689468098,124.862768,31.147155,96.94704523079197,14.789808130268556,9.888155127481943,8.4496391039793,20.928541103028643,7.329063911138638
2016-07-01,-5.8652588510808314,28.185389,63.068275,23.802767926305137,170.29789,28.733935,16.15776315625005,175.681454,79.585199,7.717361414281814,86.664789,40.766757,17.39794132928248,152.947431,49.475373,9.876791060745292,66.582558,7.841591,13.062963997456317,115.376235,37.685907,96.81035477431227,15.343522908900265,8.621697732709803,8.594513464620618,19.655873950923073,5.653527241131844
2016-07-02,-6.089818883353419,29.286839,66.066156,25.033026000782428,177.692617,26.506249,16.231897542679828,177.980346,79.948185,9.510223711730317,94.308793,36.872022,18.074753014223667,158.895884,49.733841,9.98131455546246,67.270648,6.988735,13.549317611118115,117.239199,35.408416,96.83755098018574,15.78828855183211,7.912611191573293,8.21211596668349,20.31049172105953,5.8349635091623915
2016-07-03,-5.810213449552783,33.099004,68.170876,24.355624152579544,174.996743,27.980228,15.865801617178224,177.489293,81.719427,9.497880521755228,92.636561,35.305027,17.825069334246475,158.633425,51.036939,9.91891246985862,68.410028,8.537042,12.907246598150849,116.689834,38.778531,96.72672747137756,16.776966419431396,8.427005171503128,8.357108737776189,20.412695573447746,5.150714872737224
2016-07-04,-6.952444865437898,27.473189,68.863357,23.645523100567523,169.213046,28.443548,14.564604361636125,170.736305,84.028473,9.235831314181777,90.610859,35.626948,16.9301628656091,155.504732,54.71396,7.960946567410996,58.815769,11.421662,11.037456274859215,105.048251,39.33868,96.69266804422725,16.181971636155765,9.367684005054251,7.61319135644118,20.234075556022002,4.735520597092825
2016-07-05,-7.535667790550109,25.064082,69.39092,23.585963245159853,165.211921,26.4729,13.03120812501469,157.663281,81.010187,8.540948451961082,85.970444,35.730273,15.499884371183784,141.616123,50.441607,7.396794209430742,51.377995,7.868049,11.17871518160932,101.35924,35.603011,96.85358412065742,16.057574786357332,9.645051324669396,7.113933885722282,19.70676368326006,4.630272440096059
2016-07-06,-7.422839628715094,21.76796,66.282162,22.71491560344346,162.865171,26.645558,14.022565049928485,162.618513,78.526262,8.110381990227063,82.660897,34.023556,13.979557831884193,134.54021,50.70587,6.806296337696536,51.767505,10.950666,10.86912449866503,101.684431,36.503122,96.37081301609649,14.682548614368034,9.69734952000172,7.168340804502965,19.93549599309718,4.82962866103423
2016-07-07,-7.504311451955734,20.967633,66.102701,23.280488506712505,169.166709,29.145011,14.387394874664256,170.143313,83.609585,8.398770492537837,85.195644,34.680806,15.025103434395042,143.899364,53.530105,7.188999497708186,55.812744,12.574136,9.801675587603329,101.940405,42.987722,96.08216276088308,14.476612831552856,9.780100412939516,6.796628930375746,19.021661588421605,5.300173053301328
2016-07-08,-6.70607758398043,22.261881,63.240444,24.811354760861168,176.549914,24.93615,16.234813237306966,177.075778,77.870347,8.266885305772284,85.30471,34.788581,15.275069350768897,142.856846,49.516084,8.058039304177079,61.228989,11.989047,10.791869659182042,106.298722,40.353271,96.31315007253127,13.992321425734467,9.41279695783587,6.735084759512508,20.32541657641183,5.455886041673099
2016-07-09,-6.723844906029419,23.569567,63.76843,23.3322252837174,165.658359,26.165414,14.85948611598655,169.145712,80.307487,6.789531201913008,77.403893,36.812321,14.517739708982225,136.637795,49.842719,8.749255409291365,63.391018,11.083131,11.019186452036763,104.654611,38.775821,96.0784520805568,14.608551148107415,9.086119531218072,6.681852637860207,20.902138095629958,5.192112724239839
2016-07-10,-5.677410483246731,24.139713,58.763287,26.98527884805131,184.617777,20.048595,17.33378429816761,182.242166,76.53243,8.351344501837708,85.992722,35.062215,15.424911251860395,141.905705,47.837193,8.140240749664187,63.677343,14.034248,12.836259468230276,107.833177,29.551506,96.00476853252589,13.594043217277449,8.240912065308995,7.218961669292689,20.519468625948342,6.140561796878582
2016-07-11,-4.689189172102995,25.338901,53.524955,27.375026177623734,185.494531,20.947114,18.701903960878273,183.976808,71.562304,8.675714857916809,84.308359,32.159862,15.649976173121885,137.424655,43.354858,10.017432450750633,71.363,11.149628,13.78784608948059,111.457438,28.580642,95.67101925601713,13.120231005925476,7.956553396329989,7.593735690480702,20.68512838797677,7.084577664675804
2016-07-12,-3.455156080148372,27.938649,48.911173,27.730568092232804,186.844808,18.522454,21.0182153494861,195.351789,67.772885,10.062403004604572,90.765253,29.687263,17.08155315705129,148.567611,44.883935,10.14625352109409,74.620395,13.033439,15.298955618839887,119.157789,26.294339,95.72042855972191,12.66076175388428,7.148287914995505,7.590287251965446,20.917075316008198,7.5487341567271535
2016-07-13,-2.9060133906562235,27.552924,44.761327,26.95035899460661,181.105406,21.514731,21.09189028253484,189.684187,64.785331,9.825471655504948,88.157384,29.97435,16.553864521170702,142.489453,44.463211,10.823289320617286,74.042586,9.950822,14.116356965953475,111.790063,28.197895,95.92622095928508,12.211835214532993,6.569195088419424,6.901951497823573,20.801058315299503,7.358656405439547
2016-07-14,-2.812597430557044,27.470745,44.330843,28.01079627431764,186.804505,18.893959,20.720296009645587,190.742983,66.535296,10.999932212792244,93.276201,27.337175,16.010163893987478,143.719259,47.74643,10.066917993418242,71.587791,11.241713,14.72409918311952,116.320587,28.057065,96.63625662073203,11.977923373797438,6.085931008170106,6.489699543189956,22.55086357291033,7.368866847698909
2016-07-15,-3.8731072655348386,23.900679,47.253078,27.539765353085993,189.080355,23.032904,18.284045994067927,182.872912,72.631623,10.706193813019866,95.802531,31.250921,14.954760667572037,139.807692,49.639898,9.167066987612495,69.007747,13.736103,14.41006666403975,116.816153,29.932521,96.48117017879501,11.80119152669498,6.571249597997012,5.868698652787072,21.618819787321815,7.551226682105846
2016-07-16,-4.564864317981751,22.057333,50.1533,28.657147025436696,199.049671,22.669783,18.804953187103838,190.152613,74.41131,10.769085347496372,99.24519,32.963293,15.418640053606417,144.497214,49.598095,8.640450514163533,67.722169,14.541659,15.706964800359113,129.815835,33.142126,96.89984485990793,11.73235083742003,6.726781301599054,6.520863370816786,21.581200635756232,8.0018241736557
2016-07-17,-6.989893201835942,17.872395,60.420338,25.801405069313976,182.891546,25.836684,16.25636865706858,178.424264,79.470671,8.45185774017163,90.315045,38.868027,14.728095492635715,142.610223,52.95933,9.119133539905203,65.803266,10.294496,13.974526069927364,122.84295,37.779084,96.67582080283749,12.862145701141333,7.279757962220305,6.126641384920034,21.610289357373098,6.7840896260986145
2016-07-18,-8.368872529567852,17.394663,69.054781,26.42662439614859,184.566773,21.438164,14.741441422605812,175.522691,84.525415,7.460797502612319,85.608688,39.554016,13.201985977190688,137.624836,56.130447,8.940740291536315,65.48469,10.294496,12.369250070803968,117.187537,40.833534,96.74973400054641,14.004698500456664,7.158449750224069,5.713016736725115,21.221736866523923,5.621740182961539
2016-07-19,-10.830968083662412,14.107493,82.148672,24.67294485492078,181.872663,26.87486,13.195209333157909,175.640785,92.747216,6.730874601961459,86.637562,44.353563,12.57952451565531,140.838954,61.813176,9.724296642729161,70.904506,9.815543,11.006465725986645,117.330181,48.186509,96.66192928267972,15.322301381208325,7.4270885958585495,6.349686049597788,21.109620488610858,5.11088083870176
2016-07-20,-11.701891954825221,12.985428,87.606606,25.260166924900602,185.734837,24.65461,12.308810205175858,176.071585,97.580182,6.912942555348538,92.331852,48.249073,12.42098507270354,141.849279,62.642554,8.784502192461945,67.827121,11.809692,11.176819791775195,118.290728,47.017855,96.44940830941555,15.774571575164694,7.771673014299203,6.861927534099692,20.932738378309203,4.838182192065635
2016-07-21,-12.118796818215442,14.864099,89.842969,24.182208704242512,177.313192,27.698118,11.24117581959217,168.335559,98.786521,5.521611826336976,85.229789,51.067634,11.06052285741595,128.59537,60.16403,8.321791573204209,61.047788,9.56095,10.72842338262792,110.424244,44.0476,96.383445518668,16.92375041825874,7.607394543531486,7.757655503804861,20.298112477353907,4.583916539016137
2016-07-22,-11.325620605343707,19.454731,87.943902,25.780686139602395,179.932476,24.029512,13.646547159544703,173.261152,90.736694,5.485746575285755,78.18414,45.010308,11.435647306896461,125.844607,56.690074,9.317354085450749,65.167235,8.822609,11.81852803107583,110.519286,39.049367,95.96090523730271,17.759832001624705,8.645564676109712,8.402716387319503,21.431643472132823,5.3168783540185895
2016-07-23,-11.365816457160333,19.655373,88.250441,24.82079068775911,176.352352,26.553714,12.546311617348795,169.34591,93.626308,3.890495316040584,72.969633,49.489684,10.7180076477031,119.63255,54.947143,9.150606361688796,65.886149,10.660335,9.763141822644746,99.070346,40.147753,95.95184682396058,17.879385680971726,8.759025169262847,8.303744268213425,20.76082499451295,5.123262244274478
2016-07-24,-9.53201171741418,22.158386,78.930463,25.11547411590615,174.044844,24.458621,12.862309956802525,166.048021,89.440892,4.662922778763009,70.106992,42.33491,10.42641935205293,113.077459,50.978345,9.728982181507192,67.384056,9.438835,10.503993018799815,101.133077,38.571939,95.8852999602338,16.972782115544454,7.835099174502075,7.550115715177824,19.850325523416867,5.773449496495401
2016-07-25,-10.044547161753892,19.001189,78.130926,23.500572191796362,169.747666,31.405675,11.142098970435285,160.683365,95.092615,4.274065049034951,73.335658,48.175306,9.579068579081303,111.238811,54.84923,8.80221427446748,62.445099,10.628665,10.192888948789893,101.753527,41.750539,95.99470634891419,16.50012598632736,8.139270363770677,7.8057987481343485,19.3844348644742,5.651946416137026
2016-07-26,-7.2278279084080355,21.214777,62.612375,25.15938005914019,170.168073,26.06698,11.854824194045712,157.870985,89.972129,4.6664382470686006,68.815585,42.088422,8.671420108742309,99.584655,49.91884,7.783752930993165,56.35518,11.773505,9.746029315997106,95.265735,39.445064,95.68360988083666,14.635830530746313,8.391216928088625,7.622281918000262,18.014619552657532,5.287920504420757
2016-07-27,-7.044134514966915,20.528848,60.375801,25.65528029455184,170.398331,25.27266,13.203545763434324,161.386624,86.697382,5.0074889206825315,67.932235,39.60609,10.013146403122468,104.253349,47.611419,9.617361638553147,64.727523,10.324451,10.592513936078278,97.875587,37.956316,96.13216612969227,14.302303878597284,8.413141849276027,7.3237286654238805,18.77876392202429,5.825923845686549
2016-07-28,-6.198313720996145,20.147616,56.043206,25.379049188881396,171.932273,24.957469,14.987673907328123,169.004198,82.207785,5.289915051913765,69.102172,38.467288,10.92383319218954,110.696114,47.43416,9.814303023692359,68.454559,11.618101,11.863506282110023,104.805134,36.101358,95.89478486099077,13.156340860160675,8.644113263714369,6.858059367103291,19.08332295808445,6.440546815901303
2016-07-29,-4.561576930990438,23.131437,49.302853,24.318850445528746,165.468992,25.942955,14.44408681005675,167.11617,84.245222,6.422912833244449,78.600379,41.749806,12.717759656327605,116.743584,43.777199,10.380521375301933,70.453996,10.897192,11.408814427631162,104.901462,39.444969,96.23422249286077,12.625017548789542,7.227923982681288,7.381404113817454,20.2401123570123,6.629821356228879
2016-07-30,-4.307627787190815,23.446895,47.759977,24.718695562079,165.009887,25.492802,15.93527918533953,168.524191,78.582402,8.382648533381262,83.145383,35.832098,13.845732585402832,122.187137,44.039152,10.460704916451064,68.861352,9.819116,11.778845204095312,105.086279,38.604205,96.36466745397497,12.615953027515788,8.18223688408833,6.536569340403439,22.14657810257745,6.274895610140437
2016-07-31,-5.101917676668889,23.328675,52.432092,25.193775736996315,169.316928,25.601367,15.529107168030976,168.413736,79.829382,7.928965052655662,83.134333,37.904286,14.631544874176509,127.713455,44.249162,10.598421475649825,71.15419,10.696476,11.888583532991378,105.130803,37.313479,96.26749257728771,13.281093294141137,8.436732256471142,7.455735879846633,23.075672289683112,6.683292629689645
2016-08-01,-4.041699686161074,25.830486,49.24708,25.92406003247859,172.749329,22.551829,17.070633876532092,175.642336,76.739366,8.905273758212022,84.599301,33.004379,16.205744338477672,136.150196,42.258179,10.548256532032923,71.825598,10.711646,12.369331242288933,109.189363,37.524561,95.8460003183569,12.958373661854383,8.191048493311357,7.270815343830421,22.657012632262543,6.790970955953302
2016-08-02,-4.134508030556798,31.551092,55.779547,25.965734415014403,179.979899,27.819201,17.06508428402721,176.984742,76.982366,7.227372877933597,85.578365,43.225544,16.80504400507125,138.030315,39.55179,11.11503674567155,75.247789,10.113034,13.141714794251463,113.258129,36.246924,96.26673342141495,14.902693063142358,8.038874805930874,7.455563469679576,23.850083861377776,7.881519525350053
2016-08-03,-4.353504783924855,32.277049,58.326341,24.139857607076802,175.713987,31.272616,14.71398146825256,172.463862,84.422429,6.367884749244546,80.362364,42.259985,14.647442230212343,133.697461,46.054167,10.474144853494048,72.240216,9.567939,12.049480897043836,116.422265,44.32393,96.27305812498982,15.142150189909554,6.886028905570613,7.34861331037321,23.65260177998708,7.888696718906401
2016-08-04,-4.940849940523576,33.308136,62.514402,25.685113504597968,183.568662,31.739267,14.446229858953977,172.82266,87.428358,6.693500090445522,84.72935,45.162849,15.094671344408624,132.462014,43.234656,9.772691236252395,70.374749,12.606587,11.368278228240003,114.586686,47.386718,96.82203927736586,16.21038379839854,7.021708529333597,7.95017621651665,23.42681664698916,7.774775441887217
2016-08-05,-6.381301993918449,29.729802,68.300724,25.476067996125636,188.134028,34.14736,14.323510737494177,175.392343,88.815808,5.840907974467382,80.521333,45.21675,13.927186594584459,133.54231,49.361303,8.991945550030565,67.759636,13.40903,11.237373769961062,115.048057,47.125262,96.92815402779841,16.218497214784605,6.935464207760458,7.045973407339712,21.52258507673715,6.25760977302637
2016-08-06,-5.326616616124654,31.108445,63.148128,24.072894950909006,179.793948,34.995105,15.522503251022227,176.199134,82.831032,3.1659220352037045,72.051931,53.00886,11.760294002088221,123.336292,52.597938,9.023413401585456,67.241878,12.965904,11.627262763390457,117.311081,47.372912,96.66632844644009,15.670212090449413,6.1874567517759695,7.66490474610193,21.1506602232056,6.978601475921647
2016-08-07,-5.509518192596846,28.644636,61.565833,24.115888072945854,180.792464,36.692041,16.03729697073755,178.799006,82.970842,3.7689034348269006,72.485315,49.964868,11.818626347349747,120.898305,50.278096,8.57912986814276,63.897012,12.633868,10.982555061268325,114.133596,48.50919,97.25084954660565,15.097149113933913,5.786371456797144,7.380046581818117,20.095211656537092,6.5700100024075825
2016-08-08,-5.917648224732456,26.352045,61.452274,24.3925653809796,179.972668,35.289409,15.474562130016844,173.804155,82.017578,3.4281316073546453,68.924601,48.590813,12.740780412265734,119.964161,44.392871,9.181473607732544,66.612013,12.15257,11.339181761429474,114.811041,47.553262,97.15677774024414,14.803181838334798,5.435347698998869,7.610226193192663,19.85472079566338,6.9443782764274475
2016-08-09,-7.131591748591465,20.581366,63.159381,24.922228820117518,181.113206,32.31907,16.833795304646262,179.084378,78.580926,3.9895382811853253,67.042432,43.223539,11.756914610323795,119.412962,49.220205,8.918666207898692,63.187978,9.940524,11.739803184518065,117.696865,47.606269,96.21833536818455,14.026131099021066,5.480099054689238,7.063753381142184,19.22750976462682,6.219058024057515
2016-08-10,-6.06319374214811,22.088042,57.487793,26.585932824328413,184.729226,29.508159,20.65847490544983,183.564939,62.951134,5.227707685851624,70.733615,40.211821,12.57996021448154,115.800204,42.352533,8.791104083968577,61.788313,10.46175,13.632413019003103,117.598478,38.006097,95.78285860316244,13.629579055463145,5.937063866610663,7.459968149716476,18.28635321967992,5.593326834914147
2016-08-11,-4.682627399760926,22.21405,49.200664,26.715324072495317,179.263826,25.299806,21.062718358691658,179.444355,58.057065,6.477811261694488,71.358497,34.025996,14.767106194282595,125.467151,40.362324,9.584332435813153,63.821378,8.585576,14.677348623566782,119.33583,34.748288,95.16170975435224,12.391643372617631,6.331198177739035,6.980050231444951,17.778075902552644,5.0420918213328765
2016-08-12,-3.9435477156559116,21.990375,43.930322,25.674689035817494,169.265848,26.42459,20.347706389811403,172.824398,59.619834,6.181297523762938,67.869095,33.479416,14.464994385940047,119.961985,39.485918,8.752823258505305,57.509478,8.813103,13.713265200347472,111.453785,35.159967,95.22846146002037,11.848771287770003,7.618775724667333,6.615177433590788,18.83265910097906,6.105022763806719
2016-08-13,-4.222556870892126,26.038922,50.181105,26.977380085422926,178.358936,24.117592,18.866953997630983,174.899884,67.029352,8.396789426604649,75.029464,27.021389,17.05303081079426,134.385844,36.886295,9.710692175070777,63.211248,7.691023,13.872527032585111,110.800621,31.485387,94.91349533760722,13.331163909594808,8.913983133502049,6.654768796571091,18.258301927349976,6.159529350543476
2016-08-14,-4.255283017403251,26.859401,51.258252,26.745282095096982,177.825835,24.474307,17.662477892611083,170.202194,68.929455,8.737569216287868,81.06434,30.965052,16.288674079566448,132.359819,38.964167,10.39196007194327,66.730898,7.145699,14.823144542480218,116.953446,31.960816,94.47050857301403,13.624113781845715,10.441880380429822,6.973529377617221,20.204456723475165,6.363717907513859
2016-08-15,-3.0471695313860807,31.82283,49.450835,27.0843780606193,183.61386,26.929584,20.198297007474668,184.349283,67.501278,9.088580028078688,86.91136,34.333539,15.533829568703494,133.65548,43.791617,9.663107362313864,64.998794,9.097308,15.055509307743332,117.890213,30.793453,93.80835171127406,14.04893155476637,10.377314916906002,6.6865018770251305,20.381336633310287,6.187756182434356
2016-08-16,-1.931823853943233,35.281319,46.490725,26.818523834612428,183.698597,28.084139,19.685387934258344,183.630496,69.406052,10.468026258224212,96.911462,36.17075,17.460542401712537,142.196831,40.882051,10.56682300062986,72.813026,11.499046,14.388599266645977,115.813184,32.323351,94.62587999648791,14.092556303598574,10.153605006819294,7.093189491125824,21.02686045955913,6.544318393601932
2016-08-17,-2.7178873372114514,34.506479,50.327422,27.001582851682226,183.744983,26.567569,18.298632644868395,181.299532,74.782378,9.369592943067115,94.231668,39.690851,17.38909123087009,143.276361,42.053688,9.910296596343635,72.369364,14.681087,12.601657422492279,111.20845,37.853642,94.77653310137495,14.573656279157943,10.844696264087109,7.136432019514985,21.566406008117664,6.819042757867962
2016-08-18,-2.8762645302027443,34.945107,51.753219,24.847586803272893,174.716849,29.514272,17.020213259219382,176.485808,77.024285,7.864017265932535,91.079518,45.124328,15.56644645809532,135.490937,44.524834,10.571871538052049,74.647172,12.868014,11.281328054070071,109.255915,43.330885,94.80611828589177,14.836129120376777,10.298877384390378,7.230780909822873,21.42858035144453,6.976512639905644
2016-08-19,-2.2270487338580875,41.865076,55.082922,25.105517014098268,178.332886,29.328128,17.230343879386744,178.868053,76.60355,8.023974511172398,91.667753,44.044341,14.95862509554724,132.736865,43.955331,12.031584616422837,84.024543,12.615404,11.793457798457084,113.768475,43.772652,94.27760877464996,16.33457646548283,10.512179679859582,8.971135152618363,20.739060781614352,6.501622045144044
2016-08-20,-2.7367483901954177,35.973216,52.093197,24.720532882210726,175.160907,29.552154,18.180985951270966,180.24252,73.152972,7.9819839573216145,93.249819,46.234379,14.624768221797757,128.233489,42.090756,10.64867575049195,80.516731,17.793957,10.05513442488468,106.752812,47.526112,94.7987207044385,14.951358441925876,9.037770100895221,8.775623081053475,19.70635571939281,6.05631418214143
2016-08-21,-1.6009843386085707,37.21874,46.656523,25.465200503361185,177.925866,27.808822,20.810169763695736,191.552137,68.876442,7.366977530136361,87.540576,44.112334,16.164775346071078,135.633788,40.342636,9.656344474380592,76.950359,20.026327,8.924905799337111,102.076288,49.464078,95.3395283668878,14.228233734519524,8.273121912920834,8.7132327541358,17.982378117629697,5.751055077263257
2016-08-22,-2.042867022681871,34.34406,46.354358,26.719710742922086,180.740374,23.651496,20.559689424696348,185.412338,64.539078,6.6086792356897766,82.43949,43.58615,16.92104452951458,137.05105,37.569887,9.314228733536092,73.417526,18.657886,8.508776018918772,97.452887,47.428615,96.13440008102413,13.726232014792398,8.418405464248279,8.812991683226944,17.707763206568625,5.972676009897382
2016-08-23,-2.070435802684214,33.759405,46.062884,25.533900145417586,177.708587,25.974443,20.073113071660657,185.280874,65.997231,7.244849151308682,83.097818,40.045602,16.016054082450164,139.659747,44.485009,9.709126319227959,75.916471,18.22039,10.30984670321421,107.595354,46.329517,96.46678479667248,13.432536032922588,8.716613553577348,8.525777726161282,19.049866562132603,7.131612013692824
2016-08-24,-2.9119395124607568,34.628941,52.023901,23.414827215608053,169.804435,29.93203,18.369479901665244,186.773715,77.04054,7.598968455568883,84.550051,39.156336,15.824565638233896,140.999139,46.468437,10.411485637223324,77.70882,15.514061,11.161500865722696,112.80377,46.128669,96.2372954356533,14.505801363545473,8.477045369933212,7.935799358546211,19.290651443698234,6.98191006274932
2016-08-25,-3.2965781911889347,32.201883,51.632829,23.67090991799792,169.672689,30.149782,18.66039047738728,185.487906,75.49839,7.264633952664562,78.121103,35.301336,15.407083239874037,136.295719,45.482098,9.10586850062178,68.969377,15.296863,11.59682443172465,109.610499,41.2556,96.82966985621799,14.223068873939813,8.283946193030314,6.991409616917752,19.037960090544097,6.812537475968429
2016-08-26,-4.961105614767913,24.551932,53.608201,26.124257508549576,180.233783,27.228886,19.673001080145422,190.450626,75.229533,9.882772888081321,91.172417,33.290862,17.484863521932724,144.049469,41.643889,8.05891022070376,61.778905,14.579373,13.613776616878734,117.853274,38.119927,96.84725613147134,13.34516398775448,8.174699810258419,5.878287329302457,19.575533229015058,7.129104063986004
2016-08-27,-3.897448125219341,26.545749,49.250291,27.006446382208647,183.884944,26.559182,20.38199672504415,190.297478,71.562376,10.42434786348184,90.876283,30.149357,17.37952236289525,143.910049,42.665829,9.531008812906204,64.923609,9.40082,15.575599701436923,125.204269,34.468781,96.3091410480872,13.011102976534398,8.244402361531455,5.617613872466516,20.866124134491358,7.2540132642353665
2016-08-28,-4.884305421689238,25.459194,53.865712,26.092369964075644,181.869609,30.119603,18.340840748363327,178.012603,71.344535,8.994965484722073,85.255338,32.941728,15.876962851970235,138.870052,46.531594,9.789179711424005,65.826295,8.893633,14.876664475629836,122.466422,35.945576,95.42392996544761,13.639372078295168,7.271477771430327,5.7916637255795465,21.397815298930993,7.303066818122423
2016-08-29,-5.505117219366132,23.433681,55.241868,22.71669128920634,165.590979,34.335506,16.524746543698726,168.41754,72.938696,7.6254540959447805,81.75321,37.693863,14.628937446694154,130.932603,46.407613,10.592173019610971,68.787607,7.586763,14.434935819551129,121.299317,37.895255,94.96649018434441,13.61656103012045,7.75804308162272,5.458448264037051,21.538849758349134,7.1238653715160725
2016-08-30,-5.5987750280757425,21.003502,52.822897,24.088763871679753,167.739229,30.836087,15.99295192669978,164.716093,73.823701,6.854210885242264,75.271008,36.316622,14.679673219082941,124.421533,40.992869,9.318896578138713,60.798978,7.837098,12.282071874221053,109.895803,40.093374,94.68391675599202,12.990108678494858,7.211562926867974,5.377430410095317,19.7200865069066,5.140101530947279
2016-08-31,-4.0230622611722655,21.451301,44.322683,26.54724261013967,179.626691,28.703815,19.4765567504122,173.197143,62.471596,7.024709627609072,77.782218,37.846267,15.472952656236275,124.954297,36.989511,8.97694507207352,60.076672,9.04213,11.656321879583823,106.543323,40.276342,95.07774302085859,11.569604005448749,7.608307057906768,6.498185746373508,20.332287431425158,5.968791011108896
2016-09-01,-5.15366748484933,22.431919,51.955148,28.357967430187852,190.504964,28.0539,20.140133491329035,181.613099,66.238606,7.045355662975078,83.244493,42.884565,15.725492665222674,127.811504,37.726662,10.24221471492502,66.624069,7.950658,12.166920288576398,112.004421,42.305168,95.1002352969698,12.985239808667561,7.443889764837985,7.490943084001471,21.094720662417675,6.251773135979861
2016-09-02,-5.018879447370761,19.719312,48.348697,25.107936231093454,173.386492,30.162336,18.144235859233483,172.471655,68.9708,4.30730801446804,68.544035,43.973694,13.422286570130604,115.198903,38.633643,9.9316761214739,66.025466,9.371828,9.725909915174121,99.608259,44.128381,95.16114144041656,11.932674466934863,6.6077663472276145,6.657476760165011,19.096810189922035,5.439673758465278
2016-09-03,-5.993797019998765,20.401709,54.544547,23.291633567105745,165.875452,33.197874,15.556205681988889,167.816129,79.202349,3.339732932390655,65.728791,46.704463,10.428245478433922,104.556065,45.153003,9.0624281542553,64.374019,12.751147,8.477573125895068,98.255692,49.964366,95.16362220985015,13.156863113513428,6.884011324792773,7.115236444231152,18.43162139445957,5.709897404748361
2016-09-04,-4.675188751523687,24.235655,50.887824,24.87925193875833,170.651273,28.820416,17.527514426103128,181.26246,81.342157,4.919004473528397,72.575572,44.533466,11.506083157857724,108.805158,43.211641,9.689799456952167,66.265268,11.025964,10.37015947612888,105.9614,46.843521,95.6714883644943,13.177780915171516,9.323878269009885,6.972315513493352,19.833418951906054,6.975497716005327
2016-09-05,-3.624449230870266,26.787278,47.368606,26.776577472360874,181.205825,29.15582,18.309548527740965,185.795193,81.824962,6.434674982347227,75.39738,38.858268,12.620988719798737,113.003435,41.335523,8.658814743615935,62.362908,13.194084,11.58890921699586,110.952585,45.145306,96.57311347584374,13.059129941872783,9.116126620920417,7.725582985287294,20.92624311586411,6.725320324769355
2016-09-06,-3.6379047602562866,27.363593,48.254917,26.517102475650617,181.674994,29.395752,18.118451239571876,182.651346,78.602873,5.44816259404167,74.146239,42.859183,12.678378073736754,112.250862,39.44299,9.919329306909178,68.021683,11.058146,12.408343887783552,112.545055,41.287903,96.07915505935445,13.167807722118887,9.824323844041954,7.436002139976345,21.383645368522433,7.645606355624568
2016-09-07,-4.552484768785918,25.864583,52.454594,25.395356001764704,181.908757,33.580354,14.512352380734535,177.041596,92.278301,5.142280927127265,78.490026,48.455152,11.708090380156804,115.502946,47.118697,9.99529445507242,70.219698,11.839494,11.742925349142395,114.338546,45.750834,95.63145420171399,13.409052760314704,8.689731221684378,7.155724773766084,21.37273452768752,7.1172769242295635
2016-09-08,-2.9695089692925083,25.364611,42.874596,24.56943689919721,176.648764,31.772801,14.940043349407311,174.206165,86.110814,5.828683542130949,79.017227,44.647854,13.078927192585674,122.452879,45.331772,9.4671137309495,68.491818,12.668104,11.52110398508055,110.439729,42.504471,95.86398838842648,11.572650533047751,8.153644689651136,6.4769080634809235,20.754023824195844,7.339152453216825
2016-09-09,-2.4748523251670025,29.345589,44.015983,27.324381422762023,192.258291,30.285216,16.03082082450684,182.146078,87.118809,7.053935778220563,86.929884,45.115665,14.23411414502894,134.334579,49.957802,11.452708054331945,79.632177,11.742979,12.468371473373848,115.821041,41.911208,96.20565714082903,12.375881454997492,8.24371041988477,7.673300620600548,21.85054158866586,8.192176504844953
2016-09-10,-2.639499705418017,28.738125,44.268221,28.363570504948914,194.841429,27.95792,17.020452505282062,182.514184,82.370486,7.869521997818281,90.764922,44.462802,16.13548318331935,141.860514,46.923734,11.088035299638438,73.602634,8.36366,12.892652642259181,116.019701,40.162851,96.27398848504042,12.408180140074204,8.692642428325263,7.409726030938023,22.054851347354802,8.290026713543439
2016-09-11,-4.228446462970357,26.166041,50.973465,26.316856890722352,187.438702,33.043126,15.328947330742443,173.507366,83.575591,7.8276760060459045,92.572059,46.648697,13.894232201017894,136.898234,55.383637,11.167074537365034,75.30358,9.788655,12.222854591081324,115.478965,43.769996,96.2997062286449,13.148494229025175,7.091520098936763,7.495660253223961,20.088067794274934,7.683826910354472
2016-09-12,-5.114147538034499,26.180561,56.487532,26.758922340642766,188.204899,29.628738,14.039055128588895,167.931404,84.734501,7.188859805663625,93.57064,50.968708,13.539958771160041,138.019545,57.780339,11.445957439938077,75.450471,7.620535,10.567862681644122,109.787033,47.160778,96.06621004785039,13.949821124980025,6.885333078586996,7.013450637695169,19.47947604079912,8.152601894192827
2016-09-13,-6.07138952898567,25.988986,61.184758,27.272496698440612,188.136509,30.038174,14.272454862921604,173.142517,90.405268,7.993642443238748,97.422685,51.083636,13.501966631650554,138.715403,60.444665,11.24738872150426,72.816205,7.615228,11.100599905334287,113.132791,48.782747,96.38494557094094,15.037765232826187,6.98689048165627,8.215962898084058,20.37298780244491,7.527339249467753
2016-09-14,-5.701693822990135,26.895963,59.285517,28.22167788809437,184.029778,23.71118,16.121937487025008,171.454119,79.870393,8.526433165693305,89.440005,41.003983,14.333038191360076,138.653487,57.231943,11.510325715179299,70.745326,5.358736,12.409580589298185,110.603992,40.109014,96.72928805806421,15.17095333181024,8.180827250625747,7.976981408178665,19.919361694561527,7.516731493564864
2016-09-15,-5.192675936480224,29.931009,59.334212,28.314958834751007,186.232991,25.901306,15.425616237838183,173.579279,86.232691,8.477362781527633,91.973892,43.971355,14.325908737489982,138.776607,57.657044,12.542905749435812,77.209978,6.186558,12.434867294456025,114.609329,44.19767,96.44565402011828,15.76445141202097,8.665095007821112,8.06134335599935,21.61121933511634,8.093429184704593
2016-09-16,-4.359163460767113,30.330522,55.578486,29.77623200061798,195.148534,22.686721,19.88706090272302,190.880555,75.696116,8.835143621786742,94.031842,42.85932,14.942846732656005,138.542095,51.994192,11.900461737554782,74.818126,5.8915,13.100740668474147,118.048711,42.170155,96.37199004819934,14.832538917765788,8.834848210692153,7.951759993261382,23.257022961527444,8.180719475740924
2016-09-17,-3.636006735844551,29.725553,51.125717,30.487567470260363,203.082303,23.643982,21.431108676764733,199.928878,73.793457,7.2736945172476535,87.60218,44.791958,14.572006990132003,135.488965,49.723629,12.055286397594397,79.144859,8.191991,13.50310243125402,120.713257,41.23909,96.02882975122925,13.737079880396546,7.8243791486221586,7.976732949836561,24.57972280914586,8.130851899859106
2016-09-18,-2.0087001131709954,32.247447,44.031954,31.874941270549208,206.508142,19.506376,21.11451902340575,200.419463,76.54622,7.585647056083452,87.709126,43.206161,15.898802094429094,136.023061,42.749036,11.355070592544177,73.384162,6.766996,12.30500935982618,111.723617,39.533414,95.6250440364348,13.002023879430489,7.667659482734111,7.733822883717181,26.046411882996797,8.373918329821759
2016-09-19,-1.6856639011449774,33.965128,43.859354,32.31783216838854,208.100772,18.407005,23.62537529911119,211.790101,73.117853,8.704126255938716,91.689198,40.599184,16.56663920679423,140.6085,43.368432,11.548385880453408,75.382149,7.597379,13.511344529813535,114.903874,35.59726,95.48995847190776,13.258836005232451,7.933538874230596,8.497591826692412,26.98034977507293,8.648399248583837
2016-09-20,-0.7730914304782643,33.195585,37.776219,30.887720700513867,197.747593,14.73516,23.71243131548134,208.441043,67.942824,8.406622355396227,89.529481,39.719512,16.448200114367268,139.436429,41.979412,11.24287808350197,75.86476,9.249729,12.924356678899882,112.677043,36.099105,95.24782658803889,11.978187621622476,7.217479820237307,7.486303382595722,26.520564756194926,9.284621105868586
2016-09-21,-0.22917469782450148,33.482237,34.832897,31.447100711264326,203.344966,18.008882,23.523442629984036,210.520135,71.882784,8.55317670913085,92.860043,42.45119,17.137134865447845,138.684302,37.685183,11.022255385224051,75.375954,10.415382,13.857731236834885,118.18098,36.509297,93.98056993364757,11.591444324471201,6.175585680054656,7.516060498719917,27.822492789211882,9.723239559951528
2016-09-22,-1.6248067484048816,30.028196,39.452155,31.44368112811596,202.646592,20.271696,23.27658568203685,206.96481,71.959469,8.00852730704877,89.778687,43.328835,16.083672497844265,134.340754,41.054663,10.45711690219039,70.760393,10.108601,12.4233745501967,110.874555,38.818372,93.91276089444864,11.979269348088197,6.812672613300181,7.69059413918932,26.840463929516872,9.19565845403224
2016-09-23,-2.652201888500787,28.530663,44.013325,28.496509726843726,188.98025,22.627217,18.513177765520513,188.734598,80.660897,5.71047086606281,78.902776,45.566969,14.531595538505387,130.944524,46.11396,10.214908518261547,68.443802,8.812604,10.90783541299873,104.769629,41.093357,93.15898245754298,12.426887700124075,7.164894041921677,7.733235987993169,24.341967888439967,8.84040293354082
2016-09-24,-2.803638128167472,30.540824,46.700542,28.82765324842399,187.986992,21.829048,17.097487939426593,181.828447,83.281284,7.099660658096971,83.674289,42.75299,13.492067140976491,124.98392,47.217821,10.910615486479122,73.818681,10.931653,10.769049068742852,102.333677,40.262615,93.93267756110984,13.401028334116885,8.254842356171963,8.270643110569202,23.534139414643445,8.365573594675459
2016-09-25,-4.028747791397593,26.762907,49.960058,28.83394667726061,185.825149,19.801995,17.36658489168314,180.408522,80.413359,6.631372782505905,84.063949,45.881128,14.519339025400344,128.104158,44.503169,10.15643312050052,74.859361,16.379574,13.097270824140825,111.385115,35.972261,94.03453979288491,13.324803368880294,8.382311758414644,8.302966072398425,23.634673173319165,8.811559476002419
2016-09-26,-5.226601174028663,23.988952,53.670318,28.534640788447636,186.477262,24.431778,15.449440055152614,174.835488,87.099602,7.3919188356618,84.208757,42.23076,12.940974486707024,121.465454,47.974903,9.94152121544778,73.534595,17.077651,11.842095360394492,107.409057,40.158935,93.99112797812177,13.675045540566055,8.117969503812384,8.165565484102906,23.297307613905506,8.343430792386322
2016-09-27,-5.947692874559522,27.219342,61.511453,29.983502733081085,202.763326,29.889974,15.594615522436413,182.604059,92.6915,7.574622000946671,89.910635,46.238276,12.640997367353119,123.3372,50.454068,10.196006770572739,74.981977,16.195721,11.745952964263076,107.397681,39.675031,94.57117851610931,15.389647991501649,8.58989363465424,8.654217554908357,23.145415609330172,7.822051606308691
2016-09-28,-5.204930340097434,31.508997,61.836243,29.959390253612465,200.669229,26.106701,17.152153677308892,185.455521,85.516127,7.473127973737707,88.820987,45.277774,13.58778220760681,127.374827,48.203736,10.432317025566617,75.936236,15.150899,12.835424528615103,112.269934,37.482559,96.19341905218447,16.020428356062286,8.983552284088015,8.059449086680122,23.26912313987657,7.099332498284633
2016-09-29,-4.530446290352068,34.71044,61.634233,30.37858166890876,204.53273,23.997173,18.185628531765296,186.153248,78.078664,8.479141213279267,90.965392,40.575071,13.247347738495355,121.86693,43.139841,9.780298958850207,75.037454,16.914539,14.6139484218556,117.28062,30.432019,95.92798862516065,16.21184527707641,8.266172086115327,8.490935709390184,23.13204295547642,7.308342828822855
2016-09-30,-4.86317690066478,34.107472,62.756144,32.046220410951996,215.020993,26.238706,20.114005891357532,192.174558,73.684203,9.756435430083238,99.829686,42.355133,15.467882721631307,132.090422,40.970089,9.138639214289974,74.456379,20.621225,15.147871527216484,121.975469,32.740302,96.11747903623635,16.442818007273196,7.830209481744525,8.359595663486285,23.743916984950886,6.819871852421078
2016-10-01,-5.910607886232073,30.0072,65.216457,32.17634259303232,217.004396,25.331198,21.183453464567105,200.753122,74.564129,8.872937476209973,98.141855,45.286118,17.24310477955537,145.072374,42.355882,8.195094122818388,66.502096,17.684245,14.409852764540293,119.865795,34.026873,96.11882108908704,15.985276202223119,7.07925809639177,7.326523632174971,23.7987666454817,7.252333110196043
2016-10-02,-5.11590005257918,34.677053,65.794139,31.798734159465365,222.189859,28.776396,21.880682194648276,208.775181,75.68754,9.603771142329085,100.569013,42.154781,17.138694100354016,147.734591,43.489744,9.4423970588751,71.170254,13.737568,13.846124591634808,121.201807,36.983772,96.35118072754547,16.518274765043646,7.2077323206581,7.736311828406494,25.188172886574417,6.191495131410951
2016-10-03,-3.5290422078581773,35.797395,57.959393,30.005294105200235,219.426392,30.996436,23.264338317297234,216.629022,70.531529,8.528300379615548,97.965579,44.408788,17.822663820026715,149.939024,38.01465,9.780512376846735,74.428824,13.008279,14.302081154818644,124.326147,34.510646,96.99362344914331,14.929685587247645,6.596711867413635,6.97979148782331,24.030744218475462,5.564382850559085
2016-10-04,-3.021439504481269,31.415548,50.243896,30.298387841640196,215.615656,26.808768,24.233073277753665,216.807894,65.797511,8.629012678688994,94.379004,40.606604,18.94083961174039,155.372818,37.341423,10.38966928524678,76.794635,12.050559,14.476199646375832,124.961293,34.751668,97.14207643763987,13.10412735177701,6.473509305459688,6.939641501852406,23.896662876131074,6.4952989569828326
2016-10-05,-3.045479099735506,33.131849,52.301548,30.003288533595278,219.930028,31.07501,23.67381664454908,218.994411,69.98011,9.089910322148308,101.103246,43.887012,17.590928058763282,153.033928,42.308231,10.658117110560134,79.088823,12.001547,13.349778903324596,123.812376,39.782496,96.82763522501745,13.572754845180727,7.017195397677248,7.5458948991551535,22.542044190204784,7.440629446516963
2016-10-06,-4.0904837788770765,32.569855,58.174328,29.99912077950298,219.660381,31.880226,23.45706176491641,224.492601,77.662608,9.225957103641118,102.152886,44.402805,18.115403685100905,158.660052,45.266285,11.608045563287787,83.63881,10.977994,13.23887473547401,123.947354,41.078327,97.35252497996272,14.496982952508061,7.00654192929222,7.738174638080789,23.615243013885433,7.213602310317005
2016-10-07,-3.079179819069718,35.45902,54.680751,28.37034067374025,207.613198,30.511798,23.909205227800918,224.164911,74.912078,9.197751930830716,97.465541,40.048721,17.641533016132257,154.963527,44.836538,11.323465161324046,77.957859,7.271308,12.98236310440058,119.816813,38.774618,97.94869817273126,14.43972781425179,6.796969516660746,7.264871550941944,23.399916784409324,8.065329819791867
2016-10-08,-2.1435793094109994,39.411792,52.798843,25.40674142348211,194.968791,36.298971,20.61569242959445,206.562527,77.813698,7.965001976234248,94.249014,44.506097,16.929755477874277,152.587334,46.857866,11.255441485449998,78.287052,7.994729,11.372120960943006,115.811072,44.790064,97.79368388588384,14.765074794564518,6.5557832077107285,7.509859230336394,21.74215803992008,7.090029445192949
2016-10-09,-2.4542766344340294,34.326207,49.668181,25.462602054956733,196.49729,37.327548,20.32523581335997,198.11851,71.063053,7.337466122282593,89.834156,43.966786,16.957582792379874,149.233688,43.229829,11.148947237917248,78.024745,8.331355,11.045530224929493,115.084809,46.037891,97.99829197605976,13.436697513109202,7.326894734087483,7.599029714117704,19.86657261352463,8.051536095747677
2016-10-10,-2.2982137946067773,36.548719,49.984009,28.008677354799094,195.707813,31.969912,21.56784411268529,191.338306,65.253326,8.702763753949029,89.64615,38.77005,18.940621643371696,150.35775,39.631435,11.341714472701202,74.945032,8.641704,12.740397040116427,118.070185,43.5902,97.44311555264645,14.802115114341118,8.130863842473595,8.172373118107158,20.91298928351756,8.923143416215131
2016-10-11,-1.8701187417641694,38.019921,48.454019,26.823316251564393,182.963726,33.306325,20.906914401936476,177.893594,61.246031,7.799700736136097,80.790177,37.272704,17.900549320623377,136.848634,36.974716,10.497364878858605,66.610513,8.041754,11.794983887153412,107.434085,41.62542,96.83555043052323,15.498851541186424,8.478094007792377,7.875976990528908,20.219325659617922,8.14759905992161
2016-10-12,-2.1080443902403325,29.645427,41.265203,26.34611628864998,178.63297,33.410236,21.117691878094274,174.61833,58.215255,7.623402938956807,77.230653,35.209605,19.69906875779292,141.072258,32.488792,9.512124666459266,62.830136,10.398243,11.940507634458045,104.185475,38.368064,97.19067699650343,12.864512687672109,8.388754456338903,7.60953402534774,21.1572939425394,7.184252725302661
2016-10-13,-0.8973443825019116,29.165417,34.053719,26.675346260600364,177.008525,31.694027,22.179386383925532,174.729824,53.90716,6.707161615335903,72.348186,35.810785,18.584219063961356,135.165769,33.927853,10.32798519445339,65.44709,9.185178,11.53209904618277,100.007169,37.185822,96.75790284621945,11.605121073989368,8.239647608197474,7.7566700853901684,20.301822117573675,7.656618880260166
2016-10-14,-0.853289101884382,28.615519,33.256025,27.49491306673185,183.825947,34.298303,22.49360850421407,177.594859,55.266184,8.786994319108041,83.54113,35.754161,17.998630017203336,132.679048,34.795751,11.015335562947936,71.856148,11.950624,12.68496706753311,107.006051,38.020445,96.56424879104418,11.376844294988521,9.135893585680483,8.725345939099165,20.941077239386914,7.351980698145548
2016-10-15,-0.23908789836846264,28.211215,29.526594,28.355635457984825,184.862965,28.860057,24.59037626399819,184.157859,48.870106,9.48162856720309,84.963307,32.798663,16.838071500473824,126.028667,33.391416,10.897902902644132,72.464877,12.508381,13.30763785064691,104.727653,31.513628,96.41689673912545,10.494626575465858,10.569415351049539,9.880960989834612,21.834303315796216,7.683384404485818
2016-10-16,-0.7648600122915128,28.16097,32.280376,29.0592248548506,181.305769,24.797724,26.31742702610369,187.75899,46.017802,8.407894604916978,80.535115,35.251624,16.01100220393143,120.744076,34.51154,10.29546346616956,67.577507,12.127891,14.261495999688073,103.661928,26.851935,96.02970647049757,11.22228997201917,9.370291672778382,9.086864420154368,21.8015746876526,6.514788621252435
2016-10-17,-1.6715102093164593,26.850938,36.281535,27.059479371355916,180.312211,27.643658,23.11557081663764,185.936299,55.519128,6.15373664474997,79.174945,44.455797,12.960850790565862,117.696905,44.572278,10.77079755917177,72.436049,11.667619,11.621255439342338,98.896286,33.329605,96.28528937526777,11.189808360901832,8.990091292622065,9.441119148277844,21.21501138447061,6.341266799929411
2016-10-18,-2.197766396878029,26.627909,39.319146,26.512184231969105,180.094199,26.996757,21.531466843223562,183.662865,59.327108,6.275341270416174,81.902533,45.664904,13.337557747870251,124.363014,47.343861,10.154598575359302,71.275307,12.636492,11.825553354982484,100.110373,31.822451,96.7483918255977,11.420180826507863,8.512828119953932,9.40465246214422,22.473120031772208,6.272248246023465
2016-10-19,-3.2528306295263203,25.701521,44.618003,25.970692897570103,175.973406,24.943672,18.953008286196045,172.276278,62.057124,5.457163919920149,79.959234,48.223692,11.59608904784547,114.022326,46.586534,10.436538471039114,71.43107,10.738518,9.670662540711945,89.787598,33.548914,96.22785003411147,12.091968343844863,7.90685474475086,9.14772659456995,20.916898415056018,6.442994277696901
2016-10-20,-2.858698167979005,28.359712,45.315218,26.37405519936747,180.444049,24.014295,19.83935641067073,175.937681,58.266522,7.507090978443751,91.521254,46.995208,13.261898640922212,122.610611,43.951659,10.32676111458352,71.111914,9.861845,11.12731754176357,99.451614,33.453286,95.73883500508094,12.42159257393919,8.481528623288003,8.790614726359516,20.738216074512028,6.610620882282407
2016-10-21,-3.4117327077699517,26.1781,46.210041,25.362799763443196,168.494553,19.577228,18.39307852907187,168.841262,60.846558,5.766426371735993,80.152935,46.295443,13.30665632766001,121.888342,43.758495,10.175966610701561,66.844445,7.096399,10.138742473892108,92.100424,32.570939,95.91788811283985,12.32875976942839,7.586447386688418,7.710785244904056,20.76993728018821,6.701388484095948
2016-10-22,-4.313510634823785,21.605304,46.6161,26.385115719606272,174.070959,21.083566,18.773329565757216,171.745307,62.892923,5.741413474510969,79.409349,46.119221,14.043153101445222,125.763472,44.337815,9.699796372042542,64.256162,8.014356,11.074521923746234,98.440498,34.227695,96.15098552087143,11.765869094154775,6.2075197722938995,6.7070049571283725,21.721153244264272,6.616975145440748
2016-10-23,-3.3870094513440105,23.380907,42.992845,24.960806881736925,170.96922,26.437649,16.043385876875462,163.875724,70.979057,6.085876815016319,80.297341,45.058042,14.699734152076205,131.667116,46.55065,9.617230109351947,63.894243,8.207206,9.843463609782534,96.72148,39.724474,96.53856314667507,11.462840915832151,6.486124952409966,6.263105425319979,20.800954797045183,6.328752341939131
2016-10-24,-2.9431214726091706,23.328636,40.484306,25.03529038818716,170.70118,24.768644,16.529540889968917,166.340061,69.98816,7.208962863174147,81.19389,39.172319,15.766124481030907,134.42402,42.522129,9.40191462998363,63.422145,8.617698,10.504360416290755,99.39332,38.162636,96.1157597642931,10.947356753222905,7.335919756009646,5.410251825237468,20.46695373106348,6.707195088959112
2016-10-25,-2.6515700318189186,22.909763,38.162092,25.85276978122627,172.425844,23.715855,17.57350474442431,167.066178,65.980077,7.829536854418601,81.319679,36.282712,15.76239369983861,127.949091,37.280841,9.314074073672293,66.610835,13.034531,11.559740986763458,105.304697,38.810895,96.03020616218119,10.617152338216046,7.318196811054093,5.583253306392349,19.454221130204115,6.689068716580238
2016-10-26,-1.6581094519415913,27.058172,36.408503,26.77516349063173,175.744732,24.755519,19.27874292074837,172.428002,63.712243,7.5872407876598675,78.114378,35.328775,17.89033732459193,139.433586,38.547257,8.95762133279383,65.006091,14.492704,12.68943606707552,108.107929,36.550272,96.43765507673349,11.254649028018907,8.06096433090206,5.558937900282048,19.77886777463021,6.6038382942217835
2016-10-27,-2.7391325538788744,21.489677,36.790064,27.498352019309507,178.290512,24.688808,19.225971690527917,172.446026,65.052608,6.489400339831822,73.081952,36.833127,18.72550096997302,141.529746,36.931883,8.13287894123568,61.058593,15.629541,12.894335845409419,109.108189,37.082347,96.95646084381501,10.433457389328083,7.632040684935891,4.742713476303187,19.89680230027608,5.544239832738117
2016-10-28,-2.589174703176248,23.138674,37.587601,27.698457502980308,181.295285,26.723641,19.546859488409428,174.084598,65.003065,5.338324978210654,71.009335,41.218735,18.96486189765323,141.170327,35.33664,7.711243815043856,61.853918,18.82121,13.964552168147662,112.013779,34.084393,96.9633136927369,10.881841609977284,8.223346237657216,5.956079666209845,20.592642093139183,5.469552125579905
2016-10-29,-0.764265912803915,30.035526,34.230781,27.870773043651877,178.065801,25.075856,21.656729193438903,177.697999,58.818562,7.216617801466462,76.821736,37.207838,19.743912664555776,140.40989,32.030402,9.799373701112705,68.930834,15.139515,15.399234320600003,114.004337,29.473922,96.61748324511686,11.707642987587558,9.285788530682176,6.398387064461835,20.291865303228953,6.446454373399424
2016-10-30,-1.198944271624445,26.036078,32.627589,28.252526115796538,174.299411,18.973729,23.71181533479887,180.341999,49.980067,7.0442983222145745,73.768172,35.040292,19.933495237013346,138.945645,29.35602,10.117581613591021,69.113347,13.489285,16.171149637595665,113.113688,24.208546,96.26639645638247,10.670461977858185,8.849695114701042,6.4801019000707605,20.588791809276046,6.224860614298403
2016-10-31,-1.354097059371931,21.981261,29.319197,29.45320762759451,176.188874,16.580114,25.37399470195401,181.162688,43.659436,7.02607436091994,72.627905,34.553172,21.047219193500062,137.399596,23.343409,9.400789552869597,65.538699,14.595237,17.729336356779054,114.538895,18.462521,96.16257448802865,9.466667373800107,7.490179582848327,6.07950188339419,21.216573592811002,5.9308665677100585
2016-11-01,-0.967264799183908,23.044314,28.333297,29.51491247394967,177.257307,15.870404,25.837074772481227,185.268951,43.992385,6.007004193763847,69.149736,36.303567,20.5053987805003,136.456542,24.333465,10.385690680777145,65.998263,9.209531,16.578254496643154,110.430239,19.780702,95.71595507244118,9.396088924177658,7.347136232362236,5.539318547084889,21.372896359866182,5.798963136717748
2016-11-02,-1.105193514419265,21.552304,27.588219,29.034802674989752,172.876764,14.3058,25.62956854541858,181.753258,41.779674,7.31351233745846,73.593175,33.651085,17.936526751347703,128.377056,30.418328,10.774173544572943,65.336378,6.494198,16.895675594461128,112.206603,19.93239,95.03259440279935,8.997772055234497,6.337387871082553,5.54867178184869,21.099168769981834,5.5376480720158625
2016-11-03,0.057552298119363854,27.432678,27.120256,26.67476677256416,161.386179,16.582509,24.27946971686613,175.50143,43.700603,6.483735703456471,71.661454,36.464568,16.431049032118274,123.492082,34.296318,10.455480914973627,64.060855,7.303395,14.320271312345184,101.296818,23.559387,94.74464246374869,10.04937783143953,7.516090804425916,6.572488950746089,20.984783297052825,5.312091374529341
2016-11-04,0.2670935970801087,26.588329,25.10996,25.984213208870504,160.299805,16.476607,24.680852411534307,176.789399,40.180332,7.01714325903052,72.361158,33.521114,15.113969804030997,119.166561,35.510402,10.896251430418824,64.42272,4.111726,12.916955867552215,95.342933,23.847295,93.80562434741005,9.3402134189076,8.024466040808537,6.172394530432817,19.216440582901797,4.808835962328492
2016-11-05,-0.8592206530905361,23.019245,27.81112,25.642071488359697,160.522317,17.516442,22.326000029065796,170.736427,46.224288,6.524654336439009,69.630323,33.242315,15.01955714859794,118.052048,34.287953,9.509957559363464,60.487797,7.450748,12.67385979704704,96.751957,26.06982,93.85773070373756,9.114281865059159,7.009720178225158,5.546197928774147,18.85241938201686,4.590456414873035
2016-11-06,0.3034818707095216,28.825795,27.115841,26.2556021221081,168.109191,20.173264,22.448831841920295,181.152678,54.665815,7.360485599957797,78.880899,37.408597,15.095761160186246,119.413575,34.357235,10.463804847573202,67.029343,8.071538,13.183375499546592,103.935744,29.654649,94.12858097897434,9.928496523199525,6.454281749133899,6.247610537322379,20.28515004322807,5.1060228326840855
2016-11-07,-0.11497802121509561,30.752045,31.408927,26.78166100124029,174.646603,21.640047,22.186915878493405,185.336462,58.580187,6.050839972730225,77.958536,43.389426,13.493543396740348,116.913544,39.823456,10.614767900956377,67.894335,7.251006,12.418608243390716,101.639434,30.690568,94.52485617428974,10.880410115312902,6.694770067482414,6.9932150851488695,20.351671970818668,4.925636570354558
2016-11-08,1.2411689075183485,39.283726,32.052749,27.314898687768068,182.370537,23.235545,23.48677058553324,199.369869,62.537326,6.835874932989797,84.890143,45.064738,14.075078520274925,124.727236,42.726657,9.810102887513898,66.925977,9.772895,13.161456004685967,107.828607,31.150739,94.49888657817782,12.244626796898945,6.37406937482379,7.934931007559063,20.339969140161962,5.393428502780926
2016-11-09,0.8100195178088835,37.430537,32.761819,28.647800232159476,186.716173,21.598546,24.316193882395723,204.201719,64.050217,7.0575081798435235,87.637333,46.959899,14.580054636678923,125.199905,41.164691,10.292636141249636,70.96754,11.643765,13.619974493861204,109.358181,30.856591,94.88048176604289,12.178327832392,6.935153318335472,8.182447921352054,22.14346383289029,6.668902784065923
2016-11-10,1.159648185725477,34.465477,27.834527,28.535276016178763,183.90874,20.742022,23.413703562934256,196.915096,63.03389,7.068119655881887,82.478258,42.062252,15.49910185349011,124.550785,35.925829,10.277001082688656,68.462347,9.697731,14.481329499818699,109.212035,26.406773,94.5577295031674,10.895284477984298,6.11673630609688,7.054239623977489,20.702497363258253,6.746419351116667
2016-11-11,0.6652390429985202,34.01941,30.248455,30.340461903118882,191.464723,19.477649,23.671776538518245,196.778192,62.593037,5.7442568536554255,76.255834,43.694104,15.638550713636775,125.92361,37.275369,10.170246281700699,68.005268,10.354501,15.451011397513708,117.191165,29.606004,94.716031078716,11.337577088073997,5.5786466959863885,7.037988996797284,21.54129458981956,7.207982269423235
2016-11-12,1.3348250600186617,36.173668,28.615086,31.24415837151986,196.299401,19.376192,24.576707565814967,197.779405,58.611311,5.5746888804836034,78.783845,47.216605,16.872961816783135,131.043333,35.498479,11.132013656317499,70.051633,7.015479,15.717719948708872,116.42961,27.42643,94.63265169612748,11.44151805809401,5.385514689988208,7.595447287378374,21.643485821245037,7.3857466646499015
2016-11-13,1.0208742546446317,36.533438,30.867387,31.45471747602546,195.914007,21.334197,24.74362620662026,190.475659,53.143713,7.3120811640266,80.681166,40.097691,17.592131837995552,134.612662,36.972903,9.964276893617223,64.519416,9.215738,15.760229295879022,111.557805,24.085462,94.48626273626913,12.14386651025702,6.824403508055596,7.898263290152398,20.649997111272572,8.199287137816182
2016-11-14,2.277209697329927,37.71533,25.207104,31.361659224966736,193.364883,21.101994,24.70959929224989,186.650389,50.925843,8.663306064962077,81.333499,33.747811,19.045388841094884,138.174795,33.562546,9.812540309688366,63.048764,9.150578,16.234023818367444,111.787108,22.617086,94.0376455941431,11.455467536675648,8.029678089418445,7.701452497823418,21.40921523579418,8.914852356714702
2016-11-15,0.575134816223077,28.296648,25.107954,31.71058229455202,198.055131,22.243581,24.068644816952013,184.659471,51.21677,8.706854612379779,83.250536,34.977515,19.662184685355538,138.553196,29.541033,10.2093773517475,65.133784,8.530394,16.572243397916235,113.353098,21.472357,94.70860868758837,9.632421912148533,8.475154946250072,6.103263081235771,21.426687264517273,8.477916543685007
2016-11-16,0.02577442468923623,29.712769,29.567414,30.153563545306262,195.058267,25.007091,23.060187061236327,181.350231,51.302188,7.054782494815788,75.925897,36.140415,20.223107271511793,143.817434,29.769117,9.434409911485282,62.003769,8.798366,14.342912237661023,107.15617,26.269243,94.67406991200674,10.511593081060985,7.4935310990550175,6.1785866416590824,20.27451213662521,6.864753409426819
2016-11-17,-1.6647410872920585,29.647433,39.267822,28.60610903608026,193.872254,28.560123,21.788922809068474,183.275425,57.3592,5.813277020984261,74.39082,40.796415,17.636884138731318,144.604017,42.68205,8.793584008112395,61.603701,10.78637,12.040052604729503,104.764597,35.186216,94.41624463422822,11.925303284483551,6.536196734884289,6.337984963098709,20.792419843946178,7.492161605803157
2016-11-18,-2.345584246541007,29.816162,43.232295,28.42462145935046,189.586698,27.005242,21.679654689084042,179.799701,55.797704,7.602722306063536,81.191747,37.706149,18.42113722779947,148.197052,42.832929,8.339319371313914,57.828342,10.1296,12.155018762468625,101.619388,32.095836,94.62517145948586,12.77128886343987,5.945083965794874,5.518341172409955,20.55724098849444,7.376879189522518
2016-11-19,-4.15821132478675,28.510215,52.622337,27.81214471040937,189.363272,28.089644,22.551199498468996,188.790458,58.023349,5.938016444901031,74.198509,39.765873,18.282777161270232,151.274458,45.258549,7.772163448685478,57.996773,12.928512,10.705630284668255,99.157919,37.079433,95.0186551450673,13.991563933495769,6.7927125225023115,5.0106813771638565,21.05772782358887,7.492662769596889
2016-11-20,-5.551595144230835,25.58064,57.727875,26.864791604576777,183.908952,28.344876,20.369209929304603,182.336205,64.385641,4.747321556251522,68.974453,41.484469,17.05701384019804,145.558985,46.788124,7.433955691203349,54.157382,11.110093,9.56954342184398,95.798783,40.385095,95.02234237786227,14.386778438241477,6.01584823333627,4.131899603626741,21.16162194150371,6.927153175237509
2016-11-21,-8.306157840904755,24.396978,71.284504,25.678853378518244,175.038488,30.083633,19.03541673056271,174.240334,66.787091,4.959900248285734,73.198731,45.200533,14.949693161797676,137.568054,53.178359,7.864557295779469,57.514444,13.119714,8.512731141112255,95.109427,47.055813,95.53030885332691,16.950041082220615,5.837434819239531,4.417701137710129,19.86582159903513,6.475747039655544
2016-11-22,-9.168021733662572,26.475652,77.207431,24.321024858745986,166.699982,32.118183,18.251712010190975,167.317606,66.320701,4.272614739013782,67.902489,44.259728,14.435595974220483,136.980101,57.099895,8.478852292263632,60.393121,13.474901,7.3633885846995275,89.769289,49.023552,94.97415847943718,18.737146165466427,6.152783918919117,5.272275917221859,20.202834997358277,6.435681112934017
2016-11-23,-9.62524746335088,28.531993,81.048557,26.69731272028828,177.243789,31.579884,19.800906508005916,171.965279,63.929036,3.9944353485627193,70.817193,49.02305,14.543506949842108,133.458599,54.107391,10.35779541393335,67.849497,11.336059,9.621334064069131,97.080669,44.585457,95.27384787665768,20.083947436471554,6.679906084502141,5.813656862121172,20.977041896122888,7.262062166667918
2016-11-24,-8.251960519598375,30.238039,74.804978,29.08186080836795,182.642338,25.577903,21.204791662124876,175.516804,60.994606,4.408187530630124,69.15885,45.351244,16.106960404448127,132.86537,45.875385,10.6477584386128,67.821004,10.314912,11.297064027046899,100.931612,39.91877,96.46038457873314,19.449637973644563,7.23380232660093,5.798799296347713,20.97072613970966,6.443024497889262
2016-11-25,-7.517792829685208,28.40595,69.098754,28.615807518333032,182.935412,28.041885,19.98347847468542,172.339458,64.17157,3.253391368000357,65.660134,48.049963,14.614017294764507,122.739,43.635285,10.079384675826365,65.680233,11.121876,10.318262017002072,98.034464,42.183096,95.78039772735252,18.013508348841693,7.20594286888884,6.389545209936333,21.17282145681261,6.074600585334293
2016-11-26,-7.717918771416711,25.544173,66.792257,28.930744463094527,181.582062,26.962946,17.617841118437163,160.730913,66.573121,5.304820618750732,70.887207,42.535822,13.080391085652076,115.079071,45.171485,10.199825974084433,64.85489,10.34236,11.034747484078771,99.521383,40.546651,95.56655005806043,17.277046526151494,7.590619025801961,6.861978661640879,19.39622369896681,5.435106448899082
2016-11-27,-5.409290920057269,32.006099,61.425779,28.767094292190382,184.569106,28.112609,18.4124160440924,165.820379,65.680195,5.915347541170046,74.383646,42.21166,12.278087838547448,109.70449,42.927269,12.18951442486496,76.181951,9.886457,12.971017636203037,110.074957,39.529077,95.31281829286462,17.17898390836673,7.670958624095152,7.369563703011599,19.807611456328363,5.703617097040901
2016-11-28,-4.58639242888185,30.373082,55.675839,28.207782998718933,185.071671,29.451608,17.991603328358984,168.974946,69.716722,4.934310512991153,72.43408,45.211887,12.510066034462147,110.314169,41.297144,12.29957047840243,75.646224,7.790486,13.331661156139585,111.353781,37.804082,95.2297736338838,15.5972773950227,6.685402642429798,6.704492644275249,19.54748524399302,6.255609879029373
2016-11-29,-3.990477785456482,30.751198,52.96543,28.889027719643295,188.316794,27.497063,19.644736434685882,177.6706,68.312083,5.240670604590358,72.916295,43.742477,11.987097443807356,106.420417,39.690522,12.866161381840854,77.157071,5.533594,13.518654091539162,117.007048,41.751268,95.65278146573165,15.038527746866247,6.410267536178875,6.70600817999164,19.205594096348992,6.6716193654093185
2016-11-30,-2.985118385955569,30.478482,47.710937,26.25510953304052,182.087458,30.522282,17.878051918000523,179.74813,76.54193,6.740424790947625,77.007027,38.095985,11.212097212372852,109.743183,45.018125,11.36330872927635,73.347291,7.749321,12.96353054931276,122.576091,47.74038,95.71173584450827,13.544481749355139,6.6036267607134285,6.442425962721167,18.34382219973511,6.831841627714083
2016-12-01,-3.6257005807961527,25.323672,45.913549,24.878865526831046,175.773768,34.489961,16.525879613818496,172.532733,78.684435,8.101791156972634,83.628477,37.61947,11.299051463341234,106.39221,42.226382,11.411748384279823,71.588283,6.782464,12.831631399532922,116.777942,43.908794,94.56604062441276,12.544263064514851,6.75879370372114,6.009542693147917,18.624336532670757,7.025164370110311
2016-12-02,-3.058850803936226,32.218011,49.644875,25.35849863753962,180.043862,35.571596,16.511699304843656,179.521959,85.451618,9.953247328877664,94.027565,37.321992,10.641023021652133,106.37355,45.749586,12.815889410245033,79.793829,6.779231,14.305434823589971,127.618603,46.117777,95.42183368469934,14.368985415484945,6.7914893600589155,7.190549198858132,19.379478301701266,7.377988690992609
2016-12-03,-2.248871306600417,31.563285,44.660387,24.427139353011203,177.598169,35.338034,16.941658570040364,180.207591,81.541816,9.190059243414874,92.601643,39.080064,11.875210417944919,114.490886,45.331374,12.568956142630809,79.039572,5.839785,13.727546316562158,127.307322,47.360073,94.68848859924793,13.08818002978992,6.137205792826897,6.548798064229514,20.12546255202466,7.403587957367163
2016-12-04,-3.9723401061679127,22.383431,45.316186,23.243891617405875,166.419369,32.229834,15.790441291895435,167.642646,76.482697,6.370101250372059,82.26457,45.489277,11.943877941067688,116.895777,47.94246,10.884983624033541,69.692491,6.852287,11.474519629122236,115.360662,49.117002,95.02802687975968,11.72671594761759,6.200725461710224,6.023402482923566,18.660522410136448,6.419705885891151
2016-12-05,-3.3454863329132944,22.119226,41.702769,23.439520643213733,165.168673,27.960263,16.872192924294605,166.546918,67.781811,6.464617661762693,77.235671,39.393604,12.4168511336692,117.910118,45.225338,9.785223409407491,64.587252,7.307286,10.214672144203831,108.789479,48.99564,95.22755699169132,10.902808139046167,6.109608589088811,5.968658751306831,18.62733385361552,5.784484098440485
2016-12-06,-3.2262864496997166,20.40729,39.048275,22.80169545755654,157.144009,25.399333,13.69181687082151,147.858404,68.7492,5.021287856807236,76.243657,47.231431,13.493077050219068,123.663531,45.702615,7.987114595123283,56.065573,9.917258,10.608445800960055,103.221324,41.927362,94.71093742153487,10.290265440304832,6.173343042996262,5.8733187576467625,18.22225550952373,5.782559496254867
2016-12-07,-3.29775229978538,20.225509,38.632018,21.963380052110068,147.628736,25.039434,13.291841377520083,139.073484,64.88465,5.411263363424057,76.063446,45.860308,14.143729578746282,123.036105,44.09243,9.025163827341515,61.076422,10.702184,10.788126313069224,100.557609,40.34334,94.69780293463172,10.545049309672468,6.098695094753291,6.63675062528087,18.694788744100478,5.427477908976132
2016-12-08,-3.5494167405458743,24.380803,44.572251,23.903742593648666,159.886979,23.90656,16.090380844563732,155.272113,63.739303,4.99530252825668,78.561465,50.144855,15.586410359544248,134.642409,45.976519,10.064651232751917,68.611735,11.357291,13.343266545911595,118.293092,42.387699,95.81836303368301,12.121127924028213,7.019437896488244,7.409713194171498,19.539589917283376,5.583391848951201
2016-12-09,-4.243998258688306,20.024884,44.652631,23.341246233458087,158.835206,23.386916,17.15792746479249,158.95255,59.385804,3.686770968780221,74.042824,52.648644,16.702039512501862,141.205562,44.284315,9.674700102428265,67.617541,11.475655,12.58718623435201,112.727103,39.68418,96.13465374962624,11.145609910491885,7.176090078695872,5.956682487486698,18.520341758277418,5.3821212816160635
2016-12-10,-5.1980059712566815,20.315146,50.239244,24.66689274780296,164.827383,22.823984,18.81237802784919,169.888297,61.588413,4.429462008890815,76.955282,51.45557,16.7370517576791,140.986446,44.633887,9.865720662787227,67.191098,10.395705,13.272851814814246,114.46289,38.053182,97.01503122252731,12.255745871383414,6.496445162860728,6.305938972139097,19.925564951125747,6.476470321759528
2016-12-11,-5.016705199165717,21.950137,51.07081,25.96920741367892,173.017634,22.273118,20.634345541217648,182.297477,62.520451,6.234747197744353,82.325601,46.13451,17.558758735465524,146.57398,44.649938,10.29978388026988,69.656411,9.868836,14.332762800243106,120.234845,37.036873,97.05757934859565,12.579536347353795,6.901899130988405,6.55805207685822,21.3400445880035,7.0763599806808255
2016-12-12,-4.568674439599303,22.993117,48.473583,26.558461731207416,172.472038,24.349866,21.72928150578002,185.768785,64.579975,6.336949693370276,82.74675,47.404238,18.661184410199276,150.713274,46.635892,11.501961153702025,72.369063,8.220187,15.657301118704826,123.943541,36.619453,96.70444875789393,12.814054718328604,6.870384497234876,6.639121637695962,22.666245885341116,7.555263068517879
2016-12-13,-4.961923810911602,25.438077,53.725333,26.860755809841507,180.695511,27.565978,21.72114561906174,190.277369,66.448058,8.134741469672925,87.534741,41.159681,18.263862514721975,152.261959,48.142151,12.725691203220709,80.05909,7.511647,15.483878599860947,129.903179,41.631683,96.6879534610385,13.886211127440488,7.222852426820644,7.24424286628914,22.351062522333457,7.1196170340925695
2016-12-14,-4.3302813484645295,24.380983,49.44533,28.091312558970632,187.792927,25.196008,22.87081204971524,201.75905,69.379206,7.46996673396904,86.765178,43.52784,18.60113997950332,152.399734,44.733421,12.482235493037019,76.760129,4.510994,15.889827067052284,128.600187,36.627378,96.42263054142954,12.754719131912928,6.644262067058413,6.045193627878112,22.691398282289075,7.007224251547993
2016-12-15,-3.8253677170234903,22.07863,44.354961,28.06643761327005,188.425682,24.985903,21.72067188449877,196.79968,70.31331,8.385608117170925,86.881249,38.04919,17.539221749053986,145.47284,43.336382,11.650365157142485,73.54024,5.696464,14.217901590790111,118.161999,35.366643,95.94407504714545,11.408203367841063,6.0788275128859715,5.767216995117814,22.080572401413054,7.044407518108972
2016-12-16,-4.6312683706304405,18.266738,44.368567,28.115401914205073,183.12454,24.666132,21.142612648285795,192.407328,73.247561,8.035972355642789,79.801784,34.511043,16.43116702570676,135.088718,42.482659,11.55060767298425,71.451065,6.351839,13.83602086877181,115.413314,37.433499,95.36520661168902,11.113432201677924,5.913909582790817,5.323418819669644,21.537627190602784,6.703326886030396
2016-12-17,-4.474240639511322,21.135487,46.364457,27.43868125185369,184.500436,29.781519,19.486810284162786,186.333665,76.453086,5.796059059543009,74.320341,41.638013,16.16561877641392,131.207154,40.053829,12.397438232869593,78.696789,8.791162,14.391080760132482,119.381781,38.234571,94.87387543293127,11.97080152735282,6.358927323712161,5.581743937217163,21.70619003868202,6.793747630632807
2016-12-18,-4.87527466964891,20.549253,48.243345,29.48486965187389,196.521805,29.032433,20.98502955010629,194.226139,75.020273,7.108471189728352,82.523749,42.143941,17.089242085195057,133.38283,36.30706,12.521238088982967,81.994705,10.86757,15.317867248591865,122.210573,35.197132,94.93033218848322,12.11026562953356,6.083485152052111,5.292966761192238,22.628610613318695,7.450376372541981
2016-12-19,-3.242328643568299,28.485626,47.828021,30.963630517103997,215.82254,31.106295,23.36687285798441,212.343054,72.945931,8.614359709417583,93.592615,42.202899,18.76789156369803,146.246168,34.28467,12.640985801460294,89.108732,13.697826,16.761644376738268,135.215946,35.222891,95.2550260419199,12.792310547026883,7.099010029930949,6.043050650587816,22.81712766717426,8.472416772542381
2016-12-20,-2.696189295267004,26.271592,42.007525,31.266600574223258,210.370729,27.887573,24.721889828531342,212.369766,68.083902,9.14220874367802,91.10573,37.748503,18.340450179962406,137.463288,30.421807,12.196759377416193,84.782577,13.597891,16.607200184636977,128.950236,32.024627,95.42821481005095,11.698920194035097,6.139349055746574,5.2312749400178005,24.244098069875772,9.431178893519398
2016-12-21,-3.447381808828933,24.31552,43.973441,31.63652044138765,206.926554,26.526397,25.15520474979502,206.49742,63.055511,9.713021321812482,89.113253,33.726929,18.157713020374818,132.638096,29.097813,12.453479558700035,87.06561,16.052438,17.483535498385375,129.967355,30.271418,95.49608927614871,11.975738527753187,6.604621728600961,5.994464262604777,24.685711829551977,10.169957149825914
2016-12-22,-3.78284301537725,28.307925,50.093888,31.73380998694825,206.877544,24.11775,25.201900516338288,207.37786,62.236317,10.489205118386641,95.258728,34.849815,17.927891346895994,134.167841,30.918413,12.9510191494034,90.318444,15.731573,19.404381621755444,142.966149,31.213391,95.15815170455602,13.613433140410791,7.12018405769448,6.561029910191446,25.574907946062254,10.711910698916075
2016-12-23,-2.0697546638483177,31.601145,43.843919,32.29493049535624,215.100595,24.073348,26.557017663498755,214.835754,57.748747,11.415894822116854,107.121092,39.595108,19.853966823125567,148.030264,30.59237,12.827975886458281,93.74216,17.863597,19.59693043309847,145.571404,29.653902,95.65341316173189,12.754688853876972,7.153118957150069,7.628785693299539,26.768417512903785,10.484596228000207
2016-12-24,-0.8783762513353783,32.008134,37.199946,31.25451361022313,203.949973,19.214151,25.98239506818946,210.673497,57.099547,12.86667879305156,109.551923,33.50094,19.905810395055585,148.058106,30.40098,12.197659733137973,88.457521,16.360904,19.261422289600073,142.615332,28.766986,95.53157661342696,11.708962857768924,7.616706894242322,8.033932957423524,25.823133359740503,8.796562705352944
2016-12-25,-0.4586903406278078,31.46616,34.127038,29.630931466636973,194.656598,22.766574,23.886475861939658,199.567406,61.001161,11.480750249701632,101.309773,34.709557,17.99695334629368,138.58201,34.181082,11.26652721254875,78.609637,13.252136,17.718971669501308,133.311705,30.523358,95.69973827921898,11.307157386955447,6.912546959757823,8.134469585361447,24.099994714217672,7.680699402554554
2016-12-26,-2.51854437974624,26.846881,41.4666,25.756551422303612,175.377359,25.864987,18.088439341782347,173.722958,68.722664,9.48051694657897,91.843126,36.810348,14.083394280005656,121.492109,39.740416,10.297076598375902,72.225381,12.452614,14.5794462893395,119.519063,34.887873,95.586347023408,11.768388546554934,6.596976963051944,8.638744837268087,22.327694927617177,5.793897123050736
2016-12-27,-2.2162612023485586,30.541416,43.364755,25.444682964049992,175.452776,28.229247,18.020251083260412,174.950846,70.685253,10.12582144242032,97.483789,38.89555,14.228684442979397,126.585175,44.257675,11.331165530110583,76.213505,10.651117,15.112062666211306,122.996212,35.557465,95.68769435930999,12.773223838302814,6.842370106451627,9.22209314565984,21.918984937654898,4.885443323792203
2016-12-28,-1.5941608106307286,31.142672,40.636879,25.653357659063335,178.864245,26.08274,18.194942894514316,178.025937,69.663874,10.212440132225822,96.825133,36.003778,13.453756957919886,123.916915,43.791527,10.192210817008325,70.610017,9.90914,13.601946875556173,116.877796,35.869846,94.95544468892618,12.052417564612792,7.043404682507692,7.876928095587655,20.020699291921076,4.437667962835774
2016-12-29,-1.3282037710952797,28.339104,36.221305,25.124896837663524,177.266941,28.1637,19.319246803577652,180.660029,66.010312,9.336404696179601,95.380144,39.973421,14.614981070326728,129.305532,42.573194,10.56543165154446,72.202049,9.501688,12.189474399459435,108.83962,36.501407,95.31606241092273,10.87886222354056,6.568561137972466,8.511510588998831,20.357486584355,5.356960809713304
2016-12-30,-1.18040839298713,29.436305,36.173053,27.407704511879572,182.801384,26.381962,18.592109937870976,176.51259,70.404941,10.811423912677308,96.110416,34.408179,15.134447727964915,129.969882,43.595572,11.813460266039064,74.192792,6.7718,13.394590684570767,112.226123,35.781409,95.19788469071071,11.496026991316477,6.529538614628389,8.056407289848353,19.733834811489928,5.965183297647408
2016-12-31,-2.0720189079227946,26.119969,37.632253,28.306439616145145,182.198908,24.926322,19.049325777864624,171.318918,65.479513,11.612074058982675,94.472276,29.954769,14.862900994071545,125.380756,42.801424,11.547457713156764,69.993664,5.83517,13.496372720886725,107.532267,32.545463,95.25470564007847,11.474335536379368,5.810662510405825,6.975943352429346,18.84084715750893,6.410100683164066
2017-01-01,-1.5066106036520326,28.700588,37.199898,28.52908919925684,182.740993,21.798562,19.650654507849648,178.710056,67.853937,12.11685273196212,97.57485,29.219505,15.90782553947991,134.01556,44.27403,12.380365251451114,77.08512,7.24321,12.814455181500009,107.984672,35.693911,95.1028732267524,11.681697807636425,6.426943722729718,7.517162303888718,20.311642815767083,6.731103464695644
2017-01-02,-1.2759073921076471,25.879328,32.850892,30.718304779792177,183.202936,15.357974,21.562514355885316,182.18818,64.3705,11.734264226137533,92.084167,27.968092,16.846362857545923,131.327149,39.278543,12.234833889811926,74.120443,7.269253,14.635219631792737,107.299804,27.332895,95.08111331770795,10.748566869372263,5.467455572526401,6.540858014743549,20.24019210627657,6.848357200629132
2017-01-03,-0.8634629674434915,26.834341,31.70281,32.12135556316123,195.225645,14.115592,23.80858635312326,195.76133,61.521219,10.790179156378132,87.052245,26.213906,17.615494152636245,136.036137,36.714579,10.550011126922284,67.861911,8.377713,14.779337667313044,109.079931,25.749493,95.03964067821738,10.38204456229417,5.411043392946635,6.363339591748988,20.478290373798153,6.641390271596189
2017-01-04,-1.027092774878665,29.604596,35.370715,32.00318360839076,197.206765,17.540264,23.958821105867774,195.506013,61.000721,10.611725274640694,93.126706,33.552272,20.542885241033616,153.171906,37.843745,11.228318950498574,70.828194,7.792191,17.509945543243493,124.709413,26.408235,96.12737745272186,11.57375913913575,4.712962857951389,6.952418867833564,23.501398587022752,8.33902071696176
2017-01-05,-0.5386709306705998,30.333671,33.289102,31.790833205902917,191.299667,16.878497,24.949667676839947,192.704389,55.817438,10.84781544435852,86.211127,26.694327,19.700174209754024,142.265337,34.179858,11.081902818316651,67.481057,6.679931,17.537532442991107,119.167084,22.946991,95.81650004331885,11.596189639938913,4.956472240141582,5.579931098160032,22.136662768132744,7.382532520107329
2017-01-06,-0.039614479637085066,31.980491,32.203986,30.205756148467856,185.332617,14.919285,25.929970271069635,192.906861,46.616445,10.519756542785204,87.024547,27.674708,20.37533639560761,146.453872,31.501313,10.715678721715266,67.622063,7.16688,18.088867932586822,122.623592,20.570717,95.46166013899969,11.376695931154867,5.482420292324036,6.426218187212769,24.262150782484838,7.8230228426418265
2017-01-07,1.714887737762091,40.784747,30.886967,31.59976437355368,197.911402,15.527734,26.723384833260187,204.519664,50.280889,11.00932014902217,92.332708,28.790456,20.48840007206916,150.680201,32.427751,11.049130061498058,73.827961,10.055939,18.128616181834538,126.811518,22.178981,96.25203751401175,12.417829400430351,6.411126947637637,7.918510736071714,25.556167278282548,8.877182010549063
2017-01-08,2.646139591665817,44.550343,29.354389,32.943233898184445,204.019607,14.836894,28.419789800977124,207.289794,44.083809,11.590794824257186,97.355197,30.792879,20.394328163367025,146.268949,29.150686,11.460484070145293,75.535083,9.721099,20.985037430128735,137.570113,17.059591,96.31105083356985,12.869362289241707,6.060685550359095,8.003864085967393,25.66719570521956,9.334164990336399
2017-01-09,0.89109977255371,43.96826,38.686583,30.595704217678776,203.098711,21.753555,26.79950480099407,210.327736,51.483202,12.219008257428358,104.235589,31.811763,19.602055348619764,153.727517,37.543305,10.64608790691562,71.307669,8.206769,19.845855045369852,141.479385,23.850137,96.32350021533219,13.945137462545054,6.453384397653875,7.656409759426866,25.122095515955856,9.134104152080912
2017-01-10,-0.7286231694924382,45.145853,49.458337,29.27303230228191,196.01676,22.759185,22.735057224020476,196.846767,62.285344,11.462947513309802,105.813982,37.968517,18.268972772313028,149.410868,41.282749,11.077158825619387,74.210116,8.648009,18.769256335762265,138.974264,27.885129,95.52020285160565,15.984014031139562,7.400195877612724,8.920409515415626,24.08012474602087,9.29783737961259
2017-01-11,-3.271449805204987,40.267173,59.576409,27.334916280710676,186.263972,24.923777,18.891192872076285,183.065085,71.562686,10.57134693902778,95.587564,33.191793,14.827553956728249,131.336508,43.819121,10.2720453851093,69.474578,8.845389,15.33101527062727,119.79934,29.310349,94.52853005501417,16.915908370733476,7.945234522455083,9.241636681199957,20.757274904538672,7.670805103156705
2017-01-12,-6.850238064116146,36.49632,77.822934,24.246424879376743,179.78245,33.506856,14.198110864488042,173.884494,88.229099,8.301333832063126,89.605218,39.524328,12.725266253630373,129.145471,52.37556,9.003035696425531,65.793435,11.479267,11.12708102291176,112.346459,45.218196,94.51624212715234,18.94938949540269,7.477507062982649,9.995943938926196,19.841975879129567,7.127844122060677
2017-01-13,-10.856856173861887,31.070315,97.353099,22.433974385581763,177.401124,40.438245,11.405490777041717,170.598219,100.965936,7.227036796007555,85.467133,41.344957,10.434991172303624,123.3152,59.607967,8.678218587317744,65.244347,12.262482,8.386347839614942,103.537707,52.337758,94.39874696569308,21.035244010787498,6.834473591951556,9.253666107485074,18.449162843213042,7.182438415845685
2017-01-14,-15.598129911143213,23.284809,118.664326,19.411691980746077,162.814553,44.115849,8.7494729982894,160.749741,107.248423,4.647086492442849,76.21681,47.800784,9.04430956447418,119.06339,63.759204,9.089517223054761,66.757475,11.176853,6.5977512678111525,100.503698,60.159738,94.53371709767937,23.214009864449263,6.100425484894028,9.071350003213432,18.399528326385795,6.496710427198065
2017-01-15,-19.311613153659927,18.134231,135.720918,17.587971339339656,153.150881,46.059295,5.939575743322821,151.382828,115.217282,4.138726686685737,72.96109,47.760753,7.767494338252442,117.477292,70.181713,8.34518174445539,64.064313,13.251247,4.259970048993902,92.623238,66.684661,94.41663969892545,25.268091099349604,6.119840172067559,9.508449758578736,17.142277165784982,5.824006466575429
2017-01-16,-20.02381579780129,18.442658,137.054674,18.875152862378698,154.150483,42.342626,7.912831992169017,150.424821,103.552788,3.857298273191751,73.22163,50.372742,8.961962335034022,115.796323,62.709717,9.817922946877559,71.506343,13.349414,4.426787794090471,87.682821,61.460535,94.6058330489176,26.25071251649202,6.175162851326024,10.53766365764189,17.795453335721767,6.224387411387343
2017-01-17,-22.4064979487761,12.169158,141.242169,19.646222930819118,154.082329,40.909929,8.79707229886212,148.955786,98.280102,5.346325741383899,74.663891,43.866291,10.491309830259784,117.48192,57.046552,10.117655343619212,72.71332,14.430395,5.13314522081763,88.090267,58.520697,95.47870177776093,26.631520850974184,6.2686504312232785,10.189684122341978,19.02216921525102,6.3658543811174
2017-01-18,-20.776741632993627,18.364433,137.336678,20.476580749269104,153.778572,36.525115,10.890668187939493,157.227669,94.86528,5.528049269926375,79.801851,48.147011,11.706461150283493,118.899029,51.865228,9.628333372055778,69.411496,14.277517,5.57903715959007,92.672093,60.725285,95.93248339872396,27.190894441111553,6.593456878748448,10.626934809560524,20.02423856224322,6.433504309109554
2017-01-19,-18.91145729187012,22.095037,129.972876,22.52130677877569,158.034668,29.564933,11.166292565666586,155.680501,91.983902,6.098952501130208,81.625423,46.834777,12.25127712086894,121.845683,51.959937,9.440036362334968,69.356684,15.507279,8.337921939993961,99.484577,51.922034,96.40223582149817,26.658170656934654,6.8199904453855735,10.252456971913338,20.46530777667832,6.2371850857382585
2017-01-20,-16.724296995850928,24.984488,119.376446,22.92836564321703,155.124995,25.717264,10.117586183365924,144.62159,87.517918,4.749003842405046,76.931681,50.128296,12.044139874561408,113.472394,45.49525,9.086970589309939,66.086245,14.799369,7.8466899213496655,93.467187,49.180457,96.54820912752619,25.577763042212066,7.028715126821174,10.33588272195971,19.37116462941291,5.6640757046994
2017-01-21,-14.61929202570229,24.316179,105.21833,24.86030273555063,160.372581,22.797385,11.248770864653594,142.518374,80.268454,6.567743987201691,82.309427,45.963986,13.879529437704358,119.191126,42.38277,7.898206223336176,56.704066,12.995939,7.783949284049961,86.851095,43.775258,95.74574806214962,23.407323427988487,8.21261492310229,10.278149410338493,19.213533756413913,5.403833163914278
2017-01-22,-11.78098935708233,29.474154,97.611715,25.19871375277673,167.146795,21.405309,12.082532446501421,145.502912,75.62132,6.017407050402695,79.932641,45.129839,14.557728240749993,122.102695,37.905344,7.995746298540945,57.371503,11.126605,8.718240207967252,88.929728,38.506151,95.22722243339182,21.97315618803202,8.563025736499378,9.216089200503848,19.599617338247242,5.478767818145832
2017-01-23,-10.30544036799898,31.15949,91.229038,26.942570869054034,176.774531,19.728544,11.735979555183755,147.933346,79.525305,7.3680666778228865,83.143947,40.196104,15.81495003727254,128.128341,35.944323,7.453320777471398,55.809479,12.364697,9.617030055863713,95.357748,39.300886,94.75723117150268,20.996789871486516,8.718240152697204,8.70119187183301,19.385624995186713,5.153860361659652
2017-01-24,-8.411135127238532,29.09598,78.222237,25.21814810140909,167.855828,20.566169,11.772737803518082,148.707631,79.947525,5.368385502341589,77.580281,46.225573,14.170327838088273,121.274104,38.510582,6.55420107908584,50.819194,12.538586,7.785515923019385,88.431451,42.959199,94.83069005700378,18.374451462917424,8.439231623283709,7.245497711190511,18.429545428139487,4.966223509150707
2017-01-25,-7.718740227012131,28.590281,73.117429,25.898440555819285,172.834088,23.433582,12.44834388042308,146.733737,74.922893,6.111761821190478,76.698126,41.441165,14.597010951487732,124.454502,40.248628,7.264583833994374,53.274289,11.367036,9.356050388445476,92.606015,38.633705,95.06006375806967,17.630938154275775,8.720313779034532,6.613434931057613,19.03688154958769,4.77880983041287
2017-01-26,-6.256235815725775,27.074595,62.378513,29.50236853674284,185.69035,19.208582,17.038857238812238,159.911054,63.760839,8.951220029866791,86.778837,36.267132,17.145802720646287,130.455582,33.701874,7.8518029398312486,54.00117,9.693472,11.53511043438163,96.225016,31.132426,95.41862357534006,15.852057499611966,8.170361517614145,6.782367969101183,21.07789203753724,5.42750752526137
2017-01-27,-6.240916185613105,25.049941,59.804006,30.67198687046144,188.072737,17.268292,19.19810421454689,165.951724,59.042395,10.258348791381968,89.717253,32.591134,17.098248151310713,131.855781,36.640013,7.3261720214051795,49.939169,9.141592,13.579520992423703,104.073628,28.452751,95.94027545245044,15.237537572812176,7.486338297461027,6.550711173192774,21.57605511937272,5.275942049173755
2017-01-28,-5.739005201198916,24.788888,56.982218,30.827856500213873,190.139668,17.208764,19.03495116388027,165.536894,58.759074,9.567959698959042,87.95599,34.283886,16.056791499496807,128.630376,38.55874,6.790573489383163,49.725902,11.63373,13.850237123591375,106.514168,28.820345,95.52966596827459,14.577081732203157,6.974244374155508,5.48031835623541,20.54023367478641,5.0806218570620425
2017-01-29,-4.8927566109532075,22.905507,48.800625,31.55597612475649,184.457083,17.445766,20.806134728138428,166.333997,56.216663,10.445593057046192,87.379962,32.096226,17.858279591573627,129.502438,34.98675,7.386733030547242,52.611603,13.517011,14.044010484323788,102.698925,28.370415,95.33584074110692,13.548524914575921,7.119370749511461,5.949972860109507,21.512947686559716,5.742760318623627
2017-01-30,-4.975117241695276,20.890872,46.692183,29.6308657327567,170.788357,17.120585,18.72964560964983,157.933153,60.799882,11.084884212777691,86.766965,29.279969,16.74115391730227,119.222198,32.401386,7.28406502035997,49.413983,11.638305,13.159318616726601,97.571496,29.326336,95.73581769065463,13.031648747497373,6.6909084612504195,5.2179833752563685,22.557554481586877,6.017621683328494
2017-01-31,-4.467451501919814,27.70777,51.102393,31.63361247656276,181.552117,15.896947,18.62297146195069,160.592614,63.070034,12.04403296566013,88.53459,25.463819,17.420437497901702,122.873734,31.648442,6.928945044234433,48.439117,12.154435,15.531525025589533,109.112676,27.779018,95.45456094839504,15.049636878563735,6.684249644998973,5.640373394983465,21.68880568828427,5.640721898098518
2017-02-01,-4.233989623629979,30.139874,53.313922,30.820958327272734,183.20635,14.512888,18.691388442504618,166.673475,64.369225,12.402976631414724,95.093048,27.207389,16.287809911265743,123.088059,33.939402,8.237190201827987,58.022827,12.937917,13.610640285115766,106.15167,31.656062,95.78675786915505,15.247336430671629,7.102410982242559,5.818442859576368,21.648609939907875,5.696776476380938
2017-02-02,-4.65105279991596,35.379963,61.165476,27.770501364317752,176.615502,22.655387,16.784039996707083,166.193193,73.1422,9.974125617665921,89.077866,33.78115,14.808304138494247,118.940924,36.843443,9.494729128146156,65.066203,12.427269,12.672707281313237,107.139307,36.88161,95.28867771747571,17.414349459716604,7.634415547544195,5.5622820668423705,21.74858573650684,6.081490668029049
2017-02-03,-5.166275477383972,33.646437,63.495988,25.483154451195517,173.548577,26.312774,15.303531704674617,165.264382,76.844097,8.43104325004178,83.414385,34.701757,14.696437089513662,124.527196,39.614564,9.644938768425275,67.938602,12.212365,11.10814864553857,104.418581,40.238254,95.11117395811978,16.81313491419391,7.830289835823526,5.124593305239461,21.132604430763845,6.338994208926538
2017-02-04,-3.745812779447047,35.390638,57.462205,24.463431110338608,170.952363,26.805741,15.548540180077097,170.961741,79.344603,8.63384865139261,85.283356,34.409866,15.441168572734492,130.165844,39.181375,11.35716057666575,76.640371,9.720227,11.476202439037309,106.353644,38.732066,95.54641395855299,15.758254315037549,7.365221584064802,5.319101303028904,20.589296269501702,5.874110392106601
2017-02-05,-4.183058061926838,32.442759,57.034348,23.915029886443882,166.088422,25.495445,13.720342004119704,164.901119,84.241227,8.427659067374782,81.826121,32.281141,13.231039864871086,120.710079,42.926723,11.22291203293006,73.039969,7.062104,11.407766247543675,105.781524,38.716928,96.39348233348724,15.220160592072368,6.983881840800773,4.97710427194749,19.664772336687577,5.779592603036994
2017-02-06,-4.54109669833853,34.203447,61.380171,23.824287606152847,168.159947,25.580713,15.185185563315148,173.088696,82.211178,7.954116842389889,81.568477,33.966135,12.618241131889732,122.690475,47.175136,11.099953634626058,75.543814,9.114844,11.346240076530615,107.490976,39.588076,96.24601734531414,15.971551689418167,7.8874804966838905,5.2222420539938685,18.64418492459256,6.045053620800779
2017-02-07,-5.060884017201079,32.200529,62.484746,22.756387687595787,164.548317,28.374601,16.32306990824204,178.278904,80.602018,7.359841790051597,79.626822,35.585693,12.715788739372435,124.836226,48.74523,12.538158230563454,81.821596,6.793537,10.151089166495687,97.187806,36.443915,96.77994270192531,15.823133050188783,7.5373350991509716,6.572540558005556,20.8643685983802,6.910712608139273
2017-02-08,-6.881818592479716,25.110186,65.929346,22.784504728100547,162.919322,27.774181,15.258576470947597,174.505076,83.999599,7.326300664600778,79.778829,36.323246,13.012549117883593,123.818935,46.635656,12.525411705514323,80.303903,6.010055,11.037597322036076,98.446444,32.977492,95.9927166741591,15.348614326415635,6.708439221024282,5.844138187886275,21.162256933489772,6.656193644994282
2017-02-09,-6.673222048689641,23.137289,62.746738,22.387474007703894,156.71399,23.831328,14.64866930420129,165.389527,78.441166,7.678098092118484,79.542432,33.96846,11.820464209496869,116.174718,46.013397,10.99015861269921,71.593908,6.360933,10.542508742004584,93.837986,31.262073,95.87897518066828,14.469355092686506,6.3718207123739194,6.05765432375502,19.83432320696971,6.007964662801283
2017-02-10,-5.441799097150868,27.057167,58.370919,24.44747362962674,161.769754,21.091623,16.450131634311674,172.831335,78.17232,9.375688121110697,83.493825,29.54329,12.323457782330232,111.087981,40.175091,11.33087855633116,71.431122,6.229832,11.33636888399538,94.184097,28.951214,95.728534113951,14.8459527068531,7.376185095428883,6.668521951258177,20.103906723258746,5.780982409685644
2017-02-11,-7.411562183802103,23.663566,65.963311,24.651389551884087,161.319453,20.627455,16.951683016472828,173.77811,77.030373,8.752903405000827,79.507734,29.5526,11.462122028199708,104.909309,39.491948,9.77633277336862,62.025948,6.229832,10.436720261286652,91.072255,31.507133,96.22720790717177,15.703999450244496,7.197538456427566,7.563440726523901,20.424479020106375,6.793110723939827
2017-02-12,-8.322016972135625,23.553247,72.769317,24.97009389313792,172.645212,24.973092,16.540059100237233,180.605552,82.788315,7.196132498266381,81.237922,38.680287,11.334895143191837,111.505957,44.471848,9.172398706413833,63.284255,9.039062,9.141637757692124,92.075594,38.01232,95.99573658888227,16.287322665292454,7.961565051950458,7.568399007626589,20.21137889662934,6.0554117708898545
2017-02-13,-6.723916675713114,26.867962,65.924739,28.068949432626507,185.368663,22.326384,18.985704057567304,185.697169,75.416146,7.918672436993196,84.864268,38.867591,13.960083140980478,122.184649,41.095623,10.022803653958015,65.798819,7.580012,11.01793781361252,96.717308,32.71813,95.41924970257514,15.974958446734117,7.224998092451979,7.807563542696691,22.08269144628576,6.1250740791525295
2017-02-14,-5.608424524467203,29.145728,62.366912,27.995532659097773,187.233997,21.40405,18.329032912239395,187.017494,78.446509,7.9695244075929494,89.51094,42.303915,12.105204324758965,114.406383,42.701893,8.598418259833801,61.744039,10.811797,10.471512111305504,97.862309,35.834902,95.30737070394248,15.44923066181923,7.62578835102458,7.3988338654073145,20.46139387463492,5.373793422628896
2017-02-15,-2.790218487972575,41.950503,58.238053,29.110229713704456,192.698689,22.771379,20.122649628020007,195.131405,77.667965,7.456432111915879,83.154673,39.628687,12.280169124872014,115.254739,43.570794,8.922024927984703,64.116517,12.035317,12.071557013592347,108.574062,38.107864,95.33701436841704,17.163291055712836,7.775689515862322,8.136701822420878,21.436459649673218,6.009192581498298
2017-02-16,-2.7507118541265037,41.106745,56.771395,31.847981944896787,201.900059,20.533374,21.272167633112634,197.862366,76.722429,7.133750504042115,77.448847,36.823834,14.206604523668402,122.003394,41.100159,9.757104977924417,66.165915,10.601522,12.755600662267511,111.147602,38.507489,96.01097358543981,17.18739709842566,8.052045909470666,7.791368652468976,22.183300667527078,5.885123484979769
2017-02-17,-2.8776255842452225,39.533378,55.946272,31.48881794779217,200.76104,21.160666,20.05642297016261,194.608037,80.213744,5.597641021167755,75.100709,43.17387,14.124073167321125,125.477288,44.918887,10.35688559463707,69.029327,9.957547,12.408492475839763,109.013796,38.240422,96.2763903358929,16.74017291617062,7.982336661371859,7.864596253846949,22.550737514620266,6.761478107844657
2017-02-18,-1.1196557846355104,42.946045,49.286212,34.50776798223092,215.364056,19.960241,22.708600069066108,204.869523,76.27972,6.12194456390804,79.349211,44.683065,16.378186740530357,136.991625,44.248444,12.120229935709204,78.589606,9.957547,16.873829406649403,127.243716,31.693907,96.24671086156584,16.28795898909903,8.01585548355458,7.161768168304329,23.859125398694022,6.251074737490328
2017-02-19,-0.14289810956480922,43.250428,44.042986,33.68986924743103,204.901182,18.046538,23.29871479543492,196.538642,67.316619,7.133934591351681,74.592586,35.025534,17.79193322125292,137.416149,38.736474,11.633787151127628,71.861981,7.337327,17.623344542877163,123.527895,25.783266,96.09629780346971,15.738991768499286,7.606657068102239,7.306751482132598,23.780159278713953,6.526393422804744
2017-02-20,-1.281616758531061,40.144796,47.478555,30.757278159606923,196.16457,20.163075,21.141093156038423,194.507421,73.532347,5.897411410118597,68.003911,34.257322,15.515396223443062,130.717139,41.93383,10.620465915470568,70.331183,9.557994,16.023734742566724,122.864819,31.172659,96.98372820642103,15.312686860892127,8.10844510337159,6.826098914223828,22.814813297934666,6.543567228808121
2017-02-21,-1.2188401972829324,38.068671,44.973906,33.419805910902305,207.979382,18.642327,22.94631904218497,196.700753,66.700343,8.02166081911577,74.55209,29.106056,19.625145842813662,145.941708,34.757121,11.971199862203905,74.220056,6.398246,20.276946864767474,139.361081,24.483771,96.15178381579899,14.657811201727839,7.714278900006921,6.518608410537921,25.05066584218331,8.3785640922277
2017-02-22,-3.1481449324389184,29.08688,47.232628,32.57094848492744,206.956933,19.219635,21.408260218635473,190.448665,67.052537,6.783401360793008,76.737359,37.638177,19.722715225723782,151.025899,37.345167000000004,10.549546343430146,67.532817,6.725766,17.94945346648664,129.533564,26.073823,96.68857361944522,13.240835944400391,7.531994334641423,6.607082844657255,23.237196824995706,8.299798441845093
2017-02-23,-3.3602973078328713,27.049788,46.90687,31.13843777991521,205.03662,21.029535,20.493545542302783,189.51043,68.407451,6.065984767341241,77.344809,41.498946,18.588673343703448,150.853513,41.007039,10.770892966680726,69.77794,6.129255,17.389754269564843,128.007767,25.246093,96.66694896070963,12.515250668437409,8.057003721551553,6.896679931835507,21.90188826961979,8.043727242898443
2017-02-24,-3.6406986423262406,28.349757,49.807777,29.3863964795953,196.986079,23.784739,20.34760040949864,184.160026,64.23271,5.934553821811353,76.666057,41.688217,16.78680958160612,139.655168,40.714901,9.736552501744598,65.377272,7.990721,16.334393898614177,122.395377,26.121616,96.5187832533156,13.260684253317267,7.539801135615611,6.703611754792731,20.82392849378633,7.215975731802099
2017-02-25,-4.5023194295670965,30.954881,57.621932,26.255877664460474,179.811692,24.299219,16.769370999827387,177.771143,78.446855,5.764131417251015,75.805953,41.665242,13.992970475783196,126.479035,43.599252,8.676318643848267,62.334741,10.945266,13.10682598792559,109.362506,31.73132,96.66577722939867,14.954825945284739,7.395490145991181,7.323403197861693,20.55506038353161,7.318018726543595
2017-02-26,-4.4445361416521445,39.20827,65.609177,26.21292039103194,184.908132,29.201248,16.073340017057546,181.489279,86.012329,6.638111761132867,83.683754,44.252829,14.342955178837347,132.153771,46.955448,9.122643151873781,64.442082,10.252838,12.81280850165841,115.427424,39.318297,96.67310121360084,17.645792679289695,9.275981619861676,7.918238973932465,20.191151181373012,7.8217554495784105
2017-02-27,-4.288837067584447,38.249151,64.082385,25.718943731804107,182.146371,27.231768,16.108648910719964,181.474441,84.446158,7.252854686385237,87.980053,44.293457,14.65370819060084,134.85459,46.589947,10.44181780442724,70.333368,7.438481,13.207089561927443,119.692877,40.141747,96.52031287597336,16.989095704380343,9.079938012330672,8.935986101378456,19.787619967313685,7.758629391400324
2017-02-28,-5.252463936024971,36.96479,68.988177,23.726411761569153,171.101546,26.445614,15.48979706981859,178.102231,83.66355,6.391514953802913,82.038912,43.070923,12.208713549481972,125.611018,51.17655,10.88304510254793,73.736342,7.384251,9.78563538723678,106.018778,46.357409,97.19877639588128,17.37836594493718,9.706501822744356,8.105779845094256,18.369707777009726,6.115041997249658
2017-03-01,-5.883201842440537,33.217959,68.334971,23.72325119062088,167.015675,25.410862,15.364817285248208,173.199871,81.486806,6.601898104181784,76.302732,36.8958,11.920638276235481,118.696613,47.541958,10.413278948109534,69.772532,7.615351,9.441244733569075,102.664256,46.309177,97.24843881392515,17.013303548753946,9.927690218604223,7.859075435838399,18.71785871536062,5.717930953220791
2017-03-02,-7.202937756542284,32.757692,75.929765,22.090769442197217,159.328514,26.923606,14.424518330212626,170.802361,84.346476,6.515739748815571,78.018818,38.965587,12.732063731776478,123.667622,47.355761,9.557300038772535,64.898708,7.615351,7.867488059122049,98.341033,51.185861,96.32907215850868,18.13368998259282,9.319679408080086,7.788081861018941,18.54002311136053,5.617419374224735
2017-03-03,-7.0785860988022975,31.915355,74.246033,23.03229507444801,166.571702,28.836192,14.718788390482676,173.895995,85.876116,6.714479863097088,79.861294,39.708009,14.294379854695391,133.381462,47.89959,10.319039675093789,68.340945,6.632019,9.393093504566174,108.974802,52.80313,95.83472749118289,17.752433006774833,9.415828060650126,7.530317572743979,20.295450334483085,6.306453485052267
2017-03-04,-7.38666006975152,27.486074,71.185387,23.802284020273603,174.232055,33.418284,16.346679973546756,172.969639,76.263052,6.802695857556425,79.484446,39.239852,14.678633501035465,134.866491,48.028029,11.470795950963476,71.538442,3.677474,10.110665976427367,113.19778,53.38331,94.997614307936,16.678810053438237,9.736466600278987,7.150871976137379,20.29866304793741,6.932318228687715
2017-03-05,-7.505707792813659,21.634097,66.09388,24.23968091989864,173.522791,29.939936,18.447757928795934,180.04211,70.767497,6.358792903964551,79.652156,41.986081,14.568298955279383,131.533831,45.23905,11.88233150935753,74.818724,4.434172,9.743924494925695,108.590081,50.872304,94.87354768825537,14.81025133695946,8.151670289468573,7.387595636031212,21.878499494251933,7.7681878621585
2017-03-06,-6.916089949178519,23.479824,63.944359,25.054602700412325,176.467941,29.878921,18.11399944710981,179.085421,73.104358,5.8155842502873885,75.092757,41.067041,14.838748069860594,132.555387,45.737106,11.38800100853526,72.635181,6.006469,9.829350915867135,106.559696,49.050306,94.19271840045259,14.942307216960323,7.847809494377235,6.600318658938392,22.939468027287962,7.903049289106488
2017-03-07,-6.696677558201845,21.786773,59.744553,25.527834820972465,176.345091,31.649467,16.992978482828224,170.091033,73.772264,6.264345396609808,75.250814,39.743558,14.939259399342825,130.675325,45.997346,10.702933171297662,66.568188,5.902346,10.132078060742439,106.116467,48.686318,93.90805032637928,14.384113115009326,7.344669815486533,7.578683162336184,22.67937439197324,8.852822105273955
2017-03-08,-6.513556679320147,22.248943,59.022105,25.67600086832397,176.55177,31.594447,16.660780053720657,172.964107,78.903428,5.677621093575668,73.346624,41.292849,14.274040285241545,130.537306,49.951288,11.889421978831658,71.790071,4.666737,11.126180964636118,111.002431,48.188077,94.22919948154775,14.395378279837571,7.977561056393949,7.902545753774549,22.24422254336552,9.241538147253436
2017-03-09,-4.3732366271894225,24.217154,48.433017,28.19917414997134,184.459434,28.312535,18.84099601829506,179.258432,74.930444,6.29746458619051,71.514976,36.644112,15.07735330655401,130.358181,46.87056,12.705850835697452,76.19397,5.838037,12.562504263821477,112.871011,43.308829,94.83527999809525,13.12017617496328,7.913292739585737,8.015910154574202,23.74262577402898,9.245676813702158
2017-03-10,-5.161964851132522,22.451961,50.108968,28.541907640032484,178.232468,25.309354,19.43607367103156,178.140785,74.005317,7.829566525581147,76.866228,34.916625,15.380698525596923,127.514495,45.107098,12.389674274426412,71.341856,4.959903,13.520587192661338,116.125294,43.684085,95.84631293796188,13.54293199779436,8.764982182976185,8.927063582835448,23.897260303106684,8.907562271740197
2017-03-11,-6.268966940014459,22.529641,56.164753,26.618010972241724,167.494825,24.680261,17.208572866031744,170.311087,77.981317,7.355780020831802,77.86047,38.394241,14.822580122330764,126.272783,46.744665,10.447003010257134,63.28629,7.234612,11.868416031706706,109.748251,46.070215,95.71894987193048,14.667189285722381,8.653384945338594,8.871561415519858,22.559554372560715,8.427773339244265
2017-03-12,-5.592009644199438,24.794883,55.181017,26.847063410290357,174.039104,28.156225,16.78528222677914,169.531102,78.322419,7.630880384625508,78.439619,36.97457,13.490708861555628,122.660502,49.354032,9.343494153712754,60.657137,9.886004,14.597906981818323,121.423879,42.101062,96.03350784537128,14.718094908142307,7.598595348434291,8.189819950524054,21.43483849413958,7.353937079852117
2017-03-13,-7.743951381486516,21.877101,63.683204,26.88220279386688,178.486541,33.361645,17.075652839370406,169.742777,77.559024,7.154785320973433,82.707883,44.082422,13.453326347901104,118.594498,45.966053,9.449917661768266,60.726593,9.710747,15.135749266090794,120.411904,38.700816,96.99253147131606,15.848758783021646,8.005314375884755,8.284617560385103,21.998997004613795,6.964338415613532
2017-03-14,-7.779445059640768,23.910652,66.472415,25.24499452607291,175.069996,36.953271,16.962319912232925,172.813179,80.011413,6.908002534436752,86.122464,48.32841,15.06839211583197,128.18137,45.741385,9.065706750206063,59.75314,10.15417,15.371166323390634,123.965195,39.868716,97.04653100043413,16.520229766993687,7.810556615849956,7.2657001639064465,22.609961433262217,6.68652820265504
2017-03-15,-7.488582033992208,23.564093,64.162127,24.247448308112745,169.539927,38.086639,17.259870954784738,166.054458,72.483095,7.329094443081308,86.330737,46.597337,14.483135911101874,121.184712,42.666931,8.175616896283982,54.477705,10.155032,14.847827226578536,119.049938,38.555047,96.43608316683344,16.181694783595873,7.413798280958864,7.50317440870447,22.47512904871994,6.020161567156483
2017-03-16,-7.94451143788676,25.324616,69.118641,23.93971377132018,170.271924,38.304536,18.347046490601695,175.00451,73.866634,8.090193565641291,92.138958,47.541862,13.781189402760669,119.584256,43.615613,8.191305257286784,56.927606,11.773133,17.109140695782322,132.717298,38.403363,96.51422505648097,17.132600519540713,7.77982645742223,7.316762784575828,23.248286976356713,6.5669784943373655
2017-03-17,-8.00403150903437,24.963923,70.027661,23.96942268834037,174.230917,39.279951,17.93960935548627,174.472755,73.470422,7.229442468949308,87.672551,46.96985,13.34279969850998,122.291056,47.169359,8.871199050694747,64.882486,14.936482,16.095610197108037,129.670955,39.050577,96.58706051798615,16.872005412180528,6.998219744485082,7.18686938456684,22.086450717680673,6.321513879215019
2017-03-18,-5.744917374591886,26.703983,58.895007,25.74978945922361,184.295858,40.009694,18.47764946389196,175.980047,72.442534,8.442839280997724,90.408944,43.100406,13.954240063793932,122.958291,44.767214,9.721605252178689,68.064309,13.590344,16.46276222770558,129.122975,36.875665,97.29245142458791,15.276280894280253,7.103986490868364,7.130068371318781,23.363012838229082,6.823341659522199
2017-03-19,-6.38339975776646,23.339372,59.125364,25.823652604098307,180.023525,35.253487,19.212992990179632,175.929712,68.219708,6.791679678752348,81.422408,43.347557,14.654218697818303,120.285617,38.132568,9.279581125873463,65.958375,13.936094,14.498258646650559,117.220818,35.942097,96.95464975185104,14.70981650604167,7.30903145900322,7.207846719471828,22.910518459341205,6.935297464934412
2017-03-20,-5.274972742704671,28.514147,58.009657,26.22998733508008,177.638307,30.970847,19.994669606574508,180.288174,68.486084,7.769304784581162,79.95641,36.513606,15.601035051400904,128.371628,41.136962,8.805526334663197,62.615836,13.378901,13.997685315096609,116.078373,37.808989,96.70650346502129,15.473904594127086,6.989028999324284,7.512335876943385,21.474330122102174,7.431999225508969
2017-03-21,-4.486401485831318,32.144968,56.944891,26.09088995341999,173.456258,29.231078,19.18632955357719,178.761664,72.703502,5.442655243283375,70.881623,40.795722,13.384816252733064,116.903036,42.91447,8.220435990899313,60.736574,15.295661,13.151805765652005,112.353776,39.653245,96.34650370688898,16.116698257091468,7.008059289919004,8.508777186033454,21.228609167026406,7.234107149721475
2017-03-22,-3.6360924053602037,39.593829,60.220128,27.23044760198669,182.164932,27.695988,20.525019945950042,191.679572,75.248208,6.088968380723091,76.576388,42.035769,14.730697000181225,127.946943,44.384776,9.250247169079726,71.769763,19.296299,13.80160053933402,120.587603,42.29588,96.62364168946672,17.595632207050325,7.600363571533328,7.7558859763195125,20.77995981331734,7.610316229788781
2017-03-23,-5.5262695372228245,37.587919,69.401018,24.959310615541632,172.110152,28.426784,16.603178111189344,176.324888,80.745303,5.272510971247247,73.067461,42.715175,13.11751420737844,121.460994,45.947345,7.423519880391838,62.215354,19.480346,10.298598650072375,104.509042,45.223056,96.44819026214371,18.58510242472612,7.2841851198194005,8.38193702636647,18.505538496324924,6.842879484485027
2017-03-24,-4.222986123450855,41.844198,66.459307,25.12937231833205,170.483655,24.008573,17.577523997289028,178.782506,76.325937,5.37001269992045,70.272206,38.971263,14.786016604889765,122.731266,36.545946,7.75844552910553,63.031477,17.808742,11.101088685633876,103.962422,39.255956,96.05814187038386,18.58062861862973,8.322284336090316,8.19326689113284,19.714315318805664,6.80060669227604
2017-03-25,-4.411920494335591,41.688695,67.209547,25.03136564162787,167.592401,22.797911,18.86557755602628,181.268567,72.140215,3.9110768801459126,62.074572,39.450861,15.980085297243887,125.981103,33.543945,7.4573459281690475,61.381904,18.244721,11.456008434812485,104.436945,38.16941,95.96708073134731,18.825797260879725,8.879363638503044,7.94520869492939,19.126435920889776,5.960548316264648
2017-03-26,-3.374899130671655,41.301362,60.851073,25.71719509543983,171.572884,22.6014,19.9838199592341,186.369804,70.609928,5.962684709557299,70.704287,36.164362,17.705866612081454,136.568354,34.003933,8.372182175867406,66.467584,17.970211,12.85701917642063,111.915088,37.438489,95.83079168454476,17.634744783567015,9.405176559646677,7.646592822632468,20.906149850923324,5.690612374211054
2017-03-27,-2.6388070533671657,38.281426,53.335973,26.175350518660558,170.887359,21.555469,19.547519087488176,174.402486,62.882758,5.937124329513155,68.147337,34.275699,16.816024981650095,124.445239,28.508843,8.044798823242088,63.582988,17.686945,12.392098268436676,105.204418,34.50678,95.65305760639704,16.0589779747178,9.255620717286007,7.665848417885203,20.368845547332384,4.673708928832622
2017-03-28,-1.7510340353900054,35.518534,45.717937,28.361917618451578,182.526635,17.324462,21.952925484307926,179.782442,51.911293,9.02828601391891,79.084965,26.497108,18.02080042888424,129.394341,24.426989,8.761874626333004,65.449752,14.413685,14.775676964273664,114.334262,28.269068,96.06434640447162,13.946681549495905,9.656869518465182,6.968460855115505,19.679578926517426,5.250992845053578
2017-03-29,-2.6134996734446516,29.761207,45.169438,28.621889783986674,186.140802,17.396687,22.049457466939717,180.65107,50.655594,10.03342848005341,85.34349,26.190093,16.922573943096683,126.169668,26.400408,8.908845981978352,63.929816,11.406543,14.868167896857193,113.90791,26.250671,95.77591866113072,12.709519752040135,8.687044805972016,6.823177635847831,20.723059268544855,5.431656303485047
2017-03-30,-0.3770814615204608,30.382173,32.579248,30.587891156057218,194.596186,16.375038,23.50795847109009,181.45267,44.482935,11.546152227350508,90.982013,23.708055,18.684096665928298,132.150269,23.286891,10.3328150164866,69.425363,9.220946,17.817367527274605,126.513984,22.700626,96.06129924249753,10.805996449864049,8.804684917093036,6.639398491948074,20.767141977442012,5.556434676678772
2017-03-31,-0.5813937333749163,28.81854,32.17266,31.72347522351064,199.025472,16.009494,24.436534575448675,186.635347,45.658476,12.603026706877174,95.758125,23.049973,19.418250128035947,135.820583,23.794709,10.62157792195761,70.095518,8.818547,17.90406380425455,125.590403,22.300025,95.79561599151567,10.572043180034159,8.20910558871807,6.540121008043881,19.946340768992034,5.9813663249518685
2017-04-01,0.1770788082246303,31.931514,30.90226,31.556271888427705,195.239003,11.821126,24.854905835808548,185.985144,41.51833,13.453481137427897,98.324933,20.127833,18.55558221366699,130.156124,22.303539,10.355846400630476,68.451904,8.259516,18.257911012110387,125.024549,18.90215,96.07510893237765,10.810285717787584,8.250946272010598,6.550874855290788,19.90458595616338,5.888462985161425
2017-04-02,-0.03656448871997292,37.93732,38.150596,30.72545295898531,190.052472,10.834823,22.88752625018814,180.992189,47.492167,11.880061022695289,94.594164,25.299283,17.55521852245259,127.600315,25.202964,10.078949643006768,66.021894,7.232666,16.592669449204212,117.725107,20.942182,95.39500578966884,13.044673316773764,7.944111783496423,6.401783877160984,18.253623470266575,5.397278632088319
2017-04-03,-1.1759192916226806,36.783938,43.79498,29.466372380775606,188.678414,12.99461,22.40543998776126,186.49892,52.913663,12.104717060359466,97.833676,25.663179,16.666236650546786,130.262836,30.89574,10.255577021288618,69.151377,8.005785,15.84909085236059,118.887883,24.392757,95.30758985406543,13.515010204514825,8.25696446356122,6.458345713802963,18.941214751298695,6.083435671886563
2017-04-04,-2.9631724330762608,37.166848,54.78443,27.554129722283367,182.357855,18.534402,18.78191767991246,180.006117,68.33797,10.10678337360123,92.188569,32.098551,15.750506903221954,130.342127,36.697274,10.770659241280683,74.639558,10.602457,13.25798262407473,108.822621,29.997105,94.93025144202848,15.46565766832995,7.477813859512489,6.482143779807348,19.572112491677757,5.913093698078497
2017-04-05,-2.762244235523374,37.798009,54.138336,27.373494581449933,180.679304,18.748709,18.161783567656414,177.108075,69.670261,9.930567816337776,91.044476,32.299227,17.61178830166624,136.159913,31.97565,9.294935395197962,64.587718,9.602615,12.268352357447727,104.120071,31.545428,95.27810779183432,15.541343757156032,6.919092995394943,6.93981769576544,19.727463267751123,5.621096452462063
2017-04-06,-3.7866627645346167,36.889953,59.185545,26.58597339247692,177.902102,21.365845,18.12564239401705,178.036427,71.313977,9.542630006578088,90.328,34.141696,15.90097671209207,128.200851,34.577069,9.464873770868019,64.543245,8.814764,10.7938327878139,95.471299,31.918005,94.95221992827564,16.317373894387732,6.909158439578277,6.872218270510372,19.825714570020047,5.997528851621245
2017-04-07,-4.77493755734508,34.512799,63.198657,24.914866458495823,173.031347,23.353092,15.654378860718463,172.082031,78.036971,7.911802088947812,86.987039,39.456191,12.751049814402304,118.941834,42.338779,8.307488338468957,57.633386,7.725418,9.389152211332783,91.31164,34.905481,95.48516915712841,16.26467303286767,6.9592086497395,6.840660408859689,20.598501286395617,5.903556546933629
2017-04-08,-4.961419168848867,32.645348,62.292436,25.766873818592444,176.334118,22.3635,15.655778573123877,175.129426,81.577918,8.139753393247446,86.620708,37.981402,11.408967821785389,117.065905,48.891324,8.387564558649922,57.040007,6.919899,7.976073737110076,88.271255,40.610021,95.36637809652146,15.887770879407553,6.205823479214359,6.934434848682561,21.52971794992265,5.936192643802094
2017-04-09,-5.6366184134886765,26.077,59.181088,26.311863003920124,179.095602,24.564966,17.476132115732096,180.149769,77.511738,9.5458378640218,93.040457,36.977365,11.541210461880592,118.247885,50.465889,9.4455041435216,60.725601,5.251773,8.643013503094444,92.799634,42.038866,96.46073253852572,14.516856912645892,7.497068732947228,6.966511005442657,22.362523788913247,6.240530650115766
2017-04-10,-5.283911588467502,27.341899,58.249498,26.378083450858497,181.673923,27.378528,17.351508622574986,182.544849,81.049307,9.19766155055108,94.650451,40.849847,12.140213979278924,122.123445,51.110738,9.307875652219073,59.611281,5.165993,9.862201549127645,100.915489,43.227739,96.10382865750356,14.632562512585418,7.66976043179753,6.941596409217168,23.384731437443833,5.84726459821023
2017-04-11,-4.7218254110790845,24.469167,52.31429,27.160666816274425,183.613165,23.44373,19.978072071922178,183.050287,65.237402,10.123931353206512,94.26675,34.564815,13.603110243587086,124.989307,44.770272,8.693641896599443,53.836682,2.569321,11.242062302309307,104.002216,37.70654,96.4801974808738,13.02052350112076,7.8040596842742875,6.725601559171913,23.656630155820974,5.873041380803046
2017-04-12,-5.021267302468583,23.989132,53.061129,24.773427941213363,170.104818,26.672298,18.185003469298465,171.372585,66.085546,8.93899631637188,87.301261,35.546503,11.12535239141671,115.529022,51.115759,9.455960640859892,56.776138,2.028274,10.160611949260192,96.958646,38.131011,95.98209158061215,13.307993812945506,8.305692539581038,6.7109092430488335,22.486518352741655,5.801283053103829
2017-04-13,-3.4903275374404767,24.581939,44.542457,24.639132842443974,165.070058,24.163553,18.00429187934016,168.346125,65.383011,8.585323516516134,84.036476,34.938647,11.719538819672714,117.095075,50.073266,8.361196446375022,52.615553,4.799464,9.120754893070034,91.732867,39.573008,95.6426624547317,12.087200485866166,8.295340955775371,6.160732665226672,23.374022839879842,6.0037010290858746
2017-04-14,-1.6685616356162583,30.472363,39.937489,26.27138821402947,175.119275,26.091517,20.495453328790184,173.914171,57.651131,10.22256477257262,91.145365,33.156579,14.891407443818528,129.008838,44.535454,7.049466242523768,49.319606,9.330621,10.229824725988939,97.098477,39.068508,95.23892931893006,12.412214884051062,8.211752295113879,6.7463556512001475,23.72589126461226,5.56704979134769
2017-04-15,-2.4938015858969718,30.429357,44.78881,26.554258828324006,183.021417,30.120467,21.55013532836307,182.042454,57.955535,10.746581582000971,98.631343,36.751908,16.99792204056009,141.217317,43.342304,7.990508042041046,55.340426,9.330621,13.075926492175913,111.963556,36.671619,95.17498308149067,13.063114879993218,8.533744712342255,7.769428625351023,23.74462764355187,6.134655101301151
2017-04-16,-1.9920974499144397,32.428343,44.150544,25.91550947182675,179.488267,26.992308,18.86817295824929,174.597676,63.57072,10.83213219977783,97.931321,34.191251,16.617573602026976,137.273601,39.489962,6.780532587484807,51.791993,11.892958,13.08231825639897,111.119382,34.138427,94.47141410334484,13.013989907696178,7.741653672441669,8.369056232349042,24.003727248645067,6.879830195858857
2017-04-17,-1.8313343464567484,34.099614,44.892144,27.48184226649551,184.440148,22.482498,20.703890510317358,181.747276,59.73386,11.812375231414777,102.245822,32.63242,16.923611536385046,135.250184,35.514936,7.439119395421921,56.881267,13.0406,12.00911912884622,104.991078,34.218213,95.45047161755268,13.403744952518052,7.305150088143909,8.657270577374634,22.857630096535868,6.403804868418931
2017-04-18,-1.67508214983293,32.429734,42.054013,28.205986009619586,185.598894,23.53981,20.263233617328225,185.327298,68.903746,10.502065176831035,96.528938,36.18873,16.996017593714623,137.699344,40.047766,8.203063472832453,60.832844,13.70168,11.774682912260046,106.560963,38.908858,95.03879817439858,12.963713443092425,7.357806609094267,9.740031932364175,23.40765944475748,6.174021523227857
2017-04-19,-0.5544566600187908,32.805957,35.9569,28.811460864139736,184.552319,20.818564,21.505590966892633,188.653707,66.43876,9.915889426721776,91.426415,35.075027,17.764469243790774,135.070905,34.116522,8.199174331351886,61.774038,15.178636,12.532361076197637,107.368952,36.148317,95.41618568895535,12.099877409895942,7.634021092102933,9.750288298043678,23.069096938571036,6.001326616545083
2017-04-20,-1.6307194424138558,32.842631,42.158056,29.505639784134313,189.471737,20.921852,21.921831088448897,193.037394,67.809738,9.352465478938077,91.77452,38.348904,18.678471619490416,140.404741,33.704657,8.70637957986923,64.262937,14.528063,13.551672310781681,113.306427,35.892996,96.29476010359748,13.129307410590076,7.928855112543637,10.373414178876512,23.211106938013565,5.555024727931206
2017-04-21,-2.1243804394594274,32.360838,44.605713,27.715088580412132,178.984302,19.235234,20.59289434938788,194.639772,75.942851,8.360126809371028,85.569645,37.382086,16.740411930854,136.745889,40.254579,9.405313571252433,65.882956,11.670967,12.84855442589429,111.499019,37.440277,95.75821486307194,13.353034264298854,7.495034871466688,9.722258407225993,22.859323123497777,5.622291902342075
2017-04-22,-1.3190603518674797,35.385536,42.854644,26.91429591896205,170.520461,18.119714,19.125503923791072,183.655254,75.358121,7.215772313264926,76.079688,35.220767,15.826537888090304,131.313734,41.696818,8.341162650100616,60.17837,12.946987,11.866965639702286,105.120933,37.924881,95.43776716888385,13.817382123939693,8.074414145537837,9.215393328634645,22.37870581437546,5.12749879668168
2017-04-23,-1.150592629765598,33.573726,39.821634,27.224743431606313,167.256956,19.422103,20.37828610056178,180.841895,70.184436,6.407831260896364,71.621336,36.825754,17.095610987080196,134.289424,41.457433,9.288267779479966,61.062544,10.625716,11.804864166976579,101.371898,37.269536,95.98519448344955,13.5162297964363,7.039480926284535,9.112862432922505,22.679393646066178,4.434428113111808
2017-04-24,-1.2155730634754895,31.140433,37.738049,26.39140811989672,163.980437,20.739046,20.293282563616,179.902867,69.75952,4.66389818865516,65.772296,40.458631,16.882763997878268,133.929214,42.296718,8.917974068895097,58.339598,9.93661,13.220704259530985,107.895111,36.138725,95.02274852250038,12.690466885657095,6.838891876952519,10.068549432393372,21.61624425288865,5.06960429542859
2017-04-25,-1.3785158973011664,32.640723,40.219534,26.378030930990338,163.123714,18.102455,22.07685767193431,183.958756,62.584507,4.825822137217222,68.673961,42.142534,16.659717135052695,128.359544,36.767675,8.105456174845445,54.408095,9.845881,14.552056731256277,108.743177,28.738813,95.47095123463075,13.252609486626406,7.8324291909124755,9.394790109827422,21.502741775341065,4.922092201614944
2017-04-26,-1.8905616973756325,31.377579,41.699393,28.613933195888375,173.985995,17.763801,22.89552555161882,188.301569,63.299906,6.468783674920596,75.473018,40.155693,18.386474798780636,136.032731,35.648928,8.674412002691739,57.007229,9.647935,16.00054971974995,115.783726,28.42625,95.22666971169441,13.384907364479886,8.71535506841864,9.399649080735724,23.252831666732504,4.802543124948231
2017-04-27,-1.9462599573165138,28.183351,38.884599,27.892795894846707,169.801766,16.436988,22.698605801409126,185.351124,60.5459,7.301199286109986,76.080857,35.936197,18.321563322715566,136.876644,36.137998,10.620197819199419,65.921044,7.527318,17.181103971015066,119.654725,25.186741,94.92776088232146,12.197798378684993,7.8767176248618735,8.625227201396568,22.897043875690624,4.818793965920623
2017-04-28,-1.8982429500680071,25.736953,35.946523,29.245524281244617,173.474656,16.179602,24.61675505491734,185.58676,53.187225,7.659929423255088,76.801448,35.603041,20.697498235577658,142.136664,30.816584,11.392962253622905,68.387466,7.111197,18.655925771015696,125.160162,24.82054,95.24021841854133,11.468673357711356,8.327099933204133,8.793965769579073,23.015604844525246,5.155410294540379
2017-04-29,-2.9600192691699245,23.037683,39.442457,29.88754352059636,185.490658,19.850386,24.63906402702808,194.780928,58.228345,8.49045616555247,84.737131,37.682027,19.677148839848623,139.237014,30.183947,11.534359621006217,72.5711,8.646326,17.79202165208593,127.895627,29.290156,95.58679532098681,11.273694982962558,8.360798678873143,8.802497558108344,23.467688422978707,5.654808316669876
2017-04-30,-3.5587854969652,23.352059,43.603593,28.77595750657513,183.774469,20.022739,23.030474515358687,195.052432,63.995801,8.290048570667162,87.676316,40.501177,19.569924266873233,139.734732,28.37062,10.364597282752383,69.760829,10.780316,18.212625807816067,132.237736,28.597432,96.06705772852986,11.766061932762675,8.913226775257929,8.363528849327952,22.812112379866036,5.466439109091709
2017-05-01,-3.1142159647595538,24.735801,42.731952,28.47105849412392,185.080231,20.55424,21.02920783002017,185.352708,63.831014,8.207369090307806,88.63542,41.207414,18.23673616348031,136.944892,31.560082,10.148948778710304,69.163247,10.515415,17.4405733548125,128.384598,27.600582,97.07302236286985,11.675227302719025,8.60843957004785,6.75884753947214,23.89677912926318,5.576605313031437
2017-05-02,-3.6177944871051646,27.523221,48.722796,27.73778093061615,184.980202,22.442178,20.186568043429805,188.245047,69.955668,7.958730792999997,87.60624,40.969619,16.84144622035904,134.068804,35.381191,9.223174461506774,68.123037,14.077021,15.483767729715678,123.844388,33.112508,96.82348067777093,13.011695751746277,8.075480214847783,6.5769380241222715,23.484317311019932,5.2618447293664135
2017-05-03,-2.7420671868964783,30.709599,46.993586,27.572441300198903,187.532538,23.791373,20.38211285706891,190.375155,69.334335,7.3669531402840605,84.124077,40.374832,17.175826156169375,136.816505,34.816477,8.806866071667024,66.105705,13.805421,14.855075470391021,120.579366,32.361303,96.67811766333524,13.084470891916498,7.707990357157062,6.629291181128366,23.041130063975217,5.48451510450157
2017-05-04,-1.6741934800134601,33.656468,43.433471,29.63288278826238,196.599476,23.548519,21.90894893076503,194.32789,66.383383,6.681349666045509,83.693661,44.675724,17.29835695075586,131.976793,30.957353,7.274911605197072,56.861087,14.37685,14.383265411648333,116.07742,32.081615,96.83716625917013,13.200719407413022,9.0125548924071,6.600831378507133,23.459336551557914,5.687222376056646
2017-05-05,-1.9501190887404916,31.692597,42.96644,28.44139124415713,189.303327,24.880661,19.319027266429686,180.750395,69.065072,5.659706167344767,80.531838,47.812483,16.039645321155902,124.163803,31.436931,6.513546409637969,50.774405,13.11891,12.532951637900483,102.645535,30.191227,96.9383724501148,12.914319740010804,9.262543582737175,6.092520663467845,22.656935048275866,5.266623003617566
2017-05-06,-2.2288148593570374,29.215746,41.930836,28.132491351527722,180.368611,19.876519,19.75341769424048,178.202647,65.512047,6.265032397474651,80.110617,44.369447,17.60963761120452,126.801898,26.341276,6.751342334345297,51.387835,12.872332,14.174762686579868,100.726969,19.861848,97.07129980854327,12.471210125454393,9.108450830470433,5.75568195427975,23.019624676720056,5.824640805100775
2017-05-07,-2.1652325964160437,32.771395,45.077409,29.323474513510874,188.561367,21.902557,22.30711453537621,188.228464,61.446859,7.069548875709356,83.442931,43.263429,16.946820953817728,126.194717,29.878129,8.820024654943808,61.794464,11.666202,14.813573799904617,107.640205,23.447843,97.00956505103063,13.697430216868245,9.366725029407391,6.581390651445239,22.841355423295248,6.350493473032001
2017-05-08,-1.4815476698649104,34.165896,42.259713,31.11191055803954,189.652287,19.685356,23.90017529298112,188.618678,58.050051,8.13737186171675,79.736097,35.280964,19.273735647845985,130.365761,25.071755,9.519375362158183,62.233779,10.228647,16.262622727418503,110.499429,21.655381,96.71118908988083,13.989466642494722,10.91591589392831,7.219380399607372,23.18655380339861,6.574938902623911
2017-05-09,-0.19505255961683665,33.606444,34.659241,30.318211612676578,184.914499,21.271826,22.177658353444716,181.180414,61.476411,8.557405926218697,79.25481,33.066176,18.98478669997873,128.491748,26.021283,10.346669765876882,61.942883,6.09669,15.544399720378166,105.574286,21.673324,97.4624010247403,12.64763918708613,10.903643677606066,6.988775728870909,22.1368394871915,6.960827440957132
2017-05-10,-1.5943684252457921,30.574137,39.276216,29.646754484214842,183.610084,21.797798,22.54627827623009,185.82821,62.770395,10.152244092944262,86.881703,31.470652,18.038301108903035,127.858307,29.405077,10.843915034734309,64.985752,5.799554,16.336315074476264,112.208309,23.044536,97.80553833051523,12.797769052139463,9.449704354890423,7.419388771671974,22.798144060605,7.487086520828949
2017-05-11,-2.7844474634839296,30.323046,45.431809,29.00938177241912,181.111948,23.703385,22.358050884066444,183.151772,61.834169,11.021192120917323,89.955363,30.152985,17.5788132442363,129.309697,33.92484,10.878935382201808,66.73926,7.708785,16.130841360766908,111.17527,23.647291,96.88303777858401,13.961130626732507,8.733255420412199,7.379756830125113,21.95126767124438,7.6404092696644454
2017-05-12,-2.441812586317424,30.454044,44.052626,28.974502537891418,187.295808,25.935288,22.967677462824334,190.780401,62.872204,12.30324771774903,96.107733,27.590303,15.693402089256733,123.721164,36.323787,11.50387239135822,72.458012,8.392345,17.022080040440635,119.67347,24.876616,96.85839096896254,13.378698203283172,8.03986039060901,7.508572329263276,22.081056951108184,7.424876401322359
2017-05-13,-2.036557834837356,31.862718,43.500419,29.500191577502267,198.241105,29.665284,21.64357257261155,189.209044,65.529067,10.925595218043547,96.060975,33.627781,14.069759060338379,123.351552,42.951356,11.75149191143948,72.98047,5.827774,15.415250164168665,119.514898,31.426031,96.3703590798505,13.18829097905772,7.71750705126831,7.148035816549339,19.88978820601822,6.287117408265701
2017-05-14,-1.895933510109835,31.442586,42.33575,28.307595186225402,191.430433,28.78798,20.975302213264975,184.06444,63.549978,9.949678108214401,87.219153,30.052868,14.339002515019844,122.963041,40.577712,11.119296395605833,67.760869,3.874494,14.8730491643942,115.253789,29.800073,95.72672210345233,12.840972516574872,7.800417894491975,6.396227620787295,20.190954162777164,6.169988705067407
2017-05-15,-2.45661374831209,31.650708,46.091201,28.751081104935096,198.789462,29.784552,20.593768075281673,191.071805,70.017299,8.105238168729038,85.913939,38.269642,12.538704699456153,119.68975,45.984603,10.75392329299341,68.53089,5.317064,14.640287276130787,119.092356,33.033664,95.77529836073704,13.22543783438886,6.705833052824215,6.463157671718742,20.115736717368144,5.747370286890758
2017-05-16,-2.153671833272296,32.855684,45.630709,30.991281247110408,210.37976,26.547485,24.76309887998511,207.723048,60.834742,9.6447844477867,95.747861,38.537491,14.507340254730474,130.466424,44.412629,11.546394226077636,75.231534,6.741306,17.46506530698238,133.333985,29.735729,95.34637894860862,13.231593198388246,6.58592299557805,6.903788489144408,21.2514316347447,5.6690145588588505
2017-05-17,-2.373383380617132,31.413756,45.273752,31.213275081629554,204.921416,22.643293,24.02909939419269,201.396143,61.071902,8.461328414809367,90.903736,41.491585,14.282734541405114,129.74355,46.335768,10.639249404720259,68.161725,6.031032,16.826434428421592,126.819533,28.557147,95.28671473559388,13.13195595353298,7.525053230715034,6.1766974402167545,19.474094359664583,5.108099929832596
2017-05-18,-1.7282568228753126,33.640302,43.785474,29.30155080729298,194.396762,22.391497,22.00789677834813,194.434984,65.244753,8.552788814433127,89.926056,39.719679,13.92378214421422,128.728752,46.993698,10.98844876914222,68.054502,3.550372,15.919083763918934,123.705568,30.257742,95.42283906519084,13.189685264913752,7.321762214372797,6.780111859539153,19.58285575538844,5.364722649141078
2017-05-19,-1.0713779182135283,38.219985,44.41435,31.39670423894234,199.600823,18.075105,23.0014354978204,200.361298,67.374343,8.08846106680603,84.228008,37.463109,15.05252537580911,132.273112,45.244217,11.086070756654225,69.769153,5.673032,16.104221819639168,123.583939,30.474471,95.87750926410122,14.292441889565652,8.294887894595536,6.917996043527601,19.393617427162404,5.556394210197708
2017-05-20,-0.23825430216370863,38.203985,39.556673,30.66630190026849,188.484915,14.377089,23.099720055492625,195.475659,64.327076,7.321337313904601,77.615549,36.048681,16.52938468317614,134.048598,40.203072,10.385550840237926,68.335042,9.371112,15.452162557334423,116.012507,28.282906,96.02960134909034,13.696293090188425,7.868893076086435,7.8483551511181515,20.005700611035497,5.666036114113842
2017-05-21,-0.1198192698212813,32.739502,33.407901,32.5920623522917,193.23552,11.424181,23.111713243878178,194.484738,65.558514,7.669161793758102,81.371366,38.589766,16.117653198057102,131.245991,41.335384,9.508517793259895,65.044041,12.00179,15.867421285398095,115.735078,27.220363,96.58259711775068,11.857787830373805,7.8523917962613305,7.485466245011198,20.22087883657968,6.093159406547391
2017-05-22,0.3515210832850666,33.004139,31.049612,30.117982118803848,179.739455,12.277496,22.51664594348565,188.224921,63.0279,8.214466623808486,87.381657,41.707592,17.785192561020978,137.562811,38.67361,10.687428695216546,71.150115,11.72589,15.359392115227541,111.082438,25.681169,96.46243780685168,11.520047530677187,9.060860147349056,7.098430748470581,20.212393676232963,6.502715865269917
2017-05-23,-0.5583010694868766,29.256928,32.306421,26.920474497717095,161.805765,14.763599,17.98551370262542,166.96,68.721431,5.682988283318017,76.462629,45.421612,15.793678539564679,123.411347,37.144788,9.516314195199865,63.245495,11.266491,13.214750817165518,99.673031,27.492818,95.99349874991351,11.271015735367754,9.457204082535274,6.9710709892671305,19.281950896584142,6.951988381511125
2017-05-24,1.1884453467359632,33.769071,27.220561,26.45465338581156,161.012966,15.243905,17.851442148413646,164.443109,66.079017,6.362924129040805,80.908355,45.8477,15.259974831058129,120.828834,36.744111,9.507384557265837,66.664701,14.277603,13.456056928820795,101.036434,26.891566,96.49826515283516,11.068601002295,8.627343074679294,7.604380391067557,20.71645873206013,7.764214022838417
2017-05-25,0.7627489518294226,33.189176,28.972643,26.98192346707284,166.522964,17.364882,19.192508669646248,173.110457,67.01284,5.743274304593936,77.456154,45.706906,16.674225477056975,124.501939,32.325579,9.237821662771164,66.214111,15.146745,13.98338256102288,106.144928,28.843748,96.99760701124855,11.244750672189753,8.733233850109897,7.543246622622374,21.523603717884797,7.709776217449864
2017-05-26,-0.3950785563153266,30.799008,33.028762,24.754631053449096,157.161482,17.450691,17.996619069160587,167.392144,65.822386,5.433379172049755,80.996871,50.331833,17.308892322537723,127.443074,29.754725,9.077777102565813,63.573905,12.340525,14.523570551692625,108.466589,26.498107,96.50493077618621,11.309311800506565,8.755110260420027,7.8621804607135175,21.33626106202691,7.506396004265484
2017-05-27,-0.6596706848373999,31.260671,35.009222,27.252935149687662,171.50168,16.638019,21.358710036832196,183.93172,62.561746,6.341300651852061,85.417862,49.383687,17.333528195014956,126.487038,27.989991,10.51328093743995,68.916129,9.174851,16.649603217661056,117.549593,22.938921,96.47368466455518,11.66218778920473,8.798817425851798,7.3363075556073705,21.80320377058797,8.186872390220511
2017-05-28,-0.7180780449638207,33.348189,37.411502,25.63747310125238,166.516512,21.444429,20.0187610874581,175.805267,62.527201,6.181051935746958,82.574263,47.598192,16.271736580812128,119.488439,27.413268,9.730740892735668,65.815666,10.753342,15.126509234342247,108.978617,23.383824,96.53392013338973,12.5048157933007,8.535472151097826,7.3696529447645265,21.25917760687753,6.892360279319715
2017-05-29,-0.159346707640477,33.109144,34.011907,26.15135777272833,167.101108,18.943179,20.647482603093824,178.756934,61.780665,7.337583315505528,82.484222,40.91387,15.769004997990413,115.766066,26.428329,9.461458034615879,64.815474,11.21252,14.695000884509318,105.456866,22.203793,96.43362704093273,11.8475374934712,8.623263530248737,7.531741151132139,22.09176588879846,6.906968432042255
2017-05-30,0.32784325476897513,36.362358,34.509129,27.102391201959747,172.032639,18.828519,21.273117288999906,182.101059,61.848599,7.702958131232679,85.067011,41.523808,16.675866018141576,122.762037,28.496872,11.412059445097567,76.01049,11.500517,15.046184151571262,106.777596,21.72468,97.13387590366041,12.537435453684958,8.496355227984436,7.317416994056339,22.46080040853739,6.740001217593483
2017-05-31,-0.46891477603035886,33.988669,36.62556,27.258848198974157,173.412599,20.125445,21.471479577360757,183.85385,63.111331,6.391757889446459,76.945885,41.002533,17.771300266327575,127.058266,27.123301,11.853085321448198,76.116836,9.462306,14.166699055192097,101.151069,21.486185,96.2270677858927,12.55723326299475,9.150722679999017,6.973029076663555,21.656802108177185,5.908225775924744
2017-06-01,-0.23331715223981306,31.236336,32.555527,29.62548551394186,183.283752,15.779248,23.079830731637436,189.093519,58.598591,7.171623574850618,80.421384,39.872538,17.00399733974892,128.080205,31.938451,11.737737719137826,77.307219,10.941254,16.212500465218156,109.852731,18.186154,96.19224853265422,11.28247222065064,10.18875718082341,6.420665655228495,22.25378563332087,5.946805049018327
2017-06-02,0.31078965266774655,32.081108,30.358909,30.03866370253796,183.49443,17.039221,22.942711207032843,182.920216,55.786272,7.03599795697281,77.801838,38.812803,15.852931378025318,124.357672,36.510788,10.896180205091008,74.382996,14.003281,14.884861832002194,104.736101,22.253644,95.40600004225313,11.267984243399393,9.55816861675196,6.048051901490681,22.407212673008196,6.411967089749584
2017-06-03,1.040931703386124,34.999554,29.201558,27.586676672544293,171.615322,17.957363,20.357701722900785,173.142173,59.749649,8.108669129371304,80.792753,35.627416,15.293918274589483,124.140646,38.953427,9.789381992353128,69.860714,15.333796,13.835994034160997,102.140141,25.073569,95.69546041579244,11.526219209782704,10.172820527006381,6.322098394232295,22.186544224575865,5.546819359352377
2017-06-04,0.5271081511745536,36.594295,33.598023,30.411473988746458,186.962982,14.093244,22.891577994561835,187.17413,57.050181,7.83547862679266,87.953309,43.413635,17.550868932000803,136.152492,36.387051,12.29447773080246,81.010853,11.124627,15.56378844308299,110.705423,22.235261,95.1864070050733,12.34832584212524,10.215668518632127,6.751378040585321,23.262585873203818,6.2090616664721
2017-06-05,-0.5744308702850626,32.15586,35.414828,30.60183161522646,190.545319,16.929319,23.876118668395186,194.100066,58.641631,7.197593063429725,89.320367,48.485644,17.060616130483915,135.193969,38.40251,11.140876385651822,73.8571,10.650609,14.546345595846038,109.229578,26.702546,95.11982518234835,11.910116673008266,9.196954326692286,6.036687192387177,22.79077966475011,5.832896718694917
2017-06-06,-1.1702343453611486,30.782015,37.590725,32.21094497450759,204.922532,17.511366,24.807845790072957,202.852976,58.514854,8.097203003773876,95.000214,47.888704,17.67727071384924,144.113599,41.262909,9.486776862016889,67.178063,11.981672,15.215425557654727,120.928425,32.401353,94.14128854242848,11.75143729641122,8.580902994614242,7.1906811746454355,23.538600143040732,6.016393201352513
2017-06-07,-0.8879649859458872,32.075051,37.297752,32.47951805023159,208.036941,17.00372,24.597089046390977,206.183645,61.512128,8.564538898694032,100.558558,50.184921,17.2643103826225,140.002874,38.460209,9.960658739827915,71.326211,12.741083,14.595192062333453,118.549003,32.705163,94.94925452882458,11.794782056434363,8.668631253046804,7.437402161415889,23.68598855346075,6.127639181152773
2017-06-08,-0.4723388075242167,33.953831,36.731726,30.773313487778882,203.490763,22.508315,23.96599443523725,207.820905,66.873316,7.403679199296627,96.46056,52.918418,17.934996445932708,142.227207,36.748817,10.678839264951824,77.061407,14.25756,12.983217973793288,111.379643,35.023401,94.9947091973113,12.019004210945711,9.174449272601349,8.102668777728,22.744602364449452,6.560054283268311
2017-06-09,-0.7139708710815662,28.138794,32.380662,32.28584846947907,211.21678,19.399,25.311528296348968,215.549409,65.167697,7.483274038636667,95.962988,51.503106,19.586582247346538,147.812992,31.444524,11.474022607000576,79.365386,11.195533,13.755786807103668,112.259559,30.533211,96.0558245847776,10.186344487311372,9.883195679157549,8.446788523888433,22.448164042850912,6.422026152890213
2017-06-10,-0.9643902127843131,29.122997,34.8266,34.45980490800031,224.696221,20.893814,26.897649622874866,222.382833,63.304575,6.835125395618574,98.805014,58.38067,21.19132719380262,154.772431,29.442543,11.724577313720644,80.771292,11.429719,15.51228805221456,122.060697,30.31782,95.82598842031668,10.812878360976578,10.358365496678012,8.16562540669022,22.86308261288618,6.790866881174784
2017-06-11,-1.2567362215128093,25.656428,33.009553,33.009903388212294,215.590833,22.450903,25.187532261962353,217.347513,69.976036,6.160098848306031,89.399953,53.357404,19.87224215907092,151.676468,35.40459,10.001301733039698,71.689063,13.171754,13.937548528497995,116.942373,35.394205,95.94284691217126,10.026711540097889,9.931478600863473,7.870492896761519,22.169106901101713,7.302407362160708
2017-06-12,-0.8269295733847782,27.952662,32.727648,33.58584032373299,215.204078,21.267469,23.990442668059046,208.000259,69.470895,5.814888309169825,85.777377,52.20014,21.899689629648087,157.726882,31.270271,9.748338339031248,68.913211,12.622832,16.08945725069051,122.52369,29.617431,95.79483067957753,10.508584289285052,10.344549382336265,8.657239061162128,22.381556845770746,7.187370985078682
2017-06-13,0.5521399119569058,29.932912,26.77989,32.95135026738305,209.132071,20.961772,23.676511303389645,204.821764,69.615887,6.771233075987848,83.562984,44.895526,21.40021333430613,155.580916,33.37395,9.324033358782376,64.985498,11.740149,14.56563801179633,110.403176,27.225387,96.03837316544083,9.931234702171261,11.014339854289595,7.934986166373749,22.13710203440756,6.713155297069724
2017-06-14,1.1654055968180872,32.582018,26.004786,34.52653314786089,215.388226,20.52987,25.335087074884683,206.740189,63.755853,8.30981620883727,88.603444,41.705103,21.52537323898555,159.712481,38.229133,9.078838587437692,62.811687,11.573193,16.89401311898487,122.633706,27.288494,95.85511691835075,10.380869837233096,11.31946293731886,8.244767714108566,22.947149986855404,7.10139188267695
2017-06-15,0.19739094891428874,30.913594,29.808563,34.08836641198739,210.779366,19.946393,23.833259700834265,198.408574,64.985583,8.67820698486237,86.390995,37.808789,19.145692538996677,150.697389,43.516265,8.075010028920536,53.457575,8.252177,16.85761978469896,124.103705,29.731635,95.8519923802086,10.846758317506403,10.566588928670138,8.315287022279856,23.116802102681586,6.453127685719911
2017-06-16,-0.3054066686285606,35.719031,37.417123,32.549441613136096,203.17704,22.198849,20.223776680325738,188.448422,76.002176,8.128787402927241,82.581636,37.384755,17.82395833169405,146.932486,47.829473,7.405167127127406,52.237166,11.063687,15.711936360871126,124.532707,37.17275,95.88917791739854,13.15374499699983,10.20337965967796,8.670227003510053,22.461201043775954,6.423529067928394
2017-06-17,-1.4236019367634816,31.770784,39.542477,30.288781531654074,188.187891,22.836113,17.09925056944907,174.568077,81.220265,8.316191688450953,80.528055,35.128504,16.33034601599729,137.579779,48.429552,7.088422249569574,48.31218,9.615238,13.386329356837342,112.268417,39.190094,95.60885605726519,13.063009112238436,10.599951516855668,8.53933691816396,22.883455757220254,6.570104248505375
2017-06-18,-1.2560622631369653,31.625578,38.381095,29.497767198995746,182.582036,23.933318,17.487540908890207,173.043946,78.990185,8.549740234222753,79.68984,33.706518,15.462725293829696,131.986833,48.823198,6.549891106341469,44.491207,9.263733,12.408193523694933,106.726047,39.990691,95.77602319256842,13.016433845562,10.938274717750105,8.375384802551674,22.21128551412054,5.776968430265743
2017-06-19,0.08378556013431748,35.017566,34.559145,29.959245328097516,187.366647,23.448817,20.08670421266067,186.814261,76.912662,9.561080005248055,80.487432,28.175317,15.480708093359116,136.071466,51.370932,8.010207040919777,52.487555,8.660825,12.77498780033767,111.309864,41.413301,96.23222776338928,12.716528482417935,10.887807071822513,8.513966942170663,21.713746715407865,6.259032157166688
2017-06-20,-0.7812341243659728,29.586536,33.760128,28.998311538227178,174.911195,19.993332,19.365162310647882,174.374633,70.920004,10.418141092291389,82.397877,26.740976,15.277148690343163,123.257828,41.64262,9.343356222973002,57.41913,7.504059,13.796095653309523,109.809877,36.106908,96.25542325697265,11.857549942961713,10.13363381978441,7.684810930122779,21.258119470768197,6.423004025721983
2017-06-21,-1.6541926452807356,25.798976,34.769762,28.08252267877352,172.487018,20.193812,18.537665566902575,172.040908,71.510035,7.363501759657824,68.001791,28.069079,15.302457596624569,121.615383,38.629237,8.341951745538674,51.8393,6.600395,12.535817739299148,106.903965,38.921473,96.4283967117148,11.168738272603518,10.151762989338998,7.084266236832097,21.060386493749338,6.067564784208307
2017-06-22,-1.210716420690688,25.71464,32.598605,28.07918650459673,177.076969,17.422624,18.249028985632375,178.834346,75.072908,8.607228699340803,81.050759,32.111255,16.984583321057993,130.58932,34.017344,9.631245332094194,60.818764,6.056844,12.680709555960512,109.294557,37.193808,95.90502125503153,10.255834139955558,8.79180497414818,6.234570355123204,22.173153740449397,5.503966288643398
2017-06-23,-0.8872478027212378,24.987506,30.014177,29.289134307852294,181.106721,15.170168,23.228240357298287,194.482281,62.883508,10.020245683011577,87.221453,30.452106,18.08210069155529,131.859606,29.416105,10.35999399011334,61.939513,3.245334,13.74776223559057,108.636904,30.749444,96.0115828665193,9.708238790189384,8.24468308651927,5.9931010988687525,23.678601834979613,5.6987451856949045
2017-06-24,-0.008406604060292462,24.527266,24.574984,29.73706558530422,186.141123,17.346056,26.16378425069926,205.958423,57.4462,9.985485967612044,82.383073,25.702942,17.259846530094716,130.4979,32.526668,9.746443358431591,59.508141,4.184876,14.39849875013381,109.440168,27.710666,95.92871977735065,8.6504709799132,7.412829934743397,6.006994267095238,22.31738394585583,5.11857153168525
2017-06-25,0.25270771640595346,27.120179,25.657024,30.484330511886032,191.808646,15.307108,28.16299194246924,216.060041,52.998845,11.47161959639768,92.150363,25.730715,19.96825232313704,146.016663,30.402274,11.031788081634275,66.667409,2.794346,15.931326887266817,117.032221,24.791268,95.81976854335562,9.11537495919669,8.392429729990322,6.646992314523368,22.60294894449711,5.468730874595628
2017-06-26,-0.8526055824053984,24.224833,29.101709,28.48617713411939,180.914786,17.974786,25.717306730588895,199.323576,52.221424,10.907086768559884,88.92089,26.532711,17.773026441319267,132.069661,30.408532,10.106757884158792,61.212895,3.402571,14.498340728259135,107.11984,24.189806,95.14532569245975,9.322875422622177,8.581384287788334,6.14151349580107,22.668983327953466,5.756441884796529
2017-06-27,0.1176227756496761,31.984236,31.297471,29.940138722307836,193.583606,18.771889,26.853258528880097,212.956616,56.16829,10.293108612828044,88.516723,28.418271,18.812874626459504,145.488379,35.645504,10.448588909910569,63.864373,2.858117,15.726777825568982,117.742803,25.918745,96.11966768022715,10.838307172307214,10.015347488754639,7.089695439709162,23.728743123488982,5.845307908163547
2017-06-28,-0.5290041842133462,29.632353,32.674307,29.402312835354614,188.48671,19.41341,25.091849914304635,205.376867,61.090195,11.250776356247378,93.937459,29.241668,16.875491269851228,136.129045,39.08923,10.0664530253919,63.02786,5.142331,14.058676511510368,107.314548,26.472376,95.02890589872324,10.835299890911672,9.014726198414541,6.8540771453320035,22.667227085688143,5.666016992055678
2017-06-29,0.1867350057607767,35.03595,34.00267,29.7719149589902,184.866277,20.12628,26.21549338940405,198.340045,53.279161,10.70961655171612,87.261107,28.000485,17.38720816560547,132.670869,36.460443,10.169022975045383,62.427471,6.158171,14.537229657444167,106.311247,25.8709,95.54026302057846,12.476702446012794,10.02612916603913,7.900579216465424,21.698064784649564,6.888216440300411
2017-06-30,0.48641239811614173,33.231999,30.482288,30.422086849114283,194.951623,22.974208,26.60131019237803,202.524326,52.145932,11.19755176743129,93.633838,30.333578,17.294209974609362,132.695255,34.930314,9.712154510777044,62.231615,7.328372,14.610495097735509,109.077453,26.483672,95.2352223066825,11.270791415508793,10.37463256260435,7.035138148139583,21.933753383557217,6.565296820298946
2017-07-01,0.6466397088837078,35.759808,32.176744,30.911593332010135,189.658951,18.376217,25.39469236237632,194.035497,53.322196,10.774925628241894,93.547607,33.843188,20.364843705182526,140.881736,28.039086,11.413665392660006,70.385313,7.141604,15.117220862701908,108.735519,24.970218,95.8431798472276,12.260588202678735,10.800248619232768,8.117787771336063,24.49514723072576,7.835740407406168
2017-07-02,0.1145922450734468,34.759061,34.132282,29.872579118179726,183.51952,20.127091,23.03631989981099,179.386358,53.385846,10.049068679468272,90.167656,35.202809,16.846663603104524,122.673189,30.527905,10.923366963792118,66.888553,7.141604,13.645546306638675,104.389018,29.752712,96.42064432226213,12.595210848632144,10.180569514640258,8.405605242593154,23.974856529422805,7.710811632490569
2017-07-03,-0.06210384145804718,34.376955,34.710928,31.4118508834054,186.145822,17.223742,23.985664932439708,180.186195,51.199577,9.80389747838131,85.985133,33.26316,15.93887142388096,116.61661,30.902867,11.91875928004493,71.554326,7.459357,14.14336613959388,105.730997,29.672861,97.13422959495989,12.84721499194279,9.528278988754515,8.910992209789544,24.113977378903588,7.343609243350306
2017-07-04,-0.6579401621548318,34.186217,37.783966,30.955344449925583,188.026916,18.756873,25.128912966131466,186.753642,49.343697,9.817618223143125,90.705341,37.020632,17.18934570531472,120.01643,26.021634,11.282266124193548,70.477049,8.783351,13.779781705607116,104.059931,28.709316,96.59332909076794,13.16158349938612,8.489333453387443,8.399481414812387,23.4985217039172,7.621064333532206
2017-07-05,0.9066881504011484,38.620911,33.581434,32.03644532730331,199.512627,21.45038,29.029277244226282,205.015605,43.667544,11.111322113902505,97.583373,35.825367,19.09093697969714,131.023969,24.914346,12.942324354466079,78.514423,6.579496,16.376109555804636,117.476141,26.455841,97.33714577214963,12.99043742885931,8.708021350238383,8.35017412980871,24.88650815049078,8.07113060465847
2017-07-06,0.07605724279464157,34.17507,33.738772,30.554730566897508,201.43437,26.158915,26.553834715505293,205.624643,53.300097,8.697386925781961,94.782653,44.890593,16.27850693177871,124.852558,31.471839,11.231149270649885,72.27222,7.845378,13.49678742530758,110.389033,32.965488,97.12017997216915,11.83901730035645,8.490881935973384,7.341031484234348,25.030045712129073,7.054681189604881
2017-07-07,0.5706332946395183,35.600078,32.314858,28.87084086514498,190.46274,24.249053,26.04138179251279,200.62953,50.705456,8.680837809777676,93.554356,43.577493,16.45882901501244,127.259601,32.503696,12.245034711999784,79.047779,8.551309,13.01479405229474,106.497385,31.569297,97.1472761070968,11.796629657956544,8.311299591491093,7.916660053148335,24.035410752083884,7.06656700481017
2017-07-08,-0.5634752908406502,33.539157,36.862347,27.969383917438307,191.877637,26.923506,26.523161191487006,205.715838,49.291048,10.188188359192829,100.100954,40.014405,14.821947935940496,125.896116,38.481193,11.170872079963896,74.617065,8.734974,11.151721119531514,103.29587,37.526725,96.18608282176416,11.937177212864519,7.479146595384793,6.645128423530057,23.682610152366575,6.3121873164348505
2017-07-09,0.3417690356658441,32.917247,30.903095,28.79778057751958,194.39396,24.679617,26.889897448503035,205.388969,46.918379,10.559323412450045,97.820989,35.591588,15.399113628320277,125.305096,34.553295,11.073101969774969,75.155313,9.898054,12.743450297718686,105.881121,30.779976,95.40134307029179,10.829280382614785,6.8602512730152165,6.079439398002885,23.578585281693044,6.436105995647823
2017-07-10,0.5161547780693462,30.996385,27.908097,28.51887869132951,195.412201,24.776348,27.99618717525999,213.539071,46.030617,10.903113355500537,103.655144,38.418987,17.647559042708686,139.507326,33.9174,9.763200578125012,69.510099,11.094336,12.149945613089685,105.227547,32.531269,95.61775586957071,9.84488164121993,6.84604900157816,5.146933171479972,22.57799550510557,6.333969928371183
2017-07-11,0.023299979103292807,26.398614,26.261913,27.832041418598912,189.428048,26.137434,26.936743969892333,204.999066,46.961163,10.080133325766264,97.155757,38.015605,15.33347147205261,128.717606,38.756114,10.371270826634959,70.618598,9.770342,10.981936824189752,98.927307,34.496273,95.76862964111628,8.975714725337774,7.234310377146571,4.818958807842161,22.7139486905522,6.480617813840245
2017-07-12,-1.642534430320481,21.147721,30.664111,26.03737168462981,173.949463,23.096136,23.02653890978881,187.132666,53.723271,7.593058681280136,86.905918,42.913837,15.092963276309726,127.240435,39.795982,8.984014649094476,63.454999,11.404104,9.982894419552276,94.345574,36.507446,95.53269742792169,8.942752236717967,7.150093446816834,4.723983798121667,22.342341581966814,5.835712761774453
2017-07-13,-1.1026938596222493,22.86108,28.951648,28.638407937065036,176.041411,17.86136,27.12678895687776,190.522549,40.691704,10.294248937182367,89.597878,32.739102,17.4220594111493,129.916695,33.688502,9.8230462529276,63.378539,9.122382,12.829393568908104,97.287785,26.426509,95.32602685066959,9.38066482729982,7.349685463098307,5.239330046068336,21.116534147024026,6.022135092345375
2017-07-14,-1.8717218219958112,23.70721,33.977633,26.905691627165034,169.543967,21.908335,23.42260652258239,176.738572,48.215159,9.209067793971958,80.800248,30.268689,15.731497826834575,126.702928,40.381801,8.665847786558494,54.797078,7.24625,12.166207424825226,97.945549,31.187714,95.28079761064265,10.512710084239213,8.211392763087177,5.225475911052051,21.89472552034758,6.5307882843116785
2017-07-15,-2.740599859195633,21.743363,36.946992,26.626998862489913,172.640024,24.925278,22.587838332820912,177.341251,52.033971,8.059207774985277,80.923075,36.214175,15.418589796096125,127.570702,42.035224,7.827775918300012,52.09602,8.671001,13.494909613517677,108.276683,33.412927,96.4758073971035,10.579499055728187,7.964364734937653,5.905496532959239,21.24721985641531,7.105058819423735
2017-07-16,-1.4361795744457124,28.876231,36.966511,28.244405544556233,182.246452,23.1402,23.224626255101175,185.017278,54.188423,9.330352914731549,87.073115,34.513415,18.746836520107287,144.248459,38.643868,7.904916621317626,53.61914,9.089201,14.936247514572226,118.427388,34.288589,96.36603934667785,11.688347150642361,8.403077764419344,6.861391817398527,23.034042235439777,7.392892653279366
2017-07-17,-1.837203020423372,33.411187,43.763443,28.96539391398814,190.249495,27.035539,22.222757054195327,185.531662,60.311059,9.06227405552708,88.78334,37.719315,18.702030523393706,144.925078,39.543035,8.897874361818447,57.766106,7.628439,14.95541347020413,119.725265,35.454628,96.11212945106442,13.696093231857493,9.567246420502883,7.827629796674358,23.91342510574375,7.193364804382328
2017-07-18,-2.841175618967757,35.222431,51.97545,27.800668222107788,195.06071,31.133806,21.401967759743236,190.258947,64.062041,10.511768039230272,97.797749,35.815009,19.809344188810936,155.494863,38.688877,8.930747434445323,61.596976,8.936739,15.692332922879771,132.377311,39.847321,95.66984721328754,14.788050650623136,9.544516818881606,7.699374024071994,23.72081639777027,6.781686872176984
2017-07-19,-2.4752834013577747,39.635488,54.552615,29.477581955476023,209.977855,32.333213,23.588969550068562,205.215197,63.057877,11.838608064198572,104.075072,32.730506,19.50386526889453,155.887723,38.349006,9.869097567974533,66.980087,7.504642,16.109231738509497,135.336297,38.255108,95.71578669246271,15.629165586729698,10.428611725336728,8.848243264659708,23.885022008943416,7.385425786836561
2017-07-20,-3.8617470212487515,38.202077,62.47977,27.492079353787148,209.315167,36.48037,19.78324655132985,201.794745,77.423163,10.36901269555923,99.850897,34.663896,18.660210929991592,159.148402,41.837022,10.008141409452062,71.665559,8.747252,14.5698956362157,136.351909,44.755165,96.372928576916,16.015023451613487,10.684707587300919,8.786687893723174,24.12538026651873,7.412074835431912
2017-07-21,-3.523111891528153,39.407605,61.236397,30.900867132623432,222.953512,31.495329,21.691853283182038,211.27068,76.870477,10.305358485070242,102.36602,38.515216,21.37460459777536,165.996607,33.56204,10.36379357035169,74.278773,10.065912,15.613479150721906,137.484871,40.745568,96.6205483229662,16.243687706455916,10.066970219485217,9.211218216142699,23.607016369769475,6.88386809214917
2017-07-22,-1.9240566838560396,43.919788,55.62711,30.80622464702465,215.522611,28.075747,21.822356050404217,209.000911,76.218259,10.245070895709445,94.967014,32.628755,21.198996908878495,161.330711,32.341017,11.409658689209977,78.601095,9.17666,15.4695651488374,132.172555,38.044777,96.25773297040841,16.360178224707184,10.49291173560994,8.696279584308625,22.285436984436906,6.181550129190025
2017-07-23,-3.9720088685480515,39.53791,63.436693,27.320827637081464,198.389441,34.005485,18.732477697891774,198.61816,85.908588,8.502963853704685,88.151975,36.991342,18.017346067648347,149.137772,40.731004,11.268992136569288,76.536302,8.73303,12.833709924156178,120.63139,43.413524,96.01939686208716,17.114513167938917,10.813000580353345,7.846516906251636,21.157713699711287,6.034335849563996
2017-07-24,-4.321807268634881,36.648257,62.734487,25.832641571658886,191.504439,35.579802,17.15760797469162,190.196243,86.63371,8.825706712680182,90.094765,36.823205,17.554937707171366,149.317073,43.356276,11.036742107195934,74.6888,8.071532,12.862919534196651,122.542268,44.902277,96.15939172419444,16.465126060610505,9.610261064231466,7.598781530150254,20.868214929065655,6.118984143422974
2017-07-25,-5.795346464907512,34.807844,68.304953,25.545404782802887,180.890311,33.237843,14.611721242385714,176.158804,91.703039,5.35520606500368,73.415824,42.462727,15.148769582156705,135.06848,47.508575,10.098763631552316,66.460367,8.089502,11.279910117525914,110.202414,45.004521,96.772690412165,17.8395808301151,10.011094790256884,8.132025254922487,19.723552786653357,6.210985831454279
2017-07-26,-6.564436857499295,34.345095,71.959245,23.542676701718186,168.428076,33.528801,12.877803243892874,165.325435,91.535766,5.733226339524204,72.568653,39.71733,13.867681435366144,127.689651,48.227991,9.678169618078751,65.769485,10.313681,10.58683665675894,105.299036,44.63658,97.57660907141208,18.552276938549365,9.45568105250327,6.974600657381734,19.82468587177094,6.552678021354265
2017-07-27,-7.001192933472082,33.104756,72.364917,26.228971545845543,174.127683,27.045085,17.365643869093866,174.563197,77.182939,7.2101548595111185,78.447908,38.015964,15.30767875173301,127.649095,41.809162,9.848747247589298,65.707038,10.478821,12.238517082229038,105.914777,37.285594,96.73543362577288,18.808214497724833,8.430700844821535,6.721144937941243,20.70147036111338,6.998069337126599
2017-07-28,-8.76288428910483,28.957806,78.102021,23.439837633009095,162.834319,31.378467,15.811702310032336,168.87749,80.201927,8.511743627571374,86.017678,38.281916,12.763759140091075,117.681087,46.099071,9.305822870837503,63.804326,11.61519,11.369677613749094,106.830712,43.067017,95.82144018842502,19.08979268490872,8.405118778732874,5.773976746141398,20.293457590099038,6.958185401614314
2017-07-29,-10.687954636925653,23.466052,83.641831,22.480916870735133,159.148666,32.575647,13.547748742357069,159.34126,83.064146,7.814892187046272,83.81906,39.81932,12.291453174539328,113.98411,44.780245,9.35785940909539,63.013846,10.326826,11.874439182705647,109.381045,42.52507,95.84065641901614,19.02367054959339,8.586932967653896,6.118281145370298,20.691839123085483,6.39712720450131
2017-07-30,-10.8649005294703,20.959844,81.662442,24.60254682057127,166.474464,29.019132,15.065295883952217,161.539067,77.368706,7.066475149518886,83.288454,43.807798,14.404094392292071,122.545028,42.068824,10.004191309500438,66.26873,10.374946,12.35190132185815,107.999128,38.988602,96.49905897342683,18.36792767085278,8.459296857670545,6.610823587394727,21.272401521901585,6.667673043923266
2017-07-31,-11.881968001671058,19.049748,84.600003,25.273825911418534,164.181293,24.751046,14.509104591897092,158.899129,78.855528,5.9989705887252445,77.552484,44.457457,13.620705898392973,115.470293,40.327796,8.988339754459208,62.807832,13.2211,12.325646392768002,106.798927,38.800994,95.54451026447049,18.788073742248184,9.896945146853428,6.442603301038227,21.05700310916993,6.958457252291287
2017-08-01,-9.066584709601932,25.327939,75.803204,27.96466934934617,181.418651,25.734439,18.792066958396425,177.994649,73.375921,7.233797390466144,85.510021,45.238204,16.389574731431924,130.298602,39.054969,9.965138082578807,67.372499,11.89483,14.183409182273362,114.956252,35.994729,95.55257695736871,18.165611904927424,10.156884699697088,7.80210266566178,21.464129292688284,8.05705584466308
2017-08-02,-8.882600504508915,24.291403,74.034284,28.187119524531894,179.985951,22.137072,17.771009007581664,176.670923,77.152636,6.380534544509395,85.607165,49.875943,17.682713322358712,133.779556,34.755728,10.012968809903077,66.889459,10.816475,13.410143508689199,113.553084,38.4558,95.21538006876533,17.558046084069513,10.230159206374504,8.383409054694226,21.568131683843404,7.531467539791557
2017-08-03,-8.10945042591019,25.021949,69.271947,26.60140101254328,168.271802,23.118693,15.944696771049438,168.051987,81.048212,6.088071494530913,80.684297,47.464148,17.286055461239545,131.796566,37.473538,10.039833072499189,66.360522,11.577205,12.9733644951274,110.209987,39.419573,95.19859321096206,17.280716602019535,10.616892977461188,8.949283842946494,21.490342221389145,7.418949109008685
2017-08-04,-7.669397744956487,24.66176,66.718266,28.089709530671946,176.034025,21.999109,17.461355470087447,173.146869,77.394422,5.262375755418656,74.254237,45.397064,18.007161974422207,136.603041,37.857567,11.45033853539075,73.305029,10.515062,13.963078260955003,113.446825,36.877803,95.3136714024798,16.66400355128087,11.140683397338492,8.783876247374986,22.801796716801253,7.88800778152213
2017-08-05,-6.936330250788893,25.715237,63.860213,28.622952537267103,179.133534,21.727269,18.4657110776657,175.553497,74.004972,6.91880529998227,81.14224,43.093639,18.071768185816932,137.437804,38.05569,11.436542502264428,73.382843,10.48984,13.765052302990654,108.887281,33.189099,95.51296051076969,16.288512111346666,11.691736335339435,9.025346392267803,24.840170402929505,8.75149401001182
2017-08-06,-6.449818122583705,30.675532,66.982552,26.81138690735572,177.743698,26.81827,18.365990436701633,181.32196,77.93697,9.95657841364328,92.119785,36.072671,17.519424161862705,138.008737,39.389199,10.999100419010027,73.235148,11.319517,14.662745738876628,117.368074,34.829219,95.83863335998791,17.348625141914752,11.5201931015539,9.58077647787534,24.16071421516321,8.353736162077126
2017-08-07,-5.455884958421621,31.680474,62.384415,26.43246081658574,176.499856,27.746588,17.868357164544488,178.671543,78.114257,10.356709674483747,89.807325,31.523141,17.502055729480684,135.184807,36.688946,11.404403655710798,74.727926,10.547662,14.224302334877855,114.412317,34.362583,96.72692402644095,16.714701640766553,10.839445540503188,9.848502893779116,24.033098414305222,7.8298425479289016
2017-08-08,-6.581890866133384,23.418893,59.870762,24.404622613701402,158.305332,23.147499,16.050209275070642,163.354829,74.46546,11.245060659288596,87.699886,25.422421,16.116091617628335,122.579085,33.324846,10.263880332242522,67.391148,10.547662,13.5299266383585,105.142129,30.210605,96.00183252836362,15.039103193526254,10.09255987926618,8.341618762723469,24.423146120363963,6.300929678452946
2017-08-09,-5.780963821379371,28.168534,60.515602,24.531078892645816,164.467742,27.205427,18.15067111278271,173.192783,71.631692,13.139528747085466,97.421107,23.89959,17.935403892326356,135.490369,35.133794,10.765724730944122,70.911645,10.672619,16.02344013537439,116.765506,27.10722,95.85172065387823,15.849343184559658,11.063107843691803,9.1717803345596,23.301228651052003,6.366106148295074
2017-08-10,-5.054358963984925,31.237343,59.8804,24.67378274336407,168.257714,28.431364,18.561649470981028,178.156659,72.967774,12.84675294230673,99.779604,26.977043,17.627718621835978,138.581718,38.68542,11.170863684381176,73.162454,9.857159,16.146377417046974,120.707079,29.205543,96.46577771698763,16.078653235586017,11.615509807909083,8.630957806052525,24.29008825962891,6.204277425088975
2017-08-11,-5.795280537848446,33.200994,66.160779,23.9994873886198,163.676443,27.182974,18.059717924660283,178.004383,75.292458,12.49425657314334,100.578533,29.519331,17.240765067473834,135.535524,37.48127,11.476602716518547,73.735722,8.464273,15.594312665178553,115.644517,26.954213,96.91153823705238,17.47066460758209,11.25907343813863,9.47020917573843,22.507869680978892,5.574603395868412
2017-08-12,-4.5990323133413185,34.759107,60.569639,25.075007628561107,166.354934,25.629833,21.125739080307966,187.946468,69.385317,12.023582524823578,101.781328,34.302989,18.983627217587046,141.660016,35.120752,10.820091358562012,70.30822,9.584073,15.604547273329592,116.206969,28.631662,97.20191714292234,16.986088595318645,10.513241195511858,9.896653035999115,21.051128312792567,5.295254791143618
2017-08-13,-3.0393532341941913,36.457492,53.074915,27.44353861025406,170.672597,20.627224,23.200346257601097,188.27508,61.429025,10.119941436298125,93.665823,38.335845,19.674295344201216,139.64677,32.079119,11.623927565392043,71.688498,8.135595,17.10498037999003,119.025533,25.505408,96.49294140571514,16.375620382332492,11.500730901309431,9.426934777511189,21.759999642390795,5.216699281039604
2017-08-14,-2.897172930499304,38.482846,54.431106,27.264305513218762,172.329931,22.2463,23.76640590300951,191.046879,60.218368,10.48317249825934,99.269691,41.562276,20.134810881245894,145.069678,34.232249,12.880243365389138,78.459998,7.557268,17.33931783440479,121.187557,25.738664,96.40845172805001,16.878818541967068,11.603205871229052,9.745250167594307,22.882746777736525,5.963393908493115
2017-08-15,-1.6647872362835987,43.797244,52.892557,28.671778931829056,180.601555,23.957632,25.298141739112417,195.386709,57.174142,10.336972292664925,96.210337,39.735854,20.864323431355494,146.548911,32.559839,13.387372377057124,80.69715,7.557268,18.753206630001984,128.586346,26.131041,96.06136755773073,17.697900730145427,11.268108374538114,10.013743787123055,22.439681265148774,6.307270062004225
2017-08-16,-1.1590120283545715,38.715743,44.968523,28.840920834442983,177.201965,21.607434,25.618166996298836,189.702443,51.494419,8.261559548945064,87.134812,42.564339,18.41624103126124,130.447806,31.093614,12.951251250981837,76.982537,7.111541,17.43899658360983,121.938477,27.856443,95.93091332745833,15.511671748889865,10.275280435727636,9.121025102262639,22.557663127405405,5.721444440265206
2017-08-17,-1.83536291696499,34.044888,43.970383,29.735874121870026,183.086233,22.277018,25.737956475332545,188.287554,49.098756,7.64814557938459,84.353842,42.993286,19.347087550516534,131.999914,27.372421,12.152963703019584,71.480771,5.758521,18.041104734999248,123.907972,26.343129,95.46978338462894,14.42611530713322,10.610166528827152,9.276503937637164,22.307705187663153,5.879982626590664
2017-08-18,0.14019647082368275,36.917135,36.157015,26.764297343051314,175.331434,30.220237,23.860635176146275,178.608351,49.240287,6.627303450083871,82.662214,46.730169,16.6388536495419,126.543424,36.330558,11.048162484205328,66.566782,6.665636,16.80065799457344,123.588405,32.498265,95.98260218088141,13.477790267905604,9.858644896052512,8.938283616394415,22.86659273122023,6.694116441668012
2017-08-19,1.102713689999936,39.039487,33.070115,26.911828529067876,175.001919,29.318849,23.731015521018296,177.458783,48.994558,8.901845337781165,87.881418,39.692639,17.06563547668587,129.998955,37.616746,12.348289934349195,72.5105,5.66492,17.97672982782331,127.652586,30.338307,95.36499538065834,13.320705311353818,9.660073637915637,8.151201808942185,23.893452175690324,6.910721228936374
2017-08-20,0.05318862238620714,35.955662,35.66461,25.18534668401892,167.551351,29.735307,21.87381730140588,171.430943,51.735828,9.878607713047604,88.106133,34.049675,14.241091730849023,115.711887,37.7836,11.343566545629164,69.10997,7.037151,15.465377584340281,115.802039,31.174371,95.81065769277977,13.088326493566548,9.090219224323368,8.171075890013695,22.589027849400548,6.3517388970870625
2017-08-21,0.8208272562252015,36.209969,31.644314,26.86175733873894,176.705053,27.292962,24.360413671889766,182.324389,46.825423,9.45189914847695,84.609416,32.035491,14.365869133776831,117.79761,37.890904,10.730946406039127,66.02061,6.332291,15.800702875030954,118.329676,30.442051,95.15534428038032,12.199048096717412,8.35930180738192,7.865630391810831,22.823588122977636,6.792834352829219
2017-08-22,0.6225506705017845,34.426528,30.90457,26.896521596466062,178.571137,26.409355,24.614721562324,186.755376,47.502429,9.459075215651863,90.727269,37.214411,14.954964515107777,124.055327,39.450556,10.714566665910596,66.947845,6.332291,14.498847026651227,112.621129,30.596753,96.23934184784463,11.548098774749107,9.17027525283707,7.838939186743558,23.441252936452045,6.402267599098662
2017-08-23,0.06916706220108429,36.000514,35.619694,26.132359544694232,172.623384,28.743843,23.411594272558954,181.509837,52.610285,9.414601421471218,86.276715,34.441804,14.476192436374513,121.916003,42.212985,10.392164020259772,63.976176,6.759001,12.769179600252233,104.322067,34.01752,96.34802488569945,13.008138704875261,9.572494012059837,7.9597701103496705,22.857689646778006,6.7543040213390695
2017-08-24,1.340282778564727,39.399627,32.064055,24.560644297197886,163.688531,29.26438,22.50983353292184,176.941395,53.741644,10.711153822469702,91.308972,32.685194,15.108233774455767,125.610248,42.920581,11.814052386521585,72.646051,7.985941,12.443040527975642,103.968536,35.865878,96.48445971394618,13.057133414739313,9.013929224595492,8.65000148625496,22.28465581189994,7.810741475652697
2017-08-25,0.5213327965315698,36.419594,33.612331,28.315574877071327,172.622725,20.149552,25.714783927930572,189.549484,51.081001,11.532280071580699,90.201129,28.102325,18.681166932928186,132.439049,31.845054,11.603942223003486,71.283415,8.798726,13.522818546801027,102.663269,29.845851,96.1669604501956,13.005528625832055,9.536752349926529,9.307201329661472,23.04005608309665,7.188479556992652
2017-08-26,-0.643090689740586,36.984926,40.543387,28.1307240792761,177.498686,21.840882,23.032959425025478,183.546998,56.09703,9.118817250712514,83.514389,33.056567,17.17096622609535,126.203174,31.189804,11.047298482305786,69.545769,8.41694,12.790562685906364,102.997484,32.222523,96.37583783359732,14.01103912101159,9.319489768839082,10.506743794684686,21.151495442238833,6.9274869647196935
2017-08-27,-0.368860540528523,35.40215,37.436927,32.180955904774514,197.64706,20.124496,25.805181601815015,195.917714,53.56638,9.258813842143853,88.612169,37.536981,21.208154759056217,143.558796,26.566435,13.283009996652392,80.859626,7.58542,14.866274569232576,112.048183,30.040079,96.4434580586531,13.204130631424835,9.019475608927104,10.218480427602156,22.768196336062196,8.258111510901667
2017-08-28,-0.5128321958478431,35.131344,37.905764,30.506543373901906,184.534733,19.494463,24.19172621346329,186.382876,55.50574,9.99353058641497,91.930247,37.865289,20.337479747558028,133.949112,23.923433,12.541841460781184,74.645617,6.794308,14.546662259392715,106.302095,27.604714,96.62663764569498,13.500400254473396,9.635164315979361,10.352239001296812,22.452712462851746,8.00410591819781
2017-08-29,-1.0727090741439933,31.916692,37.693739,31.16143686037109,186.155573,18.33646,23.45072843131049,183.016136,56.722844,10.441425829810312,87.654809,31.42278,19.30839864989715,131.494111,27.509229,13.515253594680694,80.536835,7.750786,14.57329487957287,104.800158,26.316055,96.3218538588253,12.925590009701207,8.71818090758419,10.121224126345078,22.416048320618067,8.362622243089548
2017-08-30,0.025023199150122147,32.812331,32.674834,30.72131010833019,188.75747,19.950598,23.702886118466488,186.044603,55.802434,11.420003937809327,90.694937,27.944516,20.86885926371483,141.016096,26.346284,14.359932009883932,86.041346,7.136664,15.378448847851539,109.192829,24.69162,95.73419889309037,11.918066369243471,8.714903785711002,10.04077572860078,23.27059846459432,8.500201872466608
2017-08-31,0.13146557783074328,32.764457,32.018829,29.7474445552713,187.712875,18.995497,23.21686815634059,186.218864,54.540692,10.627737343649267,87.678686,27.401778,19.03311968011197,133.754149,25.804774,11.872673492893274,75.466602,8.12884,13.513399266004955,101.565299,24.921899,96.10787146065563,11.422280450525278,7.440773133147598,9.009650270704277,22.091083552432195,6.735847535136343
2017-09-01,1.9638221430506233,37.443195,26.244313,31.503065245825994,199.462026,19.812809,23.991885637787806,189.365073,52.54907,11.38684387296721,95.237177,30.30262,21.139165519146655,147.948445,27.400349,12.410648154008864,78.528528,7.75563,15.926956009953802,112.64974,21.824763,95.78144323467566,11.168162897520812,8.311235045257458,8.972369513406232,23.132268192373047,7.185630089732325
2017-09-02,3.4593096877365883,42.213936,22.593963,31.54123712902509,197.294305,18.403637,25.042497598654812,194.564599,52.532468,11.022330229158122,97.013556,34.498823,21.60508967347931,151.595091,29.058714,11.509350571914158,76.898391,11.621452,15.026619645074021,110.102979,24.877342,95.38536497598469,11.426651446082744,9.547225477387553,8.408282692651872,23.965134137412598,7.795733138038519
2017-09-03,3.9394399617757134,43.479133,20.920855,29.070596784321832,183.696652,17.230705,21.9580598153958,182.697644,56.95997,9.083484626098901,88.702983,36.688541,19.79786088182248,144.799807,31.432005,9.31870827547647,63.875167,10.513772,12.981446942098582,102.269993,27.934785,95.38080668114915,11.246420771349497,9.368775114766297,8.38066859288901,23.28652570389767,7.361609784748338
2017-09-04,5.127792038692072,51.314326,21.722043,30.07172038905381,193.549997,20.0073,21.603741651269964,183.154359,58.480029,8.580044320355327,86.290707,36.775614,20.657500652772672,153.332838,34.119227,10.075297610143743,70.891602,12.747462,13.309651138548432,106.126833,29.317368,95.87467634609598,12.655843805399414,9.04706574775197,8.83354408249629,22.52936441658438,6.968162082494403
2017-09-05,4.555151325871982,50.1967,24.085522,29.189013580932947,187.583477,20.265319,20.69869993926134,180.089717,61.439995,9.123302477584886,90.528497,38.231623,19.835391864134763,147.924146,34.223105,8.505552037592123,61.75955,13.003764,12.555850683635436,104.70893,32.735898,95.0864400320082,12.958693860231696,9.559387861616118,8.610264851450568,22.727108028577163,7.136661200359516
2017-09-06,3.707361268717347,49.870469,28.915977,30.762217172343302,189.227223,15.355138,20.255994875079967,175.298261,60.808722,8.885237786203373,92.605927,42.385398,19.39628215843655,144.96372,35.33339,8.297799184814382,58.940615,12.040366,13.074756305370355,107.283939,33.383702,95.56283913668301,13.93924598125742,9.8264901894208,8.956439779125294,22.953556321602107,7.343963209402686
2017-09-07,3.1499781666151714,50.057904,32.637604,31.09616484466834,187.088152,15.117271,20.303574189017098,174.281036,61.996336,9.333695797598256,94.512159,42.894093,19.571163896707592,142.55619,34.321933,8.406267784435192,59.648783,13.159665,13.497613137012667,109.503222,34.857476,94.99542781852598,14.953189363969063,11.197921129774642,9.619168592589583,23.886246663670924,7.668552166763409
2017-09-08,2.2221774619687307,49.559026,37.339436,30.32275195485164,181.339647,14.59707,18.24451670315725,166.18893,65.863678,8.533542692023662,89.11365,42.188328,16.781158836634408,128.727185,36.44883,8.793391057402541,60.167184,11.812975,11.374280549090324,101.082172,38.535842,94.58431362925751,15.802805473518026,10.969979255550157,10.044641333306405,22.847841389311522,8.20142603621675
2017-09-09,0.8784295639021823,42.895915,38.031692,29.273815020880207,179.2757,17.174639,16.79471225248971,165.022657,72.023481,8.25797142075199,83.611801,37.884043,13.919614073885528,118.956417,41.877833,8.948394434037128,58.525867,8.974955,10.163198157046804,92.828596,36.55082,95.34546624676096,14.614708767393505,9.66240393348504,8.982167093726874,22.85426922803732,7.1959631900854
2017-09-10,0.49690164376930135,44.836503,42.10071,29.67941029208319,184.47298,21.066954,18.861594622155497,169.547769,65.701426,10.29484578505962,88.920758,32.240392,13.27212883608987,114.68074,41.608337,9.95402974187897,64.854279,10.050345,11.888358291216736,98.107161,32.653388,95.25704696260729,15.79039205247687,10.245131155143294,9.290249689192294,22.208738507276543,7.108254504802352
2017-09-11,-0.025833616753048363,41.669881,41.811103,29.73407928000794,180.435344,17.891083,20.39879010018825,172.378855,60.866868,12.759131337566467,97.821373,28.07233,14.822845884395353,120.383342,39.352801,9.759693711084584,62.193518,8.841195,13.37598938062776,102.282258,29.1611,94.93675526455247,15.271103275858353,10.937740257396534,9.579569256389215,22.44729445621271,7.6790693789599604
2017-09-12,0.46444549852076805,45.283837,42.789535,30.409090577396388,181.597236,18.285382,20.010462127816236,168.699982,61.233905,13.181751302078887,100.236512,29.443989,16.415301204730216,122.356896,34.198611,9.863918471820577,61.636675,8.662555,14.929846935082333,108.020991,27.84033,95.58543576278602,16.399490184005423,11.785109338097062,10.83775430579483,22.468146606484478,8.066988229730079
2017-09-13,0.2691806127759108,40.716429,39.263885,30.665771752714534,185.168008,19.69033,20.22820057455172,170.698236,61.543453,12.86681249815853,96.541484,27.109993,17.530630727815034,128.754637,34.156396,9.729716919840337,61.396274,8.89308,15.378532336510286,107.910916,24.925761,95.28064421840511,14.821685217473494,11.62039279531718,10.70239870243049,23.000116503029055,8.867035404458287
2017-09-14,0.6417787755399713,41.989953,38.541,32.30939046456254,196.170057,22.537688,21.971465721151574,180.041674,61.965858,12.99607914530411,97.29175,27.450135,17.74131093569688,131.415889,36.073148,11.200859330603222,65.748674,5.554665,16.385777723551787,109.357266,21.299232,95.58197954870842,14.985143726054526,11.298428153131866,10.097102768302559,23.529614547364435,9.696340234664909
2017-09-15,0.7047914286479218,39.931149,36.126963,30.751893223346187,190.224189,24.237605,21.41652363888915,176.820116,61.222173,13.2189061832062,96.345291,24.994852,17.04930792300586,126.574818,34.549382,10.363853628669412,62.736497,6.796505,15.986683183546631,105.467096,19.177289,96.38956098785711,14.091084246864828,10.060972834699843,9.02099850993738,23.42988257402004,8.634207357771324
2017-09-16,1.8913047752252528,42.68882,32.636999,31.594309527055074,187.683016,19.76701,21.83175779402336,167.586048,51.55561,14.65656421740463,99.163244,21.2672,19.542133790998104,133.059234,29.197586,11.00376536096521,64.265963,5.783649,18.299439756084475,113.26526,16.008226,95.94196099431291,14.172962408746942,11.439732986511684,9.741172571476314,23.055670905814313,9.056788214194789
2017-09-17,0.7507798293931875,38.17352,34.278775,31.36855974004361,180.468471,17.740949,21.41339514108704,165.961631,54.877515,12.812469650581598,95.525794,29.059834,21.196655776472145,140.605615,30.645856,10.448081418067707,60.67934,6.478879,18.345931996318118,113.678301,18.506955,95.8323867570954,13.966439825776755,11.280957409161244,9.733150154707108,23.527337088659277,8.549618521912816
2017-09-18,-0.7691005073643288,32.821478,36.806584,32.18564710812276,186.68024,19.909819,22.488546805856735,171.780759,55.256011,10.286966366232283,86.304141,33.002068,21.12427309969661,140.368773,30.91303,10.07482089351145,58.965258,6.76242,16.00730696683235,106.742756,23.800651,96.34856733529553,13.437780026678064,10.358830865853054,8.472423406401097,23.95126314440793,8.446583088695112
2017-09-19,0.13774811136940635,33.375475,32.652391,32.35974931239721,191.331206,21.464507,22.316873497273395,172.368878,55.220454,8.856864050450902,80.235641,33.743122,21.81216932756561,145.948906,31.449836,11.176047027540962,65.16328,6.496626,16.17582222702149,110.594992,25.682915,96.73899857299818,12.57836411710429,10.762668199837771,7.596537526024726,23.315266506459395,8.328088384755757
2017-09-20,1.3121919391414854,37.21163,30.238295,31.400533590681455,186.953429,20.082689,22.594173601600975,173.364632,53.293218,8.469105038726083,81.238282,36.231218,21.374816710994438,140.568376,26.976947,10.61350339607769,63.622534,7.21957,15.067110124460928,106.648527,26.577919,97.6580471163491,12.69224092642871,10.604035293712057,6.980423765021991,22.855838975586398,8.444259831878483
2017-09-21,1.0669692035785365,35.413961,29.721181,31.59413930769814,186.391584,17.822066,21.15434350766863,168.002987,55.134665,7.711797973199712,81.353622,40.207571,21.86787342267163,142.588547,25.913209,10.375837961174826,62.579521,7.21957,15.05718010159319,109.301843,28.964741,97.66282862281494,12.207952983378052,10.852551909992165,7.381788681943467,22.25156197920454,8.217099292636368
2017-09-22,1.0225382994771977,36.928076,31.556057,33.09176763589142,190.619411,16.768119,22.28857298095659,167.219809,50.124305,7.788603281065207,81.452794,40.534498,21.898090740637613,140.235017,25.190955,11.161835941836376,64.61768,5.97773,15.639503707271635,111.320015,29.156138,97.64382274378023,13.035629415865852,11.435064175748069,8.03483389644533,22.40017658861808,9.10079851298027
2017-09-23,-0.7926329084317958,34.112601,38.325596,33.056012768174256,194.863232,19.164223,23.261248907005335,174.353845,50.715873,6.186201276822692,77.491767,44.610928,21.3187368245318,136.943364,23.630214,11.217081618043643,66.851903,7.230976,14.596371145763348,106.007632,28.425137,97.42335543932008,13.628522884471828,10.884863805693577,7.6138292853925895,22.769690807438998,9.360798051679284
2017-09-24,-0.20507245787162529,36.77783,37.898814,31.801792368376947,192.861909,19.024326,21.760422498173973,170.994299,52.045681,6.398391706995842,75.868146,40.892729,19.45445150936361,131.679307,25.335778,10.535824734241327,64.782606,7.190811,14.682534084004613,107.925226,27.666346,97.64998097719997,13.661321598420994,10.616109643625888,7.6380409431304646,22.389888860776345,10.029338841935022
2017-09-25,0.7560283832924003,36.629153,32.479598,30.58139661360983,188.912616,21.06285,21.062546777440524,170.097593,54.493208,7.6578257793716675,82.546022,40.515101,17.91787696561358,124.138628,25.794151,10.338602578172926,63.729965,6.98527,15.681671759109426,111.811038,25.740249,96.30000586850257,12.591272387011877,12.016432973274009,8.355642297404524,22.357556037777268,9.531013724334114
2017-09-26,-0.1787983473728058,34.537728,35.527431,29.212041991906624,180.141709,18.44421,21.09454304039488,167.657598,50.892914,7.476058346972031,79.649672,38.267425,16.257898727723447,114.279934,24.287541,10.096823537120146,62.1059,6.216924,14.883331839527681,105.088742,22.704993,95.99487604548119,12.657872753354177,9.93490827685229,8.548408708203576,21.980449040797197,8.813836823424822
2017-09-27,-1.5835124360476116,31.422616,40.164346,30.114269094680786,184.980275,18.735411,21.442311658143296,169.85446,51.482861,6.705793577648687,76.131342,39.112222,15.523338666401548,113.478517,27.78242,10.39708684707442,62.586496,5.189709,16.64888813225419,113.035537,21.12588,95.67620584614293,12.967552713921362,9.913782910191111,8.025797565643785,20.67622608899129,7.465068492551421
2017-09-28,-2.4000140522384523,29.072107,42.305094,28.007566154657727,173.009617,18.583955,20.43653202580048,163.949815,51.268657,5.815352208347905,69.797483,37.733304,15.38643302081612,112.88378,28.047415,9.436188210255366,57.851262,5.822835,16.19886151840023,109.220246,19.904384,96.12886294411844,12.945398148539597,8.923778449593753,8.112944884701365,19.926324229865966,6.823758831232453
2017-09-29,-2.7573350811550217,25.152556,40.583765,26.826545001870457,168.695787,18.563137,20.932143783640537,169.798928,52.653831,6.451534033700657,71.504487,35.398984,15.383353424327028,114.834846,28.743118,9.38346854789551,58.336679,5.822835,16.263875934231383,112.142838,21.123335,96.43016998837925,11.746134991715008,8.83382444657875,7.715223009172336,20.460725207221618,6.65362889454189
2017-09-30,-2.2248334431154535,23.948303,36.216333,28.51499955898788,174.087061,16.851529,20.674379969560842,166.152561,52.151257,6.084805750063984,66.781475,33.22904,17.14080160966415,122.183867,27.667188,8.664149249964199,54.523592,6.748311,16.90744022018819,115.987583,22.75769,96.8728836432437,10.910985240961097,8.463630188233434,8.16344597726252,20.329802931960604,6.239637312267623
2017-10-01,-2.4114258491319736,22.670444,36.224891,29.91655409195357,183.084229,14.925483,22.313608306314904,177.400908,51.97776,7.910412011788143,77.687142,33.223299,19.3012373791465,136.489577,27.998744,10.485658546197877,63.95697,5.017856,17.002791484736616,118.730691,23.159253,96.7819316599438,10.47786997228932,8.64092683684373,8.214268156808483,20.993441203821796,6.614739626430008
2017-10-02,-2.686826747217632,28.542495,43.629763,29.627769570618952,179.923315,13.555275,20.49026189436823,169.980127,54.921695,6.36357458084867,74.689303,38.956089,19.161569263159674,139.686028,32.088569,10.392649843083522,65.815143,7.457568,16.86714741994792,119.859614,25.145962,97.16960394163215,12.85284739433884,8.512139602038928,7.6097152276736875,20.79240299065307,6.795195381619375
2017-10-03,-2.4556284279288354,32.449427,46.55514,30.03288004694875,188.827826,16.311829,20.885498582636956,183.612787,63.641522,7.960865594705195,85.709066,39.979963,19.034983884040418,146.177284,36.835815,10.44491607148962,68.003669,8.00559,17.00703014450896,129.330321,31.6379,97.22175538722585,13.753708207547419,8.733024296206246,7.876509751718936,20.85078605575911,7.119513375834384
2017-10-04,-1.5856089072824149,36.833883,45.887609,29.861969443060644,186.172377,15.662431,18.754149553669546,175.525956,68.440955,8.619597774538429,88.149847,38.932492,19.05984017450674,143.467616,34.637141,10.442434543478338,67.087013,7.461376,15.305995379048346,120.992701,33.596441,96.32207233748184,14.48728783474241,9.089950650045681,8.203240246604567,22.00541922324287,8.393935891114191
2017-10-05,-1.099051260387817,38.99065,45.274484,31.30861725859061,193.704011,14.696752,21.11780939878968,187.414564,66.673327,9.692287845575006,94.943739,39.528009,19.28819645866465,145.996014,35.715603,10.546514073231691,69.533965,9.23419,16.16633269189184,128.525967,36.094836,95.63745735322723,14.738088518800515,9.224360881748256,7.662586673298834,23.71231681043345,9.119334874664602
2017-10-06,-0.19719937173575283,41.9065,43.031451,31.29317858450909,192.626319,14.110068,21.065753192378374,186.01192,65.839427,9.29242791459584,92.476504,39.466568,20.205443540995336,148.882368,33.61763,10.159659127178424,69.497845,11.540669,16.0459472462393,125.849791,34.313473,95.53360026175895,14.889280131954388,9.45928758650297,7.983321675713384,23.23947329978186,8.701615651202117
2017-10-07,-0.613889512681486,46.712468,50.217181,30.083348412517687,187.292205,15.545498,21.35406722714202,190.093759,68.182771,10.539296179256546,100.159598,39.990451,17.97047184355231,140.204875,37.610931,11.02257206105077,72.33978,9.411597,15.41099016497368,126.35417,38.372381,95.7987659179763,16.978307493080763,10.553117093582088,7.908442643297509,23.188313487182445,8.859327819663623
2017-10-08,-0.7875601621735756,46.50582,50.950007,30.238695329569214,186.721563,16.085181,19.134239999278684,185.575947,77.601795,9.618041312689456,94.450415,40.175991,15.120623231732472,128.541046,43.215657,9.020132862542921,61.448395,10.547957,13.538924292241452,116.81096,40.411068,95.45489127434517,17.270273936915785,9.876308177371557,7.629284292321979,23.934550365734353,7.988888553683866
2017-10-09,-1.6068520298348914,42.429972,51.685148,30.137552060733608,190.610298,17.023469,19.700334236401723,193.020251,79.549902,9.913354613066478,90.546982,33.447859,15.744251051023141,134.119911,43.435883,9.859374613241933,64.565209,7.777001,13.445217137199117,120.18283,42.74082,95.69818387002047,16.33994551915106,9.130631681175187,8.270301615946586,23.433022881361744,7.911404541192077
2017-10-10,-2.5006062054728693,37.407803,51.606102,30.286786263503746,190.773022,18.806382,20.06890330068137,187.440748,73.490663,8.851146052404754,87.243664,36.987363,16.03906242239707,133.021627,41.952748,8.947055965410572,60.558456,9.757584,12.873873791049814,112.764748,39.667629,95.53786945511324,15.6771401430814,9.61694982203766,7.611665443336274,23.771390757934373,8.170053597581152
2017-10-11,-2.9787269406547403,34.809968,51.770765,31.836801730722,200.752955,19.474999,24.239469407302938,202.47166,64.452725,9.38238772660314,87.194337,33.771255,17.052093390875726,140.328132,43.233937,9.45868784965127,64.223098,10.365565,13.534143683793317,115.400414,38.337337,96.73442687997428,15.205674705542133,9.09653575600732,8.271982622951727,23.443565503901773,7.572709279274349
2017-10-12,-2.2056155545235265,37.083147,49.651318,32.51951128485264,204.690438,19.385806,22.77260248942131,196.264002,66.499791,8.24839943905333,81.776051,34.774526,16.095534285066545,135.727449,44.010909,10.282263969332183,66.550639,7.959625,12.748328149748097,108.613743,35.970454,97.42869685282264,15.221219150923096,9.682930493844346,8.506620016403076,21.048630976397785,6.841449435077994
2017-10-13,-0.8291283298649015,45.479064,50.37444,31.703747462308485,206.84104,19.654378,20.587719304366694,192.928272,71.373353,7.837383022535091,80.05066,33.776838,14.697940906927688,137.021131,50.240901,10.370793379333284,68.938541,7.706846,11.338950854070728,106.03345,39.085517,97.0914076580073,16.23467853811815,9.01862298361231,8.198384360819883,21.392098318483463,7.672836809096394
2017-10-14,0.6719548482747405,44.143306,40.191916,31.664967233105312,203.810519,17.606587,21.101147750047094,192.190055,68.106027,7.5071139024934315,76.270163,32.125032,16.109465962983464,141.070002,46.339258,10.614903757835457,70.658024,8.237722,12.477328077377205,108.313212,34.941036,96.64063202076,14.341652254833493,8.152833637994505,7.761663742919906,21.53351439405531,8.019434430902892
2017-10-15,1.1227099437597476,43.078099,36.511539,31.429026648848712,201.48658,17.662975,22.9418070190733,188.828088,54.644942,8.179698909845357,77.122303,29.280486,18.637874643273566,145.73393,36.723831,12.573025638995174,80.63908,7.101362,14.12440408758294,114.441425,31.82993,96.74714209584278,13.607745608482771,7.546841654465447,7.190453364085189,21.102246017099123,8.201877635678137
2017-10-16,1.5488791080713755,42.363743,33.131425,32.860026866859016,208.447935,12.580991,24.949835333834784,198.68074,49.963637,9.518868367639168,86.177637,29.439045,17.20684316517059,133.86357,31.299692,13.199548262956599,87.285041,8.607224,14.859640509320949,115.592391,27.019354,97.2971876547038,12.665604507507073,8.21233821341006,6.432302061716422,21.531300237697273,8.432762693099772
2017-10-17,1.7801404412256547,44.024484,33.496044,31.60567237726497,198.579394,11.651207,25.58698299245128,201.903558,50.572231,9.071602918313456,84.696467,31.043494,17.081679985823182,137.03232,36.004649,13.830548793837952,90.480839,8.681617,14.749007584858381,115.591718,28.360375,97.52122691985564,13.107110542299303,7.874830090810642,6.65255115547227,21.972801006746383,7.563031098019285
2017-10-18,0.9303928821839468,44.642736,39.083538,29.44383691940098,189.434002,13.503895,23.15851861457133,196.882735,58.508084,8.81084585574984,88.078776,35.43302,15.550300550631885,131.34305,38.428324,12.755080805609866,84.286622,8.073636,14.42786980228751,120.115046,33.906965,97.10406743188518,14.012512125199143,8.021627324379514,7.038123436110917,22.487423302746798,7.610161459758038
2017-10-19,0.6106070477030139,41.931233,38.277295,28.90113473319073,190.866615,17.919128,23.63068315045128,202.260251,60.851711,9.158936768035646,90.596939,35.78888,15.189508931169454,131.836062,40.940413,12.63317953790316,84.404382,8.806082,14.919083125040633,126.228477,36.951085,96.8547765726421,13.40359154498094,8.057332830345459,6.738110630255008,23.610936177838994,7.942766532848597
2017-10-20,-1.361152391735666,31.456416,39.351508,29.480547164265218,190.990845,19.994832,25.251670610186938,205.867233,59.399972,9.103310252319647,90.604729,37.8028,15.506708011839606,129.766901,39.823345,12.83362292525898,81.918527,7.479666,16.65411386732724,132.189361,35.590507,96.6056849571418,12.20763166615883,8.43353073967983,7.181917167923513,22.846980614022875,7.1970963832104236
2017-10-21,-3.068282935678621,27.469572,45.59637,28.36021925269655,190.78491,23.238443,24.780438355895782,205.899607,59.501765,8.522630405390656,94.303214,43.953229,15.174919331036385,132.127521,42.477152,12.769460602070074,84.448382,9.008979,15.831072525097811,131.551198,38.024408,96.32132930893083,12.367710117246515,8.386110859240649,7.318139132539709,22.32648609937747,7.341486238041638
2017-10-22,-3.188574444108804,26.666333,45.223928,27.427379710358373,185.514195,25.886056,24.352113812660757,202.291275,60.561272,7.796347886438369,90.20479,44.829821,14.753944764434557,127.554391,41.686008,12.394131171966698,81.143179,9.008979,14.436494443652037,123.319256,39.298443,96.41226103423539,12.352217461632925,9.787755052626656,8.218539442030972,21.374276986606716,7.462460705327406
2017-10-23,-2.7695390861915947,26.577305,42.685035,26.415272036450055,179.518143,25.886056,23.133366508524848,193.593793,59.049376,7.261284605492093,83.858995,41.627126,16.32386065282019,137.087385,42.147277,11.267252426092773,72.26253,6.731821,13.225587344269316,114.925215,38.004766,96.57507361280776,11.908863497903898,7.9973480341859275,8.514757432400561,20.629267984485242,7.45383716667317
2017-10-24,-1.976494218062758,26.666278,38.220964,26.308767405552906,182.645342,28.842946,22.25924012636907,192.005109,61.876456,6.884917357032978,79.77927,39.529692,16.291082133905434,137.142944,41.904447,10.35163788341908,66.175996,5.659793,12.204409267041974,112.318835,40.971236,96.30816871081008,11.099328760559906,8.538700740038019,8.133663219838486,20.065158685752145,8.293389161333009
2017-10-25,-0.7792559156861241,25.529923,30.09179,26.495389706799592,181.86442,26.756911,22.589305258936246,190.858023,58.617248,6.920104625382373,75.839072,35.327866,17.73376272053011,141.029136,37.213348,10.928465379789069,69.636472,5.659793,12.30046758033391,106.849538,34.840977,96.76475556621416,9.501274126546388,8.496543281742634,7.1986946874469275,20.107041624433748,7.671735779665141
2017-10-26,-0.7516683229447259,25.374049,29.762931,27.303806921006117,180.986883,21.563926,24.023182293559927,193.223784,52.955917,7.957849725778576,77.479255,31.014528,19.646699059572732,147.586188,32.87197,11.467279162600958,72.895872,5.940097,11.233359308861978,98.861382,33.271431,96.11013173142005,9.443115875258643,8.015273317632605,7.135735393743856,20.358858092053104,7.776200398374712
2017-10-27,-0.8588782156729575,24.781231,29.819875,27.2730362669657,183.158575,23.160198,25.119494739241294,199.454553,52.090015,8.726740630516277,84.516694,33.320915,20.523564117646988,150.582129,30.179805,11.285540405925317,72.974365,6.767283,10.689809943174534,95.019308,32.307103,96.52997906676072,9.307206560941793,8.512499552781588,6.427546145597432,20.57769618913186,8.356810016432357
2017-10-28,0.5228495527963446,29.108353,26.063289,27.566452420873393,184.345552,23.799155,23.50196140182851,197.022218,60.147325,9.423286158883199,84.28839,29.407384,19.652555693965734,145.955427,31.499386,10.970353278016818,69.991013,6.099923,11.212500507213504,96.683071,31.381721,96.94135284974593,9.4731895115308,8.584496680330547,6.4499642017844065,20.744884444469964,8.058562637564064
2017-10-29,0.06643270629096121,29.147753,28.758013,26.390732459177624,178.514019,23.68781,22.230539596443794,194.601391,64.181738,8.677475754682934,79.557454,28.649406,16.601262621304397,136.253491,38.859053,9.729626027414556,63.180609,6.099923,11.25174619162801,97.372733,31.362242,97.140087164572,9.87026413822316,7.357918413051475,5.504141476853128,20.19975940124001,7.677192731308753
2017-10-30,0.0456514664322746,31.339795,31.077199,26.998586625759362,183.972234,28.67118,23.262173967767417,196.671256,62.862765,9.444587906662365,83.918571,29.591488,16.544482694597118,135.4397,40.272659,10.321533252019401,67.548459,8.177018,12.593414997274083,106.357447,33.917706,96.26578041901243,10.850992804134494,7.553058555764482,5.433733262032979,21.529393664189232,7.127377876120964
2017-10-31,0.9479991818136756,33.102643,27.637896,27.449691122970343,181.346777,23.112867,25.10255991526823,200.125664,55.421806,11.869507403394977,93.776547,25.3547,17.117939071702214,132.977944,34.301481,12.114389964477146,76.479522,6.646048,14.239985971529984,110.033013,27.946528,96.28736046269692,10.53698941138934,6.876477671062475,6.130969039857176,21.578284653125777,7.032653932361313
2017-11-01,0.4925143856991838,32.050834,29.253169,27.594137648182084,181.120118,24.375147,25.615023656504622,200.904053,55.401186,12.449538891567165,96.695962,25.977948,15.908670174013158,126.037761,35.670594,11.365033539219786,72.644178,8.086558,14.561632198693179,111.628819,28.913329,95.9748758714691,10.79225117319118,7.100369999525472,6.00488825366838,20.50390430845275,6.993747583950112
2017-11-02,-0.4317002139897403,28.931822,31.407576,26.54196458626797,177.849742,25.634448,22.383379036956754,191.022657,62.656401,10.929483174761783,92.48263,29.803227,13.586575695022358,116.702648,38.785107,10.900806086007105,69.588751,7.073808,15.141789877477999,115.398651,28.562125,96.09467642332625,10.521453677793563,6.740804119378879,6.089917379713544,19.91745019438693,6.19624963941778
2017-11-03,-0.4126380873566167,30.090682,32.470904,25.55530753157214,169.859015,22.448228,20.633336157791412,181.677126,62.657767,10.576487161910535,86.49935,25.490955,13.364652370611724,115.819698,38.728318,11.120701181747842,69.666925,5.519338,14.224312307719375,112.185808,30.135648,95.10080949840062,10.845750181721085,5.8396539099289555,6.043972712347449,19.25263729634424,5.059845171098181
2017-11-04,-0.5127018593460122,27.808738,30.786307,26.535927226764706,175.895186,21.785048,22.074280528335265,188.317406,60.118742,11.291862208604579,92.863383,27.284727,14.871975552710277,121.526971,35.156437,12.039254341078202,73.436818,3.517605,15.248960669365832,116.304671,27.744757,94.97552387910353,10.089367709014725,5.679708204862093,5.940701927560039,19.9700519144276,5.9545995710643655
2017-11-05,0.06892041115735074,28.710438,28.314898,26.78214367458297,173.760941,20.05598,21.656045476166423,184.972577,60.686722,12.291709297601832,95.531389,24.988242,16.589885592849303,128.740453,33.529713,12.335552882817574,74.312374,3.517605,15.229027384194325,113.791571,26.39091,94.68030852410064,9.936313908848842,6.917175442146113,6.498567494289742,20.79147312226458,6.412556201176635
2017-11-06,-0.7567565571310966,24.491471,28.79463,24.83581332826268,161.300007,20.075656,18.668329312351688,170.648288,64.494217,10.383978738441279,87.433105,28.386492,14.846946453714013,120.964395,36.539925,11.054945697513,64.836263,1.974318,13.5697764041103,103.585539,26.423465,94.59433768112278,9.37093106150618,7.761708222916627,6.707444776992144,18.90259264836323,6.158862445057269
2017-11-07,-1.8861282577220286,22.101548,32.711332,25.492883479871747,161.923311,18.521617,16.59243137212397,159.77962,66.444444,8.43961768372509,76.613642,29.139394,14.281521850491405,116.098553,35.762626,9.677454817593276,57.437345,3.000058,13.6276273361554,102.155913,25.498251,94.69228542957893,9.744224939464049,8.676353820694823,6.309836692793179,19.0669879838971,6.216508597752936
2017-11-08,-1.6470339423700935,23.463571,32.773069,26.3791284530354,169.278037,20.175801,16.580299286627774,165.359704,71.6432,9.49469900698136,82.507079,28.840376,15.168795583149214,122.91483,37.176541,11.11668766055245,64.394186,1.559548,13.038055293999381,97.628725,23.933978,94.61995588117121,9.949371586400009,8.82434428326152,6.158055918172215,20.10646056743892,6.919408247354173
2017-11-09,0.36691959057427903,31.632102,29.412531,28.241625678290212,188.948454,18.109134,20.482715147078327,188.606504,64.702407,12.159093176106401,98.986282,25.433462,16.645857808872652,134.824524,34.130355,10.302770542278864,65.81371,3.490162,14.03318211803501,108.154718,23.265154,94.92794667044687,10.09135177343601,9.9313429196412,6.858798199715165,20.97626563934187,7.858070374880278
2017-11-10,0.1521589255980656,29.991285,29.086055,29.04004084743446,192.607317,19.841138,20.182875553813158,187.301172,67.228397,11.760220702602593,102.550791,32.586413,16.91856325814996,135.054712,34.402115,9.775892861828329,64.821733,6.662598,14.287813041107961,108.760843,23.759211,95.59565591049541,9.930232738189886,10.290465964744653,6.307116474110034,20.230383300945277,7.777096786991061
2017-11-11,-0.5446514071111934,30.680248,33.924667,29.313944425320692,193.642055,19.022625,20.319639306298267,185.839348,64.797847,10.646469399348504,97.745147,34.325486,16.34548056435494,131.328863,33.960919,9.184245057505445,65.358301,10.648924,13.72341018303343,106.095325,24.34672,95.76515513546697,10.845441929987787,9.72994970186134,6.126731078676836,19.312321963203605,7.08191687137196
2017-11-12,-0.0446704923234289,31.519654,31.790114,30.020827654207892,203.20216,21.439376,22.75050980368658,199.806776,62.062539,9.405378104633488,97.657957,40.712568,17.141038908804816,132.004414,28.223033,9.10647955913055,66.754621,11.61893,14.670600968884248,114.467153,25.643177,95.82777040138598,10.45654997205526,9.536206854446071,5.698565783863598,19.721429253724672,7.260933017110424
2017-11-13,-0.15636300314064863,28.735164,29.683724,30.909405122875693,207.278021,19.769309,24.117959012591168,210.720711,64.411605,9.083269704952,98.472879,43.370162,18.451187133549553,134.53607,22.60385,9.947277664497461,72.911274,12.567142,15.07174524258689,116.788351,25.357166,96.46354958266114,9.629915627706415,9.330218607894327,4.993396030255627,21.27804926623443,7.822916248275792
2017-11-14,-1.3894777419684963,26.53786,35.034181,30.581846581541754,210.100636,23.100026,23.893231782222006,215.212074,69.110729,9.735584296866326,105.653377,46.122629,19.976428276411667,144.73833,22.587293,10.414501529416054,78.459206,14.777043,15.023047140330128,119.748002,27.885695,96.65808525406682,10.069414808723879,8.53827865408038,6.1475821591793265,20.51023920875555,7.221451367772878
2017-11-15,-0.9936385779400491,29.840969,35.797883,29.57449678431012,199.935885,22.635267,22.31157280970944,201.027662,67.268644,8.162015901432564,97.094259,48.162557,18.777495147434987,135.135322,22.56328,9.17448417724483,71.875173,16.873672,15.058104300879977,121.637324,31.36322,96.19453032013797,10.948839543242924,8.040118857703472,6.450238651428999,19.395285883345398,6.479456918052433
2017-11-16,-2.2057152942331015,24.563787,36.984924,27.975855531073847,180.714149,23.172541,20.663457956039014,179.812951,63.449954,6.208373332088492,81.836076,46.874603,18.347548678060026,125.010887,21.689567,8.701248778017726,63.942765,14.943058,14.068351757976721,107.360871,28.137172,96.3411575264462,10.929670383076296,6.631755544333917,5.367078829409812,17.66805948092742,5.466483910463742
2017-11-17,-2.3253091616494337,23.902029,37.036415,28.374920506249783,181.104661,20.830421,21.62070652199901,184.774113,62.650694,7.70625368987472,83.849395,40.321028,18.032155842816685,126.243145,24.389465,8.671748774905337,62.088348,13.106433,14.468320097722293,111.255561,29.532019,96.78828403811278,10.788530360677761,6.494862882837717,5.813085064888426,18.825208313579008,6.174690463911373
2017-11-18,-1.0492788099372885,25.726939,31.598367,28.748208504011963,179.376554,18.510791,23.09050980915978,193.304709,64.097615,9.76716953075996,88.570078,33.916127,18.530379143922282,131.312783,27.622719,7.7605982359708285,54.223639,10.797818,15.730464887931387,115.299088,27.276447,96.4750572735172,10.244565522896803,7.222029513030176,6.613359563760726,19.931036186905892,6.455511175740894
2017-11-19,-1.239913198796609,24.302135,31.244787,29.126184602850863,180.147783,17.061396,23.894511791236887,195.128996,61.33634,9.589331058498571,89.924951,36.231363,19.00492930117043,134.587315,28.172922,8.023688319053234,55.638706,10.711629,15.833426508589854,115.491178,26.834996,96.6989036206898,9.920324645441793,6.908334689245693,7.274659804824416,20.106217613591415,6.113099903619108
2017-11-20,-1.0207773725914162,24.226759,29.815818,29.17778381150456,175.729877,15.972853,22.13068153135635,181.878798,60.70675,9.679596871235866,83.5084,30.509735,18.535690244747137,134.823142,33.334738,7.291921158201633,49.155041,9.229609,15.055109926535634,110.944098,28.512904,97.04782264293432,9.870255396861854,6.614185833567025,6.913824571684582,19.08390016897568,5.040419617660465
2017-11-21,1.1502501345979863,27.737937,21.460776,29.197575815005433,173.525987,14.188571,22.218209816617996,179.538467,58.288944,9.239393967091502,79.064552,28.643203,16.961450849348054,125.578256,33.015991,7.822571176191468,49.380304,6.69086,15.25037424408222,109.521984,26.29743,96.54431209502091,9.015353636826855,6.543572193655713,5.241173358593011,20.16378969555798,6.095323315420432
2017-11-22,1.1530603472919985,25.548372,19.127666,30.73192121204752,184.168766,13.041009,24.601065727605516,189.765043,52.776367,10.188498836559837,86.60394,29.870261,19.036476614350903,136.910567,30.907772,7.6871516507549185,51.59801,8.792843,16.403293092162833,114.592516,23.252351,96.97296521472121,8.023131395816991,6.417818313054085,5.237334489226449,20.793416263772507,6.558867702010702
2017-11-23,0.9187260424046045,27.845056,22.797605,30.036918784237145,181.664847,16.642992,22.72981310038624,185.043319,60.166465,10.138262594885253,89.662646,33.963361,18.32402018513586,136.376565,35.704994,8.16766119627632,58.538202,13.665337,15.771651964710939,114.844655,28.195712,96.79038526088982,9.217866902990842,6.903678468806662,5.836340698543778,21.18307660605228,7.237522636373524
2017-11-24,1.3416551594644661,28.937105,21.554206,28.60502721122142,174.214844,16.806269,21.61586825668177,179.100939,60.152511,8.681809025701407,80.933315,33.158804,18.23087813670883,131.160762,30.839356,7.614644129977753,56.037445,14.13536,15.399636091912331,111.113607,26.372042,95.77555004043683,9.175518710370408,6.974304050069838,5.83687020799443,20.35261258869633,7.132444888266254
2017-11-25,1.6321426103184564,31.570565,22.471202,28.346760379974327,175.576135,17.540029,21.05722317699284,175.691061,58.294875,7.825234041868537,82.54599,38.919505,18.90140126382241,133.542483,28.165226,7.800687589102615,57.912194,14.422558,13.744365328216631,107.030292,30.404041,96.18555112229407,9.693411578107373,7.164297003379076,5.674131862211906,20.386153051991197,6.556296566292972
2017-11-26,0.9233082789585721,30.247959,25.091133,28.903919139199996,178.234122,16.801061,19.507379487382646,171.480632,62.528764,7.2097383122120755,79.837131,39.569577,17.341221059660427,127.973006,31.119483,7.960047480523598,60.442977,15.984825,13.784226435443948,106.957978,29.970845,95.98057346114489,9.908234598888942,6.924717735027924,5.428148341188749,19.33290647132316,6.245493706980722
2017-11-27,2.1650123108803077,35.235697,22.969326,28.686001036202224,178.534266,16.007185,19.867683165859532,174.381191,61.816301,7.611406432380023,84.922463,41.798304,17.235686387673184,125.346675,27.693963,8.136248071179047,62.876516,16.778747,14.239180762939757,107.658322,26.982996,95.12563368599092,10.273176259716212,6.7114057712116875,6.274600126148659,19.606663225555515,6.89797455615969
2017-11-28,2.181788301750726,34.005839,21.457863,29.825689786740266,186.917096,15.382562,21.26195054093804,183.942626,61.660164,8.776273965935346,89.989901,39.515492,17.329563107376238,127.357765,27.691385,7.549840043644336,60.422531,17.001631,13.987280118574475,106.634931,26.190804,95.47796176341919,9.64379085482697,6.579401250385128,6.054980269687946,19.088454719798303,6.251484344379264
2017-11-29,1.9858572074706076,34.974805,23.712441,27.79960144876561,171.573713,13.914225,20.695209845274753,178.584715,61.216263,7.556295111914045,78.063154,35.209244,16.12419854177304,122.569501,31.124561,8.47443908889439,60.863986,12.803019,12.598692983193297,99.72007,28.26928,95.34245276658957,10.348137429735049,7.032529770660073,6.751491567809177,19.284052282950412,6.564231038741617
2017-11-30,2.134016124763423,31.084624,18.96126,27.52048807840042,168.825323,12.481193,20.98969496018825,178.562632,59.319994,7.604413034669889,74.80247,31.601734,16.773699949077002,121.785593,26.494059,8.570430931681987,56.619217,7.930525,12.857465440705493,99.974323,26.930951,95.99527592337996,8.80933076281796,6.881075811499121,6.771348113180648,19.380095747856828,6.320991641093479
2017-12-01,2.8302719446477567,32.804166,16.686994,29.194810343572826,178.746965,12.495174,22.275395579404034,185.362599,58.513876,8.275733793028609,80.933266,33.806549,16.964780165876615,128.012132,31.405062,9.808643610254608,63.408803,7.552829,13.1860374405984,103.572632,28.483864,96.66129761303327,8.690944146781659,7.950940680635507,7.057048768507065,20.204866267811497,6.380687196005508
2017-12-02,1.482226030130661,24.917627,16.582725,27.403479462573486,170.494063,16.397919,20.63652947335394,177.155883,61.111874,8.050866782719245,76.996078,31.72418,16.38575008449143,124.242224,32.101337,9.915511269302282,61.345148,5.58792,12.272512218496493,94.600854,25.589661,96.61381615434388,7.380158998148392,7.086264175604695,6.386003106206108,19.631078832912905,6.125332588490139
2017-12-03,2.472548807960797,28.212399,14.586808,27.963864637785775,167.979155,13.877371,21.75546207208136,176.515553,56.626705,10.33373818286121,80.177797,23.23118,17.557747701585207,126.610853,29.854547,10.571560567533437,61.399032,3.141836,13.21317084663928,95.092163,22.277721,96.89786068804541,7.766498220115178,7.462341816114902,6.412271114538895,20.588743845859316,6.855578707266481
2017-12-04,1.4522634886732682,24.581761,16.407507,28.85793093978954,178.385762,15.955143,23.319387565867245,189.171078,57.914871,10.25690387745163,82.59774,24.865422,17.07773883190914,129.262146,33.137871,9.661946501579582,58.769934,4.386411,13.00502228241109,97.150662,23.950202,96.95508575531534,7.2822813364795795,8.127298313443445,5.306553000690962,20.34547798700526,7.2001641976789985
2017-12-05,1.2313128170957155,26.343313,19.374264,27.078595135700844,171.064368,17.803512,21.63629223585287,178.06224,55.604016,9.738417638214942,80.028249,24.910241,16.843004829086926,130.73962,35.410696,8.969104488474517,58.321712,7.557903,12.557809279752686,97.332443,26.257094,96.83863725948365,8.077520839164757,8.954249154504476,5.996743844507497,20.370422158134804,6.981376384122628
2017-12-06,0.6450882606155899,23.457707,19.73299,28.026035433460734,182.620615,20.799269,21.963620548066576,184.707371,57.890196,10.265161741699112,88.46812,29.197436,17.482434695905862,132.410832,31.467867,8.794229879753997,58.990062,8.212487,13.749601500004951,104.822319,25.432602,96.88904865432039,7.480249265247531,8.158253901694112,5.52895788799161,20.348914519041056,6.665267350930606
2017-12-07,0.17779464565959,24.640589,23.600413,28.182509987419905,187.296415,22.416475,24.594363745505483,199.064744,55.17702,10.4933236672713,94.731904,33.341397,18.63972368960126,143.026579,33.976089,8.810450142774856,63.451523,11.906558,14.720760673706499,111.651424,25.528572,96.49125110340088,8.245712126460889,7.723247890511524,5.3929112175917036,21.176979851532064,6.326343533879849
2017-12-08,-0.0006100101458508667,25.773437,25.776936,28.13286596990793,182.880268,21.510988,24.121569655931456,192.470158,54.109554,11.1550098943419,94.280521,30.295717,18.596244896440943,137.279356,30.61185,8.198602783180094,58.736561,11.70962,15.469405587930382,108.559625,19.827576,96.33939832710112,8.987210789487072,6.733132295909411,5.11366187945151,21.586441409265557,6.281491000152813
2017-12-09,0.185738417337884,27.919119,26.853189,29.308015689486673,188.014117,19.819009,24.397580915725335,194.922042,54.907317,10.94431522937386,92.227185,29.419102,18.167020007259712,134.625222,30.366922,7.995902167186402,59.813299,13.925797,15.484640857555037,112.261633,23.397178,96.07059524953745,9.544080569890275,7.688434367085979,5.2801534248500595,22.25210015247285,6.960354512680586
2017-12-10,-0.06034802513936986,26.151613,26.504636,29.94789367882219,197.129761,21.941008,22.845768945516163,192.882422,59.239575,9.41555213889844,91.838601,36.759641,17.50117157288021,132.709499,30.3314,7.803743113683352,60.949764,15.299541,14.012602609190388,111.123333,29.152614,95.99971962048673,9.001398317947885,7.687121058966152,4.994517696380612,22.894096700770287,6.750860911059804
2017-12-11,0.08931655746269251,25.443407,24.927285,27.876402222076997,182.823814,21.738066,20.861648678102164,180.649942,60.09944,9.084594443009822,88.863959,36.367992,17.155643706695937,127.793633,28.658541,8.28241296636452,63.601337,15.740832,13.318494010931142,107.341696,30.379843,96.45628188549333,8.71680882902413,7.202930715267954,5.486344500134248,21.6751511212489,6.120775138524188
2017-12-12,-0.5298940425326238,23.250179,26.227261,27.480908876923355,173.984129,19.589264,20.611546738842524,176.494959,60.69395,8.421289687594594,85.711566,38.398579,17.634049999883857,127.17174,28.099079,8.473363292139403,60.86618,13.26063,12.644703522526255,103.456765,32.415545,96.78879830220714,8.80654301620357,6.381295643532135,5.2962926300096465,20.999494318440156,6.130723003952621
2017-12-13,-0.25335524698445305,25.11601,26.553769,26.818128648395145,174.444171,22.254681,20.616095168385947,179.213571,62.219837,9.10517849966769,91.132965,39.462228,18.392295501334683,132.785847,28.411895,8.20863200936957,59.188995,12.606046,13.032050111269527,108.630978,34.675741,96.6914744967914,9.105009685334682,6.471807418709393,4.785105706645353,20.340488853074174,5.340223974927343
2017-12-14,-0.012532281586952892,24.7554,24.824453,28.208284367529078,175.317818,19.889882,18.361516478122702,166.457526,65.285382,9.927045598508641,90.085152,35.387029,17.02570916270074,124.130485,30.318653,7.5514598180647665,52.142397,10.533776,13.3889761820316,107.386916,33.61352,96.55879170097732,8.998141700371608,7.33090795974472,4.098660252038551,19.809749537217282,5.905548723797746
2017-12-15,-0.5252949842070959,20.37642,23.374122,26.122566039946033,174.139732,25.066029,18.26578938379913,170.469915,66.232496,8.352646239050584,87.570128,39.904064,16.911283079201617,127.732649,31.224994,7.5267280640889656,52.255371,9.302576,12.766840544324747,111.237675,38.381119,96.46993717625479,7.666519310105501,6.859817487722664,4.176480828825879,19.47635949149559,6.267074966933792
2017-12-16,-1.2955039521022236,19.722736,27.122098,25.712495728714103,169.899448,23.040719,18.02738934296385,167.095326,64.130623,6.829430682774847,82.086942,43.080168,17.11242416660897,128.715354,30.976539,8.269421167493343,55.153051,7.92167,12.665219578367514,109.60175,37.263457,96.79371367564238,8.201743283079354,6.115443507850112,3.8050731329690795,19.27472388075519,5.381182749252929
2017-12-17,-1.0431370262235558,20.814233,26.790452,23.842989871095227,164.578869,27.980392,18.12172997209896,169.693073,65.872171,7.918215880460795,85.592095,40.227976,16.986526734753163,129.297516,31.980288,8.263682488070195,58.016765,10.673439,12.56864130331439,110.413638,38.406844,96.82726890248192,8.309302176712256,5.567129134713344,3.6158061640918207,18.503815002950788,4.889361725435388
2017-12-18,-1.6379248320450333,21.246292,30.379279,26.262043862437633,171.892055,25.456211,21.217151081996242,178.104765,59.798991,9.86443221383107,91.239059,36.235478,18.42497325684422,132.644285,29.907555,8.64464115121319,57.427038,9.224951,15.217371155704873,120.580004,35.728703,96.8303390567335,9.258614373304587,5.978440423682276,3.631743277354556,20.184279019057634,5.667503095732554
2017-12-19,-0.7659962634478594,23.586942,27.996645,26.974389896342277,181.189945,25.903224,21.05955514670024,184.996227,63.760148,9.695083406378426,90.528134,34.715279,18.071028412174694,133.691514,29.659847,9.260909543278432,62.854217,9.540823,15.612065000789817,122.497413,32.621557,96.71513242993223,8.960429964838351,5.945875668789959,3.716283139770846,21.060159820754944,6.249444452455233
2017-12-20,-0.20785443395668748,22.185061,23.356384,27.89089935172392,178.302982,21.129275,20.38453709998986,178.570269,63.697198,9.609805335146431,85.419922,31.265744,17.540694079670445,128.966114,30.118964,9.939881916262847,66.147871,10.133611,15.728027836764385,116.384408,27.752184,96.89027657613461,8.081452572898028,6.091207279368302,3.8571620222884255,21.714829043031795,6.992101475434591
2017-12-21,0.31341675377328215,21.311099,19.506349,27.080599254430908,176.698427,20.760013,21.319342529850648,180.412917,57.64959,7.986854317550705,77.038982,31.04822,18.635366139955405,132.322228,25.014062,11.003336404050513,72.820445,9.459852,14.911421817539106,112.567323,26.702773,97.06344122624256,7.088445518476109,5.47975577323125,4.911391878185537,21.225864365809052,6.771274883805438
2017-12-22,-0.06725283621351383,21.599576,21.983642,28.674955401083423,182.892472,19.136175,19.875848994256252,175.613935,62.107379,8.59563902411653,83.483279,34.395495,18.702874610560492,134.288554,27.480594,10.240154084511788,72.818946,14.339702,14.146541097920581,111.81448,31.026728,97.67987976362743,7.631748245905295,5.939387163052156,4.954376319327742,21.76243773759614,6.851367148461289
2017-12-23,0.19116300266265318,21.045207,19.95148,30.793648748987273,196.703352,20.519443,19.743801932542613,176.766577,63.803666,9.396174555180774,87.663475,33.903858,20.306927634223893,140.534339,24.34954,10.445631958938426,73.268452,13.504431,15.005976121451736,119.126929,33.271188,97.46783998270645,7.16545334086198,6.370786316150038,5.520524862584337,21.190039054177408,6.996121918051141
2017-12-24,-0.4646069062159197,20.690186,23.316557,31.100009930852305,192.604441,16.799555,20.467184809566785,177.743866,62.045154,8.476989538739206,78.784693,30.865217,19.853810770954503,140.498877,28.2675,9.762678280495761,64.566249,9.378918,15.342479906935788,118.808143,32.078816,97.66772329109583,7.784824275728407,6.484760228117151,5.337381840627238,19.974340303713266,7.495810433845428
2017-12-25,-0.22367035908181349,20.716232,22.007289,29.84308179670857,189.442032,17.183536,17.416455407270007,165.260757,64.730509,6.281804063897829,70.354437,34.094974,18.6732960073033,137.433202,29.648292,10.288303613310308,69.010944,9.625398,13.105667415124275,107.829597,32.181828,97.08656527136141,7.401675745772193,5.854221350045277,5.486280450216324,20.78028552615203,7.3183496551289595
2017-12-26,-0.3355706323158123,18.831244,20.702065,30.454991683401783,187.030247,17.242332,18.46856315685178,158.941408,55.978358,6.468215636717106,71.412701,35.352115,19.33877657658903,134.143595,26.329067,10.806788483967953,69.894833,9.646513,13.745926964793684,107.957036,31.32289,96.9570435022298,7.091120689080569,6.207277062723318,4.9712329797841885,20.668668351360136,6.65714078648651
2017-12-27,0.36358421365509863,22.613754,20.588786,31.26751968318484,189.5914,15.448177,19.517920184707005,160.841487,52.137197,6.8967542572115415,71.323979,32.912777,18.929593206773543,129.941272,24.513646,11.313500544243896,74.321438,11.311341,14.296982214290614,111.398284,31.771803,97.09021020424719,7.757041856366587,6.7930325455405445,4.831075449561524,20.887186325488287,7.566570094121124
2017-12-28,0.1055345280440388,26.100079,25.509981,32.87913593694138,200.449078,16.604864,20.205179669360437,167.89919,54.921605,8.235553500108212,82.443884,36.394655,20.139828876962273,140.043779,27.431604,12.702211753314169,82.384447,11.359827,15.358283032216246,119.412334,33.536249,97.2475693434395,9.230065725395637,7.6258422854404495,4.645448406641234,21.904714112969412,7.34490881308364
2017-12-29,0.5166076526479844,24.992567,22.122148,33.53938140444188,198.861533,12.507194,22.91099585055072,176.536378,49.236371,7.227243907489603,72.434087,32.277465,19.94790954110138,138.32555,27.489293,13.711442505879539,82.66465,6.479977,15.48904520422382,116.101448,30.039909,97.01591170554067,8.479536374769244,7.407925806071781,3.929364975333012,20.704228289023195,6.390231484770384
2017-12-30,1.5060846275509394,28.461608,20.153929,32.7535948259897,191.313832,10.642476,26.20341722377832,184.628363,40.088292,8.863519249363655,76.089583,27.197727,19.584886335391452,135.529342,27.497598,13.22753526027097,80.031608,7.067503,15.693724479542496,112.316759,25.748964,96.58754029573353,8.813425860078842,7.667206395037458,4.347408737747622,20.50657123242013,7.0287740627413084
2017-12-31,2.1775231728920548,29.734957,17.848501,33.51031384146808,192.293243,9.370335,25.895310611150464,178.343625,36.988771,10.404426144531273,84.037224,27.242534,20.7666072854855,135.568133,22.209356,14.344303485872201,87.438463,9.137146,15.420421596683145,107.925156,23.749628,96.3156642338325,8.716987001115875,8.2331583017613,4.621587416843437,21.95332526056351,7.114121401155623
2018-01-01,1.6759799782282265,29.019406,19.795739,34.44084655591151,199.918736,10.375362,28.74664436898067,193.495067,35.289433,11.248684667538937,94.056611,32.150071,21.13157059360875,139.934513,23.638034,13.488410602503468,86.287553,12.0548,15.838047834678799,113.03131,25.867453,96.73951743927121,8.869921871020251,9.362866928012812,4.8421812641383095,21.896969804747883,6.793439263077413
2018-01-02,1.9466676593359749,30.053352,19.51392,34.45385055748492,198.481116,11.944902,27.79048025331508,193.446692,42.986558,10.718953232135812,91.110274,33.076907,20.496799478188112,140.726577,29.75508,12.89419877325918,79.917087,10.106747,15.324922381863606,110.034578,27.064084,97.15669747151662,9.155237717166314,9.92966661637935,5.1532529104961045,21.827671758526055,6.493467482734519
2018-01-03,1.507253401303581,28.397619,20.14005,34.53917885155789,204.585123,15.36037,28.219808880587994,197.666001,43.062257,11.318053473928584,96.946096,34.93953,20.691619370578792,148.040203,34.680051,12.978511354976355,79.994505,8.891031,14.56393556701158,110.393161,30.603855,97.1431371698287,8.859576794526014,10.264414666067262,6.382839639489537,24.492770619633767,6.788703858512735
2018-01-04,1.9953815023810502,25.838213,15.218855,32.30916735465612,186.913126,14.964747,26.280937857818127,184.832337,44.966007,9.865018654985528,86.85263,34.351309,17.76920730697639,127.108864,32.541698,11.512475153109456,69.163536,7.894503,12.687701896032369,99.914831,32.391278,96.4847969090386,7.714639060967805,9.936130872621153,6.104829909044468,23.898364867324712,7.270007363346506
2018-01-05,1.7433269722352163,28.176012,18.766001,30.60899666268138,187.744666,22.525519,24.470397198615778,181.107261,49.022626,9.590252964692178,88.792687,37.027076,17.42044896619581,125.957897,31.92699,11.237822118071064,69.997694,9.338947,13.376659867421528,103.245711,31.042092,96.0242131715498,8.696618674932067,11.502980173217397,6.842534064147745,24.50073975983485,7.588895561136233
2018-01-06,1.8745429808953071,32.269223,21.960975,31.343951716455148,194.311369,21.948702,23.938562164435353,185.578713,53.938821,9.127466279709784,92.793725,42.601125,17.989464343554236,131.154766,32.229395,10.925077016122263,70.237103,10.159311,14.136136987155961,110.988624,33.25298,96.01427286476849,9.861698807931548,12.25062579324398,6.95099257126924,26.102888733804562,8.04787115532242
2018-01-07,2.202365004752567,34.150691,21.492936,32.89365501794107,209.607351,20.556115,23.93158266099974,193.147944,55.604844,7.068264348400814,86.830531,46.206766,17.427788707623428,133.799534,33.635992,9.639746295516172,64.091695,8.688732,14.624157545369126,116.371834,32.321732,96.31054127884083,9.681620227465698,12.300789397842806,7.081944052377047,26.435826101797698,7.746099404803775
2018-01-08,3.1556015666569444,35.961881,17.689199,33.0696545432405,211.944406,20.452778,22.558690206757635,187.173557,56.546238,9.011095989683875,89.382125,37.202885,19.714715114584116,142.409697,28.25057,9.872198019290462,62.442441,5.276943,15.306582838099073,118.245421,29.611823,96.28080851252125,9.265275458787992,12.874696451983663,6.694524472141934,26.008897079269733,7.373866352685898
2018-01-09,3.25759296753431,38.543915,18.969946,34.94627433666409,229.199634,19.217203,25.741557538946225,208.640523,53.966672,10.173508406870702,98.382864,37.253085,20.927263207686043,151.799851,26.053754,10.65659569682205,72.074359,8.041843,17.328113722720644,133.28321,29.1634,96.27393566364856,9.571730144731802,12.195418382119632,7.360788443793967,27.697714924725425,9.031582796615305
2018-01-10,2.91065918432231,38.414287,21.039149,34.01510559309384,221.57312,18.520438,24.610621514577176,204.406688,57.493938,8.92547211568182,88.356723,35.076246,20.827673933048807,149.304334,24.973835,10.089227336887589,71.556185,11.328688,16.130835541997964,126.423778,30.130988,96.07292073578124,9.959557704400314,11.846372718512157,6.964325738373465,25.716673606097686,8.542597415140413
2018-01-11,2.662467999137589,40.00765,23.692829,34.82185955740908,232.366302,18.988186,24.71693815529774,211.700884,60.242755,8.90143104859658,91.63071,37.085358,21.554195497908967,161.552979,29.475207,9.711591660170965,70.838466,11.328688,16.33051076806321,129.357273,29.288705,96.08341111733667,10.395485605832636,12.201839580765132,7.339404724536432,26.783723034229478,8.372688640518072
2018-01-12,2.9546425653569677,41.057646,22.754026,36.26285488899144,236.829308,12.185717,25.34220016127963,215.697522,58.705943,10.124616913332439,99.550454,36.829791,23.68651687943938,173.258121,26.523281,9.207912762276765,69.311324,12.269522,16.86547540303673,136.283326,31.803936,96.4215324970528,10.300731891166743,12.274831654719888,6.858528959367925,27.814940592347785,8.73472009556711
2018-01-13,3.0177555158407454,38.632414,19.852426,36.3048519737187,240.478612,14.547558,24.892702613693057,212.015054,57.103679,10.03576899048768,96.279717,33.825479,22.762520982955202,168.680952,27.026047,10.58533524112381,77.828921,11.954642,16.45072075930788,133.504809,31.129273,96.83602642287356,9.397926585632723,10.766975797136974,6.028525517751205,27.3101638261939,8.89015033006915
2018-01-14,2.5367907788279402,36.037227,20.914904,35.91879265013166,228.728691,14.609502,26.35680091976882,209.432271,52.314049,11.731403263619159,102.722295,32.789027,24.240598954745423,168.513619,24.010505,10.889279518142303,77.050411,12.137213,17.94470709028732,136.736253,29.764224,96.65486641286249,9.553799423236818,10.975808203952091,6.303653721504558,26.8640038048432,8.663367805288823
2018-01-15,3.128517234189765,40.856121,22.52153,34.412661331451176,216.757328,15.082853,27.36817592781806,208.416354,48.025896,11.230837035481846,98.735153,32.917135,23.241741301952604,161.87067,25.663071,11.466367509474793,79.290681,12.092343,17.960005061502653,135.446831,30.192705,96.40572633840291,10.814425771262865,10.843801215522008,6.705892259991223,26.76088587503738,9.167815696489498
2018-01-16,2.9297061420223263,36.968902,19.851173,32.176299417298615,202.561022,14.560879,25.975468102843973,198.067704,46.297867,11.8896213699976,97.584271,28.115421,23.626559469375707,161.065072,23.019472,12.123149585215641,80.969769,10.136457,18.013697036328207,134.989595,29.738908,95.91384173919805,9.724778486542766,11.574436443840304,6.268574011436325,26.172863730504446,8.895497469787813
2018-01-17,4.010187682688633,40.712678,17.19817,31.81348963065704,199.339085,12.79456,25.750273636443538,195.579071,44.587381,11.55022801467984,97.489313,29.762326,22.97200471953796,155.209121,20.508346,11.894670693380682,77.054405,7.307712,20.844340674718584,146.931941,24.707134,95.8463631204244,9.876173864392728,11.77711439527294,6.337320572791823,25.57107512374659,8.443986757123067
2018-01-18,2.430447282430088,35.984696,21.828977,31.068264766123093,192.740496,11.788772,25.734247187747894,191.329232,41.444569,11.435673586098801,93.333919,26.72882,21.011713680140918,142.993787,20.614702,11.756199733782102,76.93539,8.463442,20.942493146890268,148.36204,26.386118,96.34271116694055,9.926241431477392,11.921775953948462,5.760333636504284,25.151767671274346,8.17560182535777
2018-01-19,3.176197763098792,38.693487,20.247721,30.691888979180764,193.251854,15.008733,26.951743313280623,198.858186,42.335958,10.631822711862236,88.853107,27.108805,20.03859334145308,135.764292,19.390177,13.33694146124559,83.532441,6.078164,19.936493456707677,141.397387,25.616217,96.75348160744734,10.149154716802796,11.145868412438407,6.801216594569283,24.75532097403419,7.809120476832574
2018-01-20,2.381748813202516,36.048633,22.207995,29.39275244839762,186.401099,15.596166,24.481286377202203,192.231307,49.967513,10.553377389307292,87.776266,26.44928,19.214757162655893,135.908551,24.249212,12.810274283368303,81.562808,7.120714,19.01313627592395,137.002922,26.515227,96.90030661933218,10.02501868773538,11.978640353015486,7.1303732415710765,23.341033329467013,6.560416564359296
2018-01-21,2.786450597138474,36.480469,20.165746,27.576797970268125,177.760429,16.297735,22.586786194645818,187.572311,55.326234,10.559639368588627,84.257947,22.431051,18.226418761890915,134.057437,27.341397,12.830451388835218,83.798395,8.67585,17.336623114492873,129.873518,28.367249,96.60679874917243,9.67481210759045,12.164051063432382,7.139751785461557,23.502594564306882,6.738151254539342
2018-01-22,1.8806378554975158,32.382843,21.317484,29.080704051802314,188.301745,17.19574,22.88959797390305,194.105201,59.42663,9.052782151041896,80.507486,27.242428,19.1953991161571,140.985413,28.042891,13.29087153419121,86.138343,7.937075,17.212015141911845,130.198885,28.926263,96.82643165994979,9.126759268162502,11.27764323887264,7.101524003835758,23.44387730544954,6.409740768711422
2018-01-23,1.2965394103619556,30.279667,22.77017,29.351270311907108,186.624839,16.623623,21.136397642392303,180.902842,58.481793,7.538572788011417,74.847033,31.183964,17.214699910900023,129.124335,29.41758,11.501433482480056,73.743838,7.128061,14.53268547808239,116.025099,31.852449,96.74630149748643,9.159229224511025,10.416251230463354,7.058661024066888,21.112519518865195,4.954341758108039
2018-01-24,0.024262897497009647,23.91595,23.773784,30.1872280210658,193.506047,16.62703,23.21083961798943,190.506514,54.504941,7.554100031257301,76.554601,32.292114,18.562810444909257,137.566592,28.799677,10.645420089842625,68.5455,6.169735,12.87618211076255,108.22426,32.77757,97.08072079083891,8.139014445800399,10.633549077355816,5.984426447441638,22.292849069979123,5.710847711822791
2018-01-25,1.411131161818572,27.064142,18.769697,29.193878190864194,191.228907,19.631097,23.354885467236876,194.316046,57.039074,7.72614822353588,78.460725,33.047433,20.223446160373584,148.254895,29.384115,11.006386849719904,72.161282,7.467175,12.829951282876614,105.542774,30.129993,96.67598292750837,7.797695744401871,10.790651544273873,6.436345373655388,22.0612358154667,6.13283881221435
2018-01-26,0.805756798094052,25.646774,20.992826,29.02704070386714,186.631814,18.975347,21.713952018713766,182.609279,57.192275,8.116743636056857,78.359454,31.478183,18.79058988954298,137.34108,28.809041,10.713532037095892,70.651513,8.771525,13.252940702368493,105.923897,29.37661,96.14505954827419,8.074902160571487,10.50648000527657,6.016079470350574,21.22015210780716,6.0567457120031944
2018-01-27,0.1988200114310142,27.295793,26.160421,29.64181730153708,184.723627,15.45249,24.176871288866817,186.091715,48.028436,8.845212445165524,82.168897,31.657852,18.234518007438904,130.482308,26.353146,9.799032682993216,65.149406,9.191521,14.905162240596242,110.357749,25.241046,96.45091661043698,9.360954012023143,11.614269480953654,6.148991101110607,22.233648963595012,6.423192617740541
2018-01-28,0.40977372945366564,29.725418,27.369046,29.804491994250608,185.400337,14.011921,24.666968981853838,189.556336,47.710847,9.481683425296664,84.198563,29.674879,19.649198043596908,135.513148,22.521961,10.414825671447378,67.619396,7.72975,15.268566048554153,110.553103,22.7524,96.33014745254397,9.928742764061893,11.873000485988653,6.811689441272202,21.629805269676265,6.89207345035486
2018-01-29,0.5137041360340049,27.70578,24.750352,29.090516893003247,180.593338,13.230605,24.98659665371249,190.575195,46.823019,9.596907880119849,90.030124,34.817467,18.349855521689463,127.631042,22.061176,9.51255249471956,62.457096,7.72975,14.749509527484955,106.855028,21.99857,96.55627127305996,9.1177765009825,12.332230818545508,6.5627346472067885,22.522772139640246,7.10606192235698
2018-01-30,-1.2382774664202192,30.563738,37.940708,28.849582613357466,189.570908,17.701104,24.841534250450866,204.959634,56.967558,9.260294851094121,96.268231,41.100533,17.526180367238904,130.544641,26.133384,10.729322073750449,72.665777,8.74643,14.84763985436522,114.716747,26.262748,96.53014157538823,11.498963914913674,11.977516375190822,7.031046100722089,23.442840198201207,7.078912089610065
2018-01-31,-2.861058867263294,32.163183,49.022387,26.873619596953414,180.217654,21.860956,21.306318589445908,194.700425,69.149855,9.177037431266093,98.066192,43.989169,16.04625177381297,125.548999,30.994135,11.18017917156291,75.625974,9.745148,13.388917722196641,110.027872,31.131734,96.33268807243861,13.777441387050349,11.361818149395637,8.298704175102408,22.016434514774733,6.480177156169119
2018-02-01,-4.3879145643126405,33.380051,59.445421,27.5800115603957,182.717832,18.885288,20.265715674555924,192.375318,71.991621,8.494440278046978,95.571723,45.112507,15.294649398053078,120.581241,29.726989,11.977046561428882,80.635334,9.488518,13.203281836074824,114.12289,35.691913,95.90764486908418,15.62648988017416,10.801415773490422,8.790667526904558,21.96112270630325,6.213813275790569
2018-02-02,-6.101755048241385,29.524945,65.684742,27.384529691132098,182.194048,19.90975,19.38317440543054,190.675056,75.807834,6.876520464099461,90.466687,49.715529,15.641454101951904,127.996223,35.302924,10.707861472947133,76.569269,13.113084,12.546752112978679,112.516072,38.162381,96.11691342169301,16.066079914489904,10.805571605235729,8.52240236253317,21.0576143989943,5.747137143308461
2018-02-03,-6.9381950680177535,25.617751,66.357547,26.171885535632356,176.615024,22.938561,16.083500645464,177.751663,83.312327,5.790943441432457,81.843257,47.83991,15.087495957148498,124.983957,36.392976,11.08840673520365,76.282197,11.173127,10.573163639309854,104.975063,42.891405,94.75097062539642,15.663862405277218,10.468367587612901,8.465589308537329,21.298861893757334,6.064714681486553
2018-02-04,-7.802812024051536,28.286475,75.279685,26.511143252604292,188.749286,29.083294,16.88628355311444,189.623702,87.924383,5.092267412306183,84.83198,54.163294,14.740091781002725,129.833685,41.060019,11.224514693636591,78.607058,11.006304,10.40107305694938,111.953922,49.312427,95.51033602141024,17.196256193880888,10.821900657521251,8.614201223452811,22.452937002398304,6.031776376182505
2018-02-05,-8.565078783216176,31.073934,81.224114,26.585011455243656,183.150368,27.490024,15.685791074267282,180.244213,88.400896,6.63217083178406,83.339052,44.506419,14.275327484526462,123.745826,40.161044,11.976986250481414,81.133857,11.006304,11.129021900838088,113.690566,48.528007,94.82181652351682,19.17922584368375,10.937336296463084,9.46595839247223,21.168666357171546,6.343456298428995
2018-02-06,-6.913376922522439,34.413163,73.223554,29.25952846570212,186.365683,22.108222,16.80886371282037,174.183348,79.821565,9.005863849059372,87.744274,37.187057,16.459067465496087,126.34971,33.951617,12.282328303703082,79.966633,11.015964,13.930809540230083,119.756354,41.551423,94.36830678163167,19.173555745003412,12.383015342515257,10.109639174987963,21.76902434124367,6.9834314726673
2018-02-07,-5.399540765315008,37.078846,67.479774,29.65943880271823,188.58518,21.594226,16.895579070903448,174.037084,78.910238,8.220733521917195,81.720396,35.435362,15.944994781165692,124.087951,34.313161,12.417557079707027,83.807631,13.893304,13.203311032312195,118.60353,44.265188,94.51797559705865,18.570766361312423,12.445109704396069,10.930424547424398,22.08891997792721,6.424474284166634
2018-02-08,-5.656780005108737,34.056,65.977659,30.256483098071563,192.904312,22.164574,19.01404507072818,179.52477,72.227003,9.228375120609016,84.121018,32.044564,18.000396042625272,135.103397,33.525732,12.376360570291101,82.61944,12.778654,13.361946729280941,116.242988,40.840461,95.17749533014282,17.726785505385717,13.04372491158174,9.687862360328808,21.287664663307194,6.4258723133873294
2018-02-09,-5.3851749498716055,34.879451,65.193114,29.59734346654248,187.930603,21.324336,20.585421426423533,182.229248,66.351949,11.06170648771926,91.450328,29.182928,18.220962789526762,134.310185,31.742649,13.309541588325924,82.770416,7.849738,14.764908670137455,121.425238,38.31216,94.54672423115666,17.777735082935973,13.332342943279002,9.756144295514058,22.478615879891038,7.110845325358055
2018-02-10,-4.6635346721272155,36.261838,62.601494,28.666705060180554,182.861767,20.952142,21.599005599609665,188.357423,66.366183,10.48911271661045,91.208094,31.965558,18.14651303781887,135.156214,32.664661,13.300461452867495,83.752626,8.631585,14.807900912071286,121.079493,37.44443,95.43912356655233,17.50412293099135,12.456841977273802,9.687087414430213,21.72575199996234,7.689898535652412
2018-02-11,-5.477169434181647,30.803083,61.423583,27.870024083554302,173.50277,17.693445,20.160921475672886,176.900824,64.189778,10.859890183365485,89.533938,28.82096,16.382582881313844,124.669312,33.081333,13.662848298821814,86.461704,10.078592,14.172040370207965,115.326719,36.096933,94.51096648074264,16.49682650615371,11.159135868889623,9.093194530269521,20.806208610393327,8.300228719426357
2018-02-12,-4.843005896074425,30.78267,58.9239,28.483048560368672,186.287585,20.781278,21.38450523414758,186.349428,62.090591,9.916400240847612,93.051456,35.430279,17.84443918246151,135.796194,32.107601,12.974053084737989,87.075283,11.687018,14.526062620010496,119.792108,35.385589,94.66682347636637,15.438182603482971,10.6711369844974,8.424496596833064,21.55176371269752,8.572092367120074
2018-02-13,-5.756225669515308,25.492321,59.188386,27.583559489308218,184.593578,23.123638,20.94904781344725,185.925182,63.292659,7.215598939686006,81.667082,39.428069,16.61940467044415,132.707185,35.419731,11.323248413298582,76.945243,10.660678,12.732690758641969,109.856134,35.320909,94.98693637729802,14.46582143482049,10.505180412885775,6.879930111464766,21.99422833918189,8.588691685184788
2018-02-14,-6.730849552341291,23.487035,62.714532,27.78199335399185,185.48885,23.574956,22.804260555426232,186.726277,53.822688,7.681755017640894,85.436232,40.666843,17.337966960734278,131.054861,30.008917,12.18515433242517,78.562747,7.547476,13.362266462795333,108.514631,30.639132,94.85893802633738,14.790894730119225,11.071202464086698,5.967690492090849,22.51358409170523,8.5994423158488
2018-02-15,-5.08586696489984,29.452931,58.718436,26.62902452054266,180.136482,26.905606,21.673330390040356,185.587298,60.872876,7.0176255989523835,85.310106,44.92872,13.775033607677049,116.347278,37.081871,11.429720054243864,74.194691,8.424876,12.18172788824503,106.056007,35.958928,94.39892387727336,15.322744052267678,11.48930317696297,7.831337064056357,22.098125984988485,9.033028574234532
2018-02-16,-4.595615389551621,28.734445,54.694904,27.090608408181144,179.46827,26.434439,19.562660223005548,176.108682,65.599948,5.9204009585831034,75.915709,42.471586,13.201430174124894,113.106204,38.53182,10.802920005222196,71.041448,10.016158,11.267876357826768,97.984917,34.333106,94.97880044344427,14.76896846102271,11.570470152705033,7.621995189382121,21.754280896713336,8.758972643206606
2018-02-17,-3.955462174648488,30.620505,52.679271,28.684795072591257,185.098087,25.129124,19.405683737571007,170.241886,62.020541,5.165817390754522,71.167571,42.358913,14.523990214162746,116.533809,35.536624,10.022306611809409,65.763641,9.871382,11.870607951858322,98.621436,32.421596,95.29270101199043,14.936878750365814,11.456908554342622,7.657419731212278,21.317106381048532,8.044483536016923
2018-02-18,-2.514229779299414,33.36337,47.413702,29.120493726514145,185.741073,23.006303,20.328068991626484,171.934479,58.334632,5.240904628561703,71.549354,42.261478,15.181350911338892,120.368362,35.530046,9.628875080277863,61.525477,7.716198,12.830023088047025,103.99091,32.292577,95.58914540852858,14.454613592548057,12.15037716447589,7.1671132629546355,21.215347988334,7.679074580591423
2018-02-19,-2.2139213232690933,36.399988,48.585982,29.123651005940417,179.964404,19.660317,19.837871769210498,167.989967,58.797204,5.236333465208816,67.764526,38.942396,14.438236545357533,117.731772,38.259994,9.46721750010723,58.217779,6.107772,12.83059713010215,106.079478,35.456562,96.57583506447344,15.44004134268468,12.763998506879561,7.047893556834101,20.16781906148791,7.0557115044207235
2018-02-20,-1.1427985658567543,44.441023,50.773643,26.753669264015862,171.760607,23.50979,18.798182822116026,167.485292,63.318423,5.437638784007264,71.433373,41.301641,13.87774420482986,115.865671,38.964559,9.158739485360629,56.859338,6.107772,12.529956094339664,106.531105,37.098527,96.91648814804003,17.182648533044752,12.537474871630558,8.082843131214727,19.80864755105606,6.414904242098333
2018-02-21,0.04315532533293112,43.138082,42.8949,30.028652181650035,188.268626,19.055959,19.976375998840222,177.650648,65.082963,6.14450576889923,76.95824,42.333702,16.133481783970755,131.436743,40.523922,8.980968682893337,56.816523,6.208402,14.46260750473134,115.892813,34.395436,96.7151268105558,15.267500586277965,12.204826692669863,7.237334498878371,21.278710060561128,7.440321332498849
2018-02-22,-0.1714912921713381,38.26431,39.234443,30.103439158993872,190.006058,19.709716,18.215473916566772,170.242656,67.197002,4.908938039537296,71.779735,44.009679,17.508168963758077,136.02443,36.980028,8.61765569948954,52.99953,4.249112,14.775388643128812,114.806487,31.221531,97.72282035821488,13.699525007022133,10.745173665415257,5.519671277100628,21.576145919803402,6.7078680530035975
2018-02-23,0.4340943957237102,41.518528,38.950707,29.27574069074998,194.678356,21.502055,18.6134313756309,179.129409,69.024417,5.18666003567176,75.256801,44.575883,17.403522240305016,138.273014,35.32506,9.01181927197853,58.59724,5.28916,14.59775514782794,120.902088,34.551233,96.60637453396367,13.603457539164218,10.001968860126853,6.149310328828887,22.085065728932616,6.809913997251542
2018-02-24,0.10995472126785732,39.685263,39.026498,27.482573232804526,189.773482,25.118821,18.9775596445214,185.196916,71.497823,6.153887501400859,84.358659,47.489249,15.973116925648467,136.430491,40.731732,9.37826870521689,61.252688,5.06524,13.944596403648315,121.63806,38.092652,96.43271208780898,13.137810510966991,10.165372691942093,6.474515845835405,22.735226545891337,6.504781205627344
2018-02-25,-0.8697479408648142,35.453861,40.539601,27.3252367642992,191.695112,31.91428,17.124888959524228,178.231032,78.095431,4.458267705848891,78.321541,52.25239,16.088523954900303,137.917229,43.84164,9.22481610833918,63.159178,9.218244,14.032694357541404,121.987014,39.932626,96.53524129645461,12.996173043389673,11.296216118464754,6.893892858143795,24.079135594219427,6.500403801893729
2018-02-26,-1.5317529196924509,32.442839,41.397354,26.135325125734433,186.79515,34.00996,15.389407794659393,172.444934,82.479587,3.7949137680829312,73.792574,51.607787,13.684367202214451,130.610714,50.612909,9.81947239702813,67.650448,10.246534,12.530648114493657,116.203369,42.950121,96.22640979795689,12.631050505628064,10.26630952293651,7.2924654333364165,24.80568182852507,7.318754166138157
2018-02-27,-2.4340143403404886,23.295833,37.326771,27.054767998506644,184.683102,28.725199,16.057843656626584,173.879527,81.313676,3.73993394401799,69.656248,48.097303,13.089527934285647,127.55924,52.104321,10.467845939537774,70.5887,10.246534,11.473953881870253,107.324191,41.18229,95.41414735773895,10.516494869037455,9.566126986119853,6.406327163494032,24.464200446149114,7.818989462343633
2018-02-28,-1.9047844009200814,29.07473,39.722378,25.518877794162698,170.227679,27.578449,14.903960182335682,162.223607,78.911227,3.9998719630578106,65.625401,43.26632,11.097876743129891,112.942944,50.906377,11.0982817557565,71.725792,9.686961,11.925790709961339,106.517122,39.852558,95.2020767745155,12.307286843706153,9.386968881173264,7.453132337779142,23.28458986097616,7.307920999739751
2018-03-01,-1.645008467881033,29.32357,38.291265,26.72639338891315,171.913019,26.215201,18.06689482017606,167.197401,68.706478,5.189266367050934,71.156873,42.867804,13.414502416092974,116.364303,43.235703,12.134530770487823,75.837849,9.686961,13.30335142289065,107.057537,34.534872,94.76516417462214,12.403073044899365,9.894308903687724,7.609388721615194,23.97431361787589,7.787649281203521
2018-03-02,-2.0014457481805157,27.62365,38.260709,27.36209285977512,170.678804,25.257827,18.85974540761582,165.972176,65.73852,6.048895648646445,74.297315,42.149324,13.057374876960083,113.312819,43.91695,12.536304744080304,76.265957,9.639413,13.23830592377334,105.024427,34.666966,95.96091917085664,12.396656838337435,9.715006299570588,7.577475225660722,24.195398011772152,8.827535330321812
2018-03-03,-3.345186946420281,26.036313,43.399446,29.234698585638707,174.802961,23.060781,20.423525744509305,171.37257,65.364625,5.734203175974339,68.292234,38.528955,14.76830039589521,117.313028,40.658429,12.737214501255645,74.722947,8.610663,15.089372497615635,110.657198,32.33608,96.06218216981775,13.377516293953665,10.32887771575423,8.502395551075312,25.809054180518114,9.617098747692243
2018-03-04,-3.359573545875654,25.68402,43.329828,29.679764710622376,175.270919,19.381065,22.05062554689216,177.068827,61.250227,6.444035843982119,71.710045,37.863422,13.803912710521264,111.488147,38.984542,10.664163255148502,63.614818,7.602418,12.796589044181998,98.221488,31.008745,96.05585581972991,13.139500216702086,8.333252211613376,7.444240091750445,22.988639501101062,8.078669693250292
2018-03-05,-2.5352189687341107,26.135301,39.278302,28.69307911585072,168.518893,19.769151,22.497937653632896,176.152877,59.519789,6.697325614051572,72.169806,37.449745,15.79093141191,115.223643,33.360802,10.562691103230803,61.332893,6.574128,14.07516389929942,99.845473,26.877459,95.1369916836684,12.61795590967714,8.055862996939386,6.953594701998835,22.88192347501826,7.405668016181837
2018-03-06,-0.7666624314269931,33.880129,37.933103,29.87666910060063,177.638677,19.695157,23.896721845990157,180.158479,53.828052,8.743153145578725,80.655044,34.434216,18.956464801173638,128.042981,27.829307,11.475976839896797,68.739475,8.071528,17.545990389063405,118.81185,26.054673,95.97650213187718,13.58422409167951,8.593717705284684,8.394718251763582,23.613313319828652,7.848520446362774
2018-03-07,-0.6334925609717768,30.870803,34.26099,27.749985878473204,171.866785,23.360477,23.978017271638656,181.302091,52.98178,7.999411553376374,79.424356,36.614854,18.411656446843278,126.801382,28.269904,10.73419047822797,64.670835,7.225941,15.979204046077303,113.659837,28.145826,96.0822628916422,12.170569454798109,8.134537219474112,7.389039074298746,24.222167533922157,7.288793565372645
2018-03-08,-0.8283548987440585,35.101938,39.600249,26.234486646505307,167.977129,25.512975,20.800384624736502,173.401069,60.446345,8.332292406166603,82.524173,37.276366,15.724469213510373,121.783783,36.393387,10.13650436995318,65.758708,10.713281,14.531178312341039,113.824015,34.913684,96.28227779918028,13.756257081456733,9.201417668405302,8.020759318887876,24.608760299645304,7.460878736939885
2018-03-09,-0.37633092592171125,34.427799,36.465597,25.692112966425707,162.763149,23.642676,20.53479099997927,170.921469,59.727429,7.606191220453858,77.462008,36.275169,16.607324803520502,126.167898,36.240733,9.43075754863689,60.68076,9.614059,14.010359267760647,108.955023,33.090192,96.03683422424538,13.092258093498232,9.146410427246732,7.759649918449702,23.960391029601187,6.486537287163466
2018-03-10,0.9206574085027422,33.099949,27.970794,26.271555985788993,167.235417,20.871654,21.03703421431279,171.103201,53.90194,6.668644401832142,76.986201,39.833933,17.70820348182684,132.944777,34.289056,8.684076856900589,59.017619,10.636999,13.417123130545535,104.810377,30.061069,96.21961741746817,10.961889821172683,8.264176068963538,6.463140097718306,23.69657369902354,6.624274327728822
2018-03-11,1.3196217535920622,31.824244,24.551359,26.374456324659327,168.092143,22.73353,20.919700038718712,166.466202,51.170609,5.860775646050432,75.138463,42.837732,17.130146577185624,131.129735,36.719662,9.611778959102772,64.743854,11.770066,15.12877037482481,112.184507,28.8047,95.71095627288246,10.22901807063771,7.953075823671099,6.61379587671431,24.362800953635123,7.399802273880137
2018-03-12,1.4450378892579399,30.268208,22.191804,28.716382428340097,181.842053,21.344458,24.237682907690623,181.107524,45.641651,6.110317967454697,77.196925,43.045989,18.95550038583677,139.531789,33.588353,10.106760933054657,69.533573,13.046276,15.659922993460167,113.686545,26.16229,96.6194823907404,9.3861952684544,8.966736210079622,7.0762411535733705,24.71623973530277,7.285121345003471
2018-03-13,0.3529325154879322,27.881947,25.894368,26.519581285857864,173.315494,23.967501,21.790147003432693,173.987529,51.273875,4.6255199863261875,73.055444,47.00631,17.77970045994095,136.870963,36.742588,9.50392688894089,67.361466,13.839037,13.155130112895932,102.654293,28.569704,95.70641729735775,9.54900918485324,9.38369524009984,6.287312728820915,23.782914605358567,7.300146704175571
2018-03-14,-1.6558300461789637,23.673698,33.093058,27.9235316809251,181.290931,22.445041,20.904461090600883,175.779558,56.862375,5.2644978499941555,75.787091,45.839452,17.765814473744427,140.78673,39.724062,10.703939174776043,74.729499,13.839037,13.727920559422255,108.412956,30.320264,96.01135314916695,9.979032567914379,9.047855463511908,6.775495679946483,23.9010775851029,7.786925174745095
2018-03-15,-2.4899390444282665,19.447835,33.434364,29.83631203323387,185.417449,17.820397,22.798494200357137,179.165209,51.10111,5.193658846850086,71.093439,41.919528,19.23411214651878,141.723718,33.681528,10.909333983178216,71.631798,10.351697,15.562019823754625,112.233789,24.81854,95.23143418715769,9.414305153574945,7.569157065725335,6.502168458876978,23.991304000493358,7.384589704230125
2018-03-16,-2.8319673827895078,20.899184,36.773005,30.716494542753015,189.628101,17.455166,23.140662301843406,177.283384,47.574711,6.726265093825794,76.950944,39.248699,19.8750183074644,144.255608,32.851612,10.743387974697205,69.086269,8.867137,16.490657808002485,115.743985,23.310099,95.23825932812208,10.2890008739592,8.584645382108622,6.349612574322454,23.52884655700691,7.658959466932165
2018-03-17,-3.480209913479605,22.361659,41.806656,29.98301279658438,188.727541,21.20328,20.510103671988208,171.180152,56.583931,7.996195246725522,82.172767,37.495579,18.274519748452857,135.139022,33.033692,11.390956821069212,72.626974,8.982215,15.864376558491527,114.867505,26.228382,94.47713743263726,11.484661375585818,8.562778877366581,7.151325612339539,23.34864242323848,7.136656825077763
2018-03-18,-3.756694943982327,24.375347,45.705157,28.87544018866294,180.191458,16.242119,19.630624549158465,170.553646,59.094638,7.987973354450058,80.20671,34.852494,17.757606594354982,134.822408,33.998045,12.751668242352688,77.105972,4.704389,14.579720113095737,109.835374,27.054455,95.0055014407899,12.34287014504739,9.165127733353891,8.744773249060177,23.632755383828155,6.704942639151515
2018-03-19,-3.9617624761962533,24.894391,46.985084,28.888164555324238,175.401644,14.321928,18.5137481928209,166.094292,62.862074,7.712941195822514,79.034033,36.026857,16.6757645355989,127.002967,34.019302,12.59601195602679,73.663241,3.428179,14.6251506639789,110.197838,28.648347,95.01623888766538,12.890922293098123,9.313445715916291,8.520888162410408,23.934931730061045,7.336992671093088
2018-03-20,-4.151664598832479,20.813115,44.258081,28.30275779178928,173.333887,13.504696,18.555469052727368,167.10997,62.32493,7.627194796521825,76.849585,33.777868,15.260540334237977,124.666094,38.487926,11.016886614337293,67.527628,5.3139,12.563517350881611,99.798346,28.850602,95.88597048569653,11.522890706554644,7.831270347336377,7.988067144171179,22.634716084848204,6.380828745669417
2018-03-21,-3.5290397854988456,23.336508,43.240646,27.910577191518687,173.15978,15.741328,18.724277628968366,167.963949,62.357147,8.402828552584934,80.806015,33.41322,15.639946964062801,124.362361,36.151493,9.658841699301725,62.0068,7.529965,13.038739276298672,102.07344,28.533644,95.83688885527246,11.804250215270997,8.614807942596482,7.0950255458227485,21.355050926222905,6.804484430968087
2018-03-22,-2.792751630661527,25.240169,41.048292000000004,26.623544288214223,169.900921,19.200709,19.645975410684553,173.569053,62.364751,9.860970103985412,89.167557,33.35041,14.688052158414338,126.327781,43.187364,10.111803288133473,64.766931,7.529965,11.855715948728207,100.848093,33.739864,96.44329629231503,11.710891138169472,8.989065978374637,7.213423821598094,21.34308952889632,8.001832778463763
2018-03-23,-2.685632142610957,27.774519,43.054048,27.839699989893766,180.419776,22.029691,20.499751998482136,182.459378,65.828902,8.996207823250655,87.746925,36.564257,15.538323592982337,130.882734,42.479612,10.918418818239239,71.314854,9.196035,10.961389202498642,100.506452,38.143159,96.69157886385521,12.449302341078297,8.706774758443231,8.176525693572085,22.58015054817217,7.862729257187462
2018-03-24,-1.605222357839865,27.137434,36.152168,27.390082841657975,173.577149,19.757767,22.20835319435418,181.488151,56.768734,9.937722176608208,87.40958,31.600538,16.298499020100802,131.776977,40.246584,11.710115703051683,73.820606,8.058017,11.224918967132885,99.739599,36.701816,97.15774450661344,11.269759501410311,8.382555209299063,7.199496530433412,21.49116391077587,7.830499835211005
2018-03-25,-1.275987834367933,26.893989,33.921532,28.686039889723002,182.696765,24.707501,21.858585698291122,180.264902,59.878056,10.600827174592478,88.477316,30.092928,17.674260174660645,136.143256,38.801714,10.029887710035458,67.547986,12.308065,11.443633271374843,102.930271,39.904102,97.37829635776835,11.042246904323113,8.223523230603126,5.861631818037676,21.806872692608454,8.19982095971183
2018-03-26,-1.6322907689720607,27.452036,36.533871,28.15919397433714,184.542768,27.868995,20.675300305709783,174.159837,59.12539,10.5125723738291,87.767086,29.27662,17.069710819285415,138.073037,43.09958,10.173313930635526,70.196345,13.593465,10.868061459606688,101.557347,41.08899,97.12391359882481,11.50027558752221,7.834290964311317,6.366813514516036,20.968390609237954,7.328045530589312
2018-03-27,-0.8137319546605225,32.196475,36.594025,30.01383408162453,192.268753,30.068737,21.31195788743442,177.24288,62.069327,10.99756696634373,91.109729,31.676951,18.212797226257177,139.930772,41.505626,11.302583542842026,71.974444,10.893303,13.497356971299046,117.580813,44.638732,97.59625443967383,12.729139640726004,9.474826717033453,7.502392862863434,22.31236310376129,8.137528459153529
2018-03-28,0.8431223272481433,39.0188,34.43672,29.761343947529394,191.844699,30.102026,21.101271977052484,176.83856,62.160401,8.592383788353036,82.032043,35.335391,18.163456160618008,143.104325,44.392185,10.98321376434736,72.125919,12.435928,11.823403431394967,112.850691,48.594558,96.96814953274081,13.516130004631647,9.039331286349515,8.170176769709272,22.91885870197692,8.23847124593283
2018-03-29,-0.40982761704205106,36.366494,38.611216,30.344206235650752,190.839584,24.637248,17.978856370291048,164.643383,66.168969,6.6925429973230335,74.944734,38.288106,19.32816301008571,146.243911,40.379028,10.209282272132878,70.53169,14.613056,11.250949359099844,105.32692,43.702831,96.7067132686022,13.68897182839123,9.645943063395427,7.894775418045404,22.23008929036943,7.173293813584857
2018-03-30,-0.8321495270549557,31.395954,35.965957,28.782445789208523,180.733556,22.665974,17.468805720977993,159.373649,63.438373,6.5969808600708735,77.029963,40.80063,16.313023440373083,134.603186,45.015241,9.552689550299917,67.274978,14.813469,11.913270964088913,106.278309,40.852947,96.44847391415428,12.26589618872635,9.183388205759115,7.043733970252272,20.72299095509777,7.0557527872056225
2018-03-31,-2.064375098022777,33.313238,44.507633,29.437850460096815,182.33238,22.701058,16.48687397440816,157.518192,68.115554,5.817611120939527,76.922135,45.375234,15.509659768152966,132.409538,48.305996,8.95745837264149,64.225294,15.652083,11.114819277907625,101.310981,41.039145,95.9836388352835,14.351063027420674,10.777812621919624,7.612075656268271,20.25125527474269,6.608991283681968
2018-04-01,-0.8867716473781524,38.480268,43.301155,29.8558271771817,184.529498,22.219878,17.6289566023594,159.550212,63.711325,5.5478529245938955,74.640539,44.479931,16.11113382100099,132.6783,45.090976,9.468872162796961,64.864532,13.387511,12.796301315131203,106.349657,36.783244,95.61350486686348,15.043175083473134,10.19415267243306,7.309524678832835,20.13285798781816,6.547172161947326
2018-04-02,-1.6385306784781415,40.282917,49.160449,27.82437470706236,177.707075,26.955075,15.764489451489435,154.111324,68.699582,5.977188497803791,81.835573,49.451265,14.901745389071783,130.676791,49.939382,8.964829439980988,62.990676,14.419379,12.337243248728376,106.871343,40.028364,95.91017221630868,16.50860838094965,10.683147738479871,7.014279717088612,21.10009993958287,6.917018990713443
2018-04-03,-2.260104509921344,36.435442,48.861355,27.72820556058174,175.559815,23.111878,16.826855620681094,152.326413,59.813415,6.3380312982286,82.002358,47.156259,15.683159430690855,133.700258,47.47523,8.586658049131826,61.253777,14.044869,12.440384210634923,102.99451,34.598057,95.31067355651116,15.514326841137976,10.520929089888593,6.099345784651403,20.84321713851468,6.648030647348137
2018-04-04,-3.6982510573528202,28.071793,47.838225,27.75827753532367,170.106246,21.743656,17.04052424854073,149.612235,58.53395,7.520929471306058,83.652626,43.454722,16.84608049729272,134.912524,44.873503,8.458401031308654,55.494686,10.286179,12.60489142528809,97.50658,30.135889,95.38910129886975,14.202578610655255,10.535039616615858,5.259115012035219,19.930530903114235,5.960843655346296
2018-04-05,-2.8521054906217183,27.221894,42.322936,29.224043221322127,178.025689,23.293157,18.801098117808824,154.688807,55.142639,8.404522970799587,85.700037,41.200612,16.98971039088228,132.561813,42.606399,8.780286871304261,54.598033,8.109051,14.39461758932967,105.580677,29.3655,95.53128610220114,13.134801657220343,9.449345972063416,5.872165361175245,20.646084728730234,6.1949277663184255
2018-04-06,-2.6120053296738286,29.181898,43.209078,30.31315069151009,186.072728,23.282853,19.654502066361683,159.965674,54.415645,9.419682597661923,91.97251,41.386249,18.900245347891897,139.59702,38.097555,9.350472699955338,56.457153,6.242568,15.335453889968914,111.4404,29.084836,95.41154183735208,13.47994501619643,9.749911287087702,6.531055543207226,22.281739770609583,7.079284908148094
2018-04-07,-1.3267893134328208,29.620392,36.955971,30.934800157295054,195.560634,24.527699,21.813870916226538,173.556822,52.951861,9.84638135555216,93.539082,39.100214,19.077159718886694,144.932638,39.45846,10.759453620678517,65.715845,6.228765,17.473437884423138,124.756842,28.149353,95.73354713327264,12.041695271174131,9.2540954554319,6.118804075035341,24.336567179623277,7.976123613130325
2018-04-08,-1.3098106201137663,30.062336,37.493907,30.508569903348604,194.392428,21.293661,23.348914005879035,182.805713,50.329224,11.941994480045656,105.318508,37.562316,18.88646737164784,147.812642,40.655072,10.75381733621349,69.536701,8.521959,17.969365120368824,127.567816,25.613678,96.39424381211693,11.906753570192123,10.510052655082374,6.767183350456294,25.414708932096413,8.29862770787716
2018-04-09,-0.2871938987715772,29.11939,30.785741,32.58611460842623,203.839508,14.768971,22.994010635028335,187.556657,54.141244,11.102407927959423,96.094565,31.676384,19.684354352085663,146.571361,32.359173,11.53527497813038,73.852874,6.92312,17.48513997596621,125.159859,23.707911,96.2764338484811,10.324588354021477,10.14733018345346,6.415180880274011,25.47720287791226,9.080719208028299
2018-04-10,0.12741665845620997,32.7419,32.01655,32.38320135542727,201.071409,16.72224,23.026192382076378,187.317283,56.23514,10.781605033295808,91.919055,30.542173,19.47979355715325,144.736722,33.843308,12.066176623621109,76.442798,7.753183,16.42381931633099,118.113525,24.61698,96.54787580067409,11.375619088444976,9.495213405749487,7.122207034224457,26.128159232237085,9.448810624911088
2018-04-11,0.6168315518388426,34.648176,31.099934,34.00707385565729,211.71528,16.094081,21.991163266823545,184.5738,58.072539,10.57247334913579,90.426831,29.610075,18.05206957322081,139.17372,35.331575,11.62527388916801,76.644321,9.771469,15.588116237774619,115.017115,25.348536,97.02850906160839,11.42974710343064,10.049535479378163,8.309836415243034,25.06007078438118,8.698128167522775
2018-04-12,0.6908340008504036,36.241554,32.165798,33.4030242268784,213.017179,15.947295,22.87046819431469,191.205644,56.275331,11.240883790742513,94.896105,28.577569,17.933101342382518,140.940963,35.139938,11.38892790505965,78.621344,11.429383,14.625902697260285,112.368791,26.07945,97.35043062493305,11.594934699167927,10.633212639928088,7.2681679298936706,25.47952576383114,8.459191622303026
2018-04-13,0.7493698827506121,37.208907,32.736804,33.12623144885168,212.648182,14.956865,22.938079427658142,191.591801,54.70152,10.890327937117517,91.061775,26.070281,18.37659925916975,145.52067,35.852472,12.627811917652515,88.343035,12.982553,14.457536313231007,113.674949,27.395005,97.50162316447357,11.720483461802681,10.840264077092568,6.768210370494046,26.36870856934157,8.542474628791874
2018-04-14,0.8339348172305012,36.808572,31.92269,31.60903786720638,198.746709,13.554742,21.11542803512253,178.585046,54.873351,9.871142676907445,86.062726,28.229383,16.43937721547768,132.858736,36.543226,11.282714535198778,78.898377,12.794875,13.584083391699794,108.557757,28.970927,97.99445865775913,11.731227322721201,9.988300888647963,6.907608463458967,24.444200212881768,8.014273861089467
2018-04-15,0.11797663602820198,33.229238,32.541782,31.04660523661084,194.976102,14.065917,19.87390756210268,174.730247,58.923953,8.131616383739672,79.788393,32.405041,17.302957990047545,135.317349,34.492112,11.190979989288099,76.355319,11.144896,12.93177325757409,104.619589,29.265473,97.35457623489981,11.287185925708032,8.35394098057878,7.293916986216184,24.230588219594527,9.250842183139858
2018-04-16,0.5568046721097732,33.388221,30.1533,30.540334211448084,192.882391,15.44931,22.453468667999473,183.913315,53.463265,8.712158174255718,83.744656,33.128803,17.85481260526404,139.820201,36.0874,11.240613653321674,76.446551,11.14089,14.422127286763128,113.79042,30.000817,97.59727012743133,10.93696438514612,9.197664977852058,7.965583295107657,23.342298824657323,8.411940352456497
2018-04-17,-0.44794391987901977,27.807857,30.472715,30.02681881456981,193.98995,15.357749,21.504753892169816,182.985375,55.051692,8.930679119420388,83.768066,30.638666,17.149774601182806,135.296538,33.271012,11.368747929777374,77.771875,10.138188,15.672274968444954,120.028696,26.792946,96.69341745961097,9.7965549663327,9.425048134895354,7.810616767683124,22.824530033672634,7.540241564234938
2018-04-18,-0.4881196068509187,25.284447,28.216407,28.305539173460552,186.233409,16.212153,22.979745481941485,188.600934,50.569817,9.538004721123285,89.425561,32.134176,17.289736510124115,136.325103,32.471836,12.532723293148182,84.853701,9.574112,17.422683991741774,128.920031,24.268196,96.46622304834837,8.906948191881336,9.699626124747509,6.964713423807781,24.87435297777125,8.547706738434101
2018-04-19,-0.898177810812454,24.213894,29.535567,27.077877869547468,178.197962,17.762456,22.368558026546385,184.857212,52.324266,9.021671839092962,86.546488,33.093389,16.979309894808996,132.785824,32.18399,11.653509553213453,82.687242,13.640594,17.346138328310843,129.789379,27.014099,96.37349092573105,9.07169102899208,9.46740671681929,8.343782886950265,23.83939802550867,8.422025529898356
2018-04-20,-0.40752051465663824,23.631177,25.963168,26.139946488994674,169.689464,20.106516,21.098843570098854,177.989508,57.253713,7.931027278147991,81.742889,36.358464,15.343489864885493,124.036878,36.235457,10.100686929505994,71.212116,13.412054,17.677265581036448,128.201108,27.044914,95.7571725608696,8.666719982392248,9.23705291056731,8.545165859934288,22.374579057381908,7.4988792880467505
2018-04-21,-0.8681290325948112,21.425209,26.428172,25.55250717909237,167.656466,20.399269,19.963576243099045,173.028827,57.980223,8.501420919791611,83.437725,34.444669,16.28083598518521,128.362709,34.537463,10.567615920120238,73.675305,12.774921,16.020719316699417,119.007759,26.681546,95.10666593599612,8.303661121203756,9.60699567042994,8.05267158777482,21.969329546624703,6.994093279604859
2018-04-22,-0.9499349719864078,19.029693,24.447665,25.69555240689895,168.780158,22.225091,20.08860957858887,172.705387,58.129624,8.824848220935916,84.253751,33.921063,15.489213700027356,123.949831,35.606809,10.642517682369078,70.84603,10.14623,14.500838248306438,114.016003,31.310199,95.20505010763678,7.622900755812881,10.737647200859683,7.33531653826415,20.504935371625656,5.52883210170799
2018-04-23,-1.6100739316985044,18.79541,27.803252,25.922092671814973,167.278071,22.252361,19.09754055624036,163.814068,56.969516,8.561774250087453,85.366231,37.465878,15.139296153808916,121.88832,37.188863,10.545658389251393,69.785651,10.786109,13.846063089540731,105.903576,28.439339,95.2096234076654,8.329108230165415,10.163818941143655,7.174965078987658,22.117054460138437,6.137108196905223
2018-04-24,-0.36885817474540866,25.622401,27.678625,27.67264698045023,176.128944,21.865965,21.056843472110344,174.461518,57.078768,8.190347970357903,88.713848,43.056218,14.926621678226445,125.661219,42.451791,11.959149604372294,77.070722,10.403661,13.601047837747565,109.80812,33.98819,95.91234462790896,9.561467603927182,10.356138887133145,7.818194112658486,22.304969301328576,6.945784212575426
2018-04-25,-0.7838379955082633,25.590049,29.977213,28.646221363787426,181.038533,20.704801,20.655490402755657,174.218748,58.609369,8.489712473368082,89.968894,42.451727,15.10674803524022,127.590589,43.037682,11.671926638807971,76.034671,10.706559,13.112374952653678,108.575618,35.185275,96.19641975019886,9.92799249400353,9.10991401132652,8.108259027944541,21.615616031977652,6.396501239503134
2018-04-26,1.0379171865837704,29.68626,23.990139,29.48112114387677,180.191785,18.398498,21.91571780180012,172.699199,52.425075,8.711484836126989,88.175826,40.366933,15.866370038811356,127.779748,40.704628,11.882909182099947,71.336909,6.123143,13.90390275047915,106.568261,30.263221,96.00819261507252,9.780630895310669,8.481104549580722,6.942123987860686,21.215794556295755,6.563017118019462
2018-04-27,-0.38282360867542137,28.92706,31.074378,28.947864208033003,181.61256,19.239424,22.920417006922744,178.026778,49.462544,9.25642433174441,88.629806,36.709062,15.859788838314214,128.745361,39.785304,11.396001180726294,71.490961,7.568993,13.040323637039752,101.782119,28.636887,95.86686590798877,10.697049538482224,7.733660946157171,6.826204380646299,20.32596758573585,7.020409830800764
2018-04-28,-0.5427680118147866,29.63511,32.740466,30.39323320095175,191.482452,17.592674,25.22651836106257,191.632574,47.303287,8.582015326881894,88.051465,38.950906,18.332558714766847,141.508528,36.621873,10.360749891177877,71.963533,12.686243,14.93126755285086,112.801789,27.37505,95.58925090243102,10.902282176768834,8.162487322598151,6.950844651296509,21.58964744295621,7.4105190759590265
2018-04-29,-0.22700927710692398,33.122111,34.421136,31.074778434777674,191.062036,13.241488,27.01335288481114,198.16184,43.582163,9.533237313344449,90.355791,35.803335,19.299435311922032,144.079895,33.641902,12.510708834219997,84.276813,12.686243,16.72338413716578,120.09095,24.394006,95.96754265297714,11.803424626103736,7.406416095037346,7.67184617131049,23.22104016818998,8.390527284047588
2018-04-30,0.31153238701109753,33.915948,32.129619,30.952985034187325,189.301128,11.816484,26.044221191930944,192.913838,43.576082,10.324596618585433,88.989385,29.788072,18.632181351089162,139.505179,32.668114,11.287207172332616,79.240643,14.519714,17.401189907087943,122.34956,22.571009,94.90611082857066,11.5182215252685,6.531423426704495,7.141543152815206,21.49110914290839,7.533328837582795
2018-05-01,0.032884565809377556,31.253597,31.066044,28.593899427978663,178.087291,15.005569,24.447410318131165,183.420173,43.987432,9.636907635182757,84.093389,29.130494,17.392274673421948,131.08408,31.889421,9.287122795165896,68.857203,15.889262,17.068191283550746,122.123974,24.777684,94.7468855404043,10.926801147842527,6.504567572965415,6.818240985703573,20.81166934661217,7.5420421090062435
2018-05-02,-0.017832348410489002,32.782653,32.882358,28.12324367107053,175.031274,17.787374,24.52162563526255,183.135914,46.029537,8.620254516625959,82.12248,33.924539,17.028813723361836,126.574917,31.362675,9.224192276173104,67.685614,16.11091,16.321286661644123,119.687929,28.431643,94.51967104318754,11.744259109679467,7.437008224099164,7.015783848779625,20.372721639600673,7.931979523309537
2018-05-03,-1.0173045430768894,30.073167,35.894148,28.07509670528377,180.2882,19.643479,23.730953223707324,187.98032,52.192636,9.239825812915972,86.880791,34.010831,17.07747353037379,130.655336,32.93863,9.50200585025947,72.234501,17.864356,15.77522998519699,123.09263,32.827316,94.77545739134116,11.528786856387994,8.106081725235855,6.719106099532055,20.21317708127684,7.722867393067123
2018-05-04,-1.4081315469441462,28.498207,36.394436,28.740425161505296,183.679729,22.515114,23.785388194202273,188.144388,54.765605,9.666674506036928,91.516531,37.309752,18.546638425246133,137.116652,33.114647,9.851363364213176,75.018235,19.775796,16.398454632572783,127.078778,35.122914,95.74035012753278,11.572280613047601,8.474057876037685,7.729496209111657,21.139501579543943,8.291584406777803
2018-05-05,-2.6233575176774657,27.821032,42.460375,27.719752223657807,179.379459,24.69259,20.9480244645375,181.850034,64.952008,8.685087395755788,88.911999,40.445874,15.24925597148753,126.012206,40.915498,11.025837672332624,76.186957,14.658546,15.13197318781055,121.820885,37.37866,95.95969812301063,12.59436693343408,8.037695597686316,8.351516280708598,20.25752936232388,8.689562535609332
2018-05-06,-4.430838611466219,23.63648,47.917943,26.41824801806872,175.404425,30.629639,17.703471799408735,169.272182,72.255289,7.071308767817168,87.090645,48.339127,13.58586602682351,121.575065,47.123086,9.17633028994849,66.068374,15.781116,13.147927741807031,115.52891,43.476879,95.59908946205341,13.057125110195644,8.148498798332438,7.997565754888416,19.383597851142824,7.744579019043665
2018-05-07,-4.978364872708103,25.124605,52.705401,27.255770061154273,182.778239,31.777689,20.832671608666097,184.357196,68.941456,6.874951265822754,90.139311,52.051177,15.453763896134529,133.349585,47.733701,10.246475756480647,71.079041,14.312218,13.784623007205917,123.240128,46.871504,96.38092416467177,14.04840411107282,8.715914430399197,9.827188415703109,19.757684307236538,7.92545033980773
2018-05-08,-5.84802242100377,20.031394,51.489863,27.90223695587447,177.997887,27.90242,21.171208288525595,175.778916,61.891904,7.510480283310285,88.74594,48.344554,17.836224961758933,136.708845,40.761824,10.44796964793344,70.342881,14.139757,13.868600743317963,113.698843,39.095,96.07491505817373,13.295558487425845,7.708416290465549,9.036640431736377,20.678889028530286,7.452898067945779
2018-05-09,-5.1775536197343115,23.225299,52.070692,28.056777035109654,181.375444,25.06441,21.355069861792206,178.036075,59.061859,7.586054309950514,86.101864,43.838136,18.519530295432407,141.74862,38.571875,9.192215282550107,66.620862,15.408826,14.842980804071793,115.338142,32.644336,95.87482218320726,13.515122874336713,7.096548548518422,8.885479071387458,19.69690843537621,7.0117862669505895
2018-05-10,-4.452898501333752,26.865797,51.51178,29.061202111241936,186.326486,25.47802,21.255514984815083,177.263273,59.617865,7.814374132858804,86.824009,43.57287,18.073647244826777,139.368005,39.333656,9.81094057825442,68.90938,14.607609,15.49195966794247,119.083807,33.338629,96.01682895429599,14.160822685038399,7.687498417405067,9.232535476030689,20.39764884412054,6.827249903906055
2018-05-11,-4.506084064880268,26.584367,51.586627,27.899554515629344,176.378601,21.576359,18.876144722373315,168.729328,63.993981,6.308500028579508,80.623917,45.620851,16.336967344864437,132.282869,41.63629,9.420701084924607,64.628267,12.356979,14.345258348791488,110.800183,31.204713,94.63680014550813,14.08852921292919,8.125091211793743,8.805374327974933,19.534697680489323,5.4714208032556515
2018-05-12,-4.243637207898039,28.344685,51.263459,27.626872422239007,173.822321,24.616813,19.674438400394255,165.488569,59.232076,7.222851179439668,83.145298,44.136569,16.789953884638326,127.166007,36.48786,9.204345820644559,62.067242,12.356979,14.758525329768338,112.197828,32.490895,95.1521381808113,14.740233571398932,8.597568410230135,8.829921457220022,19.832104436536017,4.852911869475326
2018-05-13,-3.2649498825080006,29.722596,47.218639,28.197441014111547,174.361683,23.258708,19.402375308649532,166.42631,62.453874,7.213680031741744,76.019953,37.363661,17.89072812868708,128.148367,32.276467,10.082376147651509,65.857776,11.828865,16.66254530582686,117.614011,28.323633,95.23237313015552,14.358062344340969,9.12977729610638,9.600788639465362,20.386794467170112,5.403706627134048
2018-05-14,-3.3168625725672527,26.388641,43.723492,27.027806476650884,162.703413,21.448541,18.141283732404407,156.536598,61.725178,8.143360046906329,75.711028,33.151552,16.848492952981232,118.636685,30.581751,9.836484942403214,62.315021,10.906801,15.639245159856104,106.181158,24.446091,94.74543357472226,13.41530480017148,8.807976811741684,7.960888751082762,21.09053355381752,5.2607377369638355
2018-05-15,-3.9620386002936825,28.268646,49.787016,27.74766850429085,173.104625,22.403267,19.539704648302774,171.120277,64.997486,8.91036038671159,82.874912,34.481534,14.963876028084202,114.965213,33.694369,10.504912464093973,68.796737,11.74313,15.46333195405157,111.247718,27.264261,95.82593890101678,14.371885315452648,8.428652313519358,8.155419783015997,21.615340988301693,5.8023748063545035
2018-05-16,-4.744529436694469,25.064527,50.335339,26.711229001963844,166.024331,23.752172,18.7632618666819,165.650315,65.711455,8.61697554532192,83.678913,37.782271,13.924463705726334,109.102037,34.936093,10.994463959786128,68.657996,10.098125,14.002171418925286,106.423914,31.844075,95.422804570622,14.156129362199302,8.021722202312235,8.188441712364197,22.814202251765803,6.007722906995844
2018-05-17,-6.676833190968382,19.924573,55.73431,25.048026472657785,157.381476,23.041855,16.83624480762399,160.024332,69.726809,6.055656603349077,75.391515,42.913323,13.041607812929968,105.737001,35.791185,11.253990527881394,69.624107,9.265786,11.774399332963618,96.727118,33.577698,94.41954722922384,14.106826341840865,7.304914692844977,7.9403426297025765,22.456183291332117,5.94651969108033
2018-05-18,-5.460770108610187,22.488223,52.523402,27.196931174212786,171.210898,21.623078,19.446772250113824,170.696217,63.73561,7.85332077460054,82.505595,39.310974,13.947114453910354,106.684315,29.972776,12.559222957934868,76.669641,7.591745,13.008234490438078,103.321616,31.774079,95.62783969716617,13.638048889213433,7.102443633061445,6.964488875436705,23.29524027532546,6.80405846015644
2018-05-19,-4.833005676069958,20.555548,47.937253,26.65098581651994,171.647337,20.65446,20.7361885402408,179.198252,61.71604,7.890906127937029,84.075356,39.368919,14.972050039808746,118.289972,33.464858,11.53096923042312,72.921194,7.591745,11.194008274995488,97.809309,34.388934,95.2368295549272,12.08931642507032,5.932064752694137,6.288310635783045,22.587527298824714,7.1880820657935445
2018-05-20,-3.781197775024043,24.173833,46.093862,26.993790820893377,173.836939,17.350896,23.1397207326593,188.62968,54.486115,10.266999250400957,95.341378,35.822428,14.814060371534655,118.287423,32.408648,10.840520461658173,69.841006,6.997289,11.224072098527985,97.390205,32.322996,94.98946935225354,12.121154218822797,6.282674316139245,5.170878923752753,22.01084701041675,7.365310709260978
2018-05-21,-3.8605408014440443,20.771637,43.180733,26.123931325475162,169.057546,17.417215,21.013643258819084,183.376702,61.399815,8.593317177705138,91.363302,41.482086,14.048285509372729,112.698179,31.15277,10.674178862018712,69.137096,7.177202,10.820952862526713,95.965673,33.153807,94.92754624259535,11.017433890864945,5.776598980731666,4.58879410209883,20.251297130725682,7.365026668101586
2018-05-22,-2.4074856763980623,23.692222,37.274939,27.0290957255161,170.116987,17.62239,20.393532408347184,178.12073,63.063107,8.162461964616064,90.200836,44.149301,14.861867786437585,113.071862,29.223162,10.724954805529178,65.810898,5.302116,11.119340477332132,95.347432,32.613578,94.51908753806862,10.806200765145482,6.488332122962992,4.199731888457339,20.04415026884047,7.180581361502017
2018-05-23,-1.5450791817918377,24.850477,33.554163,27.133676620039793,171.480868,18.63239,20.27051091075617,180.447978,66.260845,7.671597023443848,85.233306,42.017934,14.128622846557404,110.936867,31.348003,11.11117156656632,67.904056,5.312993,11.234694132926359,97.817755,34.530869,95.42675282748951,10.367997350093606,6.20898391504959,4.2194284945694704,20.066493099113934,6.902109003013017
2018-05-24,-0.458761137064354,26.634037,29.332988,27.809932425569357,185.301669,21.692246,22.111089110536277,195.124666,65.042274,9.507983753904051,94.815592,38.878896,14.819716067730493,122.822257,35.635954,10.712065776846432,67.69154,4.671074,13.295566617269088,111.407455,33.18792,95.57656197689668,9.513139003675546,6.187621811345901,4.240157156775368,20.83011263371713,7.361415360812981
2018-05-25,-1.3508906474456155,23.812165,31.610277,26.902781186643104,176.276421,20.97821,20.400367124466335,187.543167,69.780602,7.808126572207855,86.452026,41.379062,15.396958825037343,125.042746,36.16271,10.309582219126574,64.07926,4.566466,13.45515468742959,109.337852,31.667018,95.42871008528651,9.600998107798025,6.009019859811613,4.211314256242297,20.87642451066175,7.388090325862037
2018-05-26,-0.29252938299295084,26.738173,28.375368,29.332508428448183,183.397477,19.232648,20.574630272472067,183.297132,68.147394,8.559617958889651,87.506089,39.600598,16.747244147971756,121.790089,28.061028,10.972911083544599,65.9784,4.566466,15.665728876518198,113.428368,25.752208,95.99890999774125,9.847531994225903,6.042266819112845,4.608198961469276,22.025140182743694,7.21738481059768
2018-05-27,-1.8168839007057518,21.367646,31.779493,28.518266461306446,184.567764,21.140796,19.318096211269022,177.956281,67.25187,6.971184256831921,84.752904,44.803789,15.84614932226713,120.3205,29.512451,10.045823996501928,62.135132,4.566466,15.41384587820612,113.247497,24.916809,96.00578013496782,9.274260485932112,4.8587126291115705,4.66553552522913,21.824224763972502,6.107392814659883
2018-05-28,-1.8103289749075397,28.903249,39.530268,29.274655370842783,195.075868,23.227368,19.846346392656727,181.573124,65.070818,6.343337436056934,82.308216,45.071466,15.069584308257994,122.080083,33.618394,10.321880788310848,65.559264,4.967612,15.940646718606665,120.505466,26.930454,96.0441663809247,11.657754510453747,4.871911762648637,5.651375813150044,21.44170910912642,6.47854374406244
2018-05-29,-2.499419047978696,28.436603,43.513948,27.45869687248056,190.022665,24.382475,18.47782712770922,178.55197,67.087438,5.664608117732361,77.81076,43.639919,15.08183441522973,132.571085,41.592335,10.161974960362809,66.351036,5.05055,15.281421480931828,122.511359,30.328632,95.82035895922178,11.92746983517076,5.3768055307494445,5.950206419074735,20.135939623295094,6.254579524847058
2018-05-30,-3.9062994640421698,25.738818,49.258435,26.54235973836741,185.570224,25.760117,17.86463193337779,174.781604,67.219625,5.635103459519484,80.081049,46.152397,15.213982223400585,132.371732,40.769171,9.93103058555896,63.231049,3.436853,15.468288452645757,122.127763,28.994038,95.59435489412509,12.456058667899866,6.452285549673226,6.136895394793387,20.088846474584805,5.855727936799483
2018-05-31,-4.772122682172528,25.005508,52.32868,25.89821051468672,168.765412,20.483126,17.06950501321929,163.947871,66.215048,4.385766915038926,72.435131,47.32407,13.83359026390963,116.868662,37.663329,10.26247351364579,62.120254,3.361637,13.832802221527801,106.880838,27.680017,95.87656771312325,13.506785839586799,6.337470892339477,6.048431198515459,18.80309852535858,5.356905669709592
2018-06-01,-3.1529749643978264,28.559394,46.637435,27.016435977515663,174.869048,19.966379,19.723890712261483,173.134537,60.044738,6.658982910731321,78.652769,40.472521,15.18756358988697,121.600361,34.520254,11.443965618391145,68.324639,2.708996,14.420571118697273,110.843094,28.16065,95.96297074231964,13.115011700609838,6.507539298396013,7.250910497940281,19.62154936751157,5.9330866315369875
2018-06-02,-3.356562976632136,28.04173,47.738685,24.70812788886907,167.914168,22.922137,18.65372070240991,170.381386,60.917777,4.599098730874795,70.637055,43.648662,14.130886180831482,123.458789,40.53604,11.18331512585044,68.334833,2.708996,13.9484327003155,112.871563,31.019486,94.7378936172109,12.913759276132716,6.552001189736184,7.441064510554418,19.79193334805337,6.7181048294656085
2018-06-03,-2.190555950729116,30.882163,43.563299,27.320995715347184,178.914498,20.753159,20.189021410277373,178.122575,61.24826,4.640658817915685,69.084762,42.219972,14.709930204964964,123.803972,38.648135,12.675671103026648,77.008785,3.629281,13.998918021032036,111.930021,30.890236,95.0063698959918,12.859806076433394,7.767627059308016,8.072164620761574,20.630021145936535,7.346900242918665
2018-06-04,-1.8030521750586461,27.708974,38.083088,26.89863457214373,176.514478,21.749405,19.389328929030807,175.434676,63.875448,5.849662497769305,72.553245,38.89639,16.20972706968697,130.348711,37.083769,12.113468180908187,71.947952,2.251411,11.859530521344757,105.430987,37.195512,95.35507457470635,11.434858002398409,8.930204987486105,7.695090973610692,21.37085436841397,6.418115637252823
2018-06-05,-1.0940404743208911,26.27037,32.484642,27.791001451818303,178.099804,20.243814,19.557404964442238,174.536917,63.448674,6.731569487593219,74.517012,36.280946,15.169195064461064,117.909905,31.747184,11.727203719505786,68.075846,1.46402,12.032420433372435,104.075728,35.730237,95.84211163061988,10.34398899777957,8.368409683414654,7.835166992431686,20.67001373587446,6.1752034833695815
2018-06-06,-0.11560405154121833,31.424092,32.081929,30.029340566504086,187.493132,16.61321,22.257414707201363,185.065849,58.411543,8.360793623746025,83.256791,35.680263,16.923917402721646,129.831689,33.527287,14.265990049033272,83.799357,2.61971,13.704033070740207,110.921623,32.939754,96.07692547703826,11.16014046771721,8.389857146260098,8.522854604686827,21.253894245165448,7.588516411508683
2018-06-07,0.8712906845026701,33.617432,28.679189,31.286928962342227,193.395436,16.069475,22.62857020520501,184.91596,56.663265,8.941955036047355,81.753622,31.073008,17.58573688925899,130.509252,30.83799,13.748303501605996,82.209461,4.287747,14.355382553445034,111.68319,30.320714,95.98579276062725,10.991452942533087,8.496304723625443,9.098690717444235,22.102200671046425,7.791085022593089
2018-06-08,1.291120083432609,34.544204,27.255006,29.984936975461068,185.818297,16.534165,22.825903883320862,180.773278,51.906463,7.861052109622283,79.463095,35.082432,15.795037149275226,120.798796,31.625717,13.745177100481598,82.443452,4.843143,14.520507038859453,112.86271,30.885168,95.55936491073037,10.946362161004455,7.964878264942151,8.018128392295315,21.162510090885938,7.792087198036047
2018-06-09,1.6180936182343781,35.995162,27.101856,30.31885993086562,181.705391,15.068,22.813566460511872,173.948528,48.561452,9.514689360103985,83.533258,31.238976,15.630955387833733,117.783998,31.873722,13.619254799261471,79.696785,4.843143,14.04034039508251,107.949384,30.781387,96.48190008227976,11.480194446859212,7.74280735783805,7.531342916927372,20.420190498613742,7.510955966346433
2018-06-10,0.46777961921685646,33.75243,31.131417,27.92157272574718,176.74384,20.296654,21.113751442189894,171.969943,53.667617,9.806862730949693,86.994766,32.045996,15.383107412722477,124.30373,38.110739,12.014495128139588,73.34932,6.030979,13.380930086975773,111.804189,36.829585,96.1688628718647,11.580004083529841,6.920012876743615,7.057408760555389,19.53653042834576,6.532180699133133
2018-06-11,-0.6148226274891131,31.666784,35.091509,28.39220150144883,177.16513,19.013042,22.4031285146779,176.836475,52.045111,9.438569338027156,85.927626,33.352293,15.497976679766834,124.124964,37.797126,10.927076242221046,69.797196,8.930485,13.005932252710428,107.340943,34.894453,96.28820859020307,11.984760560029793,6.010803011948591,6.843180098147789,19.967683728142013,7.158108738186329
2018-06-12,-1.1482845441729324,32.016937,38.467832,27.884476536429503,177.771135,21.120215,23.340486307790478,185.106239,53.982793,8.650941693115215,86.826505,38.226777,15.665546648847,130.08314,42.076385,11.549627347297756,78.736116,13.851995,13.18597298487677,111.621339,37.544467,95.66806298334481,12.54656459953222,6.4880485583706164,6.999647999044589,21.68529219200598,7.929616441603297
2018-06-13,-0.8361672284650423,29.627706,34.261281,27.3718929665164,172.850359,21.17051,22.660063768381296,180.675779,55.106274,8.400114060495065,79.610642,33.061869,15.936774148643368,127.095262,38.782499,8.732260618612795,65.04997,16.660625,12.74351771780985,108.44222,37.824713,95.40636487554642,11.529300203240297,5.669760507518133,6.043248987378356,20.855655284951965,7.237254807538615
2018-06-14,-1.5004854851264666,27.943718,36.420299,25.706413682091956,169.646421,24.425091,22.73821375223219,183.749939,55.29664,7.606279359079375,78.692181,35.722593,15.383170775447825,126.487152,39.58415,8.456816644845652,63.566186,15.791721,13.623823792103156,114.351824,37.38777,94.56880832404501,11.39342304083842,4.883836476425789,5.726274244962486,19.919103991738453,6.569221994903553
2018-06-15,-2.5449045396476957,23.620562,37.915876,26.174590733996922,173.621216,26.592521,21.29005899073083,180.824773,61.233616,8.278537181836395,83.21627,36.713823,15.518484515664166,129.416453,42.245557,6.969982419893634,55.541689,16.389695,12.428428179266541,108.317005,38.503666,95.23580835425832,10.954943726311223,5.454636408466775,6.527516823483433,19.742450636189464,5.4448267691088565
2018-06-16,-4.797937186396166,20.062358,48.08622,28.44005225579242,193.942004,27.828929,20.1748951566207,188.295273,70.457449,6.659758794710196,78.795285,39.896868,15.220525683207386,133.277799,44.377529,7.626736228469524,61.555096,17.008743,11.983777043952065,113.441391,43.44637,94.93998824331817,11.667649397724688,6.127392820949093,7.0919454217438975,20.053531436382553,5.09786794828103
2018-06-17,-5.189385132225137,20.895899,51.150707,28.089571458662387,189.506216,25.740265,20.85137474416795,186.326067,64.759769,5.775510134632459,75.009129,41.337134,16.862519929818145,136.255551,37.944809,7.943841793481544,64.66882,18.355162,11.85883895063068,109.000688,39.862074,95.66369104811645,12.357625472410284,8.064430456230308,7.200380942221585,20.741201280352165,6.289604710731254
2018-06-18,-4.485740040797739,21.319531,47.563532,27.56247462755523,187.04071,25.785353,20.73048872200833,184.406305,63.121754,4.903543192325014,69.973917,41.285542,16.026992367070232,130.935544,37.168986,8.068718095807597,62.662013,15.455656,12.90111554628015,110.753099,35.274608,95.238925369055,11.773795993678451,8.656248660593697,6.9229804139032725,20.4683537684047,6.185516335630892
2018-06-19,-4.235420532365463,25.566695,50.442873,28.521872204839948,192.315271,24.795856,21.172676069509926,185.374617,61.019726,6.546371073522887,77.12563,38.676392,17.88545241731475,138.404856,33.357035,8.36948488719601,59.6912,10.534146,14.037037517044398,115.107136,32.662467,95.81487055519665,12.941396582844398,8.612021079453386,8.017694662185166,20.481461099708074,5.674098960400007
2018-06-20,-5.234760320384926,21.682225,52.740297,28.136745537872702,196.364138,29.427542,19.12412873626865,182.010227,68.545898,5.690391231541609,79.70863,45.947279,17.491349796893356,137.239335,33.462358,8.9368218346056,61.426068,8.403496,13.607647004017831,114.098033,33.363242,96.21381272160984,12.54372985897432,8.88936273583305,8.236817951608348,20.21522703063101,6.017595354221495
2018-06-21,-5.42654899239575,22.412183,53.325779,29.101378863674952,194.926515,29.143755,18.47452251541973,175.487341,70.242935,6.967541231397167,84.604971,44.912755,18.566620052749432,137.589462,31.820401,9.68295993935035,62.762701,7.601472,14.21025250137573,113.627275,32.675273,97.11816132032173,13.294983908607968,9.815269126933655,9.096257787357118,21.58118008613475,7.28775832399899
2018-06-22,-5.674150882793314,23.653072,56.000608,28.739012404293092,191.405332,27.568265,19.31790307830662,178.666831,68.538183,7.263903317537218,81.489739,40.079248,18.410620737067024,135.72556,30.769201,10.200526733572287,64.59987,6.4481020000000004,14.797359330737953,115.456511,31.098847,97.22778776230565,13.97222337706761,10.115301511921363,8.1827907513024,22.70941984460438,7.872424910368733
2018-06-23,-3.932823642314682,25.135016,47.810141,28.080883647648964,188.804511,26.901104,21.456305518274785,187.000324,63.291647,9.23185412242485,91.200832,37.973567,18.859827689923243,139.640671,30.902271,11.46313638335761,71.921021,5.829054,15.703714136958858,118.014854,27.473372,97.30931010118495,12.651768757259607,10.892941323959718,7.726192815409603,22.35594814599139,8.223284067381874
2018-06-24,-3.7909373342940955,25.863089,47.073394,28.902942461440766,186.041609,24.329565,20.41820604629546,179.384576,65.144656,10.05467503966218,88.151751,31.895816,16.546376169820682,128.117489,35.540468,12.186689343569231,70.559075,2.374514,16.496061985884978,117.113316,24.817803,96.83787682822964,13.036004736226406,8.640834639081861,7.710285328186075,21.75068688080013,8.03753860498515
2018-06-25,-3.8251282025410616,27.997678,49.485417,29.87821037636803,192.152939,24.311457,20.65656481378408,178.903664,62.864972,11.174193936205947,93.993307,31.222035,16.97999127821726,132.307847,36.922385,13.463688075120878,78.548814,2.91626,16.90779039437049,120.459116,25.479244,97.40273666538825,13.793111127451258,9.153615913507018,7.847493397826499,23.078672603012098,8.246743867240834
2018-06-26,-3.705009715466186,23.035575,43.982424,30.598632217361697,196.942539,23.94841,19.26832536715422,177.380076,68.4436,11.66546645796583,97.046791,31.094261,16.52986656445834,127.8894,34.435227,13.168109273695027,77.364215,2.91626,16.28889362737662,116.987267,24.895472,96.8751232499018,11.853923108249031,9.82587121215565,5.96060376949525,23.33685722442359,9.274733115067239
2018-06-27,-2.605069349893052,24.341587,39.072242,30.163272791867467,189.754688,19.1931,20.36175833025316,174.702376,59.564544,11.403005751344763,91.313422,26.833855,15.301617734846099,119.010511,32.485808,13.478010211509739,79.029721,2.81681,15.588836054175154,109.12763700000001,20.978826,96.2031838700373,11.214533385464472,9.725414980147901,5.114160398918019,23.781582156663333,8.920351178292982
2018-06-28,-1.592947362801003,27.262935,36.427299,30.156749320015436,190.995364,17.500976,21.035058933895538,175.575148,54.558634,11.251271604376983,90.047972,25.318433,14.508129455351904,118.487966,35.021442,12.72785777607252,77.398374,4.173907,14.96131575646806,106.590153,20.516409,96.0008273958654,11.07061988005701,10.142794097941012,4.41531253035979,23.70799996242712,8.613601208278022
2018-06-29,-0.1680304920307507,30.647277,31.620324,29.801260716265958,189.077469,16.501486,19.712937379987686,166.645122,52.489564,9.697438878614312,85.565601,29.408747,15.295259918855589,121.523198,32.949948,12.027607896449343,73.824526,4.173907,13.913686176799834,101.419256,20.846555,95.86434455667892,10.752672413156255,10.460905960970756,4.8117830096250165,22.926134265613346,8.901460243614348
2018-06-30,0.6325376057635995,32.082928,28.556991,29.315872720704604,176.45652,13.041856,19.36653140279813,158.117832,50.163508,10.50916091467096,83.288044,24.707117,15.4322696884718,116.622026,30.598349,10.117243944655142,62.614813,6.218538,14.413089702307758,98.113796,17.771306,95.8328049310499,10.878535032803645,11.096908998814236,5.047250892126725,23.436040541060525,8.570287107939448
2018-07-01,1.9304149941554067,33.169289,22.180252,29.534216865614155,182.957115,14.831296,19.408951500760594,162.600265,52.113304,10.209803344057052,87.187596,29.067499,16.89749900849835,123.504799,27.314476,10.101470871142393,63.721944,6.218538,14.455274734668876,102.868302,20.58053,94.64402392538697,9.723107117213225,12.362832258804268,5.484228697864093,23.299909142036597,8.580664528218843
2018-07-02,1.9447829820609428,29.390618,18.555873,27.91302266307959,167.75185,12.243248,17.07609114226802,149.904831,54.770775,9.373476513415117,81.318546,29.097178,16.199217128795194,116.829635,26.580806,9.110074363717906,57.097365,6.343459,13.901259886452156,98.056694,20.610209,93.90433122607354,8.606157297318779,11.699023579294069,5.205747804515399,21.4816177514563,8.350860784616614
2018-07-03,2.943633822629505,32.425415,16.401542,26.679505205180913,156.708492,11.476772,17.244665738324695,145.941112,52.068589,7.112529664179566,68.639766,29.922222,16.01715501076654,112.320286,25.129802,8.69079723861739,53.652411,6.343459,12.83069666106833,88.769199,18.92442,93.61508381949848,8.969659337744156,11.027833593694396,6.228988140706342,20.537875932243217,7.285584336299149
2018-07-04,2.8499727440705964,34.090608,18.423455,26.66354906304864,155.968231,9.390723,15.447035042611216,141.494847,56.577873,8.078061073495427,74.6462,30.238681,15.274338240317439,115.001172,31.033564,7.653491135039612,48.13231,6.058779,13.508571892840965,93.490971,19.230309,93.75143056611196,9.552702282948673,11.840393465646597,6.251826487800945,20.100740959482497,7.0195438369478325
2018-07-05,2.485939768671879,35.653956,21.567763,27.089999325402907,165.550426,12.049137,16.030928754297133,154.14592,63.309143,8.173370127773277,80.537975,34.224838,16.612652573543766,125.708177,31.575152,7.6717000256911625,51.383927,7.913426,13.300941378395537,102.711116,27.34339,94.16957958924228,10.098523205941254,11.906843480813317,7.9718790520221114,20.767707191862335,7.486378102357952
2018-07-06,1.2264786737683349,32.329748,25.404078,26.090896604173324,163.263657,15.93379,16.82375293711676,158.872144,63.87191,9.73984604139919,86.31792,31.319035,16.16192955489455,123.690558,32.427503,8.589386813312478,60.087118,11.584637,13.906635587569177,107.706997,29.179118,92.85313204637359,10.224181392421494,10.94875473924617,7.916267105732244,20.21765869780049,7.6864390913295235
2018-07-07,-0.065113751418911,33.08229,33.458567,25.8712347544993,170.543507,21.039748,16.054989032637355,164.593943,71.815951,7.57777879545023,86.328476,42.538281,16.053713500352075,125.361824,32.591203,9.184382225571989,64.256528,11.182151,11.933578439497293,106.965559,38.004226,92.80745410477019,11.514721393811698,9.89970647633097,7.786937018275444,19.25970082363426,7.780507269585726
2018-07-08,-0.7648857885075975,31.952134,36.305539,25.433394869548962,165.930787,21.174707,16.14032239742586,163.155689,71.29183,7.937946395093062,84.9534,39.773981,15.653539056626927,123.430464,34.337169,9.54912759634933,65.531729,11.182151,10.723641811062633,100.969765,39.935351,94.21306181032956,11.992756022997796,8.91371510328559,7.6038174542477535,18.898359389511857,7.713485863409182
2018-07-09,-0.689176576390264,36.862696,40.796667,28.084430884465412,183.500702,23.188613,20.06627723698595,184.855097,70.312387,9.808206823870686,97.012669,41.025274,17.7048236190297,133.17289,32.109875,10.119734801707207,69.360489,11.594824,13.056936626952442,110.456041,35.924184,94.51931475827597,13.604831839631949,9.065603603085147,8.99726845635791,20.734518037302088,8.513483254869723
2018-07-10,-1.7568902612462731,37.687909,47.919161,28.252526462651574,187.632099,23.103486,20.261664113869482,185.029034,67.035215,9.961124604550372,98.302122,40.293504,16.720990833402276,133.552341,36.177636,11.234105778594634,77.827506,12.405681,13.769410276504654,118.938952,38.752779,94.48749169848585,14.70027593659387,8.99535588462836,9.002938952070805,21.786903169855957,8.84501418870737
2018-07-11,-2.865063587627477,36.474939,52.916593,29.105601586586488,194.794371,27.766933,21.802506937740123,194.805359,69.68797,9.704304403753605,99.284083,43.594284,17.935524759166142,140.75421,37.828155,11.145008648903211,77.298906,13.341381,14.376712774959014,126.872473,44.369265,94.16675485202684,15.57704738072194,8.05275269155404,9.345525094714283,22.760788935716157,8.862314511545415
2018-07-12,-3.1620698198522303,33.290127,50.953048,27.26175641531482,179.310562,27.029848,21.068314515511435,180.329032,62.644099,8.523049569127528,90.884809,43.276135,17.322668073892793,133.34073,36.578503,11.703926833512538,74.965444,9.588793,14.451977586787962,120.354773,39.627859,93.8043342759887,15.08146932186527,7.564340370505869,7.826007965329425,21.92004151444054,8.169360909121107
2018-07-13,-2.7295450012438613,35.845279,51.053887,28.00661451003291,182.430925,26.382345,21.11058599502328,182.653619,65.028657,7.588178672490977,87.558125,45.277952,17.249135606249883,133.632677,37.523127,11.308493822835043,70.218453,7.209252,14.01827123288798,117.762638,39.654971,95.12422766817664,15.596114001199874,8.083655637570484,7.846055803266339,22.325506040607014,7.175352033874466
2018-07-14,-0.9660390590386728,37.063747,42.385478,28.452861834423075,179.365799,22.624231,22.437991552579774,178.228001,54.621244,10.111906886931605,91.042836,35.338206,17.671091714677047,132.355367,35.008582,10.964960133825935,67.436534,7.032591,16.682831726535422,122.482795,30.580152,95.54906735704905,14.422197318945997,8.553368412283529,7.904591744944897,22.776129393593276,6.538737339755844
2018-07-15,-0.06485895805347411,43.786445,44.148092,29.44510915738411,185.090667,20.907712,23.237457093040135,179.989771,50.420057,10.200618393194318,93.371461,36.493843,17.948343364992184,132.697621,32.619471,10.564065076207322,67.166311,8.262151,18.338868372008047,128.814632,26.558954,94.74810520285948,15.770468016421265,9.658912742754284,7.290998801644363,24.416261800265275,6.010872496056918
2018-07-16,-0.29541030696125065,39.138454,40.817897,27.97129932098089,179.161319,20.14113,21.298756261048744,170.393098,49.307116,8.569461380836147,87.696362,38.977947,16.434285198050837,126.973912,33.543031,11.461556434909633,72.343133,7.182811,17.800416819708733,127.756457,26.558954,94.28584078135134,14.064145191239898,8.880402055200296,5.7098778665149865,24.336812178198848,5.387387215768196
2018-07-17,0.24757939630066284,36.68939,35.302555,27.578982274382064,177.254526,22.768739,21.634905588788687,172.627115,51.43753,9.046766276679035,89.015947,38.339791,17.65815478537785,132.767,33.85349,11.92299748871246,73.15954,6.371954,18.981240815945323,130.257735,23.932857,94.92721834131993,12.852085707103194,9.794756022616268,5.742241194911834,24.478185007618183,5.29957601456
2018-07-18,1.1631299502846044,36.317236,29.78896,26.83738906025821,168.734964,18.105292,21.742534745194146,166.775583,44.741697,9.095069670302342,86.145189,35.097475,18.081195481412657,128.990791,27.50683,12.392705486627957,74.148701,4.592413,19.061710347126127,126.54319,19.555913,95.64292427427297,11.778009457165153,9.78597492846118,5.733438755107894,23.90680482465148,4.536194975754024
2018-07-19,1.9264105580318238,37.123662,26.02144,29.169677692989204,184.48496,16.375293,23.515560082736137,181.434805,45.910751,9.373116947258001,85.338649,31.319829,20.271560155994493,141.844231,25.015884,11.883714487753565,74.691331,6.203523,20.087593014536342,134.243081,18.474967,96.128082259244,10.956670762014703,9.561027234505456,5.55714520096904,24.436408081007503,4.442963333142784
2018-07-20,2.361608091263178,40.759122,26.893149,30.18180701399105,193.778602,16.568792,22.193945205891666,181.725739,51.415953,9.876628576439387,89.987173,31.997422,20.02606906345386,145.423016,27.841723,11.562576313633773,74.314312,6.425668,20.660564358941187,141.027802,19.721126,95.87374980701829,11.52231802167286,8.918072535586562,6.2306119662666335,24.769743869802046,4.6972716547135445
2018-07-21,1.0424963095091802,35.210562,29.185198,28.947626509241896,187.018835,19.708903,22.122976917193725,183.994216,56.129026,8.547144973904148,82.146433,32.746105,18.57430063035364,137.951256,30.596514,11.30109275457241,71.079092,5.761645,19.536560543597027,136.698017,23.781657,96.21314906475511,11.141624331416136,8.567855399157223,5.862482589460175,23.70553691379095,4.705940613183889
2018-07-22,-0.09513588483481632,27.900916,28.44306,28.15018159933104,180.49463,20.077222,21.640739822871954,177.427684,54.105162,7.303518024800574,78.081134,36.461103,17.296070407349397,130.817274,32.253406,10.319976994040646,65.327113,6.517405,19.27056117168922,130.015651,20.199895,96.62305881207732,9.887288270038312,7.117135261519851,5.49687450899364,22.85381255166792,5.201606761537903
2018-07-23,-0.4633287917654656,27.180902,29.826283,27.97806185641778,178.57096,18.829898,22.803011990153916,182.092905,51.898849,7.750551003369926,74.557918,30.306059,16.487621455577592,129.102845,34.966583,9.270015709365364,60.220882,7.293622,17.818876360025317,124.678472,22.941395,96.97919000199695,9.984599627804226,7.4425645770148705,5.84659454990558,20.931822789122183,5.157686909304967
2018-07-24,-0.08035051172355007,27.789844,28.254311,28.321758742015952,178.216888,14.502656,23.691284555149146,182.642099,45.694373,7.500812397929976,74.344325,30.985798,15.558772964421715,123.408096,33.470441,7.78022732485895,54.321002,9.347314,16.53125899623137,117.98552,22.426399,96.78260941365703,9.695363789814845,6.544798958847718,5.34816802928241,19.825704018796582,5.096648561052162
2018-07-25,0.11011318460976324,29.336498,28.690559,29.61695986780915,190.75082,17.013683,25.11560947651687,195.377377,48.045777,7.683166936599002,80.061454,34.990946,15.942923226358602,128.332829,34.809461,8.369688094349849,60.51055,11.412815,15.999877234365739,121.173679,27.316211,95.89969088957959,9.891869108077186,6.066743319499424,5.405121342585268,22.035170213113133,6.29971470354878
2018-07-26,-1.1409344589433876,25.290134,31.914586,27.942665631001724,179.129737,16.890052,23.808408123209766,189.119848,50.884338,7.069934918418911,77.516041,36.466843,13.328505842676503,115.911094,38.52361,8.750578430577399,62.046724,11.239435,14.400142046292947,111.251682,27.642103,95.38603381628167,9.852412888221995,6.467222472235276,5.717045180896207,21.77333814621882,6.745436994231108
2018-07-27,-1.2137394996426674,23.813158,30.75954,27.64728079607595,173.145697,14.916873,25.98346352877034,190.854043,42.147452,6.109352390299656,71.607046,36.642463,13.58243840198417,115.270839,37.536856,8.979442606128416,62.471756,11.08129,13.260715177060597,102.732131,26.83941,94.98635769621974,9.535473166415322,6.406502673396427,5.110670076170354,21.028571303365094,6.667812742308647
2018-07-28,-0.6820654518082906,29.693442,33.676228,29.878899031450466,186.524747,12.052839,26.155121282591292,194.583058,41.855412,6.129111905788696,75.093635,39.303901,14.548943922793702,117.83493,32.879256,10.042494001812823,72.611464,13.970311,12.89463928492944,100.913432,25.617742,94.71208044793342,10.852268386875988,6.194453793402769,6.60839523626812,23.192199398867515,8.09655672239731
2018-07-29,0.5092736945703069,31.83434,28.879631,29.904903049231063,188.503443,15.00089,28.494808166385905,206.564607,41.243156,7.988366105597006,81.062092,34.715113,16.508965121878404,124.824139,29.042267,11.552512207751567,80.796198,13.770722,13.199907191714486,104.184063,27.600715,94.72643223151078,10.46466109630575,7.439955656042057,7.6833204167310845,23.09793128370821,8.18650825144799
2018-07-30,1.254594299184596,35.423599,28.148764,31.943215287801248,201.259925,16.03541,28.400070779003766,207.873638,43.194244,9.060074124388517,91.429236,38.893891,17.845525210574156,130.636135,27.157862,11.97516879616934,83.467709,14.029025,14.406613208113736,110.292171,26.754621,95.28818534634563,10.963482224063323,8.787707165206255,8.680862456688697,24.533745623582654,8.50053117364521
2018-07-31,0.8868670112763544,34.617001,29.653916,32.47765040040627,196.989459,15.238038,29.09837613535818,207.324644,44.484317,9.438996246275916,90.735764,37.913255,18.251689622926456,127.77719,25.637088,12.421549687304676,82.032836,12.519362,15.063193213610433,110.529669,26.23303,95.49913014989363,11.484743072460093,9.547662130384154,9.580364858344828,25.34989972061058,8.38639480244005
2018-08-01,1.0030691078612197,35.947516,30.395369,31.4005180338993,189.759771,15.952911,28.245962582104685,198.05118,41.705286,9.571741118909141,84.728592,31.747483,17.456036222265702,121.823065,25.201129,12.703741843730231,80.165393,9.848162,13.710849679295572,100.792316,24.900583,96.12299213084937,11.985723445342762,10.955984100908394,9.94056846424827,23.525825184064267,7.845708858589247
2018-08-02,1.6077875906645156,37.979307,28.989026,32.88258893982833,199.162791,15.292909,29.431288526132477,203.857308,39.286095,11.431939915489993,96.193553,32.269467,19.41923570023286,133.353824,24.767101,12.529309172380614,78.470688,8.410432,14.370966569952712,105.020631,24.662362,96.71218715923938,11.976361446865674,10.648048321953127,9.399120223595455,22.832175393749583,7.306510586357527
2018-08-03,2.3908488264645413,37.883787,24.308218,33.05657223082238,203.451509,15.751738,28.25077671239875,201.821376,41.409574,12.650081071650506,103.292733,31.46383,18.431925998216713,127.643737,22.984722,12.32520131741221,77.038953,7.054762,15.38244662102034,110.659256,23.315605,96.7936200618,10.952887659421636,10.73082048646879,9.07022498869418,24.39624800508539,7.9264617912334705
2018-08-04,2.5678798745858122,40.586515,26.197613,33.642941554359744,203.374831,14.859397,28.077388349334193,198.319256,40.989938,13.651362844290137,105.867383,29.373103,18.481804611689533,131.171918,27.610658,12.402653730703001,72.861522,3.36428,15.575000832973862,110.594014,23.320788,96.59729506839675,11.918464538361778,10.809960943296545,8.647815633785319,24.207409617963297,7.513762807341255
2018-08-05,1.9653545253622784,39.577713,28.285336,35.472914526414186,215.811152,11.993714,27.12742481138265,202.329833,46.463243,12.249618981613809,105.376921,34.994039,19.133115795181183,140.282639,30.349111,11.271345257490006,66.340544,1.578549,15.276334988890255,111.352928,23.579383,97.17634261369606,11.811060723267742,10.61806334770815,8.190551955358911,24.33988735371916,7.211197252716853
2018-08-06,2.383361304210203,40.626062,27.103687,33.24383385947927,201.266952,12.652835,27.444192482133378,198.652357,42.943417,11.239543889326876,96.960056,33.190737,19.127704118478828,138.182722,29.658686,11.487623734982833,67.225062,2.048223,13.978746749061166,104.972966,25.662349,96.97735139334351,11.937582185856385,10.581588733597773,8.197275133572179,24.472058735716455,7.6371847203549486
2018-08-07,2.205246204796067,41.160343,28.549989,32.569220652071735,201.039247,14.797275,26.42084995214112,197.369889,46.286409,11.887232904680772,102.304654,34.32938,19.206962703815886,144.401639,34.56964,11.755242044412478,70.869139,3.648634,13.232185475914385,106.451264,30.78509,97.30122288171766,12.190652623873511,9.704359440032253,7.51083306404932,24.594074579553325,8.146019350910175
2018-08-08,2.3402499658237494,41.450971,28.018736,32.2045129293273,199.720307,14.877409,26.37852040472709,198.403463,46.999771,11.353986470107321,98.593147,33.425145,17.708290589789545,138.343242,36.703706,11.110251400613008,68.64845,4.879404,13.54176882141331,105.751107,28.025982,97.06000439496552,12.103457051826139,10.100851579622972,7.62626103675469,24.655384185383134,8.323385296194918
2018-08-09,3.1152689071404325,45.410301,27.328314,31.14821239816686,198.110963,17.317077,25.740800822847827,198.646917,49.239325,11.770003669531674,101.149834,32.833082,17.14017137026983,136.274496,36.787625,10.950061099164174,68.436955,4.879404,14.013680974598916,110.154484,28.814733,96.52662255986915,12.531827705547997,10.949647957907114,8.761513687336251,25.043055719401707,8.616496282106853
2018-08-10,2.1612847109162305,41.836424,29.437726,31.995155229579375,199.247154,15.699718,26.815030805611563,204.080574,50.250092,11.072762407782525,95.433848,31.912445,17.495222810810564,136.791982,36.426684,11.533446784456885,73.171567,7.007344,14.653974291060385,112.630538,28.564704,96.81945916778164,12.424186045869499,11.32587594724392,8.856907197087963,25.118323284160525,8.66377944139918
2018-08-11,2.532781096643033,37.361304,22.510592,31.36658404846589,199.896232,15.981362,25.203286486286913,201.416819,53.639836,9.789274853506488,91.578362,34.179915,17.096079681436642,137.357672,37.116496,11.188915704628785,73.500917,7.895814,14.561953120005697,115.326112,29.943537,96.82782978400635,10.211120275511211,11.23325669141347,8.016252771209343,23.747854297900684,7.820015478353809
2018-08-12,3.451592746550667,38.084334,18.10288,29.762573661894443,187.009013,14.711891,25.276925983815328,194.026814,47.697345,10.02206666544724,86.956672,28.938395,15.268329569450717,124.391107,36.001935,12.294920890163734,79.071765,7.895814,15.224082092083874,115.83499,27.701969,96.78506823323903,9.705769174319851,10.500419844993687,8.331582629663142,24.17896111954708,7.612333580925347
2018-08-13,2.4030580987669667,34.867072,20.758009,31.007380995163754,195.742801,13.68932,25.05430846176184,195.031435,47.930199,10.896188319612623,90.288275,26.313539,15.849560446204796,127.416835,34.35939,11.420865924808751,77.316233,10.26096,16.541174306520112,122.854921,25.736807,96.96016057786228,9.474073607270627,9.05851656235975,8.371991187634073,24.35433954519403,6.427232663322147
2018-08-14,2.653161919149193,35.591934,19.98244,32.07915063146425,202.64888,13.915842,24.054800525974027,187.852809,46.329873,10.260125021416139,84.513121,24.149161,15.310863237849617,124.853296,34.774049,11.617896686540538,77.012074,8.659861,16.919732099602395,119.959452,20.414658,96.51069597750839,9.446034110865796,9.758558841120864,8.414731430094971,23.64731178622819,5.673927343917757
2018-08-15,3.2555677200762223,37.581615,19.074447,34.27038869699102,209.301941,14.482513,25.787932632450516,192.128394,45.529815,11.236060856233909,89.234067,25.359596,18.924717608714108,138.884048,31.301298,12.80511644016184,81.122063,8.327865,19.899384960464545,131.74884,18.625326,97.1843248470587,9.966281529072257,9.490245926892449,8.8598094743387,24.332904792726527,7.000157133764459
2018-08-16,2.792884879559001,34.39946,19.070772,35.39240188083608,208.120729,13.8703,26.921416003125724,191.438372,43.680765,10.062840223173843,82.17432,26.94464,20.452807367218007,140.286177,28.031388,12.471281019627172,77.81315,9.364795,20.264976069104527,129.614207,18.390326,97.39072867388661,9.742269035635138,9.230348999395147,8.09417797313393,24.546464270602886,6.942947945855768
2018-08-17,1.8891139724161343,36.878708,26.442704,34.405837797279034,209.916239,19.848585,24.610989612934546,183.307624,47.349503,8.529434110424365,78.89219,31.773165,20.913744455773468,144.663741,29.130256,11.548038503538399,71.788173,7.993517,18.811789907993905,124.876192,20.954503,97.32443275948937,11.462372394866717,9.477610931590947,7.945825191955475,22.520270546287403,5.6582107808373205
2018-08-18,2.043011635621084,36.454042,25.519035,34.407301918822014,203.580223,19.418723,25.971776545637965,183.22632,44.215091,10.265696996233938,84.829521,29.883447,22.35842066875528,143.751139,24.080021,11.265301687280846,69.750771,9.454417,20.413460450612973,125.1941,15.933179,97.3792412980815,11.578567568017228,9.38846423326481,8.482363837121651,22.69507308582193,6.018327101124256
2018-08-19,0.9631905857405507,35.333053,30.199917,33.014923121545436,198.934133,22.987552,24.13523191800758,180.520929,51.896927,10.379309376984414,86.051071,30.73657,23.170365691502656,149.347784,25.865848,10.472593593065007,65.266058,9.454417,18.407651603954676,120.041672,21.94169,97.04532575242678,12.2967207102282,9.72603727595543,7.584115974846384,23.237802445136285,6.436768153341312
2018-08-20,2.8804198826348895,43.257211,27.920335,32.401398690016066,196.945693,24.423542,24.206168445856335,184.469974,55.583555,9.773298605071254,85.987298,33.949097,22.690658870790514,149.112358,28.295312,11.17725274982079,66.382651,6.869057,18.0547509537038,119.110914,22.977889,96.51605937967958,13.367860488378437,11.252996366594296,7.731294651928286,24.20405032379312,7.4915056929113
2018-08-21,2.322772530293795,40.155922,27.513553,30.931638816422712,193.675674,25.321181,24.180039572112737,187.00871,55.401771,9.36662175259026,88.608035,37.627456,22.232011988463555,148.780266,27.776037,10.054600758308526,63.710794,8.985688,16.70508095463804,115.553811,24.631521,96.4211564455477,12.432859511488932,10.608577963546631,7.39205889335624,24.748999894822372,7.25905639607568
2018-08-22,1.425291561962539,37.239292,29.196689,30.322448357297326,197.074692,25.971866,22.029727456606256,183.369005,59.060157,9.680608718821,93.214346,38.588826,21.05534540677672,147.512469,28.701842,8.209984516153314,57.388049,11.060934,15.3252191293692,116.304296,29.827496,96.18406477665425,11.773631388992293,10.486307878255676,6.823040736682332,23.576927956748616,5.588272551010558
2018-08-23,0.9593314975930005,38.090801,32.640773,30.883104376552538,201.840128,26.391095,21.915524677131383,185.159242,60.655644,10.285909505527794,96.185972,37.751015,20.02077866143685,145.692489,31.953073,8.891011709408083,62.726761,12.216314,14.466031042698823,112.090898,29.908384,96.5585831559804,12.450399669970537,10.718390292966982,7.656597982786178,23.65165598996337,5.670965896019684
2018-08-24,1.728176792278075,36.355921,26.66351,31.977399344505308,199.329673,19.985697,22.94946816009757,184.552561,55.841379,13.030187711018032,103.975074,30.895783,19.592210221459816,142.005939,32.123805,9.205361698251751,63.837689,12.209783,15.963627193983152,115.568867,26.037497,96.42394226148704,11.23649400719485,10.727029051256515,7.9901187283781345,26.09259335513104,6.942082254253758
2018-08-25,0.22516196008633013,34.825714,33.531577,33.464178252215376,212.917559,20.579425,22.879238019010273,194.557501,63.057187,12.827817550207834,107.014574,33.285631,18.958648974721328,148.799974,39.83357,9.278380012400206,65.51922,12.190963,15.893937123577842,123.999301,32.647582,96.45663110034104,11.89322430913548,12.425723644560446,7.494198482841854,27.177131243256774,7.238996067974844
2018-08-26,-0.6699415954124552,37.019043,40.891046,33.584287862247216,217.120173,23.015994,22.210036573090346,193.980777,65.615366,13.054912846695785,110.480243,35.027902,19.345032521962537,151.778628,39.971831,8.853696092861252,67.318648,16.147713,16.089919809627663,127.157194,34.163688,96.01997418937809,13.48015725281886,12.61731190340629,9.428528375266913,25.758656319115303,8.045805290169984
2018-08-27,-2.8437664939335874,29.265302,45.414731,32.11762977188233,207.872322,25.479927,19.2292829766832,181.489127,72.288199,12.912363472480695,112.163499,38.835644,18.10676498475586,144.333179,41.506904,8.131501961612319,62.534945,16.357063,14.577218883456771,119.661454,36.879073,96.10891405017618,13.150469630304237,11.61923212367409,8.576737433495223,22.93683120644508,7.214282819478108
2018-08-28,-2.4717911052348196,33.232406,47.251577,33.86389734840754,216.981172,24.916492,20.793166703556476,191.894794,73.962919,13.470329530889636,114.303805,37.904609,19.75949069459843,149.319478,37.250267,8.225739236895969,62.835704,16.182067,16.757249356280735,133.036671,37.995167,95.60162259655056,14.190539033532753,11.72555051629848,9.306342206786487,22.365332912753715,8.066907040997005
2018-08-29,-2.439577730367999,33.681572,47.775821,32.09215578682599,208.942811,23.535792,20.257346532444622,189.790415,72.757011,13.026127794964518,111.744818,36.488561,17.796080414905884,141.348667,38.534813,8.512240458479221,63.108609,13.930575,15.679701039271695,124.174718,33.587889,95.64749201620577,14.099484260327324,10.845004340317061,9.129853636455497,21.891043885574994,8.19981264740986
2018-08-30,-2.761858212980083,33.196328,49.195896,30.360799893504016,197.027666,21.146196,17.81096933954766,177.114594,73.934853,12.84633422307099,108.165263,33.745875,15.662198061386606,130.296724,39.564911,9.089501980311848,65.593946,12.938055,16.777438382846096,129.762941,32.570491,95.47218440488909,14.222611544267618,10.739303689850537,10.33496052775992,21.88247945963103,8.6942129517534
2018-08-31,-2.4585030205407317,35.051803,49.504928,29.6697015384775,196.188776,21.7656,18.69839150858466,180.381503,70.45681,11.45359923991698,105.992481,38.658701,16.865532546731433,136.926258,37.776634,9.272356249707107,67.522073,13.011453,15.872772846100453,126.503001,33.189644,95.73998234172896,14.383254733529954,10.48536175939045,9.905504010448334,20.436734238768366,8.037263527624496
2018-09-01,-1.403390768368141,36.063698,44.197694,28.959192720095388,189.212657,21.36635,19.87076752258719,177.883458,62.713295,11.047355393338103,100.901268,36.871244,17.045163045360567,132.041419,33.248345,10.012499983911205,69.757837,11.725793,16.049106561556243,123.173005,30.153034,95.976458744934,13.84781804529737,9.24565490318319,10.556503616400379,20.805328062111737,8.602092085716555
2018-09-02,-0.1372796432513416,35.912663,36.704883,28.90138857626154,190.406411,23.620881,20.75722859969879,176.983627,57.196809,9.895805388460104,97.213247,40.106055,15.68353521431051,125.541648,35.034345,10.072353608364542,67.915871,9.789846,15.613340335354126,119.455103,29.352884,95.99627581964192,12.583513176476083,8.895936968767987,9.309425396040517,20.169903338977548,7.677205579929009
2018-09-03,0.6138954623194841,40.632325,37.059664,32.19002121389643,207.414939,20.080058,24.64816070533477,193.826517,50.382677,10.104415329662318,95.094977,36.290746,18.191966593164967,138.446325,32.57532,11.538395555190938,76.092577,8.943073,17.22014745693877,126.743067,26.527716,96.0097776965878,13.349925869170132,9.051176617805321,9.570236249801226,21.877507020619994,8.485599982855346
2018-09-04,0.4541930231400738,40.846608,38.192099,31.339476866441647,202.280943,19.118897,25.06485668734182,196.194231,49.703897,10.070288394858023,95.349479,36.494169,18.19397848039897,140.218254,33.884433,12.102793827887307,79.237706,8.503517,16.251551820188066,123.367717,28.386314,96.53812582292906,13.523717296649762,9.210762025189196,8.919351092752455,22.22550202826654,8.757934399689386
2018-09-05,0.48491967329897534,42.361328,39.489038,31.532870949005638,206.272844,19.496446,24.682669675998515,196.959535,50.758444,9.300996501833382,95.661781,40.569854,17.994508076072105,140.659968,34.074386,11.888044115347338,80.738081,10.32248,15.748703421609045,124.540976,31.257808,96.33908666200284,13.81853947203157,9.854042873956757,8.822212840401612,22.25047123119229,9.2142775773139
2018-09-06,1.0546752040236327,40.707751,34.536579,33.84204039752493,220.203963,22.185605,26.363977474693318,201.726811,47.464495,9.278824411627955,95.250023,40.957269,20.394143851760504,148.17292,28.841614,11.841672175571706,78.411316,9.12269,15.265172444621747,119.248664,29.92827,96.15131767525943,12.859523133429365,9.215470465549064,6.869693795116913,22.38969608002902,8.622265097137682
2018-09-07,0.4125048189240611,37.360109,34.995445,33.675024241198074,220.350846,27.310392,26.287106587491564,202.799507,52.109935,10.657175484119465,98.334787,37.243042,19.54651962517497,144.736719,32.687237,12.292533145093227,79.998047,9.531693,15.983015972387188,120.849132,29.227263,96.44769382466436,12.62209544397008,8.533880010874649,8.255927914628334,23.865398139534648,8.964486682768143
2018-09-08,-0.2586748442581043,35.754803,37.272901,33.87289848499477,224.890264,26.09869,25.246130477975054,201.914285,53.751056,10.205678669875125,99.204539,39.309962,19.005023971007333,147.399673,35.863938,11.739016425615251,78.02232,9.128967,16.525368009241994,126.142176,29.158922,96.73996781219186,12.443485176007743,8.399243066755734,8.319736698685052,22.948691341689333,8.328166262007244
2018-09-09,0.2501635267233171,35.782145,34.341538,35.36962815117642,224.310827,20.629121,27.414332770907468,207.002802,49.132947,11.61666495810983,100.260074,33.363636,20.68674322883679,149.952099,30.824153,11.921770421493903,77.907881,9.254444,19.1783006120301,134.491968,24.050632,96.96188274815721,12.177080804208169,9.279574011822143,8.527811260965269,25.10643663111684,8.686435629564608
2018-09-10,1.2642511328389856,37.647922,30.260178,33.84794358620139,219.686066,21.893131,26.640200006257476,209.193806,53.519848,12.5110222586637,104.031938,30.922864,19.551681082141734,148.3258,34.074121,12.38780244451016,80.996917,8.607887,18.70300975456084,133.835441,24.543035,97.43258284554004,11.620989080556,10.14191048454006,8.873542692372926,25.185394572547125,8.114989856454557
2018-09-11,1.2778098271465077,36.363249,28.846239,33.16026135920598,215.221985,20.149126,26.178963880483085,205.153376,51.149604,12.270442118416236,99.873244,27.689548,19.94697244162414,147.833621,30.490971,11.702389005169751,76.402571,7.560578,19.145602987608896,132.2665,19.63809,97.90087249697669,11.08490271924505,9.692139797465186,9.59122202354953,24.983049026096364,7.503585274281438
2018-09-12,1.7147221900454714,34.683363,25.029157,34.48599943931521,211.338346,17.175732,27.84163465017339,206.085745,49.332145,12.167962473912011,93.327123,24.819223,22.381829877022227,154.699217,28.685337,12.499699787928524,76.55934,6.183697,20.681605785339986,134.605711,18.16441,98.2002246795846,10.605779809083629,9.563923765184724,10.190702451772708,25.80448069904666,7.2470028906643735
2018-09-13,0.6665260296550667,33.808008,29.994612,32.902484063353604,205.079446,16.834433,25.371034931086843,199.197717,54.042391,11.377785521626487,96.219328,31.123593,20.740676682530882,153.531268,34.867615,10.839468444391951,68.881245,6.865384,19.782748047509628,133.635093,20.452038,98.28463768941336,11.15176787047318,9.46533044982598,10.193910722689585,24.657460511070408,6.437914101403658
2018-09-14,1.547427698224067,36.565075,27.746575,32.72495832157869,199.0237,12.530305,24.682479189567275,196.069409,55.408593,10.458791738060931,93.417026,33.814335,21.84447696233126,156.644323,32.156749,9.621529559764584,62.823722,7.992431,19.596223058618726,134.167847,22.49265,98.20930354207314,11.285097071893386,10.141583712100854,9.499248115260789,23.511604163555273,5.936056886800781
2018-09-15,1.3632010304789277,33.807947,26.605463,31.131015553826145,178.859207,14.378227,25.236534831014456,183.876214,50.538772,10.855119064419078,88.05197,30.698858,21.67455880589101,143.065531,28.547819,8.980893950819228,54.800895,7.350267,18.877962666143844,120.806855,21.064982,97.50700061828047,11.434336093873444,9.448377646449174,8.78520106355165,23.105000953031528,5.52780712659537
2018-09-16,0.6242505175196249,32.731184,29.282973,29.17933401592857,174.711029,13.531346,21.467329127317825,179.789653,61.209246,11.32383332391282,92.827008,30.276853,19.93585190138385,142.034502,31.91361,9.060795372422973,56.4763,6.426627,17.089396657771,116.762133,22.364381,97.57056873240765,11.226798360307203,8.703125334407536,8.4257513042462,21.530149181639,4.769094539877621
2018-09-17,-0.0957906324492604,28.473653,28.997859,28.149109778064634,165.280749,11.237166,21.07231298263504,166.452793,51.136372,10.458428180110538,87.817331,30.584482,19.27232143155718,133.614345,28.148223,7.109707134329724,48.193905,9.286644,17.241735302768628,115.984676,21.630762,96.81871712623088,10.502040194685415,7.600751304266266,8.065904158326092,19.91903785086787,4.688220208894209
2018-09-18,-0.9017156188793729,28.703011,33.509937,27.5765940330276,164.120904,17.11375,20.63204162198788,163.230465,53.243796,10.365147810779357,89.305193,34.049969,18.01550849432566,127.80478,31.766501,7.516881456745265,48.360028,8.288533,17.879994138889558,118.636286,23.320416,96.45855952856121,11.670324633275035,8.026878052120813,7.860733406860336,19.996114102986358,4.693968014538484
2018-09-19,-2.36196869884149,25.577687,38.525739,27.045225052182047,170.123391,21.864449,20.75470981516912,167.801273,54.026242,11.247538314684274,95.697598,34.039833,16.437986371396835,127.707187,37.595958,7.805023076211993,51.527059,8.740783,17.401322782896173,121.995975,26.603842,96.07977194360758,11.693672971077172,7.1756525201915995,7.576412860182019,21.735474523178798,5.059730542738478
2018-09-20,-2.414835059043912,24.51471,37.597883,26.043518835169998,162.688289,21.588854,21.47363911811405,169.630121,53.289531,10.804146846926514,89.291323,30.75626,16.79229583188867,129.412011,38.434157,8.970290200733153,59.031261,10.431727,18.271086345432316,127.21418,28.224486,96.2736961231937,11.464471744318098,6.785085329051774,8.197627399354838,23.453330455848292,6.4583589405119675
2018-09-21,-3.953139528267302,24.168451,46.105482,28.105544506330638,176.124599,20.159398,23.02290827513959,178.093793,50.333503,10.621714638806925,89.59496,30.652218,16.79450130295381,130.450578,37.253388,8.82797321984848,59.773432,10.784642,19.005928435881223,130.515028,25.046036,96.00187273706192,12.663639958803358,7.61601086678804,8.084452643707923,23.02008105544614,7.065933639306177
2018-09-22,-3.36798356569724,29.845477,49.805394,27.95128840140082,188.582441,22.932762,22.596470591314255,188.42973,54.514683,9.359178104785482,87.822573,32.35662,16.973134281504628,138.510079,37.921004,8.665429157042162,64.693122,13.338582,17.435808898110203,131.613613,28.282557,96.1557351750057,13.440077156707156,8.184425445439656,8.20878774450209,23.154066549880508,7.1656235601905305
2018-09-23,-4.771633180752897,26.285548,53.959586,28.773399803353257,190.534654,23.657585,23.943376527215797,187.8868,49.022414,7.544208955188986,79.559781,35.805637,16.363923331488266,131.514551,36.608715,8.14073021833073,61.428698,14.21491,17.295043488960978,131.396125,31.090072,95.65209947140399,13.836085069636834,8.163257937689867,8.51856462946533,24.061374884572036,7.305612105708831
2018-09-24,-5.286026663827545,24.965941,55.99582,28.692368714120857,193.05443,24.625327,22.006329447934128,186.090623,56.909712,6.72772783220225,77.335436,37.842525,16.21248416398274,135.13074,39.96069,7.812726087440391,58.489659,12.627623,16.449921551089194,130.084862,33.521014,95.86035890305358,13.792062398839292,8.208367902103591,8.169212311819763,24.159335651895088,7.646819328541063
2018-09-25,-5.129970473037686,23.986205,53.236786,28.479544870904324,183.324813,20.937283,19.089203637202743,170.935746,62.091007,5.537054570047685,70.891064,39.31933,14.691487090604172,127.571343,43.801946,7.251150785610171,55.090513,13.745173,14.562439415155975,117.848385,34.814805,95.78805818016683,13.543377605718495,7.946556120693835,7.3939447550440045,24.776118241811606,7.531297731563696
2018-09-26,-4.85639145890908,24.021185,50.696149,28.35481285555752,174.748609,19.002595,19.364937233818413,165.732727,59.365889,4.479537339854837,61.042667,36.43767,15.346753517863664,123.248503,38.95256,7.148670489904767,51.394202,12.128313,14.985611735233558,112.322069,30.009789,96.22132272850637,13.602890810651402,8.085135863209809,8.149399253643628,23.62786538588307,7.0905502836566106
2018-09-27,-4.415181564318381,26.440562,50.903786,31.4308472189113,194.559446,20.410355,21.900654350339018,180.347083,59.001991,6.290695365020282,70.277468,35.422573,15.43249911663337,123.289487,37.782543,6.204046302595617,45.7136,11.338802,14.192079264956808,107.473765,28.839623,95.75169950853,13.9592941385741,8.164766750320924,7.361918193594611,22.52510092021248,6.353725597178972
2018-09-28,-3.461458674161086,27.582711,46.932603,28.166825314759926,181.983366,24.528062,21.478159688319575,178.903042,58.838032,6.35432567085836,69.306338,33.785037,14.15923190536752,119.335731,40.184242,7.2307207370518825,51.363802,10.943367,12.71674780135549,103.737198,32.649336,95.67263265964593,13.329876983454842,7.3696424605391275,7.530290638125077,22.8912341093004,5.80241330846877
2018-09-29,-3.3715543358848,23.58157,42.128552,28.39158485470728,177.612984,21.430357,20.51770662452281,172.216988,59.348709,7.664049805091813,72.343351,30.183273,14.360593279760186,117.288845,38.290959,7.839304994709644,53.264717,10.140557,12.214664577000216,99.678729,32.485636,95.93462757214222,11.94508339635091,6.778080015356866,7.167395210268952,22.542150182678817,5.498498008078784
2018-09-30,-0.8123297791544877,34.335275,38.879073,29.440604935984858,183.422098,18.744937,22.331091686766445,180.782975,55.873151,10.611961036908042,83.478876,24.120462,15.842965225038588,128.207719,39.589481,10.15249947420136,65.784966,8.996568,14.968492136792486,113.578612,29.851773,96.73048186314215,13.089093120288329,5.853743607738345,7.626185465353618,23.30747825728344,6.309441005862866
2018-10-01,-0.9876036827824577,35.813844,41.379316,28.697505776472514,182.74271,21.022814,21.30541925222319,182.027646,61.964592,10.18047422616204,80.127252,22.756927,14.322486100382001,119.977976,39.26605,9.93602728804494,68.213363,12.220577,14.870393741478106,112.603007,28.803441,95.6576007244638,13.698074323546235,5.816855072780635,7.507101630207654,23.096631869782847,6.459607747538689
2018-10-02,-1.8622823608923686,32.306064,43.260347,31.158935933426253,204.494098,21.211579,23.35367518525329,201.049233,63.678675,10.205430958491423,89.195989,29.165791,15.251376003934922,129.902064,40.190701,10.091867990243172,71.921417,12.559217,15.50323222085912,122.4997,31.306873,96.17996899714885,12.846664111310893,6.617427474926742,6.976096613460885,21.872189467500256,6.43185873904967
2018-10-03,-2.166349347846086,31.517437,44.315037,31.063428471391212,204.652316,21.146672,22.01539456503785,197.386788,67.33195,10.407513086962693,95.001737,33.519876,14.647434354241037,128.050817,41.521834,9.723427712789752,70.663035,13.222374,14.878616513810442,122.193554,34.298874,95.81664239587215,12.836753031463347,6.970077861635114,5.919741384716873,21.250902752065542,6.764840738494031
2018-10-04,-2.196929,29.384459,42.359391,28.940023,188.694314,17.776239,19.152731,176.507835,63.39293,8.972211,85.442813,32.45346,13.209431,118.493664,40.479544,10.266641,74.405789,13.771614,14.640935,118.135068,31.666568,96.063704,12.147742,6.741939,6.015581,21.878465,7.088002
2018-10-05,-2.851256,26.71069,43.362128,29.829374,191.48814,17.283516,17.647363,171.981119,68.919881,9.2183,89.712244,35.877039,13.988459,122.06508,40.371973,11.018451,79.108136,14.759983,14.417352,118.852609,34.654755,95.771483,11.998696,6.438488,5.560078,21.590096,7.947302
2018-10-06,-3.92683,26.109254,49.289071,29.468403,194.003955,20.053923,16.968204,172.937609,72.775427,9.500344,93.95321,37.873311,13.848309,124.24688,42.501228,10.840776,78.319765,14.327383,14.680786,122.9211,36.261393,95.932647,12.773026,6.595558,5.75645,22.146437,7.982317
2018-10-07,-4.850834,17.633244,45.731659,29.736863,191.889235,19.638712,17.143776,168.995817,69.690643,7.71435,85.421578,40.736269,12.805736,117.431942,43.254825,9.498136,68.930041,13.912172,12.060548,104.686434,34.825813,96.140473,10.939145,7.018568,4.57087,21.084746,7.719458
2018-10-08,-5.498499,15.408094,46.211356,30.829733,195.686321,22.974389,18.634056,171.631442,67.241186,7.361081,87.439387,46.201711,15.069228,126.620444,42.200786,10.658934,71.493484,11.780833,11.92383,104.214729,37.415975,97.352861,10.999305,7.584101,4.969978,22.906106,8.068588
2018-10-09,-4.659787,17.304884,43.169291,29.426592,184.960144,21.626204,19.0972,164.467638,58.467563,8.681347,83.69043,35.504128,16.026819,123.426682,34.468929,10.954296,71.851272,11.048841,12.095396,98.758828,31.622658,96.892275,10.895157,6.797394,6.34357,24.31165,8.377893
2018-10-10,-4.609449,19.686855,45.464034,28.064904,182.044393,25.09852,19.662837,165.758364,55.798925,9.183718,86.909445,35.551827,15.063582,122.438994,38.199723,10.735492,72.477329,12.441809,12.18201,97.689306,29.564499,96.750296,11.650217,6.255505,6.411543,24.269364,8.576338
2018-10-11,-4.706855,22.352248,48.956326,26.927502,179.735551,27.535975,20.938137,178.912435,60.56594,9.656792,95.3236,40.741499,15.393589,125.039292,38.031678,10.560918,72.300322,12.607924,12.144645,104.296745,35.652804,96.859763,12.616078,6.271694,6.466216,24.000606,9.232696
2018-10-12,-3.765574,24.376931,45.609869,26.600052,176.848023,26.858351,22.084933,182.239369,57.709091,9.746995,93.613869,38.653504,14.963401,123.621476,39.247372,9.956389,66.455243,10.314166,12.248413,101.328829,32.263724,97.212928,12.411872,7.113659,6.259885,23.163196,8.29009
2018-10-13,-1.864014,29.441855,39.767656,26.434352,171.549168,25.114749,25.146386,187.231963,47.932295,8.4358,87.784741,41.054202,15.011654,119.75047,36.592661,9.963068,65.518873,10.327956,13.349568,101.875364,27.924759,97.098578,12.493706,7.348924,6.552053,23.289717,8.94108
2018-10-14,-2.479898,30.448058,44.093083,25.657495,169.024957,27.850935,23.835233,184.20055,53.053074,8.719576,89.810951,41.83364,15.005859,120.566404,38.000374,9.422036,62.516664,10.674239,12.288037,101.509663,33.897776,96.373305,13.547386,7.839632,6.701594,23.084194,9.2617
2018-10-15,-2.323822,30.16331,43.221688,25.97134,171.266163,25.324023,25.410846,191.146988,48.354462,10.339117,93.859209,35.760055,14.4163,117.34094,36.330651,9.213829,61.897101,10.121339,14.517954,109.474778,27.893261,96.291093,13.059331,7.212851,5.730361,22.787317,9.595181
2018-10-16,-2.566165,27.726266,42.509734,24.790885,171.045706,28.227412,24.372545,194.508554,54.100284,8.569565,88.981983,39.613408,14.346348,120.765057,38.1169,9.470466,65.622971,11.064378,13.482308,108.05516,30.38467,95.815151,12.191804,7.55289,4.569672,21.820804,9.787997
2018-10-17,-2.312727,32.173114,46.147377,27.676168,189.429456,22.200871,25.144391,211.009425,59.07868,10.223111,97.923894,36.152466,18.031013,142.372354,33.422997,10.021922,69.56403,9.008253,15.15642,122.238728,30.658612,96.254276,12.961965,8.180613,5.635863,23.405067,9.82177
2018-10-18,-1.764913,34.789694,45.260419,28.358866,192.354656,24.1096,24.49396,203.544978,58.229305,9.823508,94.922662,36.642591,17.751319,142.710315,37.396806,10.797822,74.104733,10.044338,15.233341,119.564118,29.189054,96.36067,13.492999,8.683088,5.912236,23.859975,9.412055
2018-10-19,-1.386305,36.209508,44.784366,28.232018,200.234591,25.608112,21.432557,201.380165,68.811107,9.975787,101.238612,39.534321,16.756695,144.257621,40.610668,10.579292,79.147646,13.710433,14.562896,123.952816,33.875397,96.459722,13.094351,9.069462,6.205612,23.811595,9.083125
2018-10-20,-1.612353,37.16281,47.281968,29.808916,211.766973,24.685673,20.713005,203.816901,73.821708,10.449632,108.140552,42.558474,16.913254,148.727511,42.579625,11.928249,87.240019,12.378113,15.646531,133.22447,35.02656,96.244666,13.455152,9.761659,6.099751,24.474569,8.921998
2018-10-21,-1.494649,41.050057,50.695553,29.52274,215.108092,24.587497,19.814752,205.712153,77.840609,9.097714,102.20016,43.48942,17.798821,154.952146,40.090114,12.272849,93.833064,14.632062,16.524718,137.439695,30.799895,95.784875,14.21674,9.612354,6.405499,25.415735,8.511517
2018-10-22,0.384018,48.014213,45.485628,30.149215,221.300642,22.781758,20.871378,214.295245,76.866704,11.043874,115.977788,43.258898,18.715009,164.123368,40.893537,13.226806,100.837205,13.744697,16.514397,143.474503,34.734703,95.851268,14.199893,9.406471,7.215316,26.029521,7.98393
2018-10-23,0.293438,52.875109,50.929121,31.016487,228.738014,23.046268,21.616122,215.979513,72.628083,12.363181,122.268502,40.279709,18.449733,165.130331,42.777409,13.151999,100.113185,12.8932,17.430658,150.545377,34.950645,96.181772,15.652755,9.71984,6.823604,25.804851,7.419983
2018-10-24,0.158238,48.316539,47.254943,28.631471,221.719162,29.63417,19.651352,207.458709,75.620224,10.142347,115.4337,47.389949,15.507777,149.775529,45.735775,12.134687,96.976476,15.566368,13.46135,132.752036,42.441505,95.938552,14.245528,9.389369,6.160569,23.758041,6.382585
2018-10-25,0.184535,46.005147,44.746234,28.239951,217.290204,24.634939,20.320403,209.424901,70.797442,11.114332,114.575974,38.753088,15.645737,144.289734,37.553234,12.354338,96.51412,12.231808,14.233391,133.532949,36.431584,95.871609,13.302593,9.80567,5.680666,23.31384,6.324043
2018-10-26,0.1273,45.612836,44.762393,28.170915,213.785497,25.586304,20.776207,205.741527,66.943573,10.817234,108.051627,35.785789,15.455626,138.897876,35.644703,12.05316,91.107141,10.584556,14.396742,132.612217,36.433048,95.771497,13.527969,8.081005,5.827539,23.75977,7.026071
2018-10-27,-0.104637,42.858992,43.568993,26.517799,207.23777,27.305069,19.561003,205.124785,72.396419,11.363034,106.608347,29.506119,14.802997,135.372465,34.928863,10.189823,81.750264,12.60869,12.883554,123.916283,36.496785,96.290434,12.737429,7.650491,6.143006,23.159204,6.864901
2018-10-28,-0.626708,38.671268,43.053142,25.956506,211.022529,29.537467,20.174024,214.392326,73.337748,12.736121,120.997306,31.947735,14.932594,137.64443,33.237356,11.082189,87.663282,10.177823,13.702219,131.028608,35.224184,96.712499,11.688456,7.766876,5.684583,22.435222,7.149439
2018-10-29,-1.784218,32.796708,45.045921,25.757886,205.665433,28.829521,18.945131,203.341476,73.277249,9.216299,100.922487,37.649725,14.329212,131.555788,33.181282,10.297076,80.488408,9.795772,12.947091,120.594688,31.708877,96.275948,11.338543,8.519146,5.134947,21.19565,6.651958
2018-10-30,-0.96429,31.13619,37.716152,25.881556,208.486048,31.879751,19.42627,208.185728,75.627946,9.303873,104.22552,40.739285,15.301338,137.897649,33.486901,10.442103,80.925372,9.672273,13.20419,123.955811,33.855235,96.322569,10.090273,8.265893,6.543597,22.815503,6.834895
2018-10-31,0.254516,34.095032,32.406688,28.533587,216.187982,26.908869,21.428679,212.01922,69.870902,10.110877,102.92743,35.856369,16.263979,138.092904,30.204909,11.036435,81.261035,8.050235,16.265518,133.778006,25.879797,96.437308,10.02505,8.708515,6.117721,24.025166,7.742891
2018-11-01,0.56254,36.047925,32.303622,31.107341,237.507269,30.454691,22.473166,225.243482,75.660563,9.522136,108.374317,44.99433,18.524339,161.091099,37.791836,10.59094,80.872261,10.378247,16.60549,138.190697,27.663426,96.364775,10.269058,8.910318,6.255244,24.806895,8.252448
2018-11-02,0.494805,34.986161,31.658594,32.536091,244.869047,26.063833,25.553399,238.566957,66.720346,9.551868,108.30459,44.068278,20.576351,170.759982,32.384018,11.339634,83.606773,7.347734,18.276706,142.612701,19.701854,96.634109,9.910001,9.72821,6.525652,25.95708,8.271962
2018-11-03,0.136783,33.884804,32.960757,33.194315,247.354028,23.107823,26.60371,241.509553,61.78658,9.03894,109.296484,48.233377,21.671628,176.274102,29.870104,13.078849,95.916936,7.56198,19.37085,150.598573,19.73762,95.78437,9.894895,10.253827,6.273929,26.149104,8.252845
2018-11-04,1.181463,37.61973,29.882636,33.38936,239.349166,20.690945,25.497563,228.111455,61.13456,8.72607,101.158596,44.013835,21.08489,168.017316,29.937864,12.48933,89.669423,7.880057,18.334051,142.069562,22.004639,95.861746,10.307688,10.791845,6.490606,25.337845,7.529402
2018-11-05,0.646217,37.666141,33.349981,31.202127,232.022561,23.619862,24.276563,228.262924,66.116885,10.274136,110.839651,42.21748,20.157549,166.623214,31.98856,12.389663,92.044166,9.292143,17.237358,142.364236,27.233881,96.282645,10.632559,10.391321,7.284324,24.237374,6.80947
2018-11-06,0.946463,41.947736,35.530399,31.57712,232.193016,18.089576,25.72499,236.699534,62.275493,10.107634,109.480129,40.946986,18.791999,162.987039,35.571002,13.025649,98.252337,9.934082,17.751477,146.097326,25.736375,96.419737,11.42689,10.002563,7.431937,23.725916,6.913281
2018-11-07,1.285125,44.471501,35.758936,31.193085,231.093496,19.618492,25.6076,238.948518,65.340575,10.117405,110.263349,41.671924,20.133855,172.674857,36.176429,13.809882,104.390356,10.765606,18.680961,153.48032,26.831855,96.385987,11.834188,10.350752,8.92983,24.48711,6.535339
2018-11-08,0.624591,38.611712,34.312273,27.93525,213.810654,21.515408,24.199564,231.067462,64.487204,10.601542,110.841945,37.865109,17.885952,158.141996,35.022152,13.257658,101.762078,10.501586,17.467141,150.616283,30.379372,96.109761,10.593864,9.921845,8.891993,21.541315,5.335454
2018-11-09,0.6046,39.624843,35.414786,28.518431,218.806267,20.221824,24.069025,236.035896,68.434323,10.648936,113.740295,39.587791,18.041785,163.760532,38.128874,13.064897,103.289473,12.313739,16.773816,153.07333,36.271009,95.904813,10.776335,9.668716,9.175071,20.758703,5.693441
2018-11-10,1.19936,42.747865,34.445837,27.864383,212.585148,19.706532,24.120762,234.192349,67.227262,9.876558,106.960872,38.594857,16.608689,154.208801,39.242645,11.651296,92.244628,11.59379,16.315311,145.615311,32.679933,96.159622,11.151858,9.057417,9.691962,20.993832,6.0543
2018-11-11,1.352949,40.548141,31.054788,28.187868,220.707206,22.919036,26.015668,249.876068,67.329755,8.756029,107.124633,45.685471,16.030122,160.289913,47.810016,10.854724,90.075559,13.910309,15.854944,147.595741,36.34503,96.461485,10.204523,8.4862,10.550531,20.954709,6.181895
2018-11-12,2.525153,44.422841,26.612228,30.83188,238.801271,21.335365,27.300016,255.062921,62.508242,8.30892,105.263567,46.658419,17.205379,167.180093,45.825721,10.937849,90.657465,13.509744,17.963218,159.615183,32.915565,96.487291,10.07121,8.328319,10.763775,22.344401,7.216962
2018-11-13,2.03554,42.821305,28.753007,31.501032,240.163442,22.449303,25.268276,240.148559,65.511079,8.431616,104.051318,45.77761,18.108001,167.449586,42.299155,9.942185,83.7146,15.000842,17.297711,152.555034,33.004783,96.137424,10.356079,8.67259,9.791955,22.858848,7.264129
2018-11-14,1.265704,39.497349,30.634013,31.19295,238.217031,19.782433,24.303151,235.169768,64.982305,8.615362,105.24679,44.916072,17.153923,159.42214,39.298517,9.453853,82.000841,15.798428,17.046178,151.615496,32.246374,96.213841,10.014916,8.159732,8.69095,21.850585,7.690802
2018-11-15,1.062037,41.624763,34.139972,31.810523,242.906686,18.719501,24.091949,234.043546,64.253624,7.903095,100.44708,44.749388,18.383674,163.139958,33.579553,8.723216,78.617301,17.139746,17.005866,153.560748,33.710556,96.201402,10.750462,7.756683,8.775858,22.961979,7.81494
2018-11-16,-0.036575,36.078819,36.336342,29.842499,232.963186,22.84069,21.763953,218.576409,65.335352,7.321274,96.063078,44.513631,17.33933,156.620211,34.533137,8.47164,77.739777,18.090542,15.643362,145.365526,35.219847,96.526182,10.284712,8.183673,7.942315,22.454692,6.855346
2018-11-17,-1.496445,29.812106,40.414955,29.61228,238.252501,28.438841,21.678114,220.302325,66.705087,7.571816,97.967867,44.318828,17.679293,164.117871,38.85372,8.760475,80.76579,18.694671,14.902943,144.573293,38.980583,96.53241,9.911573,7.651522,7.192412,21.336484,6.604578
2018-11-18,-1.352075,31.837976,41.163256,30.109664,233.792461,26.125662,20.746083,208.277962,65.191917,7.393099,96.048658,45.058346,18.392716,161.567212,34.712378,9.052315,81.906548,19.472595,15.305352,143.8677,38.306457,96.596888,10.584468,7.957243,6.604047,23.07841,7.041729
2018-11-19,-2.260148,29.510159,45.20252,28.999145,228.541793,27.198787,19.493935,208.923141,73.575449,6.984147,96.23486,47.743462,17.532377,158.956059,37.227593,8.870665,82.055473,20.46585,13.998091,137.499397,40.309712,97.007339,10.76076,8.382896,5.983552,22.785113,6.488526
2018-11-20,-2.017426,28.341786,42.716838,26.161831,214.513396,28.098762,18.165774,207.237135,77.79795,7.409755,101.724141,48.926357,16.462621,158.06756,40.76409,8.03274,79.276364,22.039535,12.679305,134.410119,44.064452,97.321014,9.97252,7.812044,5.589008,20.797827,6.185703
2018-11-21,-1.203356,31.348952,39.920972,25.871378,213.080629,28.787787,19.964798,213.468314,71.250557,9.409756,115.568846,48.539148,18.022835,170.878922,42.494594,8.86671,84.285084,21.123736,12.761992,135.040046,44.130941,96.996783,10.005007,7.516431,5.937076,21.169231,5.695582
2018-11-22,-0.359534,33.004137,35.555629,27.478473,222.171289,27.165935,22.26649,226.299693,68.282005,9.690972,118.275863,49.502339,19.014607,178.890337,43.950154,10.301412,92.128902,19.023296,14.2764,142.165684,40.850943,96.966837,9.660851,7.238235,6.145939,22.549364,6.414943
2018-11-23,-0.186388,34.799475,36.076875,27.901392,213.615691,22.394997,23.553608,223.070872,61.647481,9.957974,115.638956,47.392512,19.417268,174.574126,41.498919,10.235659,89.024764,18.875222,15.008559,138.881197,36.020842,96.313402,10.341709,6.721846,5.937478,23.140758,6.84462
2018-11-24,0.57429,37.88329,33.953445,28.842298,218.028123,20.661445,23.820544,223.875553,60.872533,10.997122,120.602545,45.349681,19.513736,170.899988,37.368282,9.517701,85.447167,20.317927,16.242088,146.179642,35.035689,96.114926,10.497904,6.757656,6.310712,23.586058,6.642904
2018-11-25,-1.315404,33.313523,42.537438,27.666278,219.276389,25.274138,23.404778,227.770951,63.651312,11.651514,122.198398,40.495323,19.154629,167.383656,33.067031,10.046022,86.641269,16.196274,16.804771,149.677559,31.838673,95.986196,10.816956,6.036686,5.919383,21.744218,6.393593
2018-11-26,-1.507136,30.508661,40.980913,27.733679,219.11799,26.411978,23.244069,224.430754,62.920563,13.090359,125.906135,34.948462,20.319219,170.584985,29.397959,9.592941,82.302947,15.646901,17.14295,150.434609,31.31772,95.055522,10.288568,6.129407,5.422828,22.340386,6.944031
2018-11-27,-2.303876,28.747296,44.248767,29.054207,219.883629,24.394401,23.59118,226.065369,67.333738,12.201118,117.635596,35.541213,20.591907,166.209187,27.657957,9.774253,79.907906,14.142517,18.123579,148.22159,26.278338,94.885079,10.848898,5.916486,6.43321,23.628844,7.194106
2018-11-28,-3.322406,24.281124,46.592411,28.13894,214.357432,25.393162,22.047449,220.238715,72.181252,10.437747,105.363111,35.269452,18.258158,152.798899,30.188043,9.476957,76.019642,12.378076,16.520997,142.868176,31.923056,94.721433,10.55388,5.839768,5.552661,22.717149,7.380697
2018-11-29,-4.167461,23.222184,51.569934,26.899508,209.994492,27.01966,21.84918,223.850693,75.22901,10.623542,109.328014,37.06495,16.512356,146.403554,34.083816,9.88986,79.013718,11.74128,15.849371,143.179197,35.369193,94.677931,10.995344,6.223617,5.656465,22.163321,7.424578
2018-11-30,-2.846267,28.727846,48.290649,27.718705,219.022309,28.507688,22.809369,234.417898,77.645846,11.002143,112.453362,36.834061,16.517395,147.45772,33.931305,9.969072,78.694474,10.175615,15.969892,145.205655,35.442301,94.824166,11.205717,6.602741,5.957979,21.660848,7.591499
2018-12-01,-2.002659,31.769304,45.493609,28.328919,220.256696,26.117467,23.601193,237.591093,75.851163,11.669915,117.230677,37.256276,17.156861,152.066491,34.489824,11.758354,88.193914,7.61344,16.100204,145.231507,34.896154,95.456983,11.274253,7.535825,6.05184,22.848521,8.182343
2018-12-02,-1.459648,30.436462,40.520759,29.887514,229.262519,22.778107,24.229872,240.128618,72.73126,11.491221,115.687426,36.297822,17.812389,160.503071,37.4423,11.806721,91.441566,9.87226,17.402683,155.069613,34.839383,95.280912,10.270678,7.508811,6.293687,23.775592,8.41699
2018-12-03,-1.145358,32.025957,39.979537,29.737031,226.875466,20.375983,24.623173,238.352541,67.364642,11.635647,116.831249,36.031147,16.105301,153.152544,41.314335,11.857847,91.381384,9.038283,16.672717,151.100156,35.321702,95.767322,10.369177,6.252076,6.797379,22.328541,7.822251
2018-12-04,-0.109462,35.320771,36.078362,29.327258,224.807076,21.832216,25.923625,239.096316,59.678105,12.105245,119.135079,35.354308,17.012601,157.567882,39.823147,12.805821,96.367686,7.738207,16.499603,153.645192,39.45093,95.861305,10.316257,6.50879,7.085773,21.495518,7.985835
2018-12-05,0.252285,36.848762,35.098771,29.158247,223.838459,21.580284,26.860583,241.770735,55.450458,11.560485,116.463829,36.273733,18.285329,163.161352,36.323916,11.891973,90.227693,7.738207,16.297279,148.842494,35.7953,95.95956,10.372208,7.73231,7.97173,22.637006,7.97055
2018-12-06,0.98697,38.282172,31.553962,28.802883,219.858775,23.508442,24.909515,228.184615,58.375516,10.229628,108.486262,38.750502,19.129577,165.380783,34.973737,11.214521,85.325568,8.875757,15.612079,143.522913,37.094785,96.140277,10.244352,8.131031,8.031891,22.316295,7.791298
2018-12-07,0.778661,33.747401,28.399141,28.68847,222.575453,25.527619,23.254551,220.614723,60.889965,9.430406,107.54055,42.767455,19.365633,169.667877,36.654297,10.676247,81.156751,7.826547,15.828231,146.817281,38.100484,96.19238,9.048002,7.792848,7.725613,22.440534,7.303356
2018-12-08,-0.273339,29.610916,31.47383,27.505101,216.923352,29.465171,21.355614,210.231601,64.684615,7.426325,97.24973,46.636379,19.46379,172.077931,39.424476,9.663732,75.359799,9.497627,14.415776,141.908386,43.659149,95.60332,8.962757,7.369399,7.217461,20.918996,6.761017
2018-12-09,1.200363,36.860217,28.800203,29.054815,220.079836,24.987024,23.024932,214.498615,59.894339,9.520527,106.399576,42.472603,21.204252,177.299562,34.920504,9.319427,69.815464,7.238807,14.427004,137.825613,40.953384,95.908164,9.778686,8.234945,8.010813,22.296426,7.02888
2018-12-10,1.654347,36.318489,25.416589,28.747761,215.669621,26.226202,22.944514,212.531765,61.330869,8.616465,99.608688,42.827482,21.790355,179.787087,36.19193,9.23065,69.727243,8.898651,14.283156,132.016513,37.892665,95.975451,9.368208,8.751442,7.640003,22.746131,7.336451
2018-12-11,0.690172,32.04647,27.461688,29.789946,225.543324,27.650038,23.820501,219.608076,61.369545,8.705321,99.746866,41.917804,22.363111,181.808042,33.250891,9.350574,70.519565,8.404118,15.899007,139.508073,33.891676,96.222961,8.958085,8.806177,6.931614,24.04535,8.358041
2018-12-12,0.835574,31.520915,26.071358,32.397151,240.41488,29.122754,24.558036,224.838954,64.673025,9.184748,102.142664,42.240328,22.695775,185.749932,37.72955,9.36989,73.921163,12.811345,16.473768,144.973677,37.532825,96.887075,8.830549,7.473298,6.062641,24.266929,8.874933
2018-12-13,0.278231,29.420989,27.592181,33.137588,243.383312,25.570821,26.577884,231.447574,56.751846,9.875036,103.062219,38.153872,22.857659,185.688841,35.446053,10.441971,81.326121,12.691321,17.630692,147.222671,31.336599,97.111887,8.673878,7.455105,5.596293,25.112997,9.172513
2018-12-14,0.244524,31.49266,29.863884,33.282439,247.951352,26.256442,29.321283,248.491559,53.181977,11.943756,112.399322,32.841757,23.149578,187.40441,33.204669,12.198729,93.947269,12.691321,18.371919,156.122735,33.747058,97.315966,9.211287,8.501357,6.431647,25.994917,10.265927
2018-12-15,1.526628,36.269673,26.101441,35.404615,256.115368,20.300004,32.125074,257.049093,43.077386,13.844323,120.28945,28.078192,24.326988,191.013299,28.98139,12.327324,94.173585,12.066424,20.358132,160.528865,24.931846,97.206941,9.364213,8.595457,6.790506,25.948291,9.918256
2018-12-16,0.434206,30.123769,27.234371,31.638162,233.237165,22.702696,28.906673,239.795044,47.437123,11.389092,107.246225,31.458119,20.539142,172.524793,35.84816,11.961405,94.39091,14.794374,18.237812,150.499924,29.137374,97.181221,8.61952,8.703549,5.88477,24.068855,9.490549
2018-12-17,-0.835716,27.20469,32.89021,31.021026,235.926866,24.885428,29.197934,246.796426,48.157801,12.011757,114.486537,32.768463,19.938765,171.894018,36.24713,12.059859,95.984158,13.938838,17.282743,156.801044,39.223536,97.427452,8.833362,9.050924,5.952989,24.395096,9.582218
2018-12-18,0.265196,32.777,30.959023,31.230857,236.939223,22.844858,27.787689,239.877596,49.386905,12.029675,115.06274,32.596683,18.493561,167.861512,41.084105,11.065955,92.710842,16.851295,15.726057,152.638404,44.832843,97.216742,9.297445,8.699655,6.335922,23.362829,8.101284
2018-12-19,-0.5137,33.978531,37.509218,29.680296,222.7078,18.713498,26.230787,227.479926,47.194291,11.209167,107.774315,30.733096,16.686151,154.381798,39.696971,11.627804,93.173591,13.255057,15.900713,147.632494,38.346021,96.419967,10.401161,9.314049,6.774886,21.952004,7.120347
2018-12-20,1.020574,41.356576,34.389342,30.740296,229.527599,19.670349,26.9454,232.455563,48.505236,11.775482,108.341523,27.952892,16.729773,155.022267,40.811778,10.791722,88.297369,14.624651,16.518836,152.029664,39.2592,96.491835,11.095409,9.410754,8.578769,22.113147,6.863289
2018-12-21,0.544054,38.600439,34.996047,28.844817,210.49734,19.398678,23.671154,208.407076,51.584246,8.859903,93.906041,35.208649,15.917046,146.141731,40.690333,8.861116,76.091077,17.385648,14.765411,136.573351,38.751608,96.416932,11.108802,8.449411,8.126934,21.633804,5.686248
2018-12-22,-1.008681,31.064239,37.676223,28.021874,204.184253,20.498678,22.559334,203.117067,55.23887,8.49544,89.744244,34.055973,15.268442,142.279821,42.193992,8.835694,74.341997,16.423335,13.577321,129.345597,40.345195,96.764685,10.486597,8.721303,7.972176,22.453574,6.386563
2018-12-23,-0.083711,33.117796,33.669397,30.556937,221.173498,19.821977,25.028524,216.696229,51.77357,9.42947,97.898904,35.764467,17.346639,153.907613,39.603875,9.545201,77.87813,14.981095,14.966079,135.728517,37.11121,96.870594,10.135568,8.128648,8.17234,22.043989,5.986755
2018-12-24,1.089792,37.022031,29.882746,30.390246,217.106264,18.018214,23.648041,208.633242,53.71372,7.493778,89.80632,40.714198,17.724242,153.767283,37.654872,9.282377,75.62794,14.818615,16.281225,137.655505,30.996372,96.047716,10.212831,7.793353,8.709111,21.338351,5.622439
2018-12-25,0.799068,33.645757,28.420857,31.274989,221.684337,17.185206,25.388142,213.642594,47.636045,8.769834,97.35729,40.013593,19.235958,160.334634,34.555641,10.415425,79.865422,11.761627,17.277971,140.085534,27.109313,95.519608,9.492132,8.873335,9.270753,22.092065,6.431498
2018-12-26,0.975608,31.199168,24.680129,28.770323,218.66833,26.42425,24.483155,214.954054,51.356946,7.891725,95.76466,43.031941,18.368585,159.194862,36.455478,9.163752,74.832559,13.600119,16.232694,139.141589,30.674286,95.752614,8.362626,8.321982,9.049783,21.444218,6.331242
2018-12-27,0.966971,31.26058,24.811146,28.131686,217.243569,29.612904,22.484741,205.220447,55.253364,7.49321,96.650752,46.673085,18.257842,159.783137,38.008316,8.891,69.845467,10.544925,14.886425,131.144798,31.856405,95.796966,8.4069,8.38858,7.514995,20.547183,6.307835
2018-12-28,0.57359,31.926822,27.963476,29.753488,232.831792,27.243619,24.43686,221.83205,52.980268,8.649653,100.796074,41.029419,17.77103,160.527017,37.734232,9.332357,73.185683,8.701742,16.114807,140.520781,29.172031,95.773715,8.667547,8.520686,7.604846,21.335997,6.660995
2018-12-29,0.804039,35.05241,29.52446,28.478972,228.013545,32.214063,21.992125,212.013165,60.812248,7.656912,97.305783,44.662751,16.595329,158.512587,44.415887,8.950153,72.999513,11.465154,15.090681,140.146801,36.394899,96.175175,9.392685,8.627659,7.811201,21.315185,6.380021
2018-12-30,0.961757,36.625879,30.243082,28.809356,223.11768,31.921587,22.308686,209.242795,61.189028,6.741169,90.072801,45.334379,17.303977,153.927021,39.08749,8.67971,69.803493,12.199755,15.334191,139.707334,37.940484,96.219501,10.07579,8.572736,8.22345,22.769949,7.110779
2018-12-31,1.379436,37.630253,28.594257,30.475736,228.132405,28.501122,24.613821,217.064936,55.83212,9.211328,96.496025,36.157227,17.942143,155.557917,38.027925,9.678578,74.337078,10.937559,15.793489,138.002166,34.546931,96.864375,10.109842,8.43548,7.642735,23.422332,7.769645
2019-01-01,1.228325,37.85547,29.778356,30.022175,227.468077,30.05076,24.167962,218.372251,59.450585,8.480574,91.729579,35.963731,18.026427,155.685016,37.148343,8.755141,71.857916,14.286591,15.42595,135.396031,33.959353,96.487518,10.285393,8.367799,7.160304,22.699209,7.175203
2019-01-02,2.351157,40.052303,24.732196,32.189106,235.210988,25.467197,25.831184,225.938401,57.622744,8.138253,93.152199,40.123448,19.043102,159.154487,35.069884,9.643341,76.978198,14.142314,16.195711,138.446284,32.915247,96.091513,9.942393,8.437381,7.051576,24.598329,8.617378
2019-01-03,1.622457,37.552568,27.05956,32.405899,232.839182,23.258655,27.405972,236.102765,58.858555,7.686002,89.233728,39.525609,19.271868,159.525262,34.887205,11.041953,86.098862,14.686609,17.36709,145.254823,32.935648,96.029982,9.990499,8.554955,7.074782,25.932072,8.173483
2019-01-04,1.776843,35.311396,24.207586,31.898711,223.523068,24.182281,27.363505,228.790454,57.790983,6.30491,87.262991,47.862474,20.201917,161.251749,35.006335,10.879682,82.317497,14.328405,15.937435,135.494192,35.898291,96.137779,9.524287,8.898432,6.476482,24.378852,7.919375
2019-01-05,2.97662,38.47844,18.923403,32.270442,231.655014,19.652882,29.626994,244.450533,49.814651,7.707864,97.277756,46.640591,21.300368,168.870247,28.936513,11.708863,87.39994,10.478033,18.254002,147.1207,27.200209,96.04113,8.737567,8.409332,6.641891,24.165361,7.394789
2019-01-06,2.147224,33.87294,19.339931,31.758546,234.936535,19.985868,29.41744,245.700935,46.595527,8.361282,99.664548,43.07307,20.600809,169.764753,30.332753,11.712709,88.286169,9.011297,18.157517,147.387266,24.492144,95.510718,7.862099,8.342651,6.210664,23.019408,7.22079
2019-01-07,2.096295,35.396153,21.246308,31.914258,235.327535,19.908558,29.221295,243.816309,46.574644,7.251082,95.478342,46.534054,20.221319,166.422825,29.930358,11.735601,87.681629,8.467155,18.238844,147.608988,24.498083,95.619757,8.391564,9.452046,6.426005,22.824021,6.944307
2019-01-08,2.984061,39.417742,19.406091,30.925752,229.556965,22.163264,27.909506,239.174819,52.008613,7.43998,100.394406,50.500548,19.247186,161.605602,32.53048,13.254993,93.053073,4.162684,19.240866,155.885866,26.853129,96.358755,8.771584,9.407123,6.577693,24.272618,7.523813
2019-01-09,2.116544,39.136788,25.208848,33.09297,237.844369,20.075759,28.11705,234.600657,49.576141,10.903062,115.054457,43.306755,20.892187,169.412486,31.931245,14.162477,95.396457,2.200138,21.320501,163.154597,22.854833,97.036641,9.778215,10.216193,6.465023,24.311798,7.059194
2019-01-10,2.45497,38.538725,22.305532,30.628885,222.872402,20.342608,26.081399,218.538428,46.078334,11.284631,117.779906,43.161648,19.369877,164.030136,35.949168,12.372006,85.363615,3.555222,18.833353,150.942203,26.408937,96.393042,9.201568,9.695338,6.008169,23.211462,7.819065
2019-01-11,3.028525,42.761499,22.479362,32.613672,238.746961,20.332083,25.9689,223.755486,49.840876,14.037922,131.746772,37.734332,19.23145,167.630384,38.836704,13.933067,97.267377,3.95715,20.905309,164.188591,24.185025,96.783699,9.741754,10.926467,6.712712,23.606446,7.819149
2019-01-12,2.504957,41.564714,24.747804,32.367602,239.970914,22.672573,25.954395,226.486983,52.2434,12.9926,126.403399,39.178202,18.694893,163.004295,37.497026,13.181307,95.617544,7.12547,19.008465,157.707419,30.095001,96.529153,9.877559,10.816828,7.035225,23.010461,8.283383
2019-01-13,3.085417,44.525518,23.643004,32.21376,240.615346,22.588317,25.089637,228.511831,58.701815,13.629804,132.693576,40.445242,19.47642,171.168199,39.34919,12.766799,95.186389,8.778989,18.129884,154.682805,31.977329,96.31889,10.071982,11.0497,6.804415,22.376099,8.204957
2019-01-14,2.645334,41.506978,23.537095,30.773449,235.395053,26.349481,22.617578,219.006525,65.364189,12.877557,131.700424,44.22254,19.178933,173.859691,43.576242,13.806924,103.883159,10.092039,16.833026,152.85194,38.504352,95.811728,9.575091,10.8558,6.456047,23.405405,8.848012
2019-01-15,1.119871,35.844862,28.322145,30.204525,224.941358,22.042907,22.278849,212.45876,62.800918,10.679144,117.756596,46.019601,18.736745,166.813433,40.949626,12.536915,94.308582,10.092039,15.971484,140.726595,33.438388,95.752829,9.552236,11.390197,5.549192,21.418005,7.940966
2019-01-16,0.935946,35.020738,28.658495,28.494192,218.876777,25.182913,20.317546,208.712973,70.60118,6.624946,101.261811,56.22767,16.639589,156.990197,43.879909,10.495764,81.943735,10.597091,13.157226,129.76185,40.323484,95.335582,9.367815,11.414423,6.308036,20.401764,7.271416
2019-01-17,-0.080574,32.304904,32.858218,30.673755,234.443544,23.803178,20.683527,214.945579,72.909313,6.771488,100.23901,53.738384,16.805231,152.257228,36.853681,10.582532,83.057349,10.385826,14.199306,135.311404,37.80306,95.473616,9.489148,10.603669,6.356241,19.671525,6.44137
2019-01-18,0.222913,32.805859,31.242202,30.36272,234.977077,21.993379,21.497629,219.459903,68.661671,6.032052,93.858017,51.545313,16.724644,151.803165,34.485728,9.985632,81.116661,11.070999,14.164314,134.64016,35.282529,95.56161,9.13062,9.673802,5.690038,20.17019,6.60826
2019-01-19,-0.313863,33.102192,35.224191,30.110675,223.832952,20.257601,20.57918,212.027919,72.894079,5.974525,93.288461,52.89528,16.846945,150.798129,36.897565,10.78148,80.795222,7.902679,14.550853,130.615541,32.238634,95.526748,10.106103,10.14394,5.420327,21.439482,6.146838
2019-01-20,-1.273915,30.124718,38.668254,28.779305,214.859837,21.850818,19.854688,204.656647,71.500761,4.645645,86.944939,55.788821,16.179808,144.849593,36.33937,10.157587,75.345432,7.223358,14.168978,128.761704,33.737151,95.97413,10.257624,9.46032,4.968458,22.196698,5.846047
2019-01-21,-0.970059,31.520683,38.013853,29.409106,219.111218,22.25903,20.274039,205.997369,70.291478,4.770451,86.158914,54.227522,16.65698,145.594769,34.09995,8.929811,66.628984,6.856586,14.795586,126.710834,27.675405,96.166628,10.388244,9.467567,5.634411,21.403273,5.287198
2019-01-22,0.256666,38.242791,36.545503,30.269271,223.350315,23.18519,22.606401,213.95233,64.460357,7.353978,95.893623,47.26312,17.575899,149.837265,33.611075,9.466667,70.144549,7.54322,15.059618,132.253171,32.666684,96.03176,11.309598,8.910409,7.083326,23.509423,7.09707
2019-01-23,1.781268,43.155161,31.467425,31.043395,224.419295,20.729033,24.017885,218.152446,60.559847,10.197578,104.254108,37.343016,19.702987,155.677025,26.396492,11.591159,83.224208,7.16918,16.98597,136.952628,25.49972,96.947383,11.372848,9.147485,6.944014,24.933589,7.789938
2019-01-24,2.609792,46.171944,29.509471,32.378873,225.316266,18.590159,25.030041,218.116577,58.309811,11.89727,110.00419,34.044893,21.332792,162.081949,25.880636,12.444583,86.245563,6.791896,18.022971,138.206,23.136562,97.609778,11.853747,11.207611,7.208969,26.065745,8.237982
2019-01-25,2.390538,43.534802,28.704148,31.175566,216.377464,22.967443,24.474946,213.255913,61.415851,10.757192,105.639603,38.903086,21.046864,160.85738,30.284788,11.085146,78.306211,9.535097,17.111598,134.168631,28.010028,97.691577,11.644123,11.306892,7.582184,27.267618,8.643761
2019-01-26,2.398507,40.013343,25.090134,30.638194,217.480289,26.853289,23.821343,209.748995,61.535587,10.399283,101.625343,36.922306,19.480396,153.740243,32.535663,9.825057,73.731888,12.601614,16.074759,132.35488,32.339749,97.251144,10.463643,11.311153,6.854948,26.148888,8.593247
2019-01-27,3.152494,42.779716,23.499492,31.906853,223.659177,28.521189,24.414318,211.007817,61.693158,10.397509,103.270637,39.68088,17.983538,145.790156,35.805276,10.248545,76.618105,13.939394,17.285749,137.398416,31.681117,97.464433,10.837259,11.430294,7.540128,26.365582,8.970981
2019-01-28,3.987831,43.978696,19.910575,32.057495,219.610414,26.130873,25.970003,212.394137,55.654995,11.728035,106.010444,35.227158,19.372422,148.521551,31.601392,9.88342,75.091451,15.441142,18.15681,142.1645,32.581038,98.064456,10.58577,10.536699,7.888427,27.409496,8.63152
2019-01-29,2.450587,37.39125,22.079003,32.505025,230.586165,27.481739,23.830089,208.955239,60.055288,10.031062,103.139863,40.461764,19.54997,155.582691,33.426641,9.581315,79.236032,19.368134,17.362903,142.847977,34.357599,97.567577,9.517676,10.238594,6.761539,25.781257,7.030823
2019-01-30,0.915648,31.355671,25.545495,32.374896,232.600941,27.168434,24.296617,214.305899,60.133513,10.607322,107.066104,39.758126,20.203113,164.387759,36.190401,8.689852,75.181621,20.040807,18.117132,151.663064,36.702142,97.479086,8.967273,9.774494,6.66821,24.874552,6.156604
2019-01-31,-0.03026,23.873008,24.063891,29.505901,215.789134,29.662486,22.608295,204.398805,61.783058,8.841454,100.17549,44.402569,19.182763,159.990661,38.983567,8.425989,71.882095,18.729977,17.259639,147.257214,38.38141,97.312883,7.599242,8.194674,6.524696,24.431258,5.771145
2019-02-01,-0.9417,23.240044,29.330494,28.043598,212.038611,30.666477,20.435692,198.695347,66.52739,7.321001,97.27203,49.923416,17.702159,155.251207,40.76239,8.649038,71.805138,15.867435,15.589092,138.766111,37.943571,96.956345,8.12841,7.436771,6.374113,21.589697,4.961051
2019-02-02,-0.906978,23.343162,29.15466,29.055586,212.787134,26.612337,21.170194,197.662079,62.013239,8.16955,98.977083,46.630373,18.361718,155.352474,37.699054,8.863262,69.592611,12.800918,16.900434,140.626888,32.336699,96.978283,8.193134,6.574548,6.513477,21.389349,5.175293
2019-02-03,-1.226551,23.103919,31.165744,28.272155,208.912383,23.086346,21.21587,199.119214,59.672431,10.486017,108.467772,39.545717,19.270328,162.279576,35.620371,9.035381,69.322739,9.935365,16.828431,142.401971,31.792766,96.327727,8.256756,6.984781,6.074888,21.427306,4.779699
2019-02-04,-1.642201,23.073139,34.235543,30.712614,230.290702,21.530308,23.074216,215.199938,58.359415,10.323448,114.510795,44.340047,18.280115,162.859087,38.605124,9.976602,77.658717,9.845561,16.547707,144.307888,31.829481,96.313229,8.431194,7.85629,5.686661,22.21863,5.370788
2019-02-05,-0.948197,24.235308,30.655395,31.149869,232.995551,22.084841,24.355018,225.819097,60.915221,11.925825,122.716134,41.968309,18.054628,162.188562,39.943606,9.943681,73.899261,6.572211,17.286769,145.25137,28.20546,97.207829,8.106929,7.445956,5.636615,23.462562,5.52122
2019-02-06,-0.291328,28.138317,30.11832,31.384369,235.366972,22.063771,23.425946,220.561007,61.347062,10.692837,121.342759,48.669115,17.059212,160.687653,44.74508,9.616515,74.41075,9.052306,15.544829,136.412619,30.76252,97.193867,8.571591,7.935965,5.554922,22.577998,5.863718
2019-02-07,0.564242,35.335353,31.39439,33.000027,254.302863,23.813308,24.106512,234.166815,65.79425,11.504174,132.374537,52.023332,16.704291,163.515023,46.843464,9.200995,74.617596,10.353006,16.632993,148.123631,31.950054,97.429949,9.55394,8.229747,5.980204,23.701844,5.962432
2019-02-08,2.078479,40.705757,26.334449,35.986571,266.600203,17.776861,27.70417,248.808974,57.252956,14.259898,141.298503,42.70074,19.086181,170.841846,38.873523,9.794108,77.198783,9.478999,18.779821,157.281625,27.43158,97.416931,9.695823,8.487048,6.190643,26.097262,7.032603
2019-02-09,2.880033,45.746558,25.463903,36.699438,278.74489,20.288798,27.60856,252.434806,58.001295,14.791325,149.825793,45.657767,20.783622,185.893801,39.524977,10.510858,84.204428,10.181623,19.976243,170.318613,29.635756,97.648433,10.11152,8.607708,7.131449,27.002429,7.048166
2019-02-10,3.094262,44.38161,22.871118,36.354553,275.490934,22.76369,26.767198,246.792379,60.713895,12.498305,136.242574,49.357664,20.823711,184.686651,39.925719,10.410991,83.080509,10.70605,19.348934,164.38745,29.878776,98.217819,9.674236,8.130674,7.471756,26.693082,7.010973
2019-02-11,3.336791,45.454185,22.82635,35.27555,262.441199,23.226544,25.730325,237.262492,62.777021,13.746877,136.0022,42.780284,21.190568,182.435705,38.735767,9.952802,77.281417,9.788318,20.386165,168.730352,30.48532,98.109423,10.068921,7.992279,7.169261,25.631831,6.630251
2019-02-12,4.007116,47.543054,20.292572,35.006333,258.879606,20.818277,26.061091,234.03935,56.810335,12.756834,129.965769,43.212643,21.51543,181.905215,35.589065,8.769846,70.381947,10.74242,20.259147,165.666758,27.893989,97.245796,9.975062,8.024564,7.113428,24.207367,6.239957
2019-02-13,4.478437,50.024898,20.293429,33.645744,246.156458,22.788927,26.458199,230.086535,54.435713,12.627809,126.636443,42.802884,19.995973,167.463826,34.714461,8.777948,66.191067,7.915982,19.940081,162.232312,29.854006,96.702386,10.592016,8.404287,7.279586,24.838205,5.955008
2019-02-14,4.867117,51.811881,19.576629,33.353364,243.298184,22.396542,26.829745,230.946206,53.250944,12.256652,124.393513,43.216854,21.064092,173.169378,33.660437,9.392638,71.063018,8.854924,19.258785,157.22863,29.676359,96.695998,10.778765,8.525433,7.92668,24.156206,6.760911
2019-02-15,4.324259,47.726771,19.614148,33.497881,241.852982,24.078492,25.576204,222.400043,56.125499,11.58709,121.588075,46.258752,20.738239,172.590483,37.76824,10.376273,77.825309,10.367683,19.851526,163.752059,34.69446,96.488836,10.358321,9.497143,8.449891,23.686641,6.633965
2019-02-16,4.532208,47.816407,18.170279,33.103356,238.945699,22.40968,25.723437,226.528705,58.266288,11.686606,125.11092,48.666368,21.511014,175.306751,34.59868,9.822254,76.612343,12.36291,19.25758,160.295234,34.327346,96.6542,10.08784,10.221509,7.737863,23.311496,6.989421
2019-02-17,5.435464,54.699301,18.813105,34.659213,250.817689,21.989504,26.693993,231.188106,54.948159,12.722051,131.563021,47.569085,21.49085,178.21646,36.328874,10.738007,83.741405,12.846583,19.84914,165.55597,34.507332,96.595232,11.134477,11.65618,7.60917,24.42144,7.796505
2019-02-18,5.006757,49.595043,16.588074,34.89392,251.526084,21.48847,27.673933,234.421118,51.981156,12.526085,131.093813,48.515793,22.377475,181.290147,33.766999,10.631886,82.377588,12.287045,19.945028,162.612598,31.125318,96.358605,10.039177,11.545985,7.609969,23.513258,7.402142
2019-02-19,5.023427,51.303085,18.11806,35.110286,252.946465,21.006038,28.395043,235.849616,48.270444,13.212013,131.181461,43.902198,23.056283,184.195648,31.884613,11.830457,90.359927,12.207297,20.072708,163.646951,31.04557,96.306085,10.508717,12.263251,8.259056,23.73848,8.271767
2019-02-20,4.336732,45.385406,16.667667,35.435211,255.051255,20.400122,28.496673,237.484369,48.780073,12.129552,127.28155,46.959941,23.824389,190.403439,32.638896,11.359076,90.978291,15.758761,20.489003,165.929707,30.252016,95.84311,9.370778,10.717325,8.149555,23.409363,8.679833
2019-02-21,3.638617,39.520137,15.320867,35.317957,255.49709,20.608718,28.812417,241.114429,49.492312,12.81014,131.822031,46.625912,23.719973,189.750983,31.997072,11.104417,88.714774,14.862869,20.883486,169.581375,30.692024,95.538744,8.245926,11.341655,7.365255,24.029868,8.134311
2019-02-22,3.831862,39.917497,13.984322,33.919783,249.831793,20.270358,29.615568,247.644045,47.212563,12.338818,126.450901,42.944567,23.496946,186.138717,27.116689,10.020887,83.156869,15.337767,19.789834,158.456567,24.52344,95.75052,7.964482,11.157266,6.477601,22.501634,7.19554
2019-02-23,4.11108,39.427635,12.382791,34.627246,248.186948,20.390748,30.61435,245.779956,44.382691,11.503802,115.640728,39.962679,22.599857,175.362513,26.688791,10.658333,83.567134,13.451025,20.151057,153.965099,21.400872,95.752353,7.87569,11.028927,6.684223,23.257706,7.422947
2019-02-24,3.04785,33.784766,13.518325,34.341792,246.927671,18.574603,30.480107,249.303361,46.628269,11.856863,117.100818,38.259532,24.421657,183.280581,20.890682,10.267678,82.091266,13.817145,21.249109,159.776864,18.48257,95.138698,7.113865,11.709306,6.831748,22.239456,7.211383
2019-02-25,2.959182,36.189382,16.067179,33.207404,246.014342,20.206629,28.928453,245.611512,48.900328,10.466861,111.056823,39.883001,23.868233,185.744148,23.442058,8.975625,75.336377,14.302837,19.884886,156.105375,20.889728,95.401762,7.684878,12.534856,7.097541,22.633863,7.295595
2019-02-26,1.581828,28.34142,17.446061,31.549001,236.352288,19.048209,27.14578,238.308868,51.333418,9.616948,107.65475,41.414868,21.487516,172.50572,24.503414,7.957601,69.687849,14.877264,18.053841,147.435295,23.083549,96.188457,6.647594,11.367797,6.194841,21.248874,6.486293
2019-02-27,1.800171,30.416243,18.132467,31.455154,231.989622,17.349967,26.186382,232.037012,53.349734,10.58382,104.995589,32.775075,21.123803,168.341391,24.199488,8.545418,73.21854,14.907411,17.786339,144.141342,22.773198,96.623083,7.114749,11.746204,6.622822,21.186096,6.615151
2019-02-28,1.825144,31.275975,18.989565,30.40616,218.177291,13.490729,26.133035,223.478995,47.558028,11.216033,99.555914,24.052425,20.464993,158.665431,20.900287,8.260591,70.714626,15.106423,17.766956,137.017712,17.41507,96.353752,7.466939,10.784873,6.418388,20.574175,6.899406
2019-03-01,2.468758,34.465877,18.189605,30.588125,213.811555,12.147139,24.372008,211.134692,50.452504,10.519978,97.929557,28.572407,20.817191,160.439874,23.194235,8.939178,72.384817,13.449721,17.850441,137.379601,19.69345,96.314087,7.986696,10.322468,7.339584,21.791454,7.847093
2019-03-02,1.482579,29.94507,20.015634,29.912695,209.543609,9.206161,23.371535,203.595277,47.066632,11.180043,101.781411,26.904128,19.845724,155.827937,22.913079,8.504657,70.880781,13.921642,16.718533,134.658698,22.687904,95.317296,7.45971,9.767761,6.999603,21.161053,7.306874
2019-03-03,1.929707,29.881133,17.061084,29.930481,208.371717,9.52797,24.210265,207.768425,46.927045,10.884991,100.35902,28.044363,18.356715,146.542221,24.589016,7.735484,66.426703,15.035862,15.130922,125.672883,25.150301,95.926716,7.065865,8.270295,7.13201,21.914169,7.044233
2019-03-04,2.115999,29.693564,15.761503,29.571162,203.509124,8.80804,24.282344,205.346684,45.467991,10.976412,101.243011,28.972626,16.896614,135.45421,24.2043,8.884212,72.71015,14.215132,15.384973,125.635361,24.33833,95.257366,6.903707,7.293643,7.526263,23.207417,7.946229
2019-03-05,3.222767,35.45836,14.816993,30.267125,203.770461,9.91379,24.510449,204.614225,47.628255,10.417502,99.068212,32.345577,18.441902,142.692088,24.574303,9.430815,75.609299,15.206255,16.600067,130.969358,24.648267,95.285143,7.849564,8.961326,8.394377,24.610995,8.048769
2019-03-06,2.982225,33.466957,13.881912,31.273981,213.89554,8.511218,24.702114,208.993971,46.768799,10.772971,104.111241,33.362353,19.752605,148.424284,18.703819,9.849931,76.01269,11.325646,17.480983,133.019021,18.216882,95.713643,7.209838,8.8575,7.580196,25.340047,7.785561
2019-03-07,3.187815,37.207583,15.989418,32.578651,223.708971,6.864776,24.752167,211.871133,47.12018,8.898343,96.197668,36.970106,20.207994,154.200331,19.695493,10.116727,79.759527,12.422375,16.956802,133.895198,21.030362,96.050837,7.992312,9.184175,7.884196,24.782403,7.596637
2019-03-08,2.165517,32.183143,17.40851,32.736713,236.126133,12.773932,25.818276,223.046629,46.896727,9.009616,98.027097,36.557343,20.42256,162.742102,23.405457,9.648848,78.856726,13.025701,15.637013,131.378561,24.692182,96.01351,7.268644,8.561019,7.26983,24.394924,7.85704
2019-03-09,1.721478,33.873334,21.98186,31.698723,235.069006,16.103337,24.942214,228.253523,55.959876,8.450603,98.250382,39.876043,21.355025,174.891684,27.377309,9.912925,83.222887,14.747251,15.575927,132.898622,25.304593,96.75887,8.085917,9.507102,6.634287,24.070507,8.27523
2019-03-10,1.62477,34.307231,23.305084,30.732359,222.813901,14.709394,23.736387,211.046778,50.315569,7.742171,90.114563,37.688364,21.129829,169.307086,26.226214,10.556714,84.42165,12.936746,15.273706,127.650666,24.224599,96.454482,8.508044,9.626521,6.884113,22.877368,8.028557
2019-03-11,0.424043,31.228151,28.435388,31.134111,218.891117,13.840776,22.793344,202.095419,51.97766,8.014138,89.694076,36.91268,21.594614,170.681063,28.458179,9.897992,78.498274,13.309751,14.37472,120.925297,26.25289,96.830172,9.059098,8.871281,6.522644,22.03556,7.901268
2019-03-12,0.488833,30.1225,26.892688,33.235781,233.715333,14.120053,24.903869,214.099858,49.555145,10.040894,99.885705,33.54356,23.497037,183.933956,28.684457,11.87505,89.23034,10.769571,16.378039,133.826543,25.613647,96.783266,8.629258,8.406174,6.438044,24.605343,8.106855
2019-03-13,0.632562,29.740042,25.647756,32.319695,223.35631,14.267823,26.43327,213.227342,42.220393,10.494605,100.194961,32.301341,23.063398,178.60452,29.398564,12.494515,90.900372,10.068569,17.657657,139.847793,25.613647,96.345132,8.561527,9.154264,6.663754,24.883969,8.687647
2019-03-14,-0.097994,25.87826,26.505544,33.119359,228.141577,16.135747,27.025472,216.39766,43.400424,10.905399,104.378889,34.570531,23.445607,181.046056,30.964491,13.453637,94.812127,8.691818,18.471284,147.090628,28.851025,96.257125,8.183351,9.338726,6.879241,26.879442,9.043801
2019-03-15,-1.764057,24.281263,35.375923,30.672827,206.827314,13.917109,23.374195,195.685147,48.678127,10.25766,99.310325,34.796956,20.904155,162.701263,31.229037,13.160317,91.918636,9.149628,18.104043,146.429454,32.567937,96.613931,9.485525,9.867829,7.396551,26.300896,8.097546
2019-03-16,-0.894122,29.136433,34.730595,31.452879,209.212573,12.424479,25.652414,204.490813,43.993912,11.141034,103.330053,33.625055,21.887522,164.721543,27.780067,14.564861,97.271563,6.145048,19.280377,152.642123,32.012507,96.814553,10.207944,10.667236,8.606118,27.326385,8.697619
2019-03-17,-1.769956,25.696378,37.063657,33.588859,226.872322,11.152862,26.052503,217.858061,50.539726,11.481075,110.800921,37.065419,22.076317,169.004325,27.222453,15.363319,104.135747,5.467113,19.919872,159.098065,31.165646,97.408803,9.772127,11.557155,8.500337,28.200083,8.723786
2019-03-18,0.410107,35.711087,32.962135,33.263189,237.782941,14.819132,25.413372,227.905752,57.559416,11.208721,115.393668,40.261389,21.45695,172.714022,28.887664,16.125972,112.640902,4.548194,20.02719,169.826741,35.584091,97.490684,10.245117,13.144906,9.288849,27.675238,8.448917
2019-03-19,-0.116542,37.03845,37.833358,31.687655,233.672438,17.536839,24.249644,223.623789,58.221479,9.409266,108.869158,44.690309,19.418547,163.674691,31.224394,15.195167,107.691491,4.048088,18.433458,162.528572,36.797388,97.307591,10.976961,13.557045,8.744573,24.677501,8.583202
2019-03-20,-1.301893,36.078567,45.199773,32.075305,244.420539,19.697418,22.951472,227.957415,67.156868,8.383133,110.550238,51.817084,18.237906,165.959539,38.182756,13.953425,103.266646,5.507415,16.703415,165.294364,48.268396,97.446277,11.601065,13.366499,8.910803,23.589466,8.245287
2019-03-21,-0.42593,41.339286,44.31682,32.020361,243.315379,19.471857,22.121016,223.696622,69.056076,7.516462,104.682096,52.137053,18.622067,165.071964,34.891387,13.118982,98.267221,6.556854,15.858885,157.87588,47.011771,97.15436,12.252932,13.906341,9.008725,21.541266,7.701711
2019-03-22,0.029089,45.11654,44.911261,33.050433,253.229749,19.993241,24.67055,239.889159,65.789384,8.932327,112.993909,49.958585,19.554982,176.539763,38.540491,13.01088,99.482304,7.664681,16.980468,160.549832,40.718872,96.735703,12.757256,14.838659,9.564421,22.897206,8.286094
2019-03-23,-0.016337,43.88648,44.002392,32.981031,255.152361,21.149518,22.92766,233.338426,70.66499,8.348895,107.75467,48.518648,18.328695,170.860617,40.817181,11.05227,91.288436,12.87177,15.306292,153.061415,44.462146,96.634637,12.38731,13.601401,9.095583,21.920421,7.7295
2019-03-24,0.842176,50.235393,44.377945,32.35142,250.929945,25.92131,23.220937,231.371824,69.866969,8.946372,107.250509,45.027243,18.189119,171.308113,44.800254,9.874236,84.159263,15.482574,14.892157,151.927755,48.350725,96.286157,13.603371,13.195699,9.116671,22.65339,8.238056
2019-03-25,-1.145885,40.790097,48.469895,32.23311,241.114953,25.086497,23.775079,223.320643,63.978477,8.965493,100.832681,40.745346,19.440235,169.197655,38.907902,9.034341,78.893737,18.344982,14.517271,140.953033,43.657312,96.148397,13.318278,12.615325,8.112333,23.527796,8.161074
2019-03-26,-0.722717,39.620361,44.381488,31.208075,230.497323,24.904306,23.144603,219.097489,66.625131,9.176309,100.631558,40.179732,19.105426,163.887078,38.024073,7.853607,73.335155,21.597044,14.344781,136.677457,42.176697,95.997498,12.751094,11.458528,8.049302,24.346515,8.07321
2019-03-27,0.473649,41.681683,38.618134,29.904419,218.032711,24.611748,22.804356,213.327828,65.829876,9.830443,97.294937,33.711904,20.280602,164.63646,33.462084,7.364965,70.692398,23.056009,12.988442,120.400221,36.391333,96.133705,12.41499,11.095346,8.576983,25.528647,8.071243
2019-03-28,-0.413875,35.530861,38.258149,29.133623,214.949698,22.969385,22.409536,209.96397,62.29302,10.540948,103.318826,33.857691,19.223819,161.321484,34.643287,6.971,66.680264,20.74383,12.967424,119.779986,34.329228,95.769896,11.197717,10.467362,7.602294,25.8532,7.656697
2019-03-29,0.11686,32.536728,31.764159,29.154135,214.250981,21.511923,20.387119,201.454921,66.67493,10.354156,104.795189,36.343485,19.013655,155.403796,29.703825,7.047739,65.318834,18.725969,13.155008,121.418116,34.449875,95.779762,9.726294,9.575716,6.428694,24.57823,7.067168
2019-03-30,0.215845,30.343114,28.930947,30.463402,218.896415,19.589761,23.162647,210.019488,58.477991,11.158402,110.263913,37.260124,19.360056,157.688607,31.025537,8.663845,70.202043,13.51888,15.212261,128.432937,28.906796,95.629422,9.059856,10.050448,5.899639,26.724485,7.630107
2019-03-31,0.495319,30.274144,27.027724,31.216082,219.414518,14.817969,24.161304,209.030956,50.672858,11.360603,110.897235,36.437536,20.585373,161.244199,26.323479,9.335903,74.304919,13.115515,15.650872,126.894712,24.315718,95.273405,8.742766,10.147198,6.388696,26.101383,7.769531
2019-04-01,2.294223,36.488802,21.419786,31.097359,216.972026,12.716991,25.002721,212.048594,47.824628,10.911197,110.682682,39.015278,19.220395,155.52766,29.28342,9.410236,73.220398,11.411673,15.955933,127.159016,22.356556,95.221914,8.816449,10.300852,6.472828,25.152285,7.553798
2019-04-02,0.354221,35.188899,32.87081,31.216085,215.381716,11.097986,23.993736,207.444314,50.424946,9.115427,108.02816,48.37515,18.981318,153.609851,29.392659,10.621946,77.475151,7.963206,15.151342,123.794626,24.641494,95.453092,10.400034,10.222941,6.852145,24.794628,7.508578
2019-04-03,0.154855,35.722757,34.733942,32.140792,213.752202,8.519955,24.517171,209.59402,53.041744,9.201698,105.710959,46.954312,18.150119,145.209086,29.313069,11.306291,78.673635,6.478294,17.343377,133.046614,22.301982,95.533698,11.034007,10.760922,5.572289,24.580002,7.006884
2019-04-04,0.424738,36.16743,33.48302,31.357812,209.839733,11.653575,24.586053,209.270381,53.882774,8.749235,102.314302,47.017803,19.006661,151.989553,31.864555,11.848122,82.404776,7.522834,16.575725,129.070636,24.309522,95.976708,11.020375,10.067907,6.1938,24.17516,6.669804
2019-04-05,0.388722,37.090961,34.720309,32.394935,208.775768,11.212813,27.485241,211.224125,43.603311,10.152615,101.447203,39.530717,19.931735,148.868917,27.313729,11.813112,80.744247,8.701092,17.486324,129.483537,22.84187,96.226434,11.775089,9.603901,7.041421,24.939336,6.926849
2019-04-06,-0.985657,39.00241,44.876692,32.216547,205.705073,13.702134,25.081916,204.293056,54.810816,8.672858,91.511144,39.822981,19.539237,145.9463,29.497109,11.297156,78.364969,11.036612,17.042405,127.558326,25.989653,96.526913,14.074238,10.253951,8.383763,23.776129,6.508248
2019-04-07,-0.550563,39.765618,43.015145,31.251899,200.179292,15.724784,25.702237,208.64332,56.943948,8.970715,92.944702,39.997875,17.730825,138.30351,33.652891,11.358981,77.894638,10.851823,16.93011,126.763229,26.838575,96.964646,14.025442,10.156476,7.862602,23.499155,5.852068
2019-04-08,-1.891572,35.41398,46.771268,30.940743,202.496508,16.723557,23.812554,207.179264,64.205053,7.736336,86.677764,40.227619,18.105707,142.868136,34.158704,10.552862,76.599711,13.238717,15.40518,126.48361,33.988553,97.248784,13.688067,9.214067,8.15669,23.486759,6.059765
2019-04-09,-0.561786,35.504531,38.805571,30.861747,197.366034,16.023227,23.571314,201.585155,63.080738,10.049454,87.391107,28.340779,17.189587,135.185009,34.17945,10.593876,76.915619,14.666286,14.94003,120.70333,32.916111,97.108889,12.646432,8.729152,8.147501,23.810708,6.081684
2019-04-10,0.029367,37.317626,37.139218,32.654766,214.585468,16.202224,23.04833,198.590282,58.567765,9.741397,91.626378,32.44574,18.613894,146.59931,33.516746,10.622878,80.798037,16.262253,14.604965,125.125671,36.39803,97.019697,12.255928,8.552399,8.926296,23.285289,6.315113
2019-04-11,0.257718,37.628072,36.050379,33.201105,222.960853,19.710959,23.482109,202.213209,58.460881,10.597812,97.667731,32.790246,17.806883,141.940186,32.930346,10.24061,79.694697,17.003928,15.842034,132.579786,35.598325,97.123959,12.03546,8.796552,8.196511,23.157699,7.167762
2019-04-12,1.124257,42.454731,35.334477,32.36994,224.779702,19.771259,21.408429,201.305453,65.719517,9.556484,99.016616,38.492563,17.666917,151.323927,39.434093,11.605942,89.347629,15.84375,15.497753,135.465022,37.313153,97.350369,12.282577,8.832338,7.298906,22.693897,7.07986
2019-04-13,2.533413,43.359782,26.918839,31.554302,228.073924,23.297823,22.590521,206.726515,60.122142,10.054827,105.311957,40.05974,16.800552,147.49495,38.465393,11.72349,94.630543,18.5493,15.336306,137.614949,38.087825,97.298065,10.829354,7.885638,7.541571,22.934851,7.453241
2019-04-14,1.734074,39.897081,28.398473,31.385023,230.126633,22.013268,19.844477,200.996692,69.408423,9.429055,102.808194,40.284347,15.349614,144.556583,42.773645,11.664511,95.130371,17.783264,14.231936,134.158677,39.787035,96.825157,10.299471,8.848998,7.097126,23.575985,7.824062
2019-04-15,2.580143,42.090748,25.2844,32.955147,235.377556,20.716683,21.590182,203.966488,63.333905,10.818855,107.905549,37.434468,15.553796,142.952277,41.639073,12.875611,98.92049,15.052255,15.907748,136.157055,32.538305,96.168244,10.343561,10.231957,7.816896,23.573905,7.479224
2019-04-16,2.416569,42.094866,25.830175,33.640649,248.804545,22.386537,23.418392,220.106557,62.489334,10.433742,108.941383,38.717198,16.673063,150.606809,38.388946,12.438577,98.2989,14.581197,17.182226,148.113152,32.468377,96.337614,10.092141,10.49524,7.712814,23.222716,8.183746
2019-04-17,2.032171,39.149349,25.815173,32.697776,237.962014,23.414135,23.838672,217.020837,60.602356,11.453793,108.973706,33.819145,15.857932,144.975918,40.923409,12.296648,92.236837,11.55185,16.463477,138.628636,30.602814,96.026248,9.900799,9.459329,7.66404,23.339427,7.903176
2019-04-18,1.620122,41.803354,31.349407,31.194782,224.878737,23.592292,21.898112,206.678073,65.379021,9.992108,97.890019,33.415263,16.396171,145.293059,39.495654,12.548023,93.772819,12.805848,15.562568,134.230726,33.812202,96.637425,11.337,10.697502,8.439429,22.884486,7.540165
2019-04-19,1.101189,37.492701,30.585811,32.567599,226.109582,21.838729,24.833,212.9065,57.148684,10.069432,91.36582,28.208219,16.49883,136.240633,32.756488,11.659913,85.406194,12.272763,16.114275,131.172716,30.100581,96.440197,10.85399,11.279791,7.894335,23.591062,7.827707
2019-04-20,1.043633,38.844107,32.269791,33.384379,227.146979,16.843744,24.061883,207.542594,55.965961,11.386302,99.479196,27.751755,18.535362,145.663006,28.900414,10.913561,78.946304,10.196871,16.951621,134.939046,28.153152,96.219118,11.288905,10.614181,7.370767,22.810852,7.285219
2019-04-21,0.889992,39.741072,34.221568,33.676733,227.246397,18.391833,26.350061,212.429507,49.013106,11.790073,99.809953,26.690912,21.983875,159.131495,22.793075,11.168237,79.295421,10.032847,18.827624,143.57091,26.80676,95.9967,11.926099,10.054505,8.523228,23.097713,6.992677
2019-04-22,0.931243,42.58453,36.703672,31.741976,221.889767,21.437255,25.743057,212.426619,49.857646,11.709449,104.68191,30.736027,22.685845,166.817852,23.55536,10.601954,78.165188,11.213201,18.37627,145.946261,29.898996,96.608032,12.555414,8.813401,8.435771,22.807574,7.129747
2019-04-23,2.841871,49.95167,32.308607,31.802626,218.55955,21.120712,23.928991,200.879441,52.322142,11.46195,105.971719,34.812999,21.234204,163.531188,31.703817,10.28374,74.483149,10.63906,17.52266,139.638795,30.853639,96.44655,13.250143,9.193313,8.303122,23.716211,6.335979
2019-04-24,2.859083,51.868984,33.323215,30.074406,221.92246,26.8414,24.50535,217.131766,58.175022,10.433729,106.472314,38.79274,21.81843,171.558867,30.031135,12.041091,89.268204,11.162297,18.371542,149.802509,30.633409,96.442598,13.133539,10.340468,8.267026,24.242241,7.255371
2019-04-25,3.706254,53.20993,28.981168,32.538248,234.493298,21.782194,27.898351,235.878547,53.499674,12.184142,113.810358,34.159413,21.527317,171.64415,30.914406,12.196634,89.884953,10.152339,18.883239,150.38887,26.944162,95.936864,12.572707,10.224244,8.205267,25.111956,7.550579
2019-04-26,4.1279,53.763862,26.438292,32.541749,236.579281,21.161779,25.233592,228.391701,61.352208,11.961351,114.669095,35.488216,21.395481,174.687452,33.055205,12.661659,93.348652,9.531924,19.243904,156.083832,28.694436,95.944132,12.115628,10.384141,9.258602,23.697985,6.793596
2019-04-27,3.465519,49.854972,26.691357,32.311974,235.645832,19.671768,25.478103,232.26775,61.971455,10.004386,104.186927,37.317357,21.069079,174.483099,33.656837,14.159869,101.965684,7.320759,18.593167,152.611904,28.334699,95.341432,11.45213,11.4906,10.087186,24.119618,7.434838
2019-04-28,3.976665,52.131593,25.553441,32.15823,233.185714,18.255256,23.671784,226.447904,68.236852,9.899036,104.638954,38.478463,20.07537,167.48559,33.311273,13.654658,98.162427,6.901129,17.725686,148.189888,29.719753,96.214606,11.623356,10.806463,9.373712,23.891551,7.83234
2019-04-29,3.731043,48.394926,23.057044,32.220041,235.606604,16.797129,23.654445,231.829204,71.189537,10.38545,106.075421,35.546803,19.338858,165.747582,34.415493,14.333569,102.985976,5.645293,18.718767,155.260325,28.13933,96.119305,10.521415,10.924539,8.159495,23.490876,7.365693
2019-04-30,2.966648,44.159334,23.758356,31.394684,234.325034,18.430799,24.316185,235.143021,67.926041,10.204168,101.392128,31.22034,21.204991,174.910609,29.088617,14.357017,104.168357,5.438352,19.004696,156.011514,25.320459,95.961454,9.876384,11.577608,8.200663,22.375465,7.198654
2019-05-01,2.773525,39.264054,20.494971,32.961893,235.075305,12.014547,25.410751,232.269504,60.309072,10.537134,102.389997,31.082773,21.199382,172.999394,29.53827,12.63488,92.901149,7.397994,18.566147,150.801732,25.16032,95.811842,8.830646,11.60366,7.351972,21.560733,6.569969
2019-05-02,2.657963,36.037235,18.556691,31.914284,222.2551,12.365373,24.007892,215.484351,57.59236,9.253071,97.101919,36.247524,20.632173,162.450389,26.759386,11.980246,85.117537,6.327411,19.064706,147.734193,22.351904,95.673127,8.30115,11.13818,7.011517,20.98354,6.32175
2019-05-03,2.107847,38.993635,24.994738,32.449815,228.841319,13.331509,26.685767,230.374787,53.145903,10.655083,108.596541,37.832657,21.123304,169.292356,29.005601,12.498148,90.297829,7.293547,19.580604,150.945158,20.903978,95.737272,9.634879,11.32129,6.924421,22.476959,6.673271
2019-05-04,3.116968,40.129719,19.844907,31.770291,223.45374,16.696903,26.341502,221.808516,50.381517,10.915163,108.837113,37.80268,20.608984,161.987633,27.867099,11.217836,81.221724,8.217538,18.933733,145.766515,22.548292,96.180502,9.215711,10.796405,6.117499,20.933987,5.713994
2019-05-05,2.640815,34.568687,17.528741,32.102464,225.353491,18.211275,27.760366,222.512098,43.387413,11.324139,110.329279,37.259893,19.987668,156.405932,27.434838,11.300771,80.463182,7.544578,18.650259,142.213872,21.872457,95.721111,8.073949,10.796664,5.863141,19.458075,5.01803
2019-05-06,1.103852,30.539901,23.660739,33.021285,223.898603,18.111219,27.595144,221.897135,49.925254,10.237914,106.139848,42.337557,19.728626,155.234452,32.286409,11.123451,76.981377,7.660453,17.410852,134.563749,26.059988,96.144309,8.697204,11.734711,6.579048,19.375783,5.273699
2019-05-07,0.904654,31.85661,26.220245,32.941818,222.191131,16.95016,25.893286,215.348085,54.022347,10.67727,109.653322,43.12957,18.68397,145.997264,29.588504,10.370594,72.439661,7.826628,17.248124,135.106224,27.643374,96.163275,9.321517,10.679618,6.765078,18.713614,5.373576
2019-05-08,1.628376,37.323606,27.267098,32.453128,216.243724,15.819999,24.597723,212.173326,60.26294,10.004504,102.331099,40.545374,16.828673,133.694759,29.764399,12.346714,83.333601,7.082879,18.15927,139.663711,27.515861,96.610571,10.458694,9.740746,7.396236,18.950747,6.511956
2019-05-09,1.620292,41.149803,30.937084,33.045655,222.747017,14.459865,25.399204,222.007753,61.916271,10.947728,104.956208,35.95255,16.79476,137.891902,32.034333,12.886943,88.571048,7.344497,17.019066,138.651241,31.379867,96.686926,11.436896,9.707938,8.060287,19.354156,7.248385
2019-05-10,3.143818,42.737495,23.176657,32.216601,213.945475,13.493729,24.269748,212.486981,61.48057,10.279558,101.246532,37.287106,15.500605,126.978687,30.533894,12.144116,84.480136,8.919424,15.748671,132.200715,34.212457,95.959961,10.593721,9.612237,8.450042,19.050107,8.158501
2019-05-11,1.95697,41.007411,28.874785,32.320363,212.619762,12.243261,25.408903,219.947125,62.419594,10.268688,98.432729,34.769963,15.465126,126.629045,30.749931,12.011688,81.71026,7.24142,15.391408,127.540641,32.118555,95.841487,11.27187,10.191281,8.11001,20.506583,8.37224
2019-05-12,2.688114,45.492961,28.666975,31.464268,212.300148,15.352671,24.084767,222.155481,71.399262,8.456807,91.776965,38.842415,15.068814,130.349594,36.027843,12.056982,87.497186,12.027702,15.191344,129.318086,34.229371,95.708191,11.847769,10.24661,8.621416,21.885829,9.225983
2019-05-13,3.614437,48.456948,26.065008,30.500715,205.590549,16.63439,24.266987,213.008226,62.670878,8.478829,89.04251,36.514991,14.799271,123.304938,31.621402,11.119923,82.570867,13.6814,14.493099,121.246038,31.45928,95.19653,12.029102,9.818753,8.428785,22.517245,9.25225
2019-05-14,4.065346,50.163431,25.046554,32.224348,214.661666,15.570378,26.022587,220.005067,59.230045,8.190389,87.027629,36.425051,15.953229,131.948598,33.384962,12.115188,87.647421,12.796307,15.212483,123.784828,29.797734,95.185187,12.173274,10.48477,8.632162,22.603166,9.495007
2019-05-15,3.783005,50.448905,27.386065,33.171704,218.562398,16.333292,26.307418,215.75616,55.37472,9.60565,95.494864,36.934653,16.908054,139.050668,35.971829,11.091772,80.561738,12.941481,16.296896,126.629912,27.276963,95.525404,12.767295,11.469827,9.367596,23.111293,9.259755
2019-05-16,3.059393,45.855592,26.686629,31.754293,217.631738,18.671737,23.990253,212.767119,62.453564,8.523813,95.472152,42.06527,16.278695,140.721104,38.725161,11.387163,84.726337,13.37882,17.246903,132.878936,24.816576,95.6352,11.57784,11.129795,8.228367,23.325855,8.602691
2019-05-17,2.854786,46.085172,28.113542,30.822758,217.19471,23.157324,23.275669,212.410424,65.883956,8.850065,96.977823,41.264334,18.989357,157.376386,37.833381,11.529128,84.909648,12.330749,17.774274,135.207959,23.314223,95.997838,11.786435,11.785627,7.920123,23.409144,8.112203
2019-05-18,3.467458,46.198611,24.36473,30.302048,214.202697,23.396854,22.670943,207.455951,64.701624,8.585524,93.095995,39.034696,18.541369,155.164785,38.413549,12.663171,93.812634,14.075215,19.37121,143.062969,21.086394,96.767489,11.206228,11.658585,7.413025,23.263741,8.572484
2019-05-19,2.883914,43.747808,25.875221,31.505015,214.534251,19.287082,24.651571,210.779188,58.005114,9.375498,94.418715,36.315605,19.778957,156.09552,33.518677,12.733001,89.036997,10.126312,21.604896,154.910758,21.017953,97.101935,11.234348,11.941295,6.981569,23.264672,8.2921
2019-05-20,3.580133,46.069695,23.527109,33.090209,225.494775,17.139687,24.734961,210.805946,55.060329,9.783665,94.665798,33.062189,20.824451,161.29195,30.16917,13.498587,92.612679,7.61777,22.465565,160.795487,19.3393,97.231061,11.053115,11.105411,7.054767,23.271467,9.284008
2019-05-21,3.643681,45.096462,22.176552,32.018826,217.436451,16.027889,25.959814,213.160479,49.865024,11.191985,99.854085,29.45295,21.428402,163.670376,28.878939,14.407628,98.246316,7.61777,22.97137,161.626617,17.129422,97.399558,10.694694,11.021218,6.741069,24.892146,8.963344
2019-05-22,2.224549,42.183107,28.117381,31.303474,217.463539,19.533072,24.100699,210.544562,58.156921,8.879224,93.025118,36.882182,20.930285,161.75946,29.418206,13.055005,92.651111,10.104896,20.201397,151.449177,23.716646,96.751898,11.118296,11.042074,5.860966,24.353081,8.474914
2019-05-23,2.415108,42.865662,27.983569,33.489084,223.545856,17.183412,26.211701,214.462178,52.943555,11.531703,103.955646,32.896362,22.939662,169.510388,28.154338,13.067617,89.563616,9.039906,20.245349,151.607564,26.854088,97.052023,11.497615,12.06443,6.751717,24.986802,8.729152
2019-05-24,2.380677,42.159341,27.4061,32.752994,218.995146,16.022285,28.395686,227.522803,51.552519,10.841452,101.768929,34.583606,21.91863,163.780019,27.948558,12.688241,88.121026,9.491004,19.864184,152.027611,28.927708,97.630685,11.225523,11.509772,6.923136,26.479379,8.815791
2019-05-25,2.791125,44.344515,27.272517,33.83369,223.963048,17.018271,28.878823,231.090111,54.451923,12.32015,111.797661,36.441092,23.561524,169.424205,25.309436,11.57253,80.138863,9.355138,19.407683,147.585047,28.877374,97.467628,11.708768,10.652311,7.953815,27.094271,8.246057
2019-05-26,2.925301,44.239687,26.101305,32.655787,222.23007,19.747255,28.403431,229.756057,53.640053,13.590878,121.132874,36.862381,22.955126,170.626526,28.292839,11.747112,82.319133,9.480947,17.990453,138.336166,26.786029,97.235201,11.344372,9.852927,7.463067,25.415028,7.748712
2019-05-27,2.793612,41.314637,24.026629,31.028969,210.496477,18.476599,28.471711,231.848204,55.653683,13.148073,119.40441,38.038787,21.971818,166.266032,30.295487,11.903303,83.8803,10.217819,18.164579,139.750439,27.34064,96.84787,10.558658,9.368144,7.173821,25.043416,7.544853
2019-05-28,1.43322,36.585363,27.746153,29.503045,207.090794,25.134373,26.14304,223.761902,62.527899,10.025827,108.478954,46.645893,18.356439,153.569362,40.358266,9.762504,73.813698,13.604649,14.9508,128.108248,35.901015,96.352941,10.430935,8.786789,6.810916,23.354384,7.234839
2019-05-29,3.049424,38.872776,20.088297,30.325034,210.172096,23.369606,28.526161,230.037694,54.316275,11.990024,111.72159,37.862929,19.813928,159.884494,37.83051,11.644583,81.883958,10.153219,16.752716,134.080174,30.883286,96.564142,9.571588,8.5745,7.539514,24.134947,7.303036
2019-05-30,3.078366,40.418131,21.192138,28.869037,207.439499,27.137373,28.348597,230.514874,53.463165,10.722572,105.414579,38.446548,20.416593,163.098734,35.58651,11.368214,85.068532,14.06813,17.532065,140.046245,30.549395,96.058057,9.864715,9.109407,7.356622,25.24733,8.364447
2019-05-31,2.473703,39.279779,23.948331,28.996566,207.700426,27.986306,25.802541,211.151714,51.233432,9.139846,97.028345,40.381657,20.29243,160.31855,34.550683,10.391754,81.821194,17.415467,16.900527,135.463241,30.717622,95.217379,10.201747,8.890565,7.255404,23.063334,7.766886
2019-06-01,1.593884,36.449997,26.354528,28.609049,205.240296,24.034085,24.961884,205.987516,47.882001,8.225108,89.464957,37.368132,18.889473,159.508373,39.864764,9.233421,75.583901,17.100542,15.90584,133.207918,32.462276,95.317118,9.915652,9.002844,6.337889,20.836629,7.06989
2019-06-02,1.155981,37.290221,29.98606,28.807078,203.260331,21.240399,23.999134,206.665164,55.024626,6.870013,84.066687,40.657937,19.31001,162.172592,40.160677,9.320132,76.250756,17.360725,16.129792,136.88557,34.968128,95.704577,10.647367,9.587546,7.206326,22.809607,8.062409
2019-06-03,0.682871,39.028212,34.72894,30.585461,216.087419,23.525184,24.31043,208.604975,55.549553,8.937794,94.892656,38.621426,20.343197,168.830697,40.752476,9.896205,78.929118,16.623853,16.443724,137.603097,34.075469,96.176933,11.715156,10.274971,7.183102,23.467575,8.6148
2019-06-04,1.039789,37.845431,31.382134,31.157828,210.815083,17.1389,23.667663,204.746257,57.628732,10.033063,95.26202,32.896783,23.161745,176.924606,32.951853,10.2462,78.889847,15.199755,17.640012,138.616839,28.96702,96.789782,11.137046,10.192647,7.30936,25.085497,9.131155
2019-06-05,0.578826,35.215832,31.640956,28.252318,192.493335,18.00473,21.152097,187.183852,56.546792,8.581379,87.580252,34.580961,22.034873,166.246066,30.156907,8.79291,68.58548,14.279755,15.443518,125.353048,29.97263,95.719223,10.825115,9.815889,6.504643,22.723745,8.506471
2019-06-06,1.844052,39.187097,27.991511,29.818228,196.112907,15.08087,22.321698,188.218966,52.699764,8.148492,84.751023,35.280004,21.480266,161.063669,30.652957,8.395393,63.30231,12.332311,16.160639,124.283577,26.169313,96.330189,11.065152,9.171176,7.517048,22.224243,7.593605
2019-06-07,2.294067,39.112595,25.203657,30.96863,198.670423,10.907477,22.53171,185.46503,48.855171,10.112206,91.245848,29.935494,21.071208,158.312194,30.557364,8.536189,58.795837,7.040884,17.210965,127.121143,22.770986,96.889373,10.607983,8.84353,7.448517,22.022135,7.957733
2019-06-08,3.960031,46.584524,22.878158,31.032606,199.917438,14.143561,23.221958,187.651721,48.635575,9.512519,89.190465,32.244635,21.360438,154.784219,26.911893,9.769655,64.812234,6.327083,18.336454,132.041223,22.271705,96.585737,11.603397,9.965594,7.853181,23.526517,9.552796
2019-06-09,4.496646,46.977561,19.982552,31.702073,204.849816,14.530681,24.221317,189.812735,44.403314,9.163727,88.41431,33.401109,20.942934,151.336548,25.60846,9.660843,67.2542,9.256627,17.67439,128.286878,22.181054,96.60308,11.153762,10.135899,8.473837,23.535798,9.726517
2019-06-10,5.899966,50.405987,14.488054,32.400336,209.914102,12.666674,24.949926,196.131879,44.24121,9.20039,92.458143,36.447819,22.041832,159.321718,25.134999,9.154974,64.990467,9.256627,19.016097,137.987922,22.221338,96.403872,10.659651,9.95344,8.861124,23.925905,9.119332
2019-06-11,6.050327,51.587181,13.933526,34.11305,224.180135,11.880706,28.329382,211.519296,35.213994,11.084518,104.042458,35.058981,22.763167,163.854471,22.189998,10.157971,71.247937,8.030737,21.641691,153.389196,18.704125,95.465827,10.528107,10.269563,9.673462,23.120372,8.498386
2019-06-12,6.727596,54.216735,11.417431,37.192585,250.671912,14.061883,31.993896,237.772942,34.235689,13.377762,120.527012,35.420998,24.369248,175.482225,20.451096,11.296626,82.096421,10.230077,24.829038,173.570959,15.614757,97.031938,10.316994,10.597548,10.210252,26.00473,8.912583
2019-06-13,5.339324,48.93412,13.690615,35.452162,249.846749,15.83613,29.642485,235.821628,40.159196,12.794464,117.941863,33.488892,23.520749,176.448924,21.194498,10.343794,80.479703,12.202972,21.772673,165.249358,21.533536,96.598729,9.487528,8.988215,9.212456,23.704193,8.908756
2019-06-14,5.145361,47.710213,13.989503,36.57599,256.088383,16.383467,31.507691,249.249767,42.760525,12.900677,119.611476,35.065417,24.375827,180.693976,20.944216,11.032313,86.785882,14.484362,21.347614,161.312415,21.408395,96.522236,9.41461,9.088136,9.339969,24.753068,9.235078
2019-06-15,4.024338,40.072772,14.201257,36.730675,250.58921,14.45642,30.782155,242.790345,44.899177,13.771294,121.855922,33.323542,24.544488,179.722522,21.931833,10.156258,82.821695,17.529524,21.193398,158.326751,22.079427,96.653578,8.442376,8.328583,9.483065,24.608964,8.149592
2019-06-16,3.833817,37.677555,12.474633,35.683785,248.04795,13.468269,30.428226,241.148612,41.118167,12.878134,115.7251,31.066242,24.007045,176.991208,19.17261,10.559259,83.970114,14.555179,21.454202,162.060433,21.02383,96.493892,7.629049,8.094397,8.604466,23.51807,7.325904
2019-06-17,3.072248,33.922047,13.899534,34.279453,236.207324,12.800613,30.063832,234.397595,38.465008,11.680682,109.123297,32.997729,23.643994,173.015151,18.922057,10.174835,84.804486,18.492853,20.432895,156.523151,23.357495,96.629829,7.337728,7.575216,8.873526,23.862093,7.805358
2019-06-18,2.543225,30.405782,14.154434,34.294077,234.282998,15.141953,29.189984,227.589038,41.063425,10.709942,105.227139,36.790015,22.88341,168.235154,22.008902,9.837103,81.550264,18.690633,19.501938,150.317298,25.698835,97.588361,6.973369,8.53054,8.386593,24.406282,8.287332
2019-06-19,1.396096,25.615587,16.697919,34.036564,230.308283,12.89717,28.109032,222.134465,42.585904,8.966181,95.844783,38.572626,21.757279,165.664194,26.687934,10.108842,82.312285,17.741293,18.208296,145.184138,28.877277,97.252449,6.624346,8.818954,8.438741,23.732879,8.46878
2019-06-20,1.532596,24.989309,15.588463,33.834107,221.102407,13.566159,28.437085,215.741225,41.309965,8.733061,97.751465,44.183425,21.737814,158.612419,25.27406,12.037854,89.124645,15.285218,18.641183,140.431298,26.087473,97.69286,6.615291,9.502588,8.063978,25.671523,8.30087
2019-06-21,1.735728,26.094078,15.475744,30.909407,205.881574,16.792937,27.010279,208.058229,42.822548,8.433252,94.440306,42.849795,20.74588,155.494387,28.581237,11.829756,88.066563,15.697903,17.443419,136.414458,29.70415,96.806045,6.795218,9.426348,8.304551,24.9253,7.944889
2019-06-22,2.402644,29.273271,14.423057,31.549565,210.484839,15.4839,26.767101,205.241853,39.800276,8.845487,98.552359,43.880345,20.108649,153.930866,29.643719,11.585603,85.907692,14.299624,17.482516,137.496368,29.440771,97.066321,7.06971,9.59947,8.310834,24.253942,8.258587
2019-06-23,2.563259,29.759462,14.393821,31.607365,206.25401,16.781364,27.436089,204.610415,40.142787,11.087878,105.442074,38.974984,21.777475,160.338505,29.791849,10.623503,78.096508,14.413144,17.929011,133.633726,26.156964,97.150559,7.365543,9.177463,8.035044,23.805184,7.432751
2019-06-24,3.030419,32.545946,14.307344,32.150688,210.742185,17.24299,28.87146,214.064472,40.301341,11.826168,106.705064,35.529169,22.395667,161.438255,26.649741,10.883484,79.191099,13.688757,18.620489,137.152727,25.085154,97.131058,7.784867,10.457539,8.7345,24.577655,6.688833
2019-06-25,3.18028,37.310687,17.951584,31.350101,207.676001,16.840631,29.40676,220.736857,41.731058,11.933072,107.737054,35.097667,21.858484,159.091807,26.034125,11.354852,83.888485,14.768858,18.667522,139.008885,25.375327,96.764036,9.078389,9.950103,8.596938,24.495852,7.01226
2019-06-26,4.058173,42.180381,17.667687,30.21399,198.97647,16.474076,28.199877,209.115489,38.778999,12.993504,109.79684,31.311824,22.021241,154.238917,21.223415,10.412015,78.569114,15.677133,17.163083,131.073045,27.402403,95.708888,9.908083,10.146657,8.60306,22.950765,7.147813
2019-06-27,4.877809,45.79138,16.193465,30.787252,200.610341,13.79726,28.127643,211.426887,40.751973,13.544383,108.967482,26.781914,22.791835,160.719632,22.421713,9.149213,69.115454,13.599207,18.446273,138.516666,26.587061,95.376932,10.215254,10.71393,8.849885,22.773538,6.982514
2019-06-28,4.580755,44.938812,16.757246,32.315058,212.506089,13.698495,28.226227,213.271497,39.61907,13.762139,111.436885,26.769921,23.093603,165.045897,22.97022,8.530837,64.664338,12.181212,19.843286,146.512514,24.433327,95.783073,10.028348,10.834402,8.318059,22.026629,6.903581
2019-06-29,4.805269,46.696896,16.700369,32.922062,221.113545,15.600061,28.973148,223.451604,42.58892,12.845631,110.495156,30.307278,23.420948,166.409872,20.206372,9.299039,68.003,9.954455,19.299674,143.991243,23.514489,95.369059,10.155872,10.814738,8.084916,22.145543,6.781675
2019-06-30,4.985496,48.852389,17.713736,32.936435,222.235008,16.519008,28.024918,221.497801,46.458391,11.321132,105.459003,34.748924,22.158815,162.420403,24.019789,8.888769,67.584434,12.066525,17.725912,139.472517,28.759143,95.520669,10.657658,11.821968,8.366864,22.498707,7.567312
2019-07-01,4.443508,46.224452,18.362858,31.194478,213.255034,17.660069,26.107918,211.790483,48.089163,10.725734,101.434161,34.181889,20.528796,151.561833,22.842604,8.781974,64.614674,9.550124,16.571613,130.251495,26.344514,93.760887,10.300712,11.630089,6.882394,20.509658,7.632443
2019-07-02,4.582184,45.965221,17.367249,31.514204,215.014921,18.330913,24.737231,207.530764,53.142677,11.038356,101.009352,32.117618,20.998665,153.299596,22.244358,8.197306,59.935789,8.775401,16.228703,128.848151,27.562826,93.757235,10.147609,11.058237,7.482216,21.517518,8.152447
2019-07-03,4.201076,42.48651,16.625271,30.826469,206.694095,16.930629,24.868453,208.582863,55.496112,8.953828,90.52955,35.411024,20.787729,151.483601,23.517223,7.914391,57.007935,8.288042,16.461939,126.354387,25.016971,94.237513,9.60252,9.935307,7.108958,21.36098,7.448374
2019-07-04,3.611514,38.070535,16.373921,31.781715,209.94902,19.016459,25.406815,207.070915,54.436352,8.971366,92.531858,38.635272,20.219957,146.034648,24.560771,8.723492,61.762131,9.354682,15.483151,118.27857,25.261637,94.07928,9.062562,9.358025,7.336566,21.300628,7.59971
2019-07-05,3.479923,37.988232,16.416165,31.567778,213.166719,17.477821,25.028594,214.327394,59.174946,7.993537,92.535829,42.983833,18.987583,141.289543,23.585374,9.58569,69.808705,10.386942,14.192213,118.014955,30.037318,93.989817,8.776307,9.350172,7.248376,21.984732,7.810676
2019-07-06,2.779089,34.782247,17.811142,30.108867,200.277379,16.411116,24.30002,206.453288,58.06,7.917333,87.747523,39.398632,18.122738,134.480311,23.809919,9.823889,70.378629,10.386942,14.365398,116.696,28.970613,93.891643,8.612387,9.244324,7.221273,23.360973,7.556094
2019-07-07,2.209686,31.849904,18.179847,30.639811,203.027617,13.476756,25.048515,211.540634,56.5799,8.606439,92.07457,38.831487,18.469689,135.001912,20.740587,10.02253,69.636403,7.632782,15.601802,120.151203,23.631841,93.750871,8.087023,8.507637,6.939262,24.226523,7.17624
2019-07-08,2.81476,33.409366,16.294994,31.731445,206.960112,14.025846,25.103642,206.420233,53.784486,8.610523,92.287439,39.933535,20.299692,143.470359,20.043701,9.590936,66.763261,8.448227,15.876088,120.803291,24.273134,94.901611,8.174759,9.045609,7.710132,24.602599,7.419415
2019-07-09,3.187465,36.573071,16.864561,31.838536,214.818743,17.95694,25.877388,209.162831,49.159584,8.646616,94.505901,41.04275,19.726653,145.136782,23.164324,10.883441,75.935136,8.641409,16.465138,126.097797,24.291709,95.237278,8.642489,9.688724,7.117855,23.330314,7.416154
2019-07-10,3.419921,39.028237,17.351535,31.513923,218.804448,19.057741,25.456867,210.325133,48.970255,9.176486,100.871764,42.707859,19.113056,147.943822,26.798322,10.716091,77.484423,9.561939,15.655282,127.673284,28.444416,95.57945,8.895004,10.392418,7.31282,23.841244,7.700442
2019-07-11,3.834998,40.708385,16.284895,29.608459,206.097354,17.533501,25.065693,204.236361,44.603477,8.38075,95.345851,41.972371,18.287355,141.746246,25.281756,10.095318,73.606993,9.314149,16.354264,130.343203,26.18976,95.399432,8.949134,11.409675,7.14744,22.851211,7.227975
2019-07-12,4.228623,43.710033,18.004505,29.592803,197.808534,17.915793,25.756453,196.738575,40.166755,8.018695,89.284379,40.539251,18.836044,137.983946,23.480847,9.500051,67.922063,10.171866,16.828877,123.600872,21.29921,95.980706,10.152195,11.129968,8.255776,23.911148,7.08927
2019-07-13,4.319836,44.229755,17.573314,31.652229,212.397555,17.080932,27.458773,208.735002,39.294966,8.453609,93.014587,40.849844,21.384509,155.208976,23.251442,10.532044,75.162018,10.171866,17.688632,131.343563,22.192204,95.672862,10.015558,10.426541,8.164383,23.390303,7.57244
2019-07-14,4.41026,46.325135,18.934235,31.674466,215.70521,18.983922,27.323503,204.726125,35.027457,7.884074,88.950138,39.984349,21.329708,156.940236,24.467357,10.356381,75.745453,11.424856,16.725492,128.529831,24.652459,95.379806,10.507534,10.489839,8.495033,22.544764,8.514461
2019-07-15,4.07596,44.732577,19.245087,32.038004,218.430885,18.093239,27.315276,208.942457,38.136623,8.04445,88.285428,37.982477,19.691074,153.095332,29.964587,11.382005,81.085627,9.912525,16.542002,127.837238,24.398031,95.77845,10.231311,9.402893,8.156453,22.579146,8.230139
2019-07-16,5.303411,47.843404,14.447955,32.522936,217.769291,12.973166,28.51976,216.500153,36.911928,9.409274,97.917718,38.66775,21.702522,164.400736,27.74049,11.267522,79.430649,8.479343,17.688382,133.478129,22.094824,96.232261,9.892267,8.738759,8.650952,23.742133,7.485491
2019-07-17,5.274009,47.149714,14.700827,34.304858,223.96851,12.904301,29.399429,219.444592,38.561547,11.298015,103.7112,34.198989,22.55842,163.619386,24.826362,12.38252,83.266289,7.081549,19.458705,137.628248,17.90654,96.242834,10.052742,7.754973,8.840867,24.843987,7.045332
2019-07-18,5.601889,53.911548,18.895466,35.383119,235.559541,14.388025,31.513015,236.030867,39.050456,11.421816,104.207651,32.812577,24.199721,175.056967,23.790226,12.363793,83.545847,6.262699,19.718975,141.666029,18.407376,96.715478,11.647699,6.768437,9.086579,25.944836,7.144584
2019-07-19,5.62177,50.935577,15.348185,37.130778,248.156816,13.108521,32.167961,240.769152,37.136889,13.053274,114.106093,31.475186,24.961373,180.508892,22.496361,13.163059,87.395946,4.070071,20.52486,148.998641,19.070492,96.534866,10.470902,6.551069,8.359499,27.031694,8.266874
2019-07-20,5.120935,46.909224,15.057597,35.191945,235.272222,16.382389,31.460681,235.821384,40.13958,14.405525,120.824585,31.223883,23.458099,172.855093,26.948423,11.750401,78.07045,4.984311,18.993247,140.529861,22.394056,97.120452,9.962696,6.719103,8.181239,27.022827,7.84941
2019-07-21,5.295012,45.674654,13.225891,34.796914,230.244822,17.003209,31.033252,233.804424,43.627192,14.069439,118.907638,32.687642,24.057699,173.615346,26.185533,12.262929,79.75452,4.605131,20.239867,145.71791,21.684445,96.552011,9.611432,6.994796,8.066604,27.379709,7.813131
2019-07-22,4.054869,42.773989,17.258461,35.732453,240.89633,16.047541,30.948874,240.653503,45.905698,12.833703,117.399312,36.642403,23.189017,173.038484,27.120085,11.07602,76.650381,6.953804,19.184168,148.528553,27.81093,96.83134,9.540219,8.252622,9.563763,27.324293,7.579294
2019-07-23,2.245046,34.186852,20.400956,36.356692,239.534516,16.283133,30.344217,232.696887,46.365626,11.835141,106.586141,33.911444,21.318596,160.267176,29.358512,10.907581,73.932741,6.953804,18.138865,139.03844,27.655186,96.640658,8.889675,8.604781,9.440779,27.012008,7.399923
2019-07-24,2.563813,35.322135,19.533107,35.528873,236.809895,18.008311,29.719128,230.678581,47.655828,11.358906,102.512374,32.559505,20.949866,159.96441,30.946416,11.395491,75.938329,5.760152,17.198257,136.012862,30.098839,96.649908,8.907362,8.833694,9.355061,27.089766,7.735243
2019-07-25,1.827981,28.290545,16.978876,35.432475,235.956673,16.698181,26.944201,215.014642,48.282151,12.021896,104.074082,29.681795,19.541764,154.650916,33.725192,11.839115,81.599638,8.338414,16.480275,134.587704,32.606675,95.769638,7.315601,8.930173,8.950151,25.914865,8.353189
2019-07-26,1.303127,28.110547,20.01505,33.387517,227.001447,19.586049,24.553281,209.170594,56.636684,10.721237,94.270034,27.665808,18.359764,151.593021,37.535492,11.39314,78.969392,8.191063,15.53482,131.297923,34.789974,95.721643,7.746745,8.811305,9.334974,23.507516,7.271458
2019-07-27,1.761671,32.213972,21.086737,33.202692,226.999846,17.2818,23.344569,204.211725,56.760509,9.391042,89.748423,30.431816,16.886844,142.836544,36.174235,12.305505,86.872062,9.146843,16.420697,137.204186,33.486198,95.844628,8.438602,9.982737,9.731977,23.32405,7.44444
2019-07-28,1.806987,30.547622,19.486737,33.481915,222.674759,17.726062,22.922013,200.157751,59.848073,9.38243,90.298956,32.867449,15.578078,131.204524,35.848365,12.317289,86.135876,10.739583,14.501432,126.494591,37.728771,96.383691,8.173978,10.235094,10.593316,22.750312,6.817434
2019-07-29,2.944421,34.304217,16.983962,31.939134,206.980506,19.101847,24.118557,196.650577,54.775657,10.270062,93.327836,32.915254,16.224577,127.978672,32.539273,12.31512,82.513312,10.07089,16.16737,127.500838,32.397953,96.257723,8.718925,9.338654,8.601244,22.18098,6.349228
2019-07-30,3.719342,37.8865,15.917869,32.870188,212.552005,18.401258,25.394657,202.905468,52.909627,9.202963,87.380438,33.0223,17.311705,131.691088,29.43793,11.60574,80.057571,11.507216,17.078106,131.836861,30.96348,95.983532,9.109209,9.217618,9.008676,22.004276,7.721103
2019-07-31,4.119868,40.453059,15.808015,33.921381,218.771615,15.853988,26.542024,209.810591,51.036261,9.178022,90.56408,35.661172,17.249359,130.82875,27.643123,10.116799,73.130233,12.611566,17.607304,135.573576,30.24672,96.165606,9.405064,9.946124,8.244096,20.49777,7.562714
2019-08-01,4.997013,44.782476,15.311157,33.537716,213.252513,15.454195,27.907414,212.867817,48.275825,9.833489,96.312838,38.317009,16.54274,124.75471,27.189147,10.101758,71.092846,11.514824,17.894911,134.119233,28.578851,96.379517,10.189183,9.998383,8.497483,20.516934,7.934508
2019-08-02,5.220055,45.846424,15.045175,33.689561,213.349969,14.56267,29.80766,217.672167,41.79026,11.420521,103.509733,36.122257,18.098139,132.521257,25.732087,9.229252,65.146509,10.688746,18.453421,134.346658,25.461125,96.511233,10.319629,11.168836,7.297287,21.104795,7.822719
2019-08-03,5.593414,45.748525,13.155222,34.24778,215.032062,15.467329,30.185506,221.653171,45.759652,10.812904,97.934462,34.926748,20.377331,143.538736,24.798289,9.062492,61.626639,8.818726,17.191262,126.451526,26.276577,95.753262,10.108612,10.490707,7.250223,21.236069,7.657785
2019-08-04,4.917918,45.215356,15.217722,33.807243,222.21199,15.999257,29.787836,226.682751,44.987036,10.454965,97.13786,33.366113,20.138285,150.431116,27.594396,9.444483,65.060325,7.452176,18.379919,137.819279,25.707996,96.121069,9.907612,10.244034,5.868143,20.916642,8.07692
2019-08-05,4.604611,43.42561,15.063021,34.204556,225.852297,15.165722,27.805043,219.186398,47.918299,9.467902,92.095987,33.777443,20.35033,151.249565,25.899556,9.496891,66.647668,8.150566,18.079921,136.298733,24.933546,95.653369,9.495515,10.789834,6.037761,21.139238,7.930452
2019-08-06,4.527483,40.849775,13.906831,31.475045,204.050125,16.742885,26.321366,202.634796,45.99698,8.975067,89.012882,35.602474,19.290603,138.814403,24.016485,8.811279,59.149952,6.71424,16.652164,125.701887,26.605258,95.048014,9.201282,11.192621,5.860109,20.891082,6.918581
2019-08-07,4.040625,38.728203,14.856318,31.876891,203.322008,14.994326,27.422848,207.601852,45.588517,9.698207,92.006087,34.709378,19.880236,141.725319,24.273501,8.812157,59.372186,7.310235,17.687886,127.322012,22.822528,94.464612,9.069872,10.725355,6.875505,21.381297,7.35199
2019-08-08,3.927545,38.406332,15.233568,32.184373,205.650612,15.760763,27.08962,209.943292,50.112811,9.447027,89.524449,33.786387,20.512839,148.561939,27.53488,9.307237,63.194947,8.281653,17.94206,130.819469,24.960174,95.046484,9.09141,10.901628,7.429183,21.697833,7.263026
2019-08-09,4.422215,40.103323,14.325913,33.773949,210.071963,13.201175,25.983189,205.961101,54.503212,8.921003,88.391901,36.390727,20.154194,146.251135,28.770881,10.442809,71.313506,10.441618,18.50079,135.372832,27.530389,95.236116,9.337547,10.763606,8.027162,21.894496,7.23952
2019-08-10,4.197541,39.053378,14.452729,33.957525,213.572129,14.556302,27.015643,206.594225,48.262886,9.930544,95.567321,37.3671,19.729311,144.364108,28.735977,10.57341,76.288588,14.320708,19.244416,141.665441,28.879149,95.757967,9.1296,10.725027,8.254476,21.469182,7.938646
2019-08-11,4.405682,40.632499,15.400017,33.814973,208.313874,14.646787,26.865579,200.69884,46.832725,12.464437,107.91117,36.52412,20.646029,144.152207,25.907065,10.656061,76.610511,15.580496,19.837839,141.277625,27.661197,95.356272,9.78348,10.831633,9.150813,22.910477,7.921175
2019-08-12,4.499174,41.690435,16.313628,32.987469,200.663712,14.603656,28.633898,202.447192,40.94269,13.302345,108.223091,33.193537,20.488012,141.336528,25.777474,11.152386,76.105211,13.202126,19.078463,134.155914,26.547176,94.866049,10.283815,10.282229,9.388638,23.261099,8.813809
2019-08-13,4.905722,46.432556,18.124351,34.811487,213.15636,12.278556,27.667728,206.485097,46.829971,15.475263,118.044583,28.745416,21.265349,147.93557,25.225022,12.523007,86.56426,14.300926,19.947793,141.974209,26.86655,95.226782,11.187507,10.682044,9.70072,23.56693,8.983938
2019-08-14,4.155732,45.794364,21.546243,32.725175,210.88379,19.936938,24.387756,194.844604,52.545434,13.660145,110.906282,31.201232,20.777819,150.959893,29.724206,13.653936,95.350638,15.681817,19.807204,148.498101,32.92582,95.720495,11.541081,10.86494,9.037826,25.008701,9.073974
2019-08-15,2.941428,39.842332,22.864673,32.145639,203.662141,18.120416,24.558472,191.821097,50.071816,14.981585,115.150848,28.678492,21.294655,147.406082,24.495255,12.442179,87.223261,15.408125,20.030337,143.079504,27.466205,95.609055,10.864169,10.246873,7.816692,25.089053,8.071932
2019-08-16,2.241355,38.131623,25.257645,32.225477,204.231981,19.134107,27.422458,202.470322,44.960205,16.111386,116.72204,24.180873,21.252431,142.150987,20.080492,11.992939,83.917476,15.031992,20.667782,143.334273,24.621908,95.561459,11.03605,10.333087,8.833739,25.209922,8.44838
2019-08-17,1.531945,37.851722,29.084048,31.504837,203.393078,23.083592,26.884714,205.542518,51.675068,15.057267,112.823958,26.647726,19.671059,135.318581,22.736548,11.655609,79.685241,12.977486,20.486965,142.219759,24.96811,95.874102,11.69545,10.915887,8.514068,25.274135,7.852839
2019-08-18,2.683842,41.932718,26.07426,32.42428,213.155183,21.564535,26.911083,213.648489,54.634571,14.90519,114.899037,26.826305,19.020904,137.754768,25.362841,11.663556,79.576538,10.658174,19.716096,140.767504,24.267783,96.479583,11.509316,10.056956,8.440846,25.322754,8.112091
2019-08-19,1.958993,40.797851,29.058095,32.175233,217.373605,24.555492,25.890314,213.439322,58.285155,14.061932,114.954185,30.684549,18.164514,136.254163,27.398777,11.961574,82.340894,10.658174,19.519469,143.192548,26.217259,97.458889,11.656744,10.615555,8.795314,24.870676,7.620434
2019-08-20,1.354943,36.00566,27.949753,32.419122,217.154986,24.404845,27.338058,217.190954,54.650631,13.307507,113.564827,34.444121,18.519701,140.071787,29.96162,11.688705,80.813984,11.31798,20.091612,146.052449,26.596376,97.408541,10.756819,10.50116,8.140147,24.71666,7.841883
2019-08-21,0.910879,37.347627,32.088266,34.274525,214.645629,16.746463,28.277025,213.45162,50.181676,13.142788,110.47649,34.590774,19.453574,136.904254,24.58042,11.11192,72.396344,8.236744,19.330095,132.994429,21.383554,97.659319,12.025731,11.196835,9.050959,23.939458,7.870397
2019-08-22,0.95726,38.622783,32.973646,33.859127,218.416677,18.601837,27.462101,213.083698,51.02,10.643965,101.377315,38.563464,19.697206,141.70607,25.4658,10.685429,71.718663,8.660118,17.479838,130.879402,27.724614,97.601725,12.132195,11.870612,9.62241,23.667066,7.770115
2019-08-23,1.053716,35.432779,29.338464,34.097758,214.735376,17.526251,26.154766,203.803469,52.533745,8.930514,93.431633,41.780764,19.652507,140.171531,26.508524,11.80925,75.176727,6.876286,16.358057,126.303343,31.694247,97.495241,11.199047,11.144643,8.509533,23.691291,7.74286
2019-08-24,2.418357,38.609295,24.621499,34.842382,215.211431,13.682821,27.003045,202.372957,46.187132,10.364652,96.460143,36.510912,21.430528,149.238281,25.283939,12.444003,78.090595,6.114382,17.563432,129.140368,27.55334,96.599222,10.932004,10.77849,9.114311,23.889305,8.550015
2019-08-25,1.839379,37.557753,27.066249,36.251786,222.415467,15.641493,28.448089,207.631809,45.368784,9.300278,91.674405,38.627216,23.879533,160.296375,24.091613,11.756118,75.943069,8.888188,18.666654,134.973416,28.50202,96.23609,11.329934,11.846116,9.027431,24.402729,9.149771
2019-08-26,2.787889,38.701356,22.655304,38.957215,238.379924,14.156646,31.728455,227.474167,44.856949,10.154983,99.738067,41.289752,26.108178,176.829234,26.560246,11.812402,79.422976,11.435172,21.182562,152.140663,30.221696,96.448162,10.660288,12.266544,9.199714,27.944255,10.188468
2019-08-27,2.677571,36.492996,21.055275,37.999878,234.065282,14.974381,31.567546,225.398096,43.393244,10.069804,97.153956,39.095808,26.407223,177.615081,25.362429,11.005895,74.566586,11.111346,19.085666,140.923952,30.884235,96.681017,9.98137,11.511124,9.161469,28.000877,9.663685
2019-08-28,3.354933,32.890559,13.361198,38.41734,239.701181,16.070476,33.347842,239.377258,45.256541,11.404057,103.596516,37.212499,25.369897,177.429608,29.749214,11.494059,79.111598,12.203674,19.476714,146.650649,33.274988,96.331352,7.945552,11.298031,8.78451,29.171697,9.645418
2019-08-29,4.461449,37.245301,11.054748,39.570942,249.90139,17.603559,34.352167,248.52808,46.866621,12.466258,107.986943,34.804844,26.374397,185.560933,30.732294,12.991516,85.866635,9.601054,21.493039,156.846103,30.673059,96.316957,8.227707,12.809027,9.775779,30.445955,11.657818
2019-08-30,5.141502,41.756681,10.82034,38.499937,251.282933,19.629395,34.291607,249.706052,43.373974,13.257924,113.410813,33.638086,26.073612,190.951742,34.067213,11.914191,82.526833,10.839324,21.234693,155.33839,27.569562,96.04715,8.738101,13.242775,9.88555,29.951107,11.433871
2019-08-31,5.3747,41.595795,10.190604,38.471716,242.164738,17.368625,35.085891,242.944484,37.932268,12.441442,106.297575,33.600332,25.817101,182.561275,31.708013,11.179563,78.00618,12.682284,21.319586,150.756742,26.183144,96.888237,8.86275,13.854799,10.132796,29.748439,10.61936
2019-09-01,5.498258,44.948026,12.447777,36.008757,230.949682,18.101613,32.96996,233.32411,38.438395,11.936954,102.036048,31.476611,23.403915,173.851879,35.511139,10.527301,72.835259,10.608292,19.927206,140.736121,22.946235,97.250175,9.709985,13.122047,9.504925,27.235962,9.172605
2019-09-02,5.578562,45.553129,12.143568,35.383789,228.781497,16.870825,32.063272,231.557247,39.532881,11.701292,97.409081,27.330984,23.913798,173.804013,30.586193,10.678615,73.829556,9.87619,18.469127,130.243258,19.633135,96.948278,9.633907,12.367879,8.746289,23.628792,8.140089
2019-09-03,6.221738,48.71894,12.141934,36.340234,229.614336,15.973556,32.790276,232.460168,39.689251,11.303131,93.948717,27.498684,23.75755,170.211151,30.542771,11.468233,76.576633,9.155983,19.489531,132.746536,18.169433,96.95628,10.352417,13.315217,9.175866,23.442448,8.054731
2019-09-04,7.575983,53.733814,9.504141,36.274941,226.655753,14.877461,32.806341,227.562877,36.03477,11.073963,94.914405,30.263026,23.235354,165.929675,30.278358,10.680936,70.420487,8.063655,19.988144,133.892261,17.198621,97.455422,10.831861,13.686051,8.709389,21.583776,8.085976
2019-09-05,7.344316,51.224166,9.267044,35.954181,221.122198,15.720648,32.336488,219.855649,35.121506,12.281858,100.216331,30.051677,21.93984,158.042569,32.703125,10.161046,69.225575,11.176843,19.245102,125.42124,15.476478,97.777757,10.588586,12.607211,7.648945,22.423038,7.287601
2019-09-06,6.798935,49.76434,10.172845,35.537271,220.020767,13.080452,31.345435,219.78418,37.253729,11.063767,95.243968,30.817541,21.779871,155.033215,28.204866,10.675576,72.886624,10.720706,18.879911,126.314782,16.373458,97.013747,10.292842,11.811124,7.691034,22.579361,7.171529
2019-09-07,7.17241,55.644484,12.112843,37.891012,241.978374,12.005762,31.149544,231.371354,42.314857,11.938791,103.408806,30.948487,23.093776,169.220577,29.057104,11.025411,75.817986,8.901256,19.339719,134.109615,16.730706,96.749848,11.163911,12.069568,8.371298,23.36949,8.61891
2019-09-08,6.42606,50.515438,11.62698,38.869285,243.126488,7.902004,31.343573,229.43837,39.757087,12.331838,104.549831,29.921488,22.991134,166.965646,27.830656,11.533524,77.308167,7.510966,19.047096,135.185777,19.918841,96.526497,10.268622,12.949054,8.285014,23.273817,8.324635
2019-09-09,5.983072,48.063711,12.60314,37.416111,228.810504,7.052065,29.82918,214.593457,37.801369,12.864728,105.795828,29.54894,20.851533,153.740415,30.157194,11.469788,73.675418,5.696084,17.84979,128.207518,22.41508,96.050899,10.235992,13.965515,7.86406,25.696319,9.061639
2019-09-10,4.537979,45.673375,18.202911,36.857915,230.73538,7.617557,28.550138,214.376355,41.549304,13.591352,111.919904,29.64523,19.871407,151.165107,30.874391,11.278691,73.256591,4.981511,16.66023,124.977255,24.125262,96.251572,10.552033,13.847169,6.821129,25.097748,9.010278
2019-09-11,4.275107,46.285655,19.90733,36.233418,231.185483,7.617557,28.756596,217.226616,39.792279,13.729792,108.910995,24.195247,20.300249,150.819934,25.563066,11.156438,73.819116,4.981511,16.320175,121.569393,20.870429,95.926118,10.727827,14.131561,7.692434,24.677042,8.806854
2019-09-12,4.275892,51.623033,24.553917,37.089273,241.649502,6.850837,29.794867,228.003813,39.383373,12.49999,104.87993,25.747051,20.826849,155.400147,23.552959,10.999337,72.538953,2.906163,17.224081,131.906701,22.867321,95.059694,12.033065,14.291396,8.079595,23.668541,8.311433
2019-09-13,3.921079,50.209211,25.352172,36.208942,240.033301,10.492643,27.259474,218.371833,45.56486,12.371867,104.971246,26.541822,19.217915,151.892695,30.063868,9.795494,66.562699,4.465766,16.094357,128.610671,26.583128,95.616157,11.919447,14.569102,7.231273,23.751253,7.805685
2019-09-14,2.386718,40.805089,25.516046,33.486828,226.561915,12.049153,25.670005,210.870946,46.431856,11.804642,102.030404,26.411231,17.957376,143.417756,28.384878,8.934408,64.894221,7.661434,14.669759,123.310417,29.337634,95.811644,10.353158,13.804823,5.873045,24.040761,6.284741
2019-09-15,2.833449,42.937941,24.604225,32.940726,229.498497,16.35687,25.842089,212.547137,45.336947,11.057836,102.811614,31.262337,19.062504,153.550549,30.207389,8.600703,65.248632,9.598135,14.962694,128.37092,31.555414,95.7222,10.438543,13.352963,6.391905,25.092968,6.841942
2019-09-16,2.658204,41.708166,24.734925,33.049826,228.601036,17.570344,24.870969,204.706073,45.899252,11.172533,102.071804,30.732625,19.809157,154.132827,27.646835,8.159987,61.701517,9.598135,15.795145,130.197589,29.34198,96.253601,10.40575,12.521815,6.778824,22.508957,6.370258
2019-09-17,3.600985,45.89538,22.284148,33.805212,238.495936,16.839197,24.962353,208.688488,45.013321,9.30841,97.751129,36.716995,20.676519,165.152099,29.57863,8.139987,63.519973,10.147053,16.044747,139.22126,34.017766,96.237607,10.398165,11.813276,6.67165,23.218075,6.035859
2019-09-18,3.129125,45.40805,24.818416,33.685503,243.866273,22.215783,23.093136,201.827386,49.87463,7.905279,96.015029,43.998324,20.641569,171.807357,35.985907,7.847662,65.727863,14.090278,14.824827,137.110789,39.563478,95.987667,10.672721,11.259908,6.30866,24.03615,6.127327
2019-09-19,2.942771,39.863399,21.041442,34.18014,238.476741,19.860659,23.61108,197.703264,46.686866,8.213443,97.916229,45.383072,20.855081,165.975244,32.586207,7.681804,63.139033,14.006239,14.006228,127.539447,37.955654,96.910893,9.522337,9.806923,6.275168,22.542659,5.583986
2019-09-20,2.621114,39.2161,22.520434,33.887434,234.021471,18.169273,23.871937,197.421064,45.364404,7.885754,99.175238,48.945486,21.94573,167.644687,27.857349,8.054262,64.451837,13.148744,14.486782,127.235065,34.958861,96.692458,9.692246,9.351532,6.596858,21.138632,5.823883
2019-09-21,3.906141,46.32422,21.781172,35.94832,243.366031,17.495727,24.952232,203.171861,46.392126,8.945358,104.507878,48.302449,22.203109,172.265591,32.759127,9.087211,68.573656,11.47694,15.375456,132.499874,35.892887,96.221663,10.839293,10.312751,7.844988,22.200842,6.767032
2019-09-22,4.027678,43.313715,18.476933,36.6302,239.688603,13.80753,25.725147,203.390594,44.755812,9.182825,99.969638,43.343513,21.848365,162.047045,27.318536,9.823284,70.886373,10.310837,15.626817,127.417122,31.053949,96.465659,10.020334,10.443529,7.870822,22.146041,6.257635
2019-09-23,3.939432,45.299956,19.845836,36.717866,251.655718,14.408053,26.471918,218.739611,47.694791,8.3068,99.769056,46.095756,20.486655,165.036026,32.664193,9.009774,70.128911,11.913439,14.140274,126.638945,35.273424,96.275562,10.082352,10.352251,7.47342,22.526895,6.570716
2019-09-24,3.95334,42.575532,17.07929,34.462886,238.921582,16.660403,24.781902,208.750667,48.924967,8.534297,102.088107,47.047945,19.025942,153.253944,30.550111,8.817877,68.861481,11.992428,14.00491,118.32897,28.007232,95.623472,9.249826,10.511973,8.204476,21.989997,7.580969
2019-09-25,4.176619,40.980647,14.198179,33.560687,228.781812,13.574726,25.637719,208.454709,44.05346,9.18591,101.301353,42.396933,18.487903,144.21588,25.662657,8.984249,67.184719,9.573445,14.5536,116.310986,22.986385,95.679284,8.604918,9.881916,7.773976,22.251611,7.427802
2019-09-26,4.297938,45.794602,17.63973,34.004089,234.582012,11.82851,24.490816,210.931741,50.497652,8.99894,101.296558,42.346431,18.705935,150.529729,27.991157,9.928621,76.507693,11.467426,16.03329,127.821957,22.791309,95.882748,9.683469,10.679065,8.041946,23.476748,7.908004
2019-09-27,4.535925,49.123117,19.373453,35.120455,240.221809,9.87809,25.776177,217.723414,48.665796,10.09789,103.3286,37.099799,18.368748,152.320679,31.845998,11.36988,85.656392,11.085025,17.325908,135.013982,21.378949,96.790238,10.443657,11.326541,8.999433,24.672972,8.177576
2019-09-28,3.73324,44.331384,20.44933,35.722483,237.516813,8.995126,27.195671,220.930314,46.955828,10.750269,106.012908,37.241946,19.975433,154.39985,26.614229,10.674893,77.792553,9.503781,18.350923,135.407522,18.014114,97.27507,10.126513,11.168137,7.758388,24.343204,7.69413
2019-09-29,2.685855,42.348682,24.94465,34.844194,236.453745,10.667353,26.299076,220.419315,50.00431,9.798674,100.708466,37.214179,20.181862,157.464478,26.688324,9.625387,74.626475,12.255072,18.350845,137.21819,18.306817,97.365703,10.384957,11.125494,7.641896,23.503584,8.052167
2019-09-30,3.153159,41.836307,21.851854,33.748376,224.056019,10.161705,25.819958,212.123988,48.479308,10.005352,99.190071,35.777006,20.712966,156.640961,25.363957,9.961422,74.686453,11.551817,19.259539,136.401806,14.336501,96.83414,10.048757,10.402936,7.991252,23.726369,7.935094
2019-10-01,1.856926,42.930718,31.400274,35.298492,229.471302,10.287991,27.926458,220.555708,47.148484,11.670462,101.633341,29.166491,20.793463,158.082345,28.966913,10.616013,76.843237,10.92391,20.48241,143.778769,16.594797,97.037516,11.970674,10.158509,8.816529,24.13553,7.666328
2019-10-02,1.799691,41.901024,30.866105,35.865925,228.722293,8.808087,27.78443,218.91076,48.548756,13.076599,105.881426,25.701424,20.08058,154.966038,31.84068,11.514763,81.671893,11.068389,20.859691,143.923163,16.02064,97.390524,11.86763,9.983513,8.712776,24.018387,8.058989
2019-10-03,1.893233,38.469644,26.803682,33.765044,218.298292,10.240537,28.520029,221.091768,45.353419,13.184187,107.855912,26.615908,18.540752,146.220597,31.973829,10.515332,76.930693,12.135977,18.568053,131.51012,17.095121,96.640741,10.593005,10.13614,8.071722,24.128045,7.95663
2019-10-04,2.042218,39.871367,27.38164,31.624491,207.662977,14.254966,29.520061,222.841467,42.30366,12.25757,105.919833,30.955394,18.948916,145.861189,29.97404,8.937813,69.455105,14.793525,18.098854,128.362448,17.674077,96.294468,10.99666,10.098415,7.632187,25.131485,7.927235
2019-10-05,1.380209,39.210507,30.416821,29.14369,203.903547,18.221194,26.856684,214.343864,43.232646,10.877547,98.23111,28.927307,17.66237,143.328391,30.796638,9.607606,76.270376,15.057715,17.183918,130.486912,21.003507,95.877814,10.928326,9.05097,7.610773,23.893379,7.76982
2019-10-06,2.928933,48.461581,29.778723,30.310037,214.010668,20.671265,27.777032,226.575256,49.393198,13.344535,114.744303,29.623182,17.30838,145.545417,35.140013,11.264636,84.254132,12.400112,16.968406,134.566844,26.330042,95.748469,12.265821,9.096997,8.899038,26.035159,8.836731
2019-10-07,3.419396,55.695747,33.181161,32.145436,232.474132,20.816507,29.496813,245.894902,51.676806,14.725196,124.271074,27.314851,18.531938,157.702647,35.681404,11.510268,91.363203,15.575275,18.376556,149.585809,28.58766,96.468655,13.498153,9.576781,9.783165,26.922359,9.002263
2019-10-08,4.429545,55.983037,25.97231,30.752904,230.645812,22.291016,28.623917,246.458732,52.528091,15.614089,132.24659,26.459173,18.238666,157.947384,34.378125,10.861019,89.160043,15.575275,16.385916,142.095441,31.0788,96.608402,12.096506,9.880927,8.477982,26.154,8.279288
2019-10-09,3.635083,52.320555,27.298376,30.080372,230.47203,23.413094,27.953703,247.105361,54.685397,14.108021,128.664991,31.552104,19.039086,163.996256,32.940266,10.677792,88.027369,14.526537,15.400721,141.515715,35.504494,96.498891,11.566596,9.087369,8.192,25.551272,7.743847
2019-10-10,4.319222,56.611967,27.341182,31.328558,236.898662,24.589236,27.727118,242.734127,54.831178,14.370467,128.994799,31.608079,19.62706,166.941036,33.931087,11.387901,90.698914,13.524643,16.539264,148.548492,36.464121,96.624735,12.388198,9.208173,8.355366,24.712656,7.878454
2019-10-11,4.64091,54.425862,22.969152,32.731138,244.376408,22.520366,28.344278,248.803345,56.68203,14.803658,129.842895,29.501714,20.11861,169.123009,32.756372,11.965726,90.870552,9.765255,16.387109,146.843468,35.769446,96.510481,11.418336,8.882773,7.286123,23.64753,7.323892
2019-10-12,4.685795,49.258993,18.730798,32.956725,236.145066,21.430292,28.122413,242.485866,59.266883,14.407865,127.787741,33.919753,19.558452,159.564283,32.139954,12.141637,89.704209,10.600815,16.053879,137.965981,33.374128,96.908023,10.435802,8.945044,7.340107,23.849386,7.694843
2019-10-13,3.905682,40.473099,15.521772,32.392961,223.53536,16.593927,28.527484,230.734179,48.487224,13.019089,114.532636,31.360587,20.612706,156.848422,25.164784,10.626415,79.236228,11.349702,15.834899,128.886877,27.726113,96.456532,8.76499,8.242856,5.88922,22.598514,6.663951
2019-10-14,3.345625,36.224607,15.274472,31.779322,215.004869,16.004344,26.631765,215.769403,49.002625,11.309537,103.589263,32.769506,19.013523,146.824518,27.762787,10.533916,74.912158,8.949302,14.985123,124.531915,30.695822,96.873092,8.224128,8.635566,5.218505,21.800865,5.570561
2019-10-15,3.648214,35.307746,13.384289,32.444358,207.117997,12.14792,27.090747,210.952606,48.154348,10.626037,94.92241,31.066648,19.442309,142.839942,26.003959,10.618533,72.759973,8.949302,15.561498,123.089284,29.574521,95.814979,8.102689,8.64961,5.087312,21.843125,5.709786
2019-10-16,4.034061,37.052736,12.809831,31.9156,202.013358,10.214837,27.892272,217.012466,49.392353,10.536423,94.058093,30.738893,19.159942,140.222123,25.079419,8.955747,65.108383,11.288336,15.682051,120.345335,26.103202,94.759598,8.297216,9.54338,5.205117,23.366011,5.62681
2019-10-17,2.08339,27.041906,14.302066,31.616192,202.76198,9.43036,27.328729,216.097207,48.983233,10.556007,94.884966,30.335448,19.876518,145.92419,24.380158,8.697443,63.383454,10.198975,15.975084,125.015898,27.328964,94.916986,6.761123,8.451121,4.253436,24.692332,6.139591
2019-10-18,1.627019,25.244388,14.919764,31.154776,212.087536,14.387772,25.41884,211.914561,50.613488,9.811111,97.750164,35.491512,19.156622,148.608471,27.045741,9.480961,71.327085,11.163474,15.569011,128.594313,29.797587,94.945162,6.32932,7.727124,5.408785,24.391956,6.341672
2019-10-19,2.636577,34.560838,17.30641,31.848588,222.536786,14.111558,26.777609,220.354173,45.114719,11.052029,106.11402,33.786741,20.49904,164.445827,30.294915,9.679845,73.281392,9.934036,15.774479,134.929954,31.697767,94.976978,7.925617,7.899308,5.881238,24.874483,6.371572
2019-10-20,2.803729,37.027126,18.458022,32.934587,233.472449,15.346583,27.285551,228.576989,47.864702,11.93098,114.097994,35.079075,21.001476,171.187558,32.094723,10.812592,80.760279,9.148449,17.611334,146.814346,30.17443,95.512405,8.377642,8.08443,6.777625,25.918417,6.108068
2019-10-21,2.741168,34.583531,16.63503,33.864254,235.407331,13.672473,28.430585,232.028809,45.872291,13.713669,126.661628,36.867874,21.34184,170.794978,31.053829,10.724632,81.041645,10.819379,19.022017,148.090023,23.538505,94.529462,7.822308,8.636727,7.793954,27.160523,6.382312
2019-10-22,2.879032,37.755017,18.54601,33.57482,239.508706,15.496274,28.762908,237.845986,45.938807,12.486991,124.951606,41.637946,21.698446,177.021065,32.248238,11.048745,85.155605,11.437975,20.202859,158.459071,23.664858,95.348812,8.438357,8.113408,8.186578,26.489751,6.285782
2019-10-23,3.264997,42.926815,21.263086,35.791446,256.01642,18.534995,30.265372,242.819505,42.004381,13.71115,134.824718,43.849252,22.509544,188.599747,39.245665,13.035803,95.89385,9.399409,21.426935,170.085036,27.914222,96.299075,9.674228,9.106371,9.552255,26.00981,6.543278
2019-10-24,4.23313,47.963306,20.402071,35.411088,250.779193,20.22323,29.217238,238.301657,48.072864,13.383499,131.904516,44.766682,21.68757,181.50552,40.301201,13.678092,97.869748,8.813864,20.615427,161.418062,27.194292,96.398044,10.500237,10.105564,10.453804,24.918755,6.14622
2019-10-25,4.255514,46.737966,20.000792,36.350639,244.098079,15.708879,29.800771,234.043844,46.807127,13.652305,126.649778,40.873043,22.2633,177.756156,37.876982,13.038338,89.768572,7.849365,20.728168,156.509505,26.275487,96.455702,10.622203,10.728122,9.964203,26.463578,7.308645
2019-10-26,3.981913,45.335866,20.167112,36.584761,244.352779,13.108939,31.050071,241.814394,45.554058,13.512823,127.090765,41.679326,21.425279,169.667,34.242754,12.123389,83.579389,6.950243,20.009345,150.219403,23.744949,96.391997,10.363134,10.564223,9.374232,25.014468,6.715622
2019-10-27,4.126613,46.052038,20.754784,36.416278,234.550789,11.309131,30.476118,227.211081,40.384215,13.446929,121.523951,39.090631,20.981702,161.066472,32.442946,12.251062,81.224992,6.122657,19.769114,144.107393,22.917363,96.188538,10.897858,10.629188,9.578642,23.392309,7.258787
2019-10-28,4.357244,47.414085,20.325791,35.202615,231.252704,12.403645,30.619763,228.349878,37.99168,12.058145,114.085729,39.122156,21.419898,161.890565,28.726461,13.254751,85.731059,3.328381,18.191014,135.691128,22.600483,96.328625,10.896189,9.54817,7.741726,23.179409,7.731948
2019-10-29,4.354831,49.515057,22.408862,37.350939,245.569234,13.08218,31.714595,236.154546,38.750328,12.989408,122.881293,42.030067,22.779364,172.637192,30.849394,13.864113,90.639075,4.343339,19.066273,140.583804,21.907757,96.816146,11.555163,10.280742,8.707955,24.834173,8.591182
2019-10-30,4.244627,47.185645,20.431313,36.634829,242.88613900000001,11.972936,31.259672,235.170815,38.137793,12.363401,117.887941,39.960116,22.759012,171.58817,28.135707,13.250038,88.876262,5.359867,18.719887,136.476371,18.482943,96.472954,10.727562,8.978286,7.669493,25.503868,8.753349
2019-10-31,3.997474,46.810747,20.88436,36.701248,248.738137,10.70514,31.335148,238.862224,35.632098,11.646681,114.961812,39.425024,22.217913,173.710702,29.612159,13.594949,93.265154,5.092498,18.172417,136.394159,18.533454,96.337516,10.437607,8.997228,6.989747,24.823526,8.339925
2019-11-01,4.212341,50.778055,23.454752,36.926176,249.432979,9.91173,32.379318,245.478093,35.449993,13.436617,128.023297,40.866826,22.63663,177.026325,30.194064,14.81279,101.698847,5.61584,19.103971,143.712623,19.79492,96.521926,11.444219,9.81338,7.952643,24.669912,8.170787
2019-11-02,3.718126,45.296245,21.76849,35.586551,235.845482,10.658988,29.849755,228.238821,39.353932,12.443454,120.017303,41.276945,21.888738,169.708412,31.199677,14.155479,96.546402,6.9726,18.979932,138.928984,18.826747,96.843127,10.598338,9.367318,7.849991,25.033756,8.870821
2019-11-03,3.98831,49.042491,22.73279,34.345904,239.510182,12.940388,30.184945,241.203193,42.082023,12.29644,123.801801,42.685814,20.179978,169.936786,36.815427,13.404303,98.043438,9.61921,17.565861,138.852156,22.975357,96.664539,10.880475,10.535417,6.986587,25.39002,9.140525
2019-11-04,3.720636,46.25407,22.00172,34.88987,239.269686,11.845874,30.022617,238.453983,42.756548,12.908743,123.159694,39.016202,19.616037,163.774991,35.911116,14.013355,101.483598,10.139876,18.844467,146.334054,23.49953,97.011164,10.471356,11.863758,7.149137,25.144119,8.932474
2019-11-05,3.679501,44.444891,19.839141,34.111547,238.526981,10.414489,29.892218,241.402024,41.505246,13.340581,128.250919,39.0391,18.527587,159.223214,35.324582,13.309367,98.98399,9.98091,19.044488,149.483588,22.128312,97.006294,9.612923,11.803129,6.362186,25.239961,8.337681
2019-11-06,3.72105,45.875224,21.009751,33.928266,236.735094,10.013481,29.446093,240.565751,43.795731,13.574408,130.972848,40.263475,18.771336,156.253108,30.81588,13.418131,97.709,8.043931,20.243859,157.882504,22.605316,97.167902,10.009153,11.966562,6.583307,24.825784,8.25817
2019-11-07,3.86289,47.226225,21.492258,33.4547,232.679954,9.809991,30.460225,242.483043,39.561803,13.896567,131.669564,39.092811,18.514084,153.872211,30.534288,12.505243,90.380701,7.07273,21.838939,166.636887,21.149297,97.225462,10.315236,11.870353,7.139435,26.378144,8.380753
2019-11-08,3.731025,43.074305,18.070306,32.767468,232.147621,12.55171,29.001147,236.244605,41.889239,12.098319,118.922222,37.843592,18.892546,155.304857,28.693738,11.028925,81.42585,7.513917,21.485565,161.080384,17.091772,97.254481,9.123822,11.972737,6.705563,26.62968,7.768077
2019-11-09,4.278854,47.495931,18.320333,32.152571,235.627594,16.393523,30.123721,247.596398,42.196151,10.683288,113.708999,40.864416,17.861674,153.007305,31.216504,11.336643,85.419949,8.120427,20.182417,158.88026,21.26534,96.99617,9.652524,13.363032,6.913475,26.169746,7.15981
2019-11-10,3.333569,42.490793,20.300459,32.680643,233.984527,16.441623,30.700912,246.290646,41.926076,10.710376,112.76031,41.465316,18.745894,153.796451,29.011994,11.923415,87.168467,7.798717,20.628908,158.019341,20.70036,97.060053,9.432891,12.255061,7.755345,27.162393,6.764744
2019-11-11,4.336348,49.070183,20.05369,32.252578,234.292921,18.476142,30.879571,249.565867,42.936508,10.441751,111.43756,41.567023,20.931581,171.73561,31.672813,10.927651,81.306749,8.184827,20.756193,165.304694,26.415498,97.392603,10.330166,11.95109,8.757673,26.582035,6.910763
2019-11-12,4.258684,45.685831,17.751308,29.555593,213.158259,19.290522,29.756112,238.071688,42.88866,8.816258,92.229829,34.400234,20.037799,161.324234,29.887769,10.319387,75.814241,8.124983,19.256614,151.370758,25.058419,97.390939,9.671141,11.010959,8.483544,24.914378,7.220634
2019-11-13,4.929292,46.173381,14.266156,30.299302,216.358282,20.231426,30.181343,237.088675,41.725362,9.097639,91.900634,33.011776,20.577169,165.506266,32.310604,9.851492,71.89352,8.124983,19.172024,147.750045,23.649862,97.249368,9.3372,11.681891,8.617889,24.753099,7.457491
2019-11-14,5.055593,44.555769,12.159617,30.762694,221.291956,24.165143,29.850676,235.657825,44.375205,9.204663,91.8269,32.843576,21.233537,168.495068,32.430927,9.673281,73.35578,11.369559,18.355119,142.298052,24.678763,96.053783,8.850739,11.038231,8.655636,24.326578,7.604326
2019-11-15,5.963905,48.558726,10.677747,31.306886,220.377354,21.52519,31.936977,245.199394,42.345076,9.383944,94.390034,34.785974,20.097118,163.44026,35.789258,10.652722,79.678864,12.015894,19.22025,148.470093,26.388699,96.356708,9.326071,10.183984,9.274301,23.181242,8.101057
2019-11-16,5.171523,43.788727,11.552016,31.588319,218.646521,21.740615,32.178319,242.815764,42.232088,11.641299,105.343541,32.777459,21.374085,167.139623,33.904181,11.327211,82.83651,12.228295,20.916054,157.634647,27.254346,95.938971,8.877951,9.236837,9.911023,24.603378,8.66504
2019-11-17,6.588622,48.263582,7.16716,31.46908,217.278251,20.990385,31.608673,237.995673,40.837096,12.813652,111.017702,31.092759,21.772311,166.956416,31.151984,11.21688,81.94355,11.978445,22.40319,166.125527,26.385999,95.934434,8.886716,9.307269,9.096056,25.156914,8.705586
2019-11-18,5.668185,46.668843,11.982557,31.745819,214.863506,20.595934,31.595657,233.280009,39.931351,12.555755,106.056149,29.22159,19.66915,151.611683,31.246919,10.086963,75.132752,13.405892,21.350521,150.990132,20.336273,95.73905,9.584393,9.403358,9.104679,25.629748,8.509347
2019-11-19,5.696244,49.901603,15.507897,32.886255,222.793836,24.227862,30.784483,228.843485,42.967931,13.733892,113.145948,30.221224,20.094885,153.540129,32.207966,9.641562,72.179369,13.963978,21.731838,154.994921,23.778898,95.75989,10.833042,10.274055,9.187998,26.812684,8.432428
2019-11-20,4.509371,44.863804,17.195815,32.110872,220.513827,23.492297,31.283333,231.935528,39.991496,14.199628,113.340759,26.216609,20.091216,152.728124,29.455169,9.773294,74.486559,14.520906,20.327935,148.276626,23.551239,96.082633,10.114572,9.552989,8.777843,25.510824,8.216016
2019-11-21,4.445288,47.929571,21.20303,33.073193,218.451746,19.604792,33.751677,240.476065,37.549844,14.79646,116.672752,27.711551,21.282143,154.225753,26.270485,9.872478,71.788096,12.4315,21.264129,150.649088,22.802126,97.399965,11.498471,10.036459,8.932536,26.751349,8.592621
2019-11-22,3.59321,44.648687,22.974388,33.771292,221.616795,17.907816,32.980077,233.271675,34.335317,15.812151,118.75402,23.374869,21.976939,154.845636,22.280386,8.990725,65.938514,11.706315,20.565531,143.661933,19.61032,96.925118,11.210692,9.891856,7.894083,26.264376,7.643434
2019-11-23,4.741331,51.972851,22.626332,35.109348,231.68819,14.37851,33.370657,239.676714,33.128681,16.081814,119.609073,20.070514,22.649257,162.280071,22.092253,9.512519,69.114194,10.236358,21.185011,147.796314,16.671463,96.998804,12.052517,10.244271,7.806263,25.810783,8.692261
2019-11-24,3.424906,45.372026,24.079428,33.13475,222.772393,16.774062,32.198852,239.218048,39.038184,14.206933,110.396813,22.072488,20.17636,153.52372,28.087542,8.978549,66.380979,10.561454,19.261472,136.752969,17.004634,96.602622,11.171239,9.835262,7.896195,23.037055,8.154477
2019-11-25,3.949745,45.151594,19.891733,33.457485,229.882113,15.910952,30.3566,235.344898,41.204877,14.99991,118.970639,23.041485,21.007167,159.764753,25.417301,9.663029,69.474582,7.676467,19.81789,145.618511,18.876857,96.093809,10.170465,9.179182,7.639596,23.087569,8.357502
2019-11-26,3.798258,42.623572,18.287533,35.929755,241.087935,10.880314,30.78944,237.304014,40.031205,14.445647,119.105398,26.549852,21.177644,160.161875,24.473363,10.238086,72.332936,6.735897,19.416318,143.3235,18.920083,95.757746,9.506727,8.794496,7.923762,23.043785,8.404521
2019-11-27,4.018962,44.073995,18.138916,34.366542,233.234744,11.461319,27.748274,223.9778,44.913243,13.242973,115.659569,30.200301,19.205461,149.036127,25.099862,10.118385,73.958293,8.662549,18.228677,139.916308,22.283408,95.771305,9.640662,7.864408,8.076208,23.381025,8.088601
2019-11-28,3.919868,41.102086,15.448166,32.931264,226.577819,11.056276,25.875693,214.044274,44.698533,13.319099,113.69348,26.525468,18.743868,147.366305,24.695418,9.771144,72.540794,8.592689,17.229851,134.498156,21.735888,95.502861,8.640766,7.985069,7.672236,22.14739,7.343818
2019-11-29,3.972492,41.528879,15.473416,32.290179,224.277804,12.487409,26.441666,220.753871,47.323711,13.312953,113.451225,26.131931,18.619817,149.011956,26.885086,10.160972,75.82389,9.178352,16.84067,134.274075,23.816581,95.380619,8.690735,8.016267,7.460679,22.596951,7.693698
2019-11-30,3.108949,33.184636,12.593158,32.527266,226.649791,11.212219,27.16351,225.992332,46.08048,13.164725,113.717166,26.523355,18.375237,152.213195,30.508638,9.513458,71.483048,8.472638,16.372326,131.536022,23.097333,95.672124,6.911638,7.873697,6.642011,22.847044,6.030669
2019-12-01,4.551484,42.679434,12.128454,34.367124,241.352566,10.669717,28.383391,233.908981,43.390814,14.775799,125.605926,26.426159,20.898733,169.075745,28.796936,10.024125,77.17982,9.894771,17.420585,141.177548,24.245151,96.238693,8.165278,7.694221,7.36271,23.889582,6.289084
2019-12-02,3.788764,40.350943,15.075134,33.633866,239.228518,14.848414,28.379397,234.730184,45.403983,14.378771,126.882115,30.957665,19.671617,165.473558,34.239181,11.277989,87.810299,12.571954,16.762096,140.221359,28.397139,96.434128,8.308193,8.469282,7.618869,23.269074,7.134003
2019-12-03,3.533697,42.315494,18.238632,31.913532,235.339704,17.896664,28.354512,236.294561,43.100929,14.291591,124.99616,27.62032,19.805902,173.061177,38.113549,11.124141,89.552437,13.758034,17.307024,142.953759,25.032247,96.630317,8.887367,9.21766,7.787165,22.481507,6.670511
2019-12-04,3.787097,48.489448,22.693144,33.54792,244.607938,16.091915,29.432513,247.9815,47.49811,15.965146,137.327659,28.578986,22.13241,189.357068,38.599275,11.814429,94.982313,14.506794,19.079328,152.899801,22.938476,96.337261,10.450155,10.940867,8.540859,24.231596,7.498876
2019-12-05,3.063998,44.391821,23.217888,31.834139,237.531895,17.540288,28.224695,246.263078,51.214741,16.071474,144.908502,33.845677,21.946629,191.810717,40.147305,12.635032,103.350063,16.034964,20.004397,160.240186,21.998676,96.117228,9.783541,10.288174,8.65375,24.833349,8.648091
2019-12-06,2.835935,45.208089,25.809852,30.794809,231.015798,20.374526,27.75896,239.354501,49.478907,15.430042,140.086558,34.542677,20.894207,182.885812,39.966199,12.084437,97.88438,15.224959,19.205491,156.754024,25.385485,95.631501,10.382505,11.010658,9.146094,24.17746,8.277249
2019-12-07,3.257539,50.129502,28.369421,30.173882,221.933487,20.374526,25.801775,222.489338,50.135678,15.45849,136.933041,33.671645,20.748932,176.775325,38.174224,13.285423,103.970455,15.224959,18.924892,150.524035,24.107365,95.195805,11.751486,10.475134,10.109763,24.240734,9.350276
2019-12-08,2.821347,48.120802,29.513596,29.458589,216.424331,22.140529,25.501944,220.56598,52.376844,12.877646,122.623134,37.69313,19.272805,165.683655,38.576622,12.189234,93.917422,13.5276,16.803666,140.970143,30.147452,95.313027,11.771439,11.516424,9.36308,24.840488,9.627952
2019-12-09,3.403501,48.016322,25.834423,28.575176,204.982087,18.746902,25.443304,217.720517,51.896921,12.071808,115.59243,36.915909,19.389803,159.690852,33.320203,10.61031,80.623935,11.472552,15.64299,130.582813,28.631559,95.166195,11.331361,10.316083,8.785768,25.31168,8.771175
2019-12-10,3.189992,46.945515,25.271933,28.587202,214.460905,20.232521,24.251694,226.299003,61.52711,12.387701,125.667671,41.502628,20.154328,167.773456,30.840064,10.589087,86.748527,14.803703,15.214201,136.04302,32.67405,94.878533,10.629212,9.868587,8.384659,25.938091,9.722879
2019-12-11,2.473222,43.172319,26.409768,27.034285,209.806249,26.578237,23.165933,220.021906,63.012098,10.406735,113.111775,42.57892,19.023582,162.597493,33.662953,9.901485,79.555476,12.447012,13.813749,134.283414,40.659123,94.886892,10.266454,8.814841,7.943257,23.934971,8.496631
2019-12-12,2.603648,45.382279,27.773699,28.166964,220.362147,29.867775,22.541309,220.838741,68.390917,8.878808,101.799117,41.751365,18.382316,158.896845,34.576464,9.047329,73.539894,12.352427,12.794874,130.639429,44.107156,95.318392,10.817022,8.706824,7.529045,23.411105,8.379313
2019-12-13,3.505661,49.417134,25.260127,29.815746,233.870923,28.414904,23.642774,230.304652,67.385699,9.545932,112.21508,46.435432,20.415161,174.525367,33.84743,10.334477,82.904484,11.69109,14.905232,144.141132,41.431321,96.124449,10.837153,8.579955,8.033549,25.130896,9.263217
2019-12-14,2.932719,46.128446,25.587701,30.505922,242.078164,28.414904,23.935469,239.32534,71.681483,8.14628,105.98979,48.933301,20.19634,176.531076,35.076054,9.041913,77.838186,14.50869,14.771433,148.395966,44.936956,96.328946,10.239323,8.453785,7.696249,25.045163,8.478461
2019-12-15,2.626271,42.934463,24.679748,32.332107,250.541385,25.806961,23.137732,232.914596,72.088556,9.722516,115.791044,48.211654,20.705593,177.225252,33.304553,10.187647,86.716816,15.904386,16.853893,155.36947,38.221213,96.179835,9.727526,8.682806,8.446233,25.337893,8.488432
2019-12-16,2.270138,41.355258,25.378188,33.068939,258.46624,25.729438,24.777246,241.423148,67.042678,10.716145,118.752267,43.332809,20.981863,183.66402,35.995183,11.283641,95.242573,15.829124,17.304532,158.748954,36.96091,95.291975,9.481974,8.210389,8.346104,25.312098,9.600783
2019-12-17,2.150326,35.487902,21.147748,33.797314,245.551809,20.163309,26.243678,233.04727,58.032674,9.151706,103.463013,42.431853,20.158876,167.72968,33.293587,12.272116,93.044563,11.203926,17.472899,149.274422,32.750653,94.753722,8.492593,7.62454,7.876871,25.201852,9.546681
2019-12-18,2.443898,32.742387,16.867379,36.634997,252.148318,14.175636,28.506445,237.29129,52.119853,10.147443,105.564494,39.648995,20.950578,163.381998,27.291767,13.580721,99.65956,11.442257,19.086291,147.100611,23.120368,94.962292,7.637236,7.775976,7.658108,26.325036,10.80464
2019-12-19,2.74886,32.529596,14.818329,39.024595,259.739018,8.298451,30.26382,237.00914,42.015394,11.873283,113.637747,37.136636,22.066801,165.292241,23.112956,14.30948,102.432234,10.234382,18.984246,143.444895,21.126916,94.886276,7.34859,8.06117,7.448504,26.398778,10.275026
2019-12-20,2.858552,30.889292,12.943329,38.550484,249.254789,7.235233,28.481122,223.42975,44.625551,10.869878,104.283096,36.042111,21.814971,160.448666,23.494496,13.276485,95.990327,12.640688,16.358971,128.938889,26.237431,94.676222,6.981951,8.054259,6.280958,24.924554,10.114473
2019-12-21,3.022646,30.950668,12.433756,36.815207,237.272496,11.740346,28.684234,218.055216,42.333891,11.082726,104.990593,37.097156,21.428788,155.666074,24.392045,13.650042,94.368839,10.747868,16.924995,130.675516,26.991988,94.157601,7.081946,8.115953,5.832832,23.472813,11.043159
2019-12-22,2.282359,27.17817,12.722469,33.811583,228.510031,14.358693,28.765905,223.738124,41.544432,10.710367,102.963176,35.127266,21.258444,159.918869,25.274947,13.388405,92.024962,7.227252,16.369095,129.668857,25.992446,93.247252,6.299768,6.827278,4.494305,22.221609,10.289546
2019-12-23,2.41853,29.362925,14.299159,33.846858,225.542633,14.728182,28.64054,221.696646,43.309638,11.759289,109.859241,36.616755,21.863978,159.267967,23.088632,13.331964,92.692232,9.654373,16.982875,130.576567,24.799083,94.781717,7.010071,7.189919,4.880752,21.994885,8.894059
2019-12-24,2.557969,33.639252,17.464558,33.303875,229.010513,18.421552,29.264872,229.206361,44.157057,12.850846,116.999978,35.740774,21.862312,163.209811,24.968796,12.404015,87.861008,9.427235,16.486158,130.940017,26.693806,95.454275,8.081881,7.444059,5.588103,22.510284,8.163122
2019-12-25,2.85333,33.613595,15.213581,31.929385,224.515452,18.615255,29.887321,230.015528,37.283806,12.311342,114.605537,35.214477,21.47912,164.4668,25.956298,11.295692,81.828127,8.986598,16.440018,134.678249,28.662958,95.354618,7.571735,7.399631,5.412128,21.825768,7.66279
2019-12-26,2.850247,32.159039,14.267506,29.725567,206.308122,19.715156,28.898329,222.728268,41.328032,10.188462,100.456601,36.501713,20.119161,153.811771,27.52002,10.960951,76.979523,8.175578,16.228921,128.984148,27.112167,95.42936,7.396074,7.683763,5.717048,21.027598,7.074127
2019-12-27,2.697325,32.764202,15.188189,28.738464,209.113735,21.851293,28.904324,231.969565,43.62636,10.510281,105.929322,37.443376,18.271174,147.083625,28.026996,10.6405,77.743884,8.409418,17.685683,139.197788,23.956267,94.967556,7.359073,7.548793,5.808845,20.792651,6.600825
2019-12-28,3.097926,34.630621,14.410619,29.340908,212.286114,20.779513,27.724899,223.848964,42.889969,11.352889,111.534137,37.43441,18.143504,143.676685,25.254963,10.981918,80.107497,8.429082,17.117807,135.106206,23.37916,95.304739,7.513655,7.869061,6.169658,21.778967,6.543064
2019-12-29,3.767771,37.869306,13.776861,30.971218,217.007719,18.966909,29.449301,229.849915,41.540776,11.197542,109.834339,38.233337,17.866986,138.49184,24.24408,11.246106,81.163226,9.251691,17.986086,138.467221,23.457891,95.682448,8.076844,8.916783,6.765031,23.355263,6.861166
2019-12-30,3.822356,38.539891,13.961688,31.828705,224.748978,20.086598,29.22966,229.5315,41.581293,10.192067,103.769234,38.233026,17.537355,137.671801,24.904512,10.697296,76.220481,7.435591,17.694248,139.181473,25.405343,95.426154,8.164946,8.96708,6.720547,23.603918,7.280822
2019-12-31,4.690437,40.162504,11.146072,33.446384,223.30247,16.393228,29.657177,226.517345,43.049257,10.603386,102.566431,36.970741,19.656154,145.761043,24.162251,11.801374,79.745232,6.738436,19.242604,142.711165,23.670711,95.647527,8.293908,9.963685,6.582779,23.728157,7.727664
2020-01-01,4.27535,35.274635,11.213868,33.743163,205.230832,15.331418,28.235484,201.94737,43.044012,10.477447,91.871436,32.906571,19.505802,134.533522,24.758976,12.27398,75.808565,6.733191,18.119046,123.145695,21.175517,95.264511,8.260526,10.446552,6.333108,23.866853,8.066059
2020-01-02,4.638235,38.245827,13.565858,36.004351,205.267082,13.688558,30.484223,198.906092,36.700072,13.16987,99.743704,29.667055,21.11445,135.059588,22.709964,12.904429,74.897435,6.233191,19.75867,124.924145,19.788607,95.147482,9.73724,10.79317,7.087747,25.809857,9.477376
2020-01-03,3.587224,30.18744,13.438447,39.298588,194.084186,10.596411,31.752903,178.461519,30.205059,14.973704,92.318093,22.404855,23.203601,128.078905,19.73972,14.170089,71.901658,5.74055,20.132736,109.836709,15.835597,95.851455,9.343597,11.081181,8.09309,28.281075,10.814457
2020-01-04,3.452688,27.533108,12.914317,41.158266,182.504339,8.238948,33.800729,168.915377,25.802025,14.919276,82.679032,19.510349,25.681542,125.518715,16.782257,15.643297,71.030319,4.796106,22.904997,109.896546,12.916069,96.390922,9.552934,11.400664,7.89645,28.186588,10.978835
2020-01-05,2.415236,24.069637,15.074632,41.223214,161.229353,7.702725,31.888774,144.369748,25.607153,15.106191,73.645601,17.385976,28.093485,120.294097,15.666206,16.127661,64.037359,3.973497,22.491863,96.411665,12.645759,97.436824,10.510571,11.721278,8.411095,27.579702,11.413675
2020-01-06,3.178289,23.456955,13.213185,41.422164,138.959689,5.454153,31.531927,126.265976,24.637127,16.477504,67.520046,14.412293,30.231682,110.250468,12.812371,16.427595,59.358934,6.412043,23.981845,88.413962,11.119374,97.656605,11.37748,11.785988,8.829976,28.313318,11.445181
2020-01-07,2.283824,23.718644,16.973163,40.806618,127.078095,6.552031,27.363641,103.689818,22.868811,15.480177,60.900975,15.178863,26.222384,90.841523,13.391323,14.367162,51.391063,8.956341,22.295318,79.288782,13.43753,97.630008,13.777062,12.572378,9.666669,26.853362,10.808566
2020-01-08,2.691745,24.263288,16.305065,40.237325,125.514854,6.552031,25.886533,102.992918,26.458631,16.042778,62.609802,15.178863,24.996069,85.441351,11.539745,12.564196,46.404444,9.258032,22.421012,79.904436,13.616061,98.304449,13.721615,12.033629,10.845382,25.919618,9.098776
2020-01-09,2.20399,22.112059,15.498528,37.654944,122.006225,9.014731,23.957129,100.183616,28.295267,13.497805,57.877765,17.374793,23.478749,83.400427,12.947555,10.672255,41.824146,9.799825,21.813043,81.420369,15.965794,98.391824,12.533904,11.190835,10.68976,23.921469,6.739128
2020-01-10,3.663524,26.909028,15.610148,34.922346,118.076559,10.370581,23.731528,103.87981,30.688065,12.379898,57.512652,19.331111,21.475368,82.788973,16.555579,10.450193,41.126579,8.89655,23.46051,89.677528,17.321644,98.108651,13.786323,11.851205,10.33845,23.645106,5.456168
2020-01-11,3.270472,25.869544,15.775488,32.915054,113.366883,11.777131,21.688317,100.257971,33.318668,11.855981,56.056157,19.463593,18.850322,75.5919,17.411849,8.173708,36.056203,10.82869,20.179467,79.922332,17.639979,97.886178,13.49298,11.339645,11.20969,23.40875,4.334638
2020-01-12,3.883886,26.875893,14.646348,33.995733,115.962691,8.917231,20.582232,98.171828,33.362679,14.857099,63.145554,16.363655,17.953929,71.615524,15.082354,8.058159,36.202148,10.82869,20.033937,79.277557,16.194876,97.759071,13.186725,10.498744,10.794409,22.284226,4.699457
2020-01-13,3.787678,26.533137,14.166504,35.0781,124.649488,10.12075,21.345389,102.550994,32.859064,13.067021,61.794177,19.130821,17.033958,72.739672,17.124409,7.704992,37.847176,12.690654,18.780268,77.611471,16.294568,96.258177,12.465571,13.22616,9.442397,21.896293,5.254448
2020-01-14,4.555444,27.210144,11.230745,31.429654,119.926777,9.679122,22.938447,108.441595,27.979046,14.827403,68.058473,16.047514,16.265855,74.57072,17.514017,7.528407,36.554194,10.146356,18.072146,76.178015,12.785279,95.268522,10.958817,10.234599,8.192986,21.260591,5.093509
2020-01-15,3.707962,29.863508,15.234147,29.48897,126.024661,9.679122,25.695906,126.908223,25.527808,13.471851,74.745269,21.593538,17.166533,88.329826,20.601128,6.975226,40.585612,13.065611,17.366186,83.176898,14.66049,95.831064,11.430463,10.282125,7.189128,20.800949,5.555691
2020-01-16,4.234786,33.776797,15.699626,29.761732,137.673186,10.628282,26.541285,142.788685,29.491014,15.158943,86.440907,21.731418,18.78029,102.720609,22.552556,8.027916,48.579391,14.310358,16.475668,84.957534,14.627297,95.792929,11.590422,10.851431,6.893955,22.82917,6.959576
2020-01-17,3.710297,34.005386,16.583697,29.048848,149.570311,13.171514,25.1691,148.915072,30.733625,14.762547,91.98775,22.670245,20.839512,119.792234,21.940355,8.720726,54.014275,13.066128,16.006535,90.329043,15.170397,96.125181,10.773956,9.917386,6.731296,20.740715,6.501081
2020-01-18,4.01382,36.385953,15.342487,31.423689,177.207812,12.461176,27.527895,174.915897,30.593944,16.022958,109.90022,25.895809,22.392167,140.948976,23.552379,10.251393,65.765552,12.020029,17.262237,108.138898,17.637256,96.327884,9.866656,9.523196,6.721806,21.646396,7.697599
2020-01-19,4.740866,41.38327,14.18295,32.802013,202.358211,14.159433,29.324488,199.743121,31.496351,14.967641,114.572093,28.696516,22.915192,159.446746,27.972772,10.626817,73.725789,12.755323,17.228259,120.472727,21.627047,95.714995,9.684887,9.95142,7.328162,22.996825,7.580208
2020-01-20,5.540558,49.905203,15.761454,32.550616,216.131253,15.537727,30.411998,220.493662,33.079393,15.218338,120.257598,26.474422,23.820626,172.000472,25.205606,11.879937,82.615761,9.405519,19.052336,139.031948,21.621718,96.792303,10.655828,9.352678,8.123836,23.13587,7.373659
2020-01-21,4.536083,47.599894,18.707486,33.12719,232.058036,21.055676,29.542451,230.864025,42.694526,13.928398,120.089644,31.373248,23.746199,180.317312,29.066812,12.243097,90.753755,12.771822,18.398195,145.547791,28.361199,97.491204,10.410202,9.609929,8.273595,23.699064,7.746158
2020-01-22,5.817708,55.286385,17.464897,35.295641,254.329766,24.869341,29.194316,239.243962,49.448844,15.277191,128.77627,29.457754,24.25987,188.53037,30.814574,13.459672,97.407117,9.904468,19.443937,157.830433,31.423488,97.376281,11.190614,10.185141,9.309877,25.207045,8.739307
2020-01-23,5.207716,53.705063,19.149618,36.395555,263.988023,22.487781,29.10193,243.985862,50.881972,14.61888,126.791467,29.788874,24.607142,191.979475,28.700446,13.447727,97.349411,8.117928,20.507189,168.102111,32.028048,97.247982,10.979643,9.705201,9.806968,24.290234,8.36749
2020-01-24,4.165486,51.438921,23.383744,36.141126,267.388676,23.97276,30.285889,255.160163,51.180149,14.057321,127.249794,32.571625,23.477475,191.165552,33.041227,13.266935,99.076179,9.721381,20.629264,174.119088,35.177895,97.175831,11.109279,9.097908,10.090111,26.211415,9.366477
2020-01-25,3.883849,55.634987,29.767894,36.619844,267.697538,23.803166,29.267774,250.713141,55.784801,13.099848,122.949247,35.702039,23.452992,188.108451,31.907544,12.426235,93.534125,10.773294,20.094561,166.43906,32.605877,96.702461,12.822929,9.290806,10.111844,26.239041,9.118647
2020-01-26,3.540619,55.032637,32.123711,34.348258,247.433943,25.18985,28.126277,238.879422,56.893512,12.113652,118.067979,39.68882,22.181546,174.54603,31.024411,12.0797,90.824314,12.664836,20.02466,159.738168,30.172284,96.705713,13.470183,8.566331,9.48555,24.895786,9.460968
2020-01-27,2.175477,46.814117,32.674987,33.916363,244.728138,24.294695,27.785186,240.190148,59.605213,11.185267,118.668384,45.971706,21.573402,175.640056,35.427523,11.952043,90.443208,12.763006,19.430488,156.11822,29.833178,96.743557,12.230364,7.935944,9.116036,26.071695,9.019191
2020-01-28,2.536078,48.064251,31.561855,34.470964,243.767299,19.462876,29.653805,246.895963,53.937053,12.05408,120.021589,41.585037,23.637043,183.657878,29.850364,11.935117,87.059153,9.396703,20.331036,160.023117,27.727966,96.334535,12.23689,8.949876,9.456829,26.864276,9.399921
2020-01-29,1.837793,44.324152,32.411592,33.090768,234.633161,20.139078,30.038302,246.725347,52.017328,11.754328,116.1508,39.959347,23.486111,179.83549,27.598715,12.574279,89.881384,8.375013,20.545855,159.517554,26.339492,96.250873,11.838297,8.696767,9.742594,26.962369,9.260087
2020-01-30,2.107257,45.543759,31.973067,34.002974,240.250806,21.272341,32.154826,254.116987,47.040553,12.458327,118.549011,38.317637,23.346666,178.358319,28.00626,13.232137,94.283415,9.068721,20.868586,159.32047,24.927195,96.214143,12.036812,8.388409,9.977161,27.737395,9.567469
2020-01-31,3.357301,50.831488,29.493944,35.970169,247.501191,18.890443,31.92779,251.623965,48.704822,12.328393,114.94921,36.595308,22.480488,168.787169,25.910969,13.707984,94.587254,7.465268,20.592941,152.711501,21.831726,95.950852,12.638598,9.282152,9.175861,25.890097,8.863077
2020-02-01,2.281951,44.221547,29.287343,34.512896,243.741562,17.872309,32.597547,258.844201,45.50993,11.70507,111.806268,35.202574,21.991125,170.853892,26.933224,13.240124,94.678571,8.028732,20.401731,154.856351,21.337455,96.196623,11.232183,9.52762,8.700281,24.98587,8.613914
2020-02-02,2.118697,43.960051,29.711209,36.023434,259.504309,17.236478,32.539436,263.435014,44.598058,12.629889,118.851358,33.911762,22.695285,180.244212,27.611971,12.796892,93.601242,7.538506,20.002538,156.873108,22.350355,96.910012,10.954371,10.059451,8.671971,25.318379,8.549247
2020-02-03,1.283691,38.279895,29.825243,35.752497,252.845012,17.371727,30.758748,245.435506,42.852077,13.205249,115.139163,28.16668,22.580261,175.197674,26.479439,11.969246,85.87763,7.045722,18.627423,143.719266,21.035237,96.180009,10.340573,9.667913,7.89063,23.602574,8.576337
2020-02-04,1.781858,39.25003,27.628273,34.982001,246.605178,18.443147,28.458445,230.627106,45.013464,11.533746,109.656263,34.430067,21.237592,165.15143,26.634136,12.127888,87.276101,8.174752,18.016309,135.587866,18.080648,96.115261,10.25384,9.346475,7.579446,22.311662,8.462585
2020-02-05,2.108967,40.265772,26.616067,35.72996,245.865705,14.613435,27.674992,220.630651,41.511933,11.352819,109.206957,35.728978,21.781668,167.132736,26.156924,11.678005,85.349132,9.766478,18.412871,133.517352,14.345148,96.092999,10.333674,9.402093,7.197378,22.191751,7.679505
2020-02-06,1.745208,36.360098,24.831459,34.130491,239.723544,14.261555,25.563806,214.165432,45.293951,10.160331,102.784456,35.66651,19.726892,162.237263,31.92375,11.253477,85.502209,11.163069,17.584802,129.317679,13.154558,96.613214,9.263193,9.329669,5.919912,21.15627,7.555505
2020-02-07,1.625844,35.031495,24.370003,32.011706,223.4314,13.514287,23.925229,204.243785,47.353832,11.268608,111.496996,37.602972,20.502043,164.881764,30.439389,10.653236,81.676669,11.817956,16.990251,127.639157,16.225399,96.831104,9.058543,9.06399,5.992272,21.25434,7.528857
2020-02-08,3.543149,41.752544,18.922878,33.935949,232.295588,13.63517,25.111286,209.37965,47.579421,13.038118,117.069871,33.061009,21.887159,169.28425,28.258123,11.865572,87.046955,10.593195,18.442793,136.959001,18.126053,97.132058,9.416784,9.718765,6.690463,22.409589,7.574313
2020-02-09,2.883124,38.249475,19.962756,34.890713,232.486521,11.18606,25.406161,211.523382,50.380357,13.423428,113.95691,28.816465,21.536258,164.071975,27.474486,12.281496,87.23235,9.334809,19.530279,139.425007,15.550787,96.59518,9.177867,9.64392,6.632646,22.596421,8.044973
2020-02-10,4.396791,46.459486,18.450317,35.435748,236.665646,10.926965,27.63939,224.707979,48.634954,13.752442,118.901246,31.293157,22.176573,169.811774,28.538888,12.863735,93.770254,11.823556,21.016419,152.592133,18.709853,96.485937,10.189337,9.557522,7.692747,23.854509,9.280636
2020-02-11,3.811868,42.666163,18.746997,36.04671,235.321947,9.131741,30.075225,230.951536,42.23192,16.104341,126.027949,24.974507,22.700286,170.240343,27.797875,12.791233,92.278116,12.014156,21.791416,157.37961,20.640229,96.90918,9.787083,9.520664,8.07155,24.305954,8.406653
2020-02-12,2.918657,37.685854,19.2907,35.63721,233.078997,8.471586,31.13111,237.775629,41.568403,15.698041,123.906871,24.968249,22.936534,171.226359,26.666347,12.352569,89.999457,12.146038,21.383261,155.794627,21.024284,97.042652,9.040153,8.971702,7.118815,24.71981,8.831658
2020-02-13,3.676543,41.917724,19.06028,35.461418,229.512112,9.044863,31.192186,234.160147,40.235145,15.277584,122.704416,27.722118,24.088813,172.750474,22.987866,12.058387,88.486623,13.518399,21.092029,158.024742,26.893445,96.609572,9.808107,9.014809,7.698079,24.673589,8.6825
2020-02-14,2.893922,38.773469,20.47892,36.297385,242.109925,12.648186,32.469517,244.172208,38.909163,15.298502,122.066263,25.353487,22.988775,173.282561,27.954068,11.582235,86.625554,13.405958,21.441382,162.550123,27.00381,96.478423,9.372834,9.001649,8.477707,25.461505,8.867229
2020-02-15,1.860694,32.423437,20.814476,34.412474,227.70998,13.008929,30.633288,230.566311,39.44378,13.470514,110.91878,26.875603,20.617213,158.182326,29.550559,11.276776,83.551621,13.195281,20.627782,153.534137,24.836426,95.832799,8.53302,8.519911,7.793044,25.415715,9.50705
2020-02-16,2.981445,34.624331,16.399298,32.325747,213.33662,15.735217,30.72226,225.425849,37.626271,13.273698,108.65931,27.519615,21.021137,158.118045,29.619666,11.772361,85.994552,14.032253,20.132235,147.962894,24.898209,95.508293,8.34699,8.441028,7.940814,26.140696,8.987955
2020-02-17,2.414992,33.623301,18.714245,31.97336,214.648531,17.259636,29.320942,223.654661,42.640582,12.036718,105.68611,31.376919,20.023726,153.010136,29.392815,11.480129,82.284333,11.411271,20.771471,149.052992,20.819435,95.936287,8.477717,9.03145,7.428893,24.519822,8.039224
2020-02-18,4.185376,44.787003,18.343368,32.035582,223.247187,20.8431,29.858847,234.368584,45.717328,11.609138,107.764869,34.417145,20.07027,158.057989,31.251968,12.651679,90.026242,10.091641,22.408496,158.761182,17.182012,95.549797,9.991983,8.712814,7.979035,26.043906,9.280758
2020-02-19,5.418613,50.622548,16.150767,32.200284,227.705404,22.855716,29.136832,234.529879,49.169061,12.967856,115.897952,33.399882,18.659204,151.751339,33.046416,12.714224,91.423984,10.539454,22.323889,158.156481,16.137802,94.867952,10.496085,9.008403,9.201021,25.060879,9.031499
2020-02-20,5.136314,46.594367,14.567992,31.400042,217.061117,21.272941,28.329296,223.685078,47.043873,13.068948,112.103831,30.615228,18.771775,148.595008,31.547659,12.018892,82.017996,7.076794,21.795993,148.529951,12.625748,94.87208,9.809074,9.597218,8.984405,23.959855,8.549709
2020-02-21,6.294569,52.939175,11.727182,31.680648,225.314683,17.894173,29.182439,237.89752,46.833362,13.146487,117.076849,31.00377,20.234972,159.065474,26.582445,12.234911,92.769015,12.664231,22.008273,155.100901,11.007664,94.530527,9.876902,9.058211,8.333883,23.815417,8.351894
2020-02-22,5.485976,55.3124,18.970001,30.685042,223.412631,20.136493,27.62555,233.933332,50.925101,13.479567,120.979632,31.682889,19.993037,160.852202,28.406321,11.029057,87.905629,14.842537,21.306378,157.244748,16.098511,94.815591,11.213114,8.922435,8.15041,22.74886,8.007605
2020-02-23,4.79743,53.018029,20.886461,31.004222,225.066006,17.410205,26.600206,227.242795,49.083606,12.439339,114.726926,31.412438,18.552349,155.868115,31.61075,10.317802,83.60937,14.504221,21.055209,158.998122,17.977445,95.44413,11.034371,8.688963,7.927524,22.876556,7.859257
2020-02-24,4.483469,55.26598,24.874643,32.474535,237.048727,16.919053,27.315927,231.851203,46.68932,12.543254,118.840084,33.815233,19.748441,165.62767,31.762229,10.535359,85.484059,14.06979,19.940479,155.337986,20.170813,95.394855,11.822711,9.598359,8.703654,23.597734,7.719391
2020-02-25,3.607122,47.995147,23.898808,34.26933,243.106637,14.180273,27.431139,229.75092,46.505117,13.340306,120.434083,31.31802,21.049586,171.168701,30.553018,9.670773,78.672595,14.06979,20.523624,158.750284,21.648139,95.838983,10.762228,9.465704,9.116205,23.747734,7.345824
2020-02-26,2.704773,44.736991,26.897547,34.368728,242.166196,15.48584,27.11492,224.180558,45.342991,12.146349,115.46316,35.351415,21.458646,171.472349,29.94097,10.084989,78.41433,11.898369,20.054808,156.59374,24.321434,96.486194,10.861056,9.159122,9.136337,23.394419,7.758208
2020-02-27,3.342462,51.257095,28.937642,34.480719,249.504011,19.257345,27.472051,229.901294,46.455348,12.924435,123.542884,37.239348,22.1519,178.338573,30.418192,10.946228,84.992336,11.898369,20.354896,163.470615,27.549819,96.68856,12.009608,10.254978,9.809236,24.949691,7.649047
2020-02-28,2.501783,43.123778,27.277302,35.464516,242.326117,17.691294,26.762157,212.306012,42.792564,12.609662,115.677135,35.80662,22.564775,170.602214,27.67529,11.642793,80.708845,6.962546,20.233384,151.399824,23.240097,96.700721,11.114663,11.496056,9.465317,25.729146,7.595165
2020-02-29,3.219674,42.929894,22.791996,36.208128,240.85178,14.382994,28.245815,216.495872,39.828481,12.435617,111.16177,33.381471,22.894573,169.053133,25.855833,12.92142,85.579873,4.76105,21.503658,153.007088,18.50946,96.740784,10.507702,11.704557,9.6115,26.098915,7.175082
2020-03-01,3.550705,44.097361,21.377193,36.009496,247.909845,17.493134,29.231166,225.207351,38.163655,13.802017,122.421219,34.105198,24.034458,179.123095,25.331975,12.826669,85.459155,3.38417,20.73383,152.670562,19.999421,96.3149,10.232355,11.302138,9.636798,26.206217,7.42555
2020-03-02,3.650894,39.903623,16.261727,33.612997,234.595402,16.929518,28.048604,220.998751,39.36591,13.671684,122.04298,33.509986,22.638654,171.413546,24.813627,12.745847,85.597981,3.060379,21.274311,155.65616,17.891243,96.3673,8.673319,10.346711,9.362238,26.211645,7.47769
2020-03-03,3.376633,38.746239,16.718439,32.190695,228.915904,18.9167,27.541401,221.798671,42.129599,13.791676,123.905104,33.933735,22.2359,169.705215,24.64711,12.656637,87.598821,5.031989,20.189804,150.979025,19.268832,96.248689,8.502159,10.486221,8.486789,26.70393,7.102589
2020-03-04,4.333617,42.922525,14.643256,33.857618,236.538377,15.598517,29.565319,233.406389,40.476175,14.894946,127.778471,30.580632,23.263366,176.528639,24.722185,13.143608,90.801371,5.031989,22.070152,160.615602,16.595537,96.322484,8.821587,11.497781,7.821315,28.491108,7.576652
2020-03-05,3.466771,36.950983,14.300975,33.914556,235.783512,14.204106,29.127038,231.844059,41.543711,14.114143,123.21497,31.000777,21.08559,163.668253,25.906388,13.031941,91.008994,5.865322,21.768317,156.272118,14.049684,96.368985,7.844535,10.39552,6.990003,28.558476,7.67189
2020-03-06,4.376486,44.35179,15.63476,33.13082,230.573367,13.180081,27.958365,227.193439,43.740064,12.810911,113.091455,29.030571,19.161623,152.566072,26.833956,11.652148,82.432607,5.975135,21.04286,155.544366,17.468208,96.392907,9.141973,9.476032,7.582575,27.638374,7.328635
2020-03-07,4.957604,45.417132,12.454572,33.797709,239.807679,15.090444,29.320389,236.868913,41.920887,13.574395,119.83579,29.581138,20.014462,161.609967,28.536019,10.880773,78.233167,5.888109,20.394898,153.244508,17.641087,96.937198,8.703965,8.841649,8.340405,28.021774,6.893959
2020-03-08,4.859377,49.221604,17.486773,35.107645,243.861602,14.586304,29.403897,239.129547,47.103357,12.421449,111.077283,29.957306,19.970461,158.426973,28.007135,12.124008,85.065612,5.888109,22.086392,158.873403,14.635185,97.338871,10.214681,9.131644,9.865154,27.892251,7.030089
2020-03-09,4.842263,49.305953,18.853811,36.915783,245.464071,13.30719,30.349114,234.510276,43.650022,13.549659,108.301008,23.089581,20.774884,156.393933,25.744333,12.115278,82.102477,5.911617,21.509769,152.414707,17.143543,97.620377,10.838236,8.488833,9.86468,28.557616,6.840499
2020-03-10,4.724114,49.313853,19.247821,36.039116,240.167115,10.800682,30.033227,232.645636,41.502932,12.943395,104.664805,22.288188,19.058354,146.931581,25.637076,11.936437,80.851895,4.883941,20.184006,144.939756,16.48118,96.825073,10.772728,8.315879,9.73757,27.101457,6.750645
2020-03-11,4.22405,45.611504,19.032756,34.762341,231.497678,12.764578,28.707773,223.215489,42.579207,12.7442,101.652956,21.46335,18.519871,143.557738,27.026212,11.339105,76.232343,4.883941,19.374881,143.037259,21.125799,96.591045,10.273643,8.135853,9.168632,26.208402,6.52099
2020-03-12,4.581339,47.083446,18.074126,36.063304,240.348141,11.993099,30.777531,233.164016,38.27881,12.806559,102.942493,21.850579,20.186319,152.998605,25.177601,11.195541,79.38242,8.491573,19.964116,148.162343,21.74834,96.833579,10.290105,9.355884,9.701379,25.575972,6.823839
2020-03-13,3.945657,41.921799,17.450945,36.384502,238.657904,13.00222,32.179945,234.915066,35.33593,14.263658,113.261651,24.798836,21.818369,164.207358,28.890433,12.576939,86.519892,8.518061,21.4407,154.485041,21.51041,97.459149,9.573203,9.58572,9.98578,26.833527,8.228067
2020-03-14,3.580251,40.610911,18.917937,34.817564,225.614467,14.652563,30.480293,220.583259,35.901169,13.969335,109.868456,25.22734,19.644688,148.626144,29.597692,12.086084,82.86434,9.633968,20.027884,145.951071,24.60081,96.998787,9.824757,9.312959,9.301612,26.293342,8.350567
2020-03-15,4.163365,37.647997,12.281439,35.267753,228.511148,13.631727,32.02126,229.690731,34.591551,16.183431,122.954448,24.352014,21.014617,157.674208,29.636316,11.483491,80.393183,10.42655,19.688373,146.101055,26.143704,97.093422,8.194824,9.619468,8.496383,26.697228,9.355791
