Brand,Media L1,Media L2,Message,Confirm VAT,Confirm CTC,wc Mon,Tracked Revenue,Spend
ClientBrand,Affiliates,,Unclassified,EXCLUDING,CTC,2012-01-02,4061.99,304.65
ClientBrand,Affiliates,,Unclassified,EXCLUDING,CTC,2012-01-09,2082.0,168.875
ClientBrand,Affiliates,,Unclassified,EXCLUDING,CTC,2012-01-16,2240.97,168.07500000000002
ClientBrand,Affiliates,,Unclassified,EXCLUDING,CTC,2012-01-23,1880.0,141.0
ClientBrand,Affiliates,,Unclassified,EXCLUDING,CTC,2012-01-30,1746.98,127.775
ClientBrand,Affiliates,,Unclassified,EXCLUDING,CTC,2012-02-06,577.0,43.275
ClientBrand,Affiliates,,Unclassified,EXCLUDING,CTC,2012-02-13,2627.0,197.025
ClientBrand,Affiliates,,Unclassified,EXCLUDING,CTC,2012-02-20,4921.0,369.075
ClientBrand,Affiliates,,Unclassified,EXCLUDING,CTC,2012-02-27,3950.0,296.25
ClientBrand,Affiliates,,Unclassified,EXCLUDING,CTC,2012-03-05,7019.97,581.9625
ClientBrand,Affiliates,,Unclassified,EXCLUDING,CTC,2012-03-12,10353.94,818.0875000000001
ClientBrand,Affiliates,,Unclassified,EXCLUDING,CTC,2012-03-19,9636.97,780.75
ClientBrand,Affiliates,,Unclassified,EXCLUDING,CTC,2012-03-26,7046.0,588.825
ClientBrand,Affiliates,,Unclassified,EXCLUDING,CTC,2012-04-02,12327.97,1016.3125
ClientBrand,Affiliates,,Unclassified,EXCLUDING,CTC,2012-04-09,14887.99,1285.275
ClientBrand,Affiliates,,Unclassified,EXCLUDING,CTC,2012-04-16,10685.96,894.5749999999999
ClientBrand,Affiliates,,Unclassified,EXCLUDING,CTC,2012-04-23,6229.0,540.3125
ClientBrand,Affiliates,,Unclassified,EXCLUDING,CTC,2012-04-30,8334.0,686.5125
ClientBrand,Affiliates,,Unclassified,EXCLUDING,CTC,2012-05-07,8192.97,627.1374999999999
ClientBrand,Affiliates,,Unclassified,EXCLUDING,CTC,2012-05-14,27226.97,8675.5
ClientBrand,Affiliates,,Unclassified,EXCLUDING,CTC,2012-05-21,7004.85,543.6625
ClientBrand,Affiliates,,Unclassified,EXCLUDING,CTC,2012-05-28,8705.0,714.0375
ClientBrand,Affiliates,,Unclassified,EXCLUDING,CTC,2012-06-04,18107.99,1362.6125
ClientBrand,Affiliates,,Unclassified,EXCLUDING,CTC,2012-06-11,15246.0,1174.2625
ClientBrand,Affiliates,,Unclassified,EXCLUDING,CTC,2012-06-18,16899.96,1333.5124999999998
ClientBrand,Affiliates,,Unclassified,EXCLUDING,CTC,2012-06-25,18302.0,1445.1125
ClientBrand,Affiliates,,Unclassified,EXCLUDING,CTC,2012-07-02,17591.84,1400.825
ClientBrand,Affiliates,,Unclassified,EXCLUDING,CTC,2012-07-09,23669.93,1815.125
ClientBrand,Affiliates,,Unclassified,EXCLUDING,CTC,2012-07-16,24978.97,1947.7250000000001
ClientBrand,Affiliates,,Unclassified,EXCLUDING,CTC,2012-07-23,29078.98,2291.2625
ClientBrand,Affiliates,,Unclassified,EXCLUDING,CTC,2012-07-30,17708.95,1352.9499999999998
ClientBrand,Affiliates,,Unclassified,EXCLUDING,CTC,2012-08-06,25907.94,2019.8374999999999
ClientBrand,Affiliates,,Unclassified,EXCLUDING,CTC,2012-08-13,20369.0,1564.075
ClientBrand,Affiliates,,Unclassified,EXCLUDING,CTC,2012-08-20,28520.0,2234.0
ClientBrand,Affiliates,,Unclassified,EXCLUDING,CTC,2012-08-27,30295.16,2351.2375
ClientBrand,Affiliates,,Unclassified,EXCLUDING,CTC,2012-09-03,25188.45,1979.35
ClientBrand,Affiliates,,Unclassified,EXCLUDING,CTC,2012-09-10,23597.91,1830.975
ClientBrand,Affiliates,,Unclassified,EXCLUDING,CTC,2012-09-17,13967.97,1110.0375
ClientBrand,Affiliates,,Unclassified,EXCLUDING,CTC,2012-09-24,13629.99,1017.8625
ClientBrand,Affiliates,,Unclassified,EXCLUDING,CTC,2012-10-01,19413.93,1478.5749999999998
ClientBrand,Affiliates,,Unclassified,EXCLUDING,CTC,2012-10-08,14012.97,1093.6499999999999
ClientBrand,Affiliates,,Unclassified,EXCLUDING,CTC,2012-10-15,15117.99,1181.1625
ClientBrand,Affiliates,,Unclassified,EXCLUDING,CTC,2012-10-22,12629.98,975.8875
ClientBrand,Affiliates,,Unclassified,EXCLUDING,CTC,2012-10-29,18909.99,1480.8375
ClientBrand,Affiliates,,Unclassified,EXCLUDING,CTC,2012-11-05,16964.98,1283.5
ClientBrand,Affiliates,,Unclassified,EXCLUDING,CTC,2012-11-12,15124.93,1232.325
ClientBrand,Affiliates,,Unclassified,EXCLUDING,CTC,2012-11-19,16875.09,1245.175
ClientBrand,Affiliates,,Unclassified,EXCLUDING,CTC,2012-11-26,28407.98,2150.6125
ClientBrand,Affiliates,,Unclassified,EXCLUDING,CTC,2012-12-03,16397.85,1269.1125
ClientBrand,Affiliates,,Unclassified,EXCLUDING,CTC,2012-12-10,7906.99,591.1375
ClientBrand,Affiliates,,Unclassified,EXCLUDING,CTC,2012-12-17,8685.97,688.0124999999999
ClientBrand,Affiliates,,Unclassified,EXCLUDING,CTC,2012-12-24,80889.93,6132.075
ClientBrand,Affiliates,,Unclassified,EXCLUDING,CTC,2012-12-31,44758.98,4385.3296
ClientBrand,Affiliates,,Unclassified,EXCLUDING,CTC,2013-01-07,28241.88,2789.9251
ClientBrand,Affiliates,,Unclassified,EXCLUDING,CTC,2013-01-14,29047.93,2804.8711
ClientBrand,Affiliates,,Unclassified,EXCLUDING,CTC,2013-01-21,22797.96,2201.3467
ClientBrand,Affiliates,,Unclassified,EXCLUDING,CTC,2013-01-28,19594.94,1876.0113
ClientBrand,Affiliates,,Unclassified,EXCLUDING,CTC,2013-02-04,18129.87,1726.6599
ClientBrand,Affiliates,,Unclassified,EXCLUDING,CTC,2013-02-11,9716.26,930.1252
ClientBrand,Affiliates,,Unclassified,EXCLUDING,CTC,2013-02-18,14173.67,1367.0609
ClientBrand,Affiliates,,Unclassified,EXCLUDING,CTC,2013-02-25,4249.0,403.655
ClientBrand,Affiliates,,Unclassified,EXCLUDING,CTC,2013-03-04,3015.0,284.1875
ClientBrand,Affiliates,,Unclassified,EXCLUDING,CTC,2013-03-11,3509.5,320.29
ClientBrand,Affiliates,,Unclassified,EXCLUDING,CTC,2013-04-08,349.0,33.155
ClientBrand,Affiliates,,Unclassified,EXCLUDING,CTC,2013-04-22,2022.0,230.0275
ClientBrand,Affiliates,,Unclassified,EXCLUDING,CTC,2013-04-29,2508.0,285.2975
ClientBrand,Affiliates,,Unclassified,EXCLUDING,CTC,2013-05-06,6267.0,689.5025
ClientBrand,Affiliates,,Unclassified,EXCLUDING,CTC,2013-05-13,3348.0,297.7475
ClientBrand,Affiliates,,Unclassified,EXCLUDING,CTC,2013-05-20,8527.96,1504.4342
ClientBrand,Affiliates,,Unclassified,EXCLUDING,CTC,2013-05-27,27354.97,3653.2744
ClientBrand,Affiliates,,Unclassified,EXCLUDING,CTC,2013-06-03,32962.98,3157.0221
ClientBrand,Affiliates,,Unclassified,EXCLUDING,CTC,2013-06-10,34605.0,3443.7
ClientBrand,Affiliates,,Unclassified,EXCLUDING,CTC,2013-06-17,33862.11,2802.4047
ClientBrand,Affiliates,,Unclassified,EXCLUDING,CTC,2013-06-24,45659.54,4753.8283
ClientBrand,Affiliates,,Unclassified,EXCLUDING,CTC,2013-07-01,31320.82,2526.5414
ClientBrand,Affiliates,,Unclassified,EXCLUDING,CTC,2013-07-08,28207.14,3556.3928
ClientBrand,Affiliates,,Unclassified,EXCLUDING,CTC,2013-07-15,14938.56,1693.8462
ClientBrand,Affiliates,,Unclassified,EXCLUDING,CTC,2013-07-22,23149.2,2944.0215
ClientBrand,Affiliates,,Unclassified,EXCLUDING,CTC,2013-07-29,16939.47,1397.5394
ClientBrand,Affiliates,,Unclassified,EXCLUDING,CTC,2013-08-05,18345.36,2242.8947
ClientBrand,Affiliates,,Unclassified,EXCLUDING,CTC,2013-08-12,19863.36,3021.0172
ClientBrand,Affiliates,,Unclassified,EXCLUDING,CTC,2013-08-19,19772.28,1631.2581
ClientBrand,Affiliates,,Unclassified,EXCLUDING,CTC,2013-08-26,25410.18,2096.3911
ClientBrand,Affiliates,,Unclassified,EXCLUDING,CTC,2013-09-02,24784.25,2044.7475
ClientBrand,Affiliates,,Unclassified,EXCLUDING,CTC,2013-09-09,23696.21,3753.2367
ClientBrand,Affiliates,,Unclassified,EXCLUDING,CTC,2013-09-16,14458.48,1294.4821
ClientBrand,Affiliates,,Unclassified,EXCLUDING,CTC,2013-09-23,15744.41,2215.3132
ClientBrand,Affiliates,,Unclassified,EXCLUDING,CTC,2013-09-30,18954.45,1563.764
ClientBrand,Affiliates,,Unclassified,EXCLUDING,CTC,2013-10-07,19911.28,1642.7256
ClientBrand,Affiliates,,Unclassified,EXCLUDING,CTC,2013-10-14,21459.21,1770.4342
ClientBrand,Affiliates,,Unclassified,EXCLUDING,CTC,2013-10-21,15745.89,1299.0678
ClientBrand,Affiliates,,Unclassified,EXCLUDING,CTC,2013-10-28,20469.29,1679.3233
ClientBrand,Affiliates,,Unclassified,EXCLUDING,CTC,2013-11-04,19934.44,1644.6263
ClientBrand,Affiliates,,Unclassified,EXCLUDING,CTC,2013-11-11,25887.07,2135.7414
ClientBrand,Affiliates,,Unclassified,EXCLUDING,CTC,2013-11-18,36106.94,3142.0013
ClientBrand,Affiliates,,Unclassified,EXCLUDING,CTC,2013-11-25,11646.05,929.396
ClientBrand,Affiliates,,Unclassified,EXCLUDING,CTC,2013-12-02,14389.57,1187.1664
ClientBrand,Affiliates,,Unclassified,EXCLUDING,CTC,2013-12-09,8062.63,659.2526
ClientBrand,Affiliates,,Unclassified,EXCLUDING,CTC,2013-12-16,3346.88,276.1251
ClientBrand,Affiliates,,Unclassified,EXCLUDING,CTC,2013-12-23,54838.97,4957.5419
ClientBrand,Affiliates,,Unclassified,EXCLUDING,CTC,2013-12-30,95396.69,8721.1588
ClientBrand,Affiliates,,Unclassified,EXCLUDING,CTC,2014-01-06,28900.87,2384.3924
ClientBrand,Affiliates,,Unclassified,EXCLUDING,CTC,2014-01-13,32226.56,2939.2812
ClientBrand,Affiliates,,Unclassified,EXCLUDING,CTC,2014-01-20,37054.58,3280.5291
ClientBrand,Affiliates,,Unclassified,EXCLUDING,CTC,2014-01-27,38194.47,3151.1394
ClientBrand,Affiliates,,Unclassified,EXCLUDING,CTC,2014-02-03,22116.04,1824.6333
ClientBrand,Affiliates,,Unclassified,EXCLUDING,CTC,2014-02-10,18427.22,1520.2944
ClientBrand,Affiliates,,Unclassified,EXCLUDING,CTC,2014-02-17,31586.74,2605.9848
ClientBrand,Affiliates,,Unclassified,EXCLUDING,CTC,2014-02-24,24114.01,1989.4677
ClientBrand,Affiliates,,Unclassified,EXCLUDING,CTC,2014-03-03,21680.17,1788.6659
ClientBrand,Affiliates,,Unclassified,EXCLUDING,CTC,2014-03-10,15685.52,1294.0854
ClientBrand,Affiliates,,Unclassified,EXCLUDING,CTC,2014-03-17,15388.43,1269.5811
ClientBrand,Affiliates,,Unclassified,EXCLUDING,CTC,2014-03-24,19167.38,1581.3476
ClientBrand,Affiliates,,Unclassified,EXCLUDING,CTC,2014-03-31,22319.23,1841.3846
ClientBrand,Affiliates,,Unclassified,EXCLUDING,CTC,2014-04-07,17266.8,1424.5235
ClientBrand,Affiliates,,Unclassified,EXCLUDING,CTC,2014-04-14,24802.86,2214.0197
ClientBrand,Affiliates,,Unclassified,EXCLUDING,CTC,2014-04-21,33192.82,2963.5689
ClientBrand,Affiliates,,Unclassified,EXCLUDING,CTC,2014-04-28,22015.96,2016.7567
ClientBrand,Affiliates,,Unclassified,EXCLUDING,CTC,2014-05-05,33399.81,2968.2712
ClientBrand,Affiliates,,Unclassified,EXCLUDING,CTC,2014-05-12,18442.94,1521.5463
ClientBrand,Affiliates,,Unclassified,EXCLUDING,CTC,2014-05-19,25745.84,2313.1918
ClientBrand,Affiliates,,Unclassified,EXCLUDING,CTC,2014-05-26,23568.87,2114.4649
ClientBrand,Affiliates,,Unclassified,EXCLUDING,CTC,2014-06-02,21396.86,1765.2497
ClientBrand,Affiliates,,Unclassified,EXCLUDING,CTC,2014-06-09,15365.91,1267.6932
ClientBrand,Affiliates,,Unclassified,EXCLUDING,CTC,2014-06-16,33287.86,2868.1322
ClientBrand,Affiliates,,Unclassified,EXCLUDING,CTC,2014-06-23,26696.81,2289.1612
ClientBrand,Affiliates,,Unclassified,EXCLUDING,CTC,2014-06-30,20171.92,1664.1884
ClientBrand,Affiliates,,Unclassified,EXCLUDING,CTC,2014-07-07,19982.84,1648.5943
ClientBrand,Affiliates,,Unclassified,EXCLUDING,CTC,2014-07-14,39247.36,3237.9222
ClientBrand,Affiliates,,Unclassified,EXCLUDING,CTC,2014-07-21,37927.81,3123.4312
ClientBrand,Affiliates,,Unclassified,EXCLUDING,CTC,2014-07-28,27921.9,2503.7755
ClientBrand,Affiliates,,Unclassified,EXCLUDING,CTC,2014-08-04,32122.98,3143.1721
ClientBrand,Affiliates,,Unclassified,EXCLUDING,CTC,2014-08-11,34591.79,3200.8733
ClientBrand,Affiliates,,Unclassified,EXCLUDING,CTC,2014-08-18,44958.49,4215.3073
ClientBrand,Affiliates,,Unclassified,EXCLUDING,CTC,2014-08-25,45772.81,4227.3437
ClientBrand,Affiliates,,Unclassified,EXCLUDING,CTC,2014-09-01,23347.92,2208.8459
ClientBrand,Affiliates,,Unclassified,EXCLUDING,CTC,2014-09-08,33794.8,2788.0835
ClientBrand,Affiliates,,Unclassified,EXCLUDING,CTC,2014-09-15,32111.97,3193.9894
ClientBrand,Affiliates,,Unclassified,EXCLUDING,CTC,2014-09-22,31816.9,3290.338
ClientBrand,Affiliates,,Unclassified,EXCLUDING,CTC,2014-09-29,32695.39,2697.3703
ClientBrand,Affiliates,,Unclassified,EXCLUDING,CTC,2014-10-06,39740.62,3390.3374
ClientBrand,Affiliates,,Unclassified,EXCLUDING,CTC,2014-10-13,42019.09,3708.9943
ClientBrand,Affiliates,,Unclassified,EXCLUDING,CTC,2014-10-20,29303.13,2503.6626
ClientBrand,Affiliates,,Unclassified,EXCLUDING,CTC,2014-10-27,60286.72,5273.0344
ClientBrand,Affiliates,,Unclassified,EXCLUDING,CTC,2014-11-03,39003.81,3288.6387
ClientBrand,Affiliates,,Unclassified,EXCLUDING,CTC,2014-11-10,26061.88,2181.9126
ClientBrand,Affiliates,,Unclassified,EXCLUDING,CTC,2014-11-17,27976.9,3048.2505
ClientBrand,Affiliates,,Unclassified,EXCLUDING,CTC,2014-11-24,34579.8,2907.6335
ClientBrand,Affiliates,,Unclassified,EXCLUDING,CTC,2014-12-01,35403.78,2920.8256
ClientBrand,Affiliates,,Unclassified,EXCLUDING,CTC,2014-12-08,23796.89,1963.2503
ClientBrand,Affiliates,,Unclassified,EXCLUDING,CTC,2014-12-15,15425.95,1272.644
ClientBrand,Affiliates,,Unclassified,EXCLUDING,CTC,2014-12-22,54133.81,5074.7137
ClientBrand,Affiliates,,Unclassified,EXCLUDING,CTC,2014-12-29,144075.57,13657.5364
ClientBrand,Affiliates,,Unclassified,EXCLUDING,CTC,2015-01-05,87604.56,7227.40369999999
ClientBrand,Affiliates,,Unclassified,EXCLUDING,CTC,2015-01-12,82616.7,7678.3215
ClientBrand,Affiliates,,Unclassified,EXCLUDING,CTC,2015-01-19,56705.81,4847.0662
ClientBrand,Affiliates,,Unclassified,EXCLUDING,CTC,2015-01-26,43136.76,3558.7977
ClientBrand,Affiliates,,Unclassified,EXCLUDING,CTC,2015-02-02,49418.41,2470.92
ClientBrand,Affiliates,,Unclassified,EXCLUDING,CTC,2015-02-09,42375.82,2118.79
ClientBrand,Affiliates,,Unclassified,EXCLUDING,CTC,2015-02-16,54188.8,3022.92
ClientBrand,Affiliates,,Unclassified,EXCLUDING,CTC,2015-02-23,70205.77,4285.84
ClientBrand,Affiliates,,Unclassified,EXCLUDING,CTC,2015-03-02,44416.89,2675.89
ClientBrand,Affiliates,,Unclassified,EXCLUDING,CTC,2015-03-09,25037.93,1470.77
ClientBrand,Affiliates,,Unclassified,EXCLUDING,CTC,2015-03-16,56786.62,3420.87
ClientBrand,Affiliates,,Unclassified,EXCLUDING,CTC,2015-03-23,50994.1,3154.45
ClientBrand,Affiliates,,Unclassified,EXCLUDING,CTC,2015-03-30,86985.92,5563.99
ClientBrand,Affiliates,,Unclassified,EXCLUDING,CTC,2015-04-06,98371.65,6033.69
ClientBrand,Affiliates,,Unclassified,EXCLUDING,CTC,2015-04-13,66091.72,4024.78
ClientBrand,Affiliates,,Unclassified,EXCLUDING,CTC,2015-04-20,47860.83,2868.71
ClientBrand,Affiliates,,Unclassified,EXCLUDING,CTC,2015-04-27,64056.68,3807.31
ClientBrand,Affiliates,,Unclassified,EXCLUDING,CTC,2015-05-04,102200.41,6153.15
ClientBrand,Affiliates,,Unclassified,EXCLUDING,CTC,2015-05-11,56944.35,3471.89
ClientBrand,Affiliates,,Unclassified,EXCLUDING,CTC,2015-05-18,77323.36,4525.97
ClientBrand,Affiliates,,Unclassified,EXCLUDING,CTC,2015-05-25,124334.16,7333.57
ClientBrand,Affiliates,,Unclassified,EXCLUDING,CTC,2015-06-01,65686.79,3858.73
ClientBrand,Affiliates,,Unclassified,EXCLUDING,CTC,2015-06-08,70543.56,4205.66
ClientBrand,Affiliates,,Unclassified,EXCLUDING,CTC,2015-06-15,57558.18,3415.29
ClientBrand,Affiliates,,Unclassified,EXCLUDING,CTC,2015-06-22,72620.0,4408.32
ClientBrand,Affiliates,,Unclassified,EXCLUDING,CTC,2015-06-29,40435.74,2376.45
ClientBrand,Affiliates,,Unclassified,EXCLUDING,CTC,2015-07-06,43321.31,2599.12
ClientBrand,Affiliates,,Unclassified,EXCLUDING,CTC,2015-07-13,62788.74,3704.63
ClientBrand,Affiliates,,Unclassified,EXCLUDING,CTC,2015-07-20,81664.92,4751.02
ClientBrand,Affiliates,,Unclassified,EXCLUDING,CTC,2015-07-27,71828.91,4197.84
ClientBrand,Affiliates,,Unclassified,EXCLUDING,CTC,2015-08-03,76998.51,4733.48
ClientBrand,Affiliates,,Unclassified,EXCLUDING,CTC,2015-08-10,72728.52,4431.49
ClientBrand,Affiliates,,Unclassified,EXCLUDING,CTC,2015-08-17,71420.76,4341.51
ClientBrand,Affiliates,,Unclassified,EXCLUDING,CTC,2015-08-24,121595.78,8520.189999999999
ClientBrand,Affiliates,,Unclassified,EXCLUDING,CTC,2015-08-31,134011.17,8889.95
ClientBrand,Affiliates,,Unclassified,EXCLUDING,CTC,2015-09-07,73694.46,4495.5
ClientBrand,Affiliates,,Unclassified,EXCLUDING,CTC,2015-09-14,82916.07,5054.55
ClientBrand,Affiliates,,Unclassified,EXCLUDING,CTC,2015-09-21,63300.79,3778.6
ClientBrand,Affiliates,,Unclassified,EXCLUDING,CTC,2015-09-28,57696.77,3444.22
ClientBrand,Affiliates,,Unclassified,EXCLUDING,CTC,2015-10-05,59500.14,3608.11
ClientBrand,Affiliates,,Unclassified,EXCLUDING,CTC,2015-10-12,53504.88,3218.96
ClientBrand,Affiliates,,Unclassified,EXCLUDING,CTC,2015-10-19,38116.92,2173.42
ClientBrand,Affiliates,,Unclassified,EXCLUDING,CTC,2015-10-26,70622.1,4281.8
ClientBrand,Affiliates,,Unclassified,EXCLUDING,CTC,2015-11-02,72943.3,4472.44
ClientBrand,Affiliates,,Unclassified,EXCLUDING,CTC,2015-11-09,55243.92,3353.93
ClientBrand,Affiliates,,Unclassified,EXCLUDING,CTC,2015-11-16,81088.53,4849.4
ClientBrand,Affiliates,,Unclassified,EXCLUDING,CTC,2015-11-23,174297.66,10662.55
ClientBrand,Affiliates,,Unclassified,EXCLUDING,CTC,2015-11-30,82624.93,5534.88999999999
ClientBrand,Affiliates,,Unclassified,EXCLUDING,CTC,2015-12-07,58171.98,3663.41
ClientBrand,Affiliates,,Unclassified,EXCLUDING,CTC,2015-12-14,37239.35,2143.27
ClientBrand,Affiliates,,Unclassified,EXCLUDING,CTC,2015-12-21,191245.43,12950.01
ClientBrand,Affiliates,,Unclassified,EXCLUDING,CTC,2015-12-28,319843.75,21295.06
ClientBrand,Affiliates,Affiliate Commission,Unclassified,EXCLUDING,CTC,2016-01-04,0.0,12435.02
ClientBrand,Affiliates,Agency Commission,Unclassified,EXCLUDING,CTC,2016-01-04,0.0,4071.5458
ClientBrand,Affiliates,Agency Tools,Unclassified,EXCLUDING,CTC,2016-01-04,0.0,56.45150000000001
ClientBrand,Affiliates,Network Override,Unclassified,EXCLUDING,CTC,2016-01-04,0.0,3108.755
ClientBrand,Affiliates,Tenancy,Unclassified,EXCLUDING,CTC,2016-01-04,0.0,785.7200000000003
ClientBrand,Affiliates,Affiliate Commission,Unclassified,EXCLUDING,CTC,2016-01-11,0.0,7862.64
ClientBrand,Affiliates,Agency Commission,Unclassified,EXCLUDING,CTC,2016-01-11,0.0,2520.8132
ClientBrand,Affiliates,Agency Tools,Unclassified,EXCLUDING,CTC,2016-01-11,0.0,56.45150000000001
ClientBrand,Affiliates,Network Override,Unclassified,EXCLUDING,CTC,2016-01-11,0.0,1965.66
ClientBrand,Affiliates,Affiliate Commission,Unclassified,EXCLUDING,CTC,2016-01-18,0.0,6014.699999999999
ClientBrand,Affiliates,Agency Commission,Unclassified,EXCLUDING,CTC,2016-01-18,0.0,1969.0158
ClientBrand,Affiliates,Agency Tools,Unclassified,EXCLUDING,CTC,2016-01-18,0.0,56.45150000000001
ClientBrand,Affiliates,Network Override,Unclassified,EXCLUDING,CTC,2016-01-18,0.0,1503.6749999999997
ClientBrand,Affiliates,Affiliate Commission,Unclassified,EXCLUDING,CTC,2016-01-25,0.0,6148.33
ClientBrand,Affiliates,Agency Commission,Unclassified,EXCLUDING,CTC,2016-01-25,0.0,1990.6444000000001
ClientBrand,Affiliates,Agency Tools,Unclassified,EXCLUDING,CTC,2016-01-25,0.0,56.45150000000001
ClientBrand,Affiliates,Network Override,Unclassified,EXCLUDING,CTC,2016-01-25,0.0,1537.0825
ClientBrand,Affiliates,Affiliate Commission,Unclassified,EXCLUDING,CTC,2016-02-01,0.0,4495.530000000001
ClientBrand,Affiliates,Agency Commission,Unclassified,EXCLUDING,CTC,2016-02-01,0.0,1420.471
ClientBrand,Affiliates,Agency Tools,Unclassified,EXCLUDING,CTC,2016-02-01,0.0,60.33999999999999
ClientBrand,Affiliates,Network Override,Unclassified,EXCLUDING,CTC,2016-02-01,0.0,1123.8825000000002
ClientBrand,Affiliates,Affiliate Commission,Unclassified,EXCLUDING,CTC,2016-02-08,0.0,4816.3
ClientBrand,Affiliates,Agency Commission,Unclassified,EXCLUDING,CTC,2016-02-08,0.0,1568.5972
ClientBrand,Affiliates,Agency Tools,Unclassified,EXCLUDING,CTC,2016-02-08,0.0,60.33999999999999
ClientBrand,Affiliates,Network Override,Unclassified,EXCLUDING,CTC,2016-02-08,0.0,1204.075
ClientBrand,Affiliates,Tenancy,Unclassified,EXCLUDING,CTC,2016-02-08,0.0,70.0
ClientBrand,Affiliates,Affiliate Commission,Unclassified,EXCLUDING,CTC,2016-02-15,0.0,5784.91
ClientBrand,Affiliates,Agency Commission,Unclassified,EXCLUDING,CTC,2016-02-15,0.0,1895.654
ClientBrand,Affiliates,Agency Tools,Unclassified,EXCLUDING,CTC,2016-02-15,0.0,60.33999999999999
ClientBrand,Affiliates,Network Override,Unclassified,EXCLUDING,CTC,2016-02-15,0.0,1446.2275
ClientBrand,Affiliates,Tenancy,Unclassified,EXCLUDING,CTC,2016-02-15,0.0,236.64
ClientBrand,Affiliates,Affiliate Commission,Unclassified,EXCLUDING,CTC,2016-02-22,0.0,6104.47
ClientBrand,Affiliates,Agency Commission,Unclassified,EXCLUDING,CTC,2016-02-22,0.0,1784.4842000000003
ClientBrand,Affiliates,Agency Tools,Unclassified,EXCLUDING,CTC,2016-02-22,0.0,60.33999999999999
ClientBrand,Affiliates,Network Override,Unclassified,EXCLUDING,CTC,2016-02-22,0.0,1526.1175
ClientBrand,Affiliates,Tenancy,Unclassified,EXCLUDING,CTC,2016-02-22,0.0,301.62
ClientBrand,Affiliates,Affiliate Commission,Unclassified,EXCLUDING,CTC,2016-02-29,0.0,5286.24
ClientBrand,Affiliates,Agency Commission,Unclassified,EXCLUDING,CTC,2016-02-29,0.0,1613.515
ClientBrand,Affiliates,Agency Tools,Unclassified,EXCLUDING,CTC,2016-02-29,0.0,57.00700000000001
ClientBrand,Affiliates,Network Override,Unclassified,EXCLUDING,CTC,2016-02-29,0.0,1321.56
ClientBrand,Affiliates,Tenancy,Unclassified,EXCLUDING,CTC,2016-02-29,0.0,41.66
ClientBrand,Affiliates,Affiliate Commission,Unclassified,EXCLUDING,CTC,2016-03-07,0.0,4957.82
ClientBrand,Affiliates,Agency Commission,Unclassified,EXCLUDING,CTC,2016-03-07,0.0,1589.7456
ClientBrand,Affiliates,Agency Tools,Unclassified,EXCLUDING,CTC,2016-03-07,0.0,56.45150000000001
ClientBrand,Affiliates,Network Override,Unclassified,EXCLUDING,CTC,2016-03-07,0.0,1239.455
ClientBrand,Affiliates,Affiliate Commission,Unclassified,EXCLUDING,CTC,2016-03-14,0.0,6370.31
ClientBrand,Affiliates,Agency Commission,Unclassified,EXCLUDING,CTC,2016-03-14,0.0,1949.1341999999997
ClientBrand,Affiliates,Agency Tools,Unclassified,EXCLUDING,CTC,2016-03-14,0.0,56.45150000000001
ClientBrand,Affiliates,Network Override,Unclassified,EXCLUDING,CTC,2016-03-14,0.0,1592.5775
ClientBrand,Affiliates,Affiliate Commission,Unclassified,EXCLUDING,CTC,2016-03-21,0.0,8770.519999999999
ClientBrand,Affiliates,Agency Commission,Unclassified,EXCLUDING,CTC,2016-03-21,0.0,2531.1106
ClientBrand,Affiliates,Agency Tools,Unclassified,EXCLUDING,CTC,2016-03-21,0.0,56.45150000000001
ClientBrand,Affiliates,Network Override,Unclassified,EXCLUDING,CTC,2016-03-21,0.0,2192.6299999999997
ClientBrand,Affiliates,Tenancy,Unclassified,EXCLUDING,CTC,2016-03-21,0.0,318.15
ClientBrand,Affiliates,Affiliate Commission,Unclassified,EXCLUDING,CTC,2016-03-28,0.0,11134.48
ClientBrand,Affiliates,Agency Commission,Unclassified,EXCLUDING,CTC,2016-03-28,0.0,3118.9417999999996
ClientBrand,Affiliates,Agency Tools,Unclassified,EXCLUDING,CTC,2016-03-28,0.0,57.248
ClientBrand,Affiliates,Network Override,Unclassified,EXCLUDING,CTC,2016-03-28,0.0,2783.62
ClientBrand,Affiliates,Tenancy,Unclassified,EXCLUDING,CTC,2016-03-28,0.0,845.4099999999999
ClientBrand,Affiliates,Affiliate Commission,Unclassified,EXCLUDING,CTC,2016-04-04,0.0,7762.6799999999985
ClientBrand,Affiliates,Agency Commission,Unclassified,EXCLUDING,CTC,2016-04-04,0.0,2370.2226
ClientBrand,Affiliates,Agency Tools,Unclassified,EXCLUDING,CTC,2016-04-04,0.0,58.309999999999995
ClientBrand,Affiliates,Network Override,Unclassified,EXCLUDING,CTC,2016-04-04,0.0,1940.6699999999996
ClientBrand,Affiliates,Tenancy,Unclassified,EXCLUDING,CTC,2016-04-04,0.0,749.98
ClientBrand,Affiliates,Affiliate Commission,Unclassified,EXCLUDING,CTC,2016-04-11,0.0,4992.570000000001
ClientBrand,Affiliates,Agency Commission,Unclassified,EXCLUDING,CTC,2016-04-11,0.0,1554.366
ClientBrand,Affiliates,Agency Tools,Unclassified,EXCLUDING,CTC,2016-04-11,0.0,58.309999999999995
ClientBrand,Affiliates,Network Override,Unclassified,EXCLUDING,CTC,2016-04-11,0.0,1248.1425000000002
ClientBrand,Affiliates,Affiliate Commission,Unclassified,EXCLUDING,CTC,2016-04-18,0.0,4565.299999999999
ClientBrand,Affiliates,Agency Commission,Unclassified,EXCLUDING,CTC,2016-04-18,0.0,1456.4452
ClientBrand,Affiliates,Agency Tools,Unclassified,EXCLUDING,CTC,2016-04-18,0.0,58.309999999999995
ClientBrand,Affiliates,Network Override,Unclassified,EXCLUDING,CTC,2016-04-18,0.0,1141.3249999999998
ClientBrand,Affiliates,Affiliate Commission,Unclassified,EXCLUDING,CTC,2016-04-25,0.0,6014.52
ClientBrand,Affiliates,Agency Commission,Unclassified,EXCLUDING,CTC,2016-04-25,0.0,1879.7400000000002
ClientBrand,Affiliates,Agency Tools,Unclassified,EXCLUDING,CTC,2016-04-25,0.0,58.0445
ClientBrand,Affiliates,Network Override,Unclassified,EXCLUDING,CTC,2016-04-25,0.0,1503.63
ClientBrand,Affiliates,Tenancy,Unclassified,EXCLUDING,CTC,2016-04-25,0.0,511.44
ClientBrand,Affiliates,Affiliate Commission,Unclassified,EXCLUDING,CTC,2016-05-02,0.0,6575.860000000001
ClientBrand,Affiliates,Agency Commission,Unclassified,EXCLUDING,CTC,2016-05-02,0.0,1950.8809999999999
ClientBrand,Affiliates,Agency Tools,Unclassified,EXCLUDING,CTC,2016-05-02,0.0,56.45150000000001
ClientBrand,Affiliates,Network Override,Unclassified,EXCLUDING,CTC,2016-05-02,0.0,1643.9650000000001
ClientBrand,Affiliates,Tenancy,Unclassified,EXCLUDING,CTC,2016-05-02,0.0,383.58
ClientBrand,Affiliates,Affiliate Commission,Unclassified,EXCLUDING,CTC,2016-05-09,0.0,4601.87
ClientBrand,Affiliates,Agency Commission,Unclassified,EXCLUDING,CTC,2016-05-09,0.0,1375.9334
ClientBrand,Affiliates,Agency Tools,Unclassified,EXCLUDING,CTC,2016-05-09,0.0,56.45150000000001
ClientBrand,Affiliates,Network Override,Unclassified,EXCLUDING,CTC,2016-05-09,0.0,1150.4675
ClientBrand,Affiliates,Affiliate Commission,Unclassified,EXCLUDING,CTC,2016-05-16,0.0,5799.63
ClientBrand,Affiliates,Agency Commission,Unclassified,EXCLUDING,CTC,2016-05-16,0.0,1537.6066
ClientBrand,Affiliates,Agency Tools,Unclassified,EXCLUDING,CTC,2016-05-16,0.0,56.45150000000001
ClientBrand,Affiliates,Network Override,Unclassified,EXCLUDING,CTC,2016-05-16,0.0,1449.9075
ClientBrand,Affiliates,Affiliate Commission,Unclassified,EXCLUDING,CTC,2016-05-23,0.0,6801.8099999999995
ClientBrand,Affiliates,Agency Commission,Unclassified,EXCLUDING,CTC,2016-05-23,0.0,1941.737
ClientBrand,Affiliates,Agency Tools,Unclassified,EXCLUDING,CTC,2016-05-23,0.0,56.45150000000001
ClientBrand,Affiliates,Network Override,Unclassified,EXCLUDING,CTC,2016-05-23,0.0,1700.4524999999999
ClientBrand,Affiliates,Tenancy,Unclassified,EXCLUDING,CTC,2016-05-23,0.0,1465.19
ClientBrand,Affiliates,Affiliate Commission,Unclassified,EXCLUDING,CTC,2016-05-30,0.0,7697.02
ClientBrand,Affiliates,Agency Commission,Unclassified,EXCLUDING,CTC,2016-05-30,0.0,2212.978
ClientBrand,Affiliates,Agency Tools,Unclassified,EXCLUDING,CTC,2016-05-30,0.0,57.778999999999996
ClientBrand,Affiliates,Network Override,Unclassified,EXCLUDING,CTC,2016-05-30,0.0,1924.255
ClientBrand,Affiliates,Tenancy,Unclassified,EXCLUDING,CTC,2016-05-30,0.0,1234.86
ClientBrand,Affiliates,Affiliate Commission,Unclassified,EXCLUDING,CTC,2016-06-06,0.0,4841.42
ClientBrand,Affiliates,Agency Commission,Unclassified,EXCLUDING,CTC,2016-06-06,0.0,1440.1854
ClientBrand,Affiliates,Agency Tools,Unclassified,EXCLUDING,CTC,2016-06-06,0.0,58.309999999999995
ClientBrand,Affiliates,Network Override,Unclassified,EXCLUDING,CTC,2016-06-06,0.0,1210.355
ClientBrand,Affiliates,Affiliate Commission,Unclassified,EXCLUDING,CTC,2016-06-13,0.0,4345.09
ClientBrand,Affiliates,Agency Commission,Unclassified,EXCLUDING,CTC,2016-06-13,0.0,1314.2633999999998
ClientBrand,Affiliates,Agency Tools,Unclassified,EXCLUDING,CTC,2016-06-13,0.0,58.309999999999995
ClientBrand,Affiliates,Network Override,Unclassified,EXCLUDING,CTC,2016-06-13,0.0,1086.2725
ClientBrand,Affiliates,Affiliate Commission,Unclassified,EXCLUDING,CTC,2016-06-20,0.0,5701.34
ClientBrand,Affiliates,Agency Commission,Unclassified,EXCLUDING,CTC,2016-06-20,0.0,1751.0982
ClientBrand,Affiliates,Agency Tools,Unclassified,EXCLUDING,CTC,2016-06-20,0.0,58.309999999999995
ClientBrand,Affiliates,Network Override,Unclassified,EXCLUDING,CTC,2016-06-20,0.0,1425.335
ClientBrand,Affiliates,Affiliate Commission,Unclassified,EXCLUDING,CTC,2016-06-27,0.0,5499.0599999999995
ClientBrand,Affiliates,Agency Commission,Unclassified,EXCLUDING,CTC,2016-06-27,0.0,1676.6930000000002
ClientBrand,Affiliates,Agency Tools,Unclassified,EXCLUDING,CTC,2016-06-27,0.0,57.51350000000001
ClientBrand,Affiliates,Network Override,Unclassified,EXCLUDING,CTC,2016-06-27,0.0,1374.7649999999999
ClientBrand,Affiliates,Affiliate Commission,Unclassified,EXCLUDING,CTC,2016-07-04,0.0,4815.82
ClientBrand,Affiliates,Agency Commission,Unclassified,EXCLUDING,CTC,2016-07-04,0.0,1566.7271999999998
ClientBrand,Affiliates,Agency Tools,Unclassified,EXCLUDING,CTC,2016-07-04,0.0,56.45150000000001
ClientBrand,Affiliates,Network Override,Unclassified,EXCLUDING,CTC,2016-07-04,0.0,1203.955
ClientBrand,Affiliates,Affiliate Commission,Unclassified,EXCLUDING,CTC,2016-07-11,0.0,6124.53
ClientBrand,Affiliates,Agency Commission,Unclassified,EXCLUDING,CTC,2016-07-11,0.0,1949.9394000000002
ClientBrand,Affiliates,Agency Tools,Unclassified,EXCLUDING,CTC,2016-07-11,0.0,56.45150000000001
ClientBrand,Affiliates,Network Override,Unclassified,EXCLUDING,CTC,2016-07-11,0.0,1531.1325
ClientBrand,Affiliates,Affiliate Commission,Unclassified,EXCLUDING,CTC,2016-07-18,0.0,6655.93
ClientBrand,Affiliates,Agency Commission,Unclassified,EXCLUDING,CTC,2016-07-18,0.0,1847.8494
ClientBrand,Affiliates,Agency Tools,Unclassified,EXCLUDING,CTC,2016-07-18,0.0,56.45150000000001
ClientBrand,Affiliates,Network Override,Unclassified,EXCLUDING,CTC,2016-07-18,0.0,1663.9825
ClientBrand,Affiliates,Affiliate Commission,Unclassified,EXCLUDING,CTC,2016-07-25,0.0,5603.83
ClientBrand,Affiliates,Agency Commission,Unclassified,EXCLUDING,CTC,2016-07-25,0.0,1755.4401999999998
ClientBrand,Affiliates,Agency Tools,Unclassified,EXCLUDING,CTC,2016-07-25,0.0,56.45150000000001
ClientBrand,Affiliates,Network Override,Unclassified,EXCLUDING,CTC,2016-07-25,0.0,1400.9575
ClientBrand,Affiliates,Affiliate Commission,Unclassified,EXCLUDING,CTC,2016-08-01,0.0,4242.0199999999995
ClientBrand,Affiliates,Agency Commission,Unclassified,EXCLUDING,CTC,2016-08-01,0.0,1406.3868000000002
ClientBrand,Affiliates,Agency Tools,Unclassified,EXCLUDING,CTC,2016-08-01,0.0,56.45150000000001
ClientBrand,Affiliates,Network Override,Unclassified,EXCLUDING,CTC,2016-08-01,0.0,1060.5049999999999
ClientBrand,Affiliates,Affiliate Commission,Unclassified,EXCLUDING,CTC,2016-08-08,0.0,3223.2
ClientBrand,Affiliates,Agency Commission,Unclassified,EXCLUDING,CTC,2016-08-08,0.0,1042.8694
ClientBrand,Affiliates,Agency Tools,Unclassified,EXCLUDING,CTC,2016-08-08,0.0,56.45150000000001
ClientBrand,Affiliates,Network Override,Unclassified,EXCLUDING,CTC,2016-08-08,0.0,805.8
ClientBrand,Affiliates,Tenancy,Unclassified,EXCLUDING,CTC,2016-08-08,0.0,214.26000000000002
ClientBrand,Affiliates,Affiliate Commission,Unclassified,EXCLUDING,CTC,2016-08-15,0.0,3449.33
ClientBrand,Affiliates,Agency Commission,Unclassified,EXCLUDING,CTC,2016-08-15,0.0,1058.1109999999999
ClientBrand,Affiliates,Agency Tools,Unclassified,EXCLUDING,CTC,2016-08-15,0.0,56.45150000000001
ClientBrand,Affiliates,Network Override,Unclassified,EXCLUDING,CTC,2016-08-15,0.0,567.1800000000001
ClientBrand,Affiliates,Tenancy,Unclassified,EXCLUDING,CTC,2016-08-15,0.0,249.97000000000003
ClientBrand,Affiliates,Affiliate Commission,Unclassified,EXCLUDING,CTC,2016-08-22,0.0,6455.63
ClientBrand,Affiliates,Agency Commission,Unclassified,EXCLUDING,CTC,2016-08-22,0.0,1763.887
ClientBrand,Affiliates,Agency Tools,Unclassified,EXCLUDING,CTC,2016-08-22,0.0,56.45150000000001
ClientBrand,Affiliates,Network Override,Unclassified,EXCLUDING,CTC,2016-08-22,0.0,662.77
ClientBrand,Affiliates,Tenancy,Unclassified,EXCLUDING,CTC,2016-08-22,0.0,803.4000000000001
ClientBrand,Affiliates,Affiliate Commission,Unclassified,EXCLUDING,CTC,2016-08-29,0.0,8806.89
ClientBrand,Affiliates,Agency Commission,Unclassified,EXCLUDING,CTC,2016-08-29,0.0,2250.7362
ClientBrand,Affiliates,Agency Tools,Unclassified,EXCLUDING,CTC,2016-08-29,0.0,57.51349999999999
ClientBrand,Affiliates,Network Override,Unclassified,EXCLUDING,CTC,2016-08-29,0.0,856.26
ClientBrand,Affiliates,Tenancy,Unclassified,EXCLUDING,CTC,2016-08-29,0.0,1403.3799999999999
ClientBrand,Affiliates,Affiliate Commission,Unclassified,EXCLUDING,CTC,2016-09-05,0.0,4755.49
ClientBrand,Affiliates,Agency Commission,Unclassified,EXCLUDING,CTC,2016-09-05,0.0,1256.4750000000001
ClientBrand,Affiliates,Agency Tools,Unclassified,EXCLUDING,CTC,2016-09-05,0.0,58.309999999999995
ClientBrand,Affiliates,Network Override,Unclassified,EXCLUDING,CTC,2016-09-05,0.0,428.03999999999996
ClientBrand,Affiliates,Tenancy,Unclassified,EXCLUDING,CTC,2016-09-05,0.0,603.4000000000001
ClientBrand,Affiliates,Affiliate Commission,Unclassified,EXCLUDING,CTC,2016-09-12,0.0,4017.0299999999997
ClientBrand,Affiliates,Agency Commission,Unclassified,EXCLUDING,CTC,2016-09-12,0.0,1304.9126
ClientBrand,Affiliates,Agency Tools,Unclassified,EXCLUDING,CTC,2016-09-12,0.0,58.309999999999995
ClientBrand,Affiliates,Network Override,Unclassified,EXCLUDING,CTC,2016-09-12,0.0,361.6700000000001
ClientBrand,Affiliates,Tenancy,Unclassified,EXCLUDING,CTC,2016-09-12,0.0,603.4000000000001
ClientBrand,Affiliates,Affiliate Commission,Unclassified,EXCLUDING,CTC,2016-09-19,0.0,5740.65
ClientBrand,Affiliates,Agency Commission,Unclassified,EXCLUDING,CTC,2016-09-19,0.0,1539.2877999999998
ClientBrand,Affiliates,Agency Tools,Unclassified,EXCLUDING,CTC,2016-09-19,0.0,58.309999999999995
ClientBrand,Affiliates,Network Override,Unclassified,EXCLUDING,CTC,2016-09-19,0.0,516.7600000000001
ClientBrand,Affiliates,Tenancy,Unclassified,EXCLUDING,CTC,2016-09-19,0.0,261.2
ClientBrand,Affiliates,Affiliate Commission,Unclassified,EXCLUDING,CTC,2016-09-26,0.0,5925.889999999999
ClientBrand,Affiliates,Agency Commission,Unclassified,EXCLUDING,CTC,2016-09-26,0.0,1690.1861999999999
ClientBrand,Affiliates,Agency Tools,Unclassified,EXCLUDING,CTC,2016-09-26,0.0,57.779
ClientBrand,Affiliates,Network Override,Unclassified,EXCLUDING,CTC,2016-09-26,0.0,533.39
ClientBrand,Affiliates,Tenancy,Unclassified,EXCLUDING,CTC,2016-09-26,0.0,175.0
ClientBrand,Affiliates,Affiliate Commission,Unclassified,EXCLUDING,CTC,2016-10-03,0.0,7322.93
ClientBrand,Affiliates,Agency Commission,Unclassified,EXCLUDING,CTC,2016-10-03,0.0,1928.0816
ClientBrand,Affiliates,Agency Tools,Unclassified,EXCLUDING,CTC,2016-10-03,0.0,56.45150000000001
ClientBrand,Affiliates,Network Override,Unclassified,EXCLUDING,CTC,2016-10-03,0.0,659.1700000000001
ClientBrand,Affiliates,Tenancy,Unclassified,EXCLUDING,CTC,2016-10-03,0.0,749.98
ClientBrand,Affiliates,Affiliate Commission,Unclassified,EXCLUDING,CTC,2016-10-10,0.0,4564.27
ClientBrand,Affiliates,Agency Commission,Unclassified,EXCLUDING,CTC,2016-10-10,0.0,1353.5149999999999
ClientBrand,Affiliates,Agency Tools,Unclassified,EXCLUDING,CTC,2016-10-10,0.0,56.45150000000001
ClientBrand,Affiliates,Network Override,Unclassified,EXCLUDING,CTC,2016-10-10,0.0,413.78
ClientBrand,Affiliates,Affiliate Commission,Unclassified,EXCLUDING,CTC,2016-10-17,0.0,6098.379999999999
ClientBrand,Affiliates,Agency Commission,Unclassified,EXCLUDING,CTC,2016-10-17,0.0,1794.9328
ClientBrand,Affiliates,Agency Tools,Unclassified,EXCLUDING,CTC,2016-10-17,0.0,56.45150000000001
ClientBrand,Affiliates,Network Override,Unclassified,EXCLUDING,CTC,2016-10-17,0.0,549.0
ClientBrand,Affiliates,Tenancy,Unclassified,EXCLUDING,CTC,2016-10-17,0.0,122.46000000000001
ClientBrand,Affiliates,Affiliate Commission,Unclassified,EXCLUDING,CTC,2016-10-24,0.0,8161.869999999999
ClientBrand,Affiliates,Agency Commission,Unclassified,EXCLUDING,CTC,2016-10-24,0.0,2124.3496
ClientBrand,Affiliates,Agency Tools,Unclassified,EXCLUDING,CTC,2016-10-24,0.0,56.45150000000001
ClientBrand,Affiliates,Network Override,Unclassified,EXCLUDING,CTC,2016-10-24,0.0,734.6600000000001
ClientBrand,Affiliates,Tenancy,Unclassified,EXCLUDING,CTC,2016-10-24,0.0,1271.43
ClientBrand,Affiliates,Affiliate Commission,Unclassified,EXCLUDING,CTC,2016-10-31,0.0,7420.750000000001
ClientBrand,Affiliates,Agency Commission,Unclassified,EXCLUDING,CTC,2016-10-31,0.0,2002.4812000000002
ClientBrand,Affiliates,Agency Tools,Unclassified,EXCLUDING,CTC,2016-10-31,0.0,58.04449999999999
ClientBrand,Affiliates,Network Override,Unclassified,EXCLUDING,CTC,2016-10-31,0.0,667.9499999999999
ClientBrand,Affiliates,Tenancy,Unclassified,EXCLUDING,CTC,2016-10-31,0.0,596.9499999999999
ClientBrand,Affiliates,Affiliate Commission,Unclassified,EXCLUDING,CTC,2016-11-07,0.0,5245.26
ClientBrand,Affiliates,Agency Commission,Unclassified,EXCLUDING,CTC,2016-11-07,0.0,1547.9396
ClientBrand,Affiliates,Agency Tools,Unclassified,EXCLUDING,CTC,2016-11-07,0.0,58.309999999999995
ClientBrand,Affiliates,Network Override,Unclassified,EXCLUDING,CTC,2016-11-07,0.0,472.15999999999997
ClientBrand,Affiliates,Tenancy,Unclassified,EXCLUDING,CTC,2016-11-07,0.0,81.64
ClientBrand,Affiliates,Affiliate Commission,Unclassified,EXCLUDING,CTC,2016-11-14,0.0,4977.08
ClientBrand,Affiliates,Agency Commission,Unclassified,EXCLUDING,CTC,2016-11-14,0.0,1546.6598000000001
ClientBrand,Affiliates,Agency Tools,Unclassified,EXCLUDING,CTC,2016-11-14,0.0,58.309999999999995
ClientBrand,Affiliates,Network Override,Unclassified,EXCLUDING,CTC,2016-11-14,0.0,447.99
ClientBrand,Affiliates,Tenancy,Unclassified,EXCLUDING,CTC,2016-11-14,0.0,489.82000000000005
ClientBrand,Affiliates,Affiliate Commission,Unclassified,EXCLUDING,CTC,2016-11-21,0.0,10753.36
ClientBrand,Affiliates,Agency Commission,Unclassified,EXCLUDING,CTC,2016-11-21,0.0,2705.09
ClientBrand,Affiliates,Agency Tools,Unclassified,EXCLUDING,CTC,2016-11-21,0.0,58.309999999999995
ClientBrand,Affiliates,Network Override,Unclassified,EXCLUDING,CTC,2016-11-21,0.0,967.6800000000001
ClientBrand,Affiliates,Tenancy,Unclassified,EXCLUDING,CTC,2016-11-21,0.0,1081.66
ClientBrand,Affiliates,Affiliate Commission,Unclassified,EXCLUDING,CTC,2016-11-28,0.0,4897.26
ClientBrand,Affiliates,Agency Commission,Unclassified,EXCLUDING,CTC,2016-11-28,0.0,1371.7766
ClientBrand,Affiliates,Agency Tools,Unclassified,EXCLUDING,CTC,2016-11-28,0.0,57.24800000000001
ClientBrand,Affiliates,Network Override,Unclassified,EXCLUDING,CTC,2016-11-28,0.0,440.77000000000004
ClientBrand,Affiliates,Tenancy,Unclassified,EXCLUDING,CTC,2016-11-28,0.0,1107.1799999999998
ClientBrand,Affiliates,Affiliate Commission,Unclassified,EXCLUDING,CTC,2016-12-05,0.0,2973.42
ClientBrand,Affiliates,Agency Commission,Unclassified,EXCLUDING,CTC,2016-12-05,0.0,928.452
ClientBrand,Affiliates,Agency Tools,Unclassified,EXCLUDING,CTC,2016-12-05,0.0,56.45150000000001
ClientBrand,Affiliates,Network Override,Unclassified,EXCLUDING,CTC,2016-12-05,0.0,267.65000000000003
ClientBrand,Affiliates,Tenancy,Unclassified,EXCLUDING,CTC,2016-12-05,0.0,285.74
ClientBrand,Affiliates,Affiliate Commission,Unclassified,EXCLUDING,CTC,2016-12-12,0.0,2831.29
ClientBrand,Affiliates,Agency Commission,Unclassified,EXCLUDING,CTC,2016-12-12,0.0,783.0595999999999
ClientBrand,Affiliates,Agency Tools,Unclassified,EXCLUDING,CTC,2016-12-12,0.0,56.45150000000001
ClientBrand,Affiliates,Network Override,Unclassified,EXCLUDING,CTC,2016-12-12,0.0,254.82999999999996
ClientBrand,Affiliates,Tenancy,Unclassified,EXCLUDING,CTC,2016-12-12,0.0,163.28
ClientBrand,Affiliates,Affiliate Commission,Unclassified,EXCLUDING,CTC,2016-12-19,0.0,3819.8999999999996
ClientBrand,Affiliates,Agency Commission,Unclassified,EXCLUDING,CTC,2016-12-19,0.0,974.5382
ClientBrand,Affiliates,Agency Tools,Unclassified,EXCLUDING,CTC,2016-12-19,0.0,56.45150000000001
ClientBrand,Affiliates,Network Override,Unclassified,EXCLUDING,CTC,2016-12-19,0.0,343.79
ClientBrand,Affiliates,Tenancy,Unclassified,EXCLUDING,CTC,2016-12-19,0.0,122.46000000000001
ClientBrand,Affiliates,Affiliate Commission,Unclassified,EXCLUDING,CTC,2016-12-26,0.0,31204.36
ClientBrand,Affiliates,Agency Commission,Unclassified,EXCLUDING,CTC,2016-12-26,0.0,7264.469600000001
ClientBrand,Affiliates,Agency Tools,Unclassified,EXCLUDING,CTC,2016-12-26,0.0,56.45150000000001
ClientBrand,Affiliates,Network Override,Unclassified,EXCLUDING,CTC,2016-12-26,0.0,2808.4
ClientBrand,Affiliates,Tenancy,Unclassified,EXCLUDING,CTC,2016-12-26,0.0,163.28
ClientBrand,Affiliates,Affiliate Commission,Unclassified,EXCLUDING,CTC,2017-01-02,0.0,16080.739999999998
ClientBrand,Affiliates,Agency Commission,Unclassified,EXCLUDING,CTC,2017-01-02,0.0,4142.2148
ClientBrand,Affiliates,Agency Tools,Unclassified,EXCLUDING,CTC,2017-01-02,0.0,56.45150000000001
ClientBrand,Affiliates,Network Override,Unclassified,EXCLUDING,CTC,2017-01-02,0.0,1447.4
ClientBrand,Affiliates,Affiliate Commission,Unclassified,EXCLUDING,CTC,2017-01-09,0.0,11092.76
ClientBrand,Affiliates,Agency Commission,Unclassified,EXCLUDING,CTC,2017-01-09,0.0,2942.8432000000003
ClientBrand,Affiliates,Agency Tools,Unclassified,EXCLUDING,CTC,2017-01-09,0.0,56.45150000000001
ClientBrand,Affiliates,Network Override,Unclassified,EXCLUDING,CTC,2017-01-09,0.0,998.5300000000001
ClientBrand,Affiliates,Affiliate Commission,Unclassified,EXCLUDING,CTC,2017-01-16,0.0,6889.13
ClientBrand,Affiliates,Agency Commission,Unclassified,EXCLUDING,CTC,2017-01-16,0.0,2163.2327999999998
ClientBrand,Affiliates,Agency Tools,Unclassified,EXCLUDING,CTC,2017-01-16,0.0,56.45150000000001
ClientBrand,Affiliates,Network Override,Unclassified,EXCLUDING,CTC,2017-01-16,0.0,620.0899999999999
ClientBrand,Affiliates,Affiliate Commission,Unclassified,EXCLUDING,CTC,2017-01-23,0.0,8440.12
ClientBrand,Affiliates,Agency Commission,Unclassified,EXCLUDING,CTC,2017-01-23,0.0,2210.0342
ClientBrand,Affiliates,Agency Tools,Unclassified,EXCLUDING,CTC,2017-01-23,0.0,56.45150000000001
ClientBrand,Affiliates,Network Override,Unclassified,EXCLUDING,CTC,2017-01-23,0.0,759.6600000000001
ClientBrand,Affiliates,Affiliate Commission,Unclassified,EXCLUDING,CTC,2017-01-30,0.0,4569.67
ClientBrand,Affiliates,Agency Commission,Unclassified,EXCLUDING,CTC,2017-01-30,0.0,1467.4996
ClientBrand,Affiliates,Agency Tools,Unclassified,EXCLUDING,CTC,2017-01-30,0.0,60.76899999999999
ClientBrand,Affiliates,Network Override,Unclassified,EXCLUDING,CTC,2017-01-30,0.0,411.30999999999995
ClientBrand,Affiliates,Affiliate Commission,Unclassified,EXCLUDING,CTC,2017-02-06,0.0,4766.799999999999
ClientBrand,Affiliates,Agency Commission,Unclassified,EXCLUDING,CTC,2017-02-06,0.0,1569.4738
ClientBrand,Affiliates,Agency Tools,Unclassified,EXCLUDING,CTC,2017-02-06,0.0,62.495999999999995
ClientBrand,Affiliates,Network Override,Unclassified,EXCLUDING,CTC,2017-02-06,0.0,428.96999999999997
ClientBrand,Affiliates,Affiliate Commission,Unclassified,EXCLUDING,CTC,2017-02-13,0.0,6176.459999999999
ClientBrand,Affiliates,Agency Commission,Unclassified,EXCLUDING,CTC,2017-02-13,0.0,1812.6926
ClientBrand,Affiliates,Agency Tools,Unclassified,EXCLUDING,CTC,2017-02-13,0.0,62.495999999999995
ClientBrand,Affiliates,Network Override,Unclassified,EXCLUDING,CTC,2017-02-13,0.0,555.89
ClientBrand,Affiliates,Affiliate Commission,Unclassified,EXCLUDING,CTC,2017-02-20,0.0,6586.25
ClientBrand,Affiliates,Agency Commission,Unclassified,EXCLUDING,CTC,2017-02-20,0.0,1869.4694
ClientBrand,Affiliates,Agency Tools,Unclassified,EXCLUDING,CTC,2017-02-20,0.0,62.495999999999995
ClientBrand,Affiliates,Network Override,Unclassified,EXCLUDING,CTC,2017-02-20,0.0,592.8100000000001
ClientBrand,Affiliates,Tenancy,Unclassified,EXCLUDING,CTC,2017-02-20,0.0,678.5500000000001
ClientBrand,Affiliates,Affiliate Commission,Unclassified,EXCLUDING,CTC,2017-02-27,0.0,5429.26
ClientBrand,Affiliates,Agency Commission,Unclassified,EXCLUDING,CTC,2017-02-27,0.0,1627.3813999999998
ClientBrand,Affiliates,Agency Tools,Unclassified,EXCLUDING,CTC,2017-02-27,0.0,58.178500000000014
ClientBrand,Affiliates,Network Override,Unclassified,EXCLUDING,CTC,2017-02-27,0.0,488.75000000000006
ClientBrand,Affiliates,Tenancy,Unclassified,EXCLUDING,CTC,2017-02-27,0.0,271.42
ClientBrand,Affiliates,Affiliate Commission,Unclassified,EXCLUDING,CTC,2017-03-06,0.0,5428.15
ClientBrand,Affiliates,Agency Commission,Unclassified,EXCLUDING,CTC,2017-03-06,0.0,1631.0318
ClientBrand,Affiliates,Agency Tools,Unclassified,EXCLUDING,CTC,2017-03-06,0.0,56.45150000000001
ClientBrand,Affiliates,Network Override,Unclassified,EXCLUDING,CTC,2017-03-06,0.0,488.53999999999996
ClientBrand,Affiliates,Affiliate Commission,Unclassified,EXCLUDING,CTC,2017-03-13,0.0,5693.620000000001
ClientBrand,Affiliates,Agency Commission,Unclassified,EXCLUDING,CTC,2017-03-13,0.0,1629.595
ClientBrand,Affiliates,Agency Tools,Unclassified,EXCLUDING,CTC,2017-03-13,0.0,56.45150000000001
ClientBrand,Affiliates,Network Override,Unclassified,EXCLUDING,CTC,2017-03-13,0.0,512.4200000000001
ClientBrand,Affiliates,Affiliate Commission,Unclassified,EXCLUDING,CTC,2017-03-20,0.0,5420.32
ClientBrand,Affiliates,Agency Commission,Unclassified,EXCLUDING,CTC,2017-03-20,0.0,1605.3069999999998
ClientBrand,Affiliates,Agency Tools,Unclassified,EXCLUDING,CTC,2017-03-20,0.0,56.45150000000001
ClientBrand,Affiliates,Network Override,Unclassified,EXCLUDING,CTC,2017-03-20,0.0,390.59
ClientBrand,Affiliates,Tenancy,Unclassified,EXCLUDING,CTC,2017-03-20,0.0,656.25
ClientBrand,Affiliates,Affiliate Commission,Unclassified,EXCLUDING,CTC,2017-03-27,0.0,5911.5
ClientBrand,Affiliates,Agency Commission,Unclassified,EXCLUDING,CTC,2017-03-27,0.0,1753.3944000000001
ClientBrand,Affiliates,Agency Tools,Unclassified,EXCLUDING,CTC,2017-03-27,0.0,56.9825
ClientBrand,Affiliates,Network Override,Unclassified,EXCLUDING,CTC,2017-03-27,0.0,376.81
ClientBrand,Affiliates,Tenancy,Unclassified,EXCLUDING,CTC,2017-03-27,0.0,187.5
ClientBrand,Affiliates,Affiliate Commission,Unclassified,EXCLUDING,CTC,2017-04-03,0.0,4911.91
ClientBrand,Affiliates,Agency Commission,Unclassified,EXCLUDING,CTC,2017-04-03,0.0,1481.3118
ClientBrand,Affiliates,Agency Tools,Unclassified,EXCLUDING,CTC,2017-04-03,0.0,58.309999999999995
ClientBrand,Affiliates,Network Override,Unclassified,EXCLUDING,CTC,2017-04-03,0.0,306.58000000000004
ClientBrand,Affiliates,Affiliate Commission,Unclassified,EXCLUDING,CTC,2017-04-10,0.0,10131.65
ClientBrand,Affiliates,Agency Commission,Unclassified,EXCLUDING,CTC,2017-04-10,0.0,2496.6416
ClientBrand,Affiliates,Agency Tools,Unclassified,EXCLUDING,CTC,2017-04-10,0.0,58.309999999999995
ClientBrand,Affiliates,Network Override,Unclassified,EXCLUDING,CTC,2017-04-10,0.0,536.59
ClientBrand,Affiliates,Tenancy,Unclassified,EXCLUDING,CTC,2017-04-10,0.0,2654.24
ClientBrand,Affiliates,Affiliate Commission,Unclassified,EXCLUDING,CTC,2017-04-17,0.0,9683.07
ClientBrand,Affiliates,Agency Commission,Unclassified,EXCLUDING,CTC,2017-04-17,0.0,2546.5679999999998
ClientBrand,Affiliates,Agency Tools,Unclassified,EXCLUDING,CTC,2017-04-17,0.0,58.309999999999995
ClientBrand,Affiliates,Network Override,Unclassified,EXCLUDING,CTC,2017-04-17,0.0,718.78
ClientBrand,Affiliates,Tenancy,Unclassified,EXCLUDING,CTC,2017-04-17,0.0,2197.6
ClientBrand,Affiliates,Affiliate Commission,Unclassified,EXCLUDING,CTC,2017-04-24,0.0,6785.110000000001
ClientBrand,Affiliates,Agency Commission,Unclassified,EXCLUDING,CTC,2017-04-24,0.0,1600.2440000000001
ClientBrand,Affiliates,Agency Tools,Unclassified,EXCLUDING,CTC,2017-04-24,0.0,58.309999999999995
ClientBrand,Affiliates,Network Override,Unclassified,EXCLUDING,CTC,2017-04-24,0.0,472.78
ClientBrand,Affiliates,Tenancy,Unclassified,EXCLUDING,CTC,2017-04-24,0.0,2783.3399999999997
ClientBrand,Affiliates,Affiliate Commission,Unclassified,EXCLUDING,CTC,2017-05-01,0.0,7763.57
ClientBrand,Affiliates,Agency Commission,Unclassified,EXCLUDING,CTC,2017-05-01,0.0,2179.583
ClientBrand,Affiliates,Agency Tools,Unclassified,EXCLUDING,CTC,2017-05-01,0.0,56.45150000000001
ClientBrand,Affiliates,Network Override,Unclassified,EXCLUDING,CTC,2017-05-01,0.0,522.7099999999999
ClientBrand,Affiliates,Tenancy,Unclassified,EXCLUDING,CTC,2017-05-01,0.0,397.62
ClientBrand,Affiliates,Affiliate Commission,Unclassified,EXCLUDING,CTC,2017-05-08,0.0,10253.130000000001
ClientBrand,Affiliates,Agency Commission,Unclassified,EXCLUDING,CTC,2017-05-08,0.0,2419.0081999999998
ClientBrand,Affiliates,Agency Tools,Unclassified,EXCLUDING,CTC,2017-05-08,0.0,56.45150000000001
ClientBrand,Affiliates,Network Override,Unclassified,EXCLUDING,CTC,2017-05-08,0.0,854.6899999999999
ClientBrand,Affiliates,Tenancy,Unclassified,EXCLUDING,CTC,2017-05-08,0.0,625.0
ClientBrand,Affiliates,Affiliate Commission,Unclassified,EXCLUDING,CTC,2017-05-15,0.0,7953.33
ClientBrand,Affiliates,Agency Commission,Unclassified,EXCLUDING,CTC,2017-05-15,0.0,2019.5674
ClientBrand,Affiliates,Agency Tools,Unclassified,EXCLUDING,CTC,2017-05-15,0.0,56.45150000000001
ClientBrand,Affiliates,Network Override,Unclassified,EXCLUDING,CTC,2017-05-15,0.0,715.77
ClientBrand,Affiliates,Tenancy,Unclassified,EXCLUDING,CTC,2017-05-15,0.0,250.0
ClientBrand,Affiliates,Affiliate Commission,Unclassified,EXCLUDING,CTC,2017-05-22,0.0,9080.5
ClientBrand,Affiliates,Agency Commission,Unclassified,EXCLUDING,CTC,2017-05-22,0.0,2465.541
ClientBrand,Affiliates,Agency Tools,Unclassified,EXCLUDING,CTC,2017-05-22,0.0,56.45150000000001
ClientBrand,Affiliates,Network Override,Unclassified,EXCLUDING,CTC,2017-05-22,0.0,817.25
ClientBrand,Affiliates,Tenancy,Unclassified,EXCLUDING,CTC,2017-05-22,0.0,750.0
ClientBrand,Affiliates,Affiliate Commission,Unclassified,EXCLUDING,CTC,2017-05-29,0.0,9088.91
ClientBrand,Affiliates,Agency Commission,Unclassified,EXCLUDING,CTC,2017-05-29,0.0,2283.1624
ClientBrand,Affiliates,Agency Tools,Unclassified,EXCLUDING,CTC,2017-05-29,0.0,57.51349999999999
ClientBrand,Affiliates,Network Override,Unclassified,EXCLUDING,CTC,2017-05-29,0.0,818.0899999999999
ClientBrand,Affiliates,Tenancy,Unclassified,EXCLUDING,CTC,2017-05-29,0.0,853.5800000000002
ClientBrand,Affiliates,Affiliate Commission,Unclassified,EXCLUDING,CTC,2017-06-05,0.0,7686.08
ClientBrand,Affiliates,Agency Commission,Unclassified,EXCLUDING,CTC,2017-06-05,0.0,2038.6056
ClientBrand,Affiliates,Agency Tools,Unclassified,EXCLUDING,CTC,2017-06-05,0.0,58.309999999999995
ClientBrand,Affiliates,Network Override,Unclassified,EXCLUDING,CTC,2017-06-05,0.0,691.75
ClientBrand,Affiliates,Tenancy,Unclassified,EXCLUDING,CTC,2017-06-05,0.0,242.86
ClientBrand,Affiliates,Affiliate Commission,Unclassified,EXCLUDING,CTC,2017-06-12,0.0,4345.34
ClientBrand,Affiliates,Agency Commission,Unclassified,EXCLUDING,CTC,2017-06-12,0.0,1291.9678000000001
ClientBrand,Affiliates,Agency Tools,Unclassified,EXCLUDING,CTC,2017-06-12,0.0,58.309999999999995
ClientBrand,Affiliates,Network Override,Unclassified,EXCLUDING,CTC,2017-06-12,0.0,391.20000000000005
ClientBrand,Affiliates,Tenancy,Unclassified,EXCLUDING,CTC,2017-06-12,0.0,1047.62
ClientBrand,Affiliates,Affiliate Commission,Unclassified,EXCLUDING,CTC,2017-06-19,0.0,5396.19
ClientBrand,Affiliates,Agency Commission,Unclassified,EXCLUDING,CTC,2017-06-19,0.0,1456.2636
ClientBrand,Affiliates,Agency Tools,Unclassified,EXCLUDING,CTC,2017-06-19,0.0,58.309999999999995
ClientBrand,Affiliates,Network Override,Unclassified,EXCLUDING,CTC,2017-06-19,0.0,485.75
ClientBrand,Affiliates,Tenancy,Unclassified,EXCLUDING,CTC,2017-06-19,0.0,452.38
ClientBrand,Affiliates,Affiliate Commission,Unclassified,EXCLUDING,CTC,2017-06-26,0.0,6043.219999999999
ClientBrand,Affiliates,Agency Commission,Unclassified,EXCLUDING,CTC,2017-06-26,0.0,1628.1477999999997
ClientBrand,Affiliates,Agency Tools,Unclassified,EXCLUDING,CTC,2017-06-26,0.0,57.779
ClientBrand,Affiliates,Network Override,Unclassified,EXCLUDING,CTC,2017-06-26,0.0,543.9300000000001
ClientBrand,Affiliates,Tenancy,Unclassified,EXCLUDING,CTC,2017-06-26,0.0,564.2
ClientBrand,Affiliates,Affiliate Commission,Unclassified,EXCLUDING,CTC,2017-07-03,0.0,7447.05
ClientBrand,Affiliates,Agency Commission,Unclassified,EXCLUDING,CTC,2017-07-03,0.0,1894.1136000000001
ClientBrand,Affiliates,Agency Tools,Unclassified,EXCLUDING,CTC,2017-07-03,0.0,56.45150000000001
ClientBrand,Affiliates,Network Override,Unclassified,EXCLUDING,CTC,2017-07-03,0.0,670.25
ClientBrand,Affiliates,Tenancy,Unclassified,EXCLUDING,CTC,2017-07-03,0.0,1961.4199999999996
ClientBrand,Affiliates,Affiliate Commission,Unclassified,EXCLUDING,CTC,2017-07-10,0.0,9538.019999999999
ClientBrand,Affiliates,Agency Commission,Unclassified,EXCLUDING,CTC,2017-07-10,0.0,2421.3276
ClientBrand,Affiliates,Agency Tools,Unclassified,EXCLUDING,CTC,2017-07-10,0.0,56.45150000000001
ClientBrand,Affiliates,Network Override,Unclassified,EXCLUDING,CTC,2017-07-10,0.0,858.4200000000001
ClientBrand,Affiliates,Tenancy,Unclassified,EXCLUDING,CTC,2017-07-10,0.0,917.5699999999999
ClientBrand,Affiliates,Affiliate Commission,Unclassified,EXCLUDING,CTC,2017-07-17,0.0,8235.820000000002
ClientBrand,Affiliates,Agency Commission,Unclassified,EXCLUDING,CTC,2017-07-17,0.0,2146.7448
ClientBrand,Affiliates,Agency Tools,Unclassified,EXCLUDING,CTC,2017-07-17,0.0,56.45150000000001
ClientBrand,Affiliates,Network Override,Unclassified,EXCLUDING,CTC,2017-07-17,0.0,741.24
ClientBrand,Affiliates,Tenancy,Unclassified,EXCLUDING,CTC,2017-07-17,0.0,346.15
ClientBrand,Affiliates,Affiliate Commission,Unclassified,EXCLUDING,CTC,2017-07-24,0.0,7968.120000000001
ClientBrand,Affiliates,Agency Commission,Unclassified,EXCLUDING,CTC,2017-07-24,0.0,2234.5658000000003
ClientBrand,Affiliates,Agency Tools,Unclassified,EXCLUDING,CTC,2017-07-24,0.0,56.45150000000001
ClientBrand,Affiliates,Network Override,Unclassified,EXCLUDING,CTC,2017-07-24,0.0,717.26
ClientBrand,Affiliates,Tenancy,Unclassified,EXCLUDING,CTC,2017-07-24,0.0,346.15
ClientBrand,Affiliates,Affiliate Commission,Unclassified,EXCLUDING,CTC,2017-07-31,0.0,9254.35
ClientBrand,Affiliates,Agency Commission,Unclassified,EXCLUDING,CTC,2017-07-31,0.0,2599.1718
ClientBrand,Affiliates,Agency Tools,Unclassified,EXCLUDING,CTC,2017-07-31,0.0,56.45150000000001
ClientBrand,Affiliates,Network Override,Unclassified,EXCLUDING,CTC,2017-07-31,0.0,833.0
ClientBrand,Affiliates,Tenancy,Unclassified,EXCLUDING,CTC,2017-07-31,0.0,774.7
ClientBrand,Affiliates,Affiliate Commission,Unclassified,EXCLUDING,CTC,2017-08-07,0.0,4697.310000000001
ClientBrand,Affiliates,Agency Commission,Unclassified,EXCLUDING,CTC,2017-08-07,0.0,1455.4286
ClientBrand,Affiliates,Agency Tools,Unclassified,EXCLUDING,CTC,2017-08-07,0.0,56.45150000000001
ClientBrand,Affiliates,Network Override,Unclassified,EXCLUDING,CTC,2017-08-07,0.0,422.92
ClientBrand,Affiliates,Tenancy,Unclassified,EXCLUDING,CTC,2017-08-07,0.0,517.5699999999999
ClientBrand,Affiliates,Affiliate Commission,Unclassified,EXCLUDING,CTC,2017-08-14,0.0,6627.55
ClientBrand,Affiliates,Agency Commission,Unclassified,EXCLUDING,CTC,2017-08-14,0.0,1924.5996
ClientBrand,Affiliates,Agency Tools,Unclassified,EXCLUDING,CTC,2017-08-14,0.0,56.45150000000001
ClientBrand,Affiliates,Network Override,Unclassified,EXCLUDING,CTC,2017-08-14,0.0,596.64
ClientBrand,Affiliates,Tenancy,Unclassified,EXCLUDING,CTC,2017-08-14,0.0,346.15
ClientBrand,Affiliates,Affiliate Commission,Unclassified,EXCLUDING,CTC,2017-08-21,0.0,12618.06
ClientBrand,Affiliates,Agency Commission,Unclassified,EXCLUDING,CTC,2017-08-21,0.0,3238.968
ClientBrand,Affiliates,Agency Tools,Unclassified,EXCLUDING,CTC,2017-08-21,0.0,56.45150000000001
ClientBrand,Affiliates,Network Override,Unclassified,EXCLUDING,CTC,2017-08-21,0.0,1135.6399999999999
ClientBrand,Affiliates,Tenancy,Unclassified,EXCLUDING,CTC,2017-08-21,0.0,881.8500000000001
ClientBrand,Affiliates,Tenancy Override,Unclassified,EXCLUDING,CTC,2017-08-21,0.0,31.318
ClientBrand,Affiliates,Affiliate Commission,Unclassified,EXCLUDING,CTC,2017-08-28,0.0,12117.43
ClientBrand,Affiliates,Agency Commission,Unclassified,EXCLUDING,CTC,2017-08-28,0.0,3092.5586000000003
ClientBrand,Affiliates,Agency Tools,Unclassified,EXCLUDING,CTC,2017-08-28,0.0,57.248
ClientBrand,Affiliates,Network Override,Unclassified,EXCLUDING,CTC,2017-08-28,0.0,1090.65
ClientBrand,Affiliates,Tenancy,Unclassified,EXCLUDING,CTC,2017-08-28,0.0,627.07
ClientBrand,Affiliates,Tenancy Override,Unclassified,EXCLUDING,CTC,2017-08-28,0.0,25.082800000000002
ClientBrand,Affiliates,Affiliate Commission,Unclassified,EXCLUDING,CTC,2017-09-04,0.0,10757.619999999999
ClientBrand,Affiliates,Agency Commission,Unclassified,EXCLUDING,CTC,2017-09-04,0.0,2737.5254000000004
ClientBrand,Affiliates,Agency Tools,Unclassified,EXCLUDING,CTC,2017-09-04,0.0,58.309999999999995
ClientBrand,Affiliates,Network Override,Unclassified,EXCLUDING,CTC,2017-09-04,0.0,968.15
ClientBrand,Affiliates,Tenancy,Unclassified,EXCLUDING,CTC,2017-09-04,0.0,610.9300000000001
ClientBrand,Affiliates,Tenancy Override,Unclassified,EXCLUDING,CTC,2017-09-04,0.0,24.437200000000004
ClientBrand,Affiliates,Affiliate Commission,Unclassified,EXCLUDING,CTC,2017-09-11,0.0,8526.27
ClientBrand,Affiliates,Agency Commission,Unclassified,EXCLUDING,CTC,2017-09-11,0.0,2069.085
ClientBrand,Affiliates,Agency Tools,Unclassified,EXCLUDING,CTC,2017-09-11,0.0,58.309999999999995
ClientBrand,Affiliates,Network Override,Unclassified,EXCLUDING,CTC,2017-09-11,0.0,767.44
ClientBrand,Affiliates,Tenancy,Unclassified,EXCLUDING,CTC,2017-09-11,0.0,722.05
ClientBrand,Affiliates,Tenancy Override,Unclassified,EXCLUDING,CTC,2017-09-11,0.0,28.882000000000005
ClientBrand,Affiliates,Affiliate Commission,Unclassified,EXCLUDING,CTC,2017-09-18,0.0,7031.009999999999
ClientBrand,Affiliates,Agency Commission,Unclassified,EXCLUDING,CTC,2017-09-18,0.0,1963.6155999999999
ClientBrand,Affiliates,Agency Tools,Unclassified,EXCLUDING,CTC,2017-09-18,0.0,58.309999999999995
ClientBrand,Affiliates,Network Override,Unclassified,EXCLUDING,CTC,2017-09-18,0.0,632.8399999999999
ClientBrand,Affiliates,Tenancy,Unclassified,EXCLUDING,CTC,2017-09-18,0.0,722.05
ClientBrand,Affiliates,Tenancy Override,Unclassified,EXCLUDING,CTC,2017-09-18,0.0,28.882000000000005
ClientBrand,Affiliates,Affiliate Commission,Unclassified,EXCLUDING,CTC,2017-09-25,0.0,8042.730000000001
ClientBrand,Affiliates,Agency Commission,Unclassified,EXCLUDING,CTC,2017-09-25,0.0,2033.419
ClientBrand,Affiliates,Agency Tools,Unclassified,EXCLUDING,CTC,2017-09-25,0.0,58.0445
ClientBrand,Affiliates,Network Override,Unclassified,EXCLUDING,CTC,2017-09-25,0.0,723.88
ClientBrand,Affiliates,Tenancy,Unclassified,EXCLUDING,CTC,2017-09-25,0.0,507.78
ClientBrand,Affiliates,Tenancy Override,Unclassified,EXCLUDING,CTC,2017-09-25,0.0,20.311200000000003
ClientBrand,Affiliates,Affiliate Commission,Unclassified,EXCLUDING,CTC,2017-10-02,0.0,8689.640000000001
ClientBrand,Affiliates,Agency Commission,Unclassified,EXCLUDING,CTC,2017-10-02,0.0,2221.9198
ClientBrand,Affiliates,Agency Tools,Unclassified,EXCLUDING,CTC,2017-10-02,0.0,56.45150000000001
ClientBrand,Affiliates,Network Override,Unclassified,EXCLUDING,CTC,2017-10-02,0.0,782.0899999999999
ClientBrand,Affiliates,Affiliate Commission,Unclassified,EXCLUDING,CTC,2017-10-09,0.0,8089.34
ClientBrand,Affiliates,Agency Commission,Unclassified,EXCLUDING,CTC,2017-10-09,0.0,2014.9616
ClientBrand,Affiliates,Agency Tools,Unclassified,EXCLUDING,CTC,2017-10-09,0.0,56.45150000000001
ClientBrand,Affiliates,Network Override,Unclassified,EXCLUDING,CTC,2017-10-09,0.0,728.07
ClientBrand,Affiliates,Tenancy,Unclassified,EXCLUDING,CTC,2017-10-09,0.0,409.08
ClientBrand,Affiliates,Tenancy Override,Unclassified,EXCLUDING,CTC,2017-10-09,0.0,16.3632
ClientBrand,Affiliates,Affiliate Commission,Unclassified,EXCLUDING,CTC,2017-10-16,0.0,7680.9400000000005
ClientBrand,Affiliates,Agency Commission,Unclassified,EXCLUDING,CTC,2017-10-16,0.0,1995.8350000000003
ClientBrand,Affiliates,Agency Tools,Unclassified,EXCLUDING,CTC,2017-10-16,0.0,56.45150000000001
ClientBrand,Affiliates,Network Override,Unclassified,EXCLUDING,CTC,2017-10-16,0.0,691.36
ClientBrand,Affiliates,Tenancy,Unclassified,EXCLUDING,CTC,2017-10-16,0.0,409.08
ClientBrand,Affiliates,Tenancy Override,Unclassified,EXCLUDING,CTC,2017-10-16,0.0,16.3632
ClientBrand,Affiliates,Affiliate Commission,Unclassified,EXCLUDING,CTC,2017-10-23,0.0,11083.68
ClientBrand,Affiliates,Agency Commission,Unclassified,EXCLUDING,CTC,2017-10-23,0.0,2947.741
ClientBrand,Affiliates,Agency Tools,Unclassified,EXCLUDING,CTC,2017-10-23,0.0,56.45150000000001
ClientBrand,Affiliates,Network Override,Unclassified,EXCLUDING,CTC,2017-10-23,0.0,997.6099999999999
ClientBrand,Affiliates,Tenancy,Unclassified,EXCLUDING,CTC,2017-10-23,0.0,409.08
ClientBrand,Affiliates,Tenancy Override,Unclassified,EXCLUDING,CTC,2017-10-23,0.0,16.3632
ClientBrand,Affiliates,Affiliate Commission,Unclassified,EXCLUDING,CTC,2017-10-30,0.0,7413.380000000001
ClientBrand,Affiliates,Agency Commission,Unclassified,EXCLUDING,CTC,2017-10-30,0.0,2039.0053999999998
ClientBrand,Affiliates,Agency Tools,Unclassified,EXCLUDING,CTC,2017-10-30,0.0,57.778999999999996
ClientBrand,Affiliates,Network Override,Unclassified,EXCLUDING,CTC,2017-10-30,0.0,667.3299999999999
ClientBrand,Affiliates,Tenancy,Unclassified,EXCLUDING,CTC,2017-10-30,0.0,1159.0599999999997
ClientBrand,Affiliates,Tenancy Override,Unclassified,EXCLUDING,CTC,2017-10-30,0.0,46.362399999999994
ClientBrand,Affiliates,Affiliate Commission,Unclassified,EXCLUDING,CTC,2017-11-06,0.0,8145.74
ClientBrand,Affiliates,Agency Commission,Unclassified,EXCLUDING,CTC,2017-11-06,0.0,2296.078
ClientBrand,Affiliates,Agency Tools,Unclassified,EXCLUDING,CTC,2017-11-06,0.0,58.309999999999995
ClientBrand,Affiliates,Network Override,Unclassified,EXCLUDING,CTC,2017-11-06,0.0,733.1800000000001
ClientBrand,Affiliates,Tenancy,Unclassified,EXCLUDING,CTC,2017-11-06,0.0,409.08
ClientBrand,Affiliates,Tenancy Override,Unclassified,EXCLUDING,CTC,2017-11-06,0.0,16.3632
ClientBrand,Affiliates,Affiliate Commission,Unclassified,EXCLUDING,CTC,2017-11-13,0.0,9557.05
ClientBrand,Affiliates,Agency Commission,Unclassified,EXCLUDING,CTC,2017-11-13,0.0,2697.7536
ClientBrand,Affiliates,Agency Tools,Unclassified,EXCLUDING,CTC,2017-11-13,0.0,58.309999999999995
ClientBrand,Affiliates,Network Override,Unclassified,EXCLUDING,CTC,2017-11-13,0.0,860.27
ClientBrand,Affiliates,Tenancy,Unclassified,EXCLUDING,CTC,2017-11-13,0.0,409.08
ClientBrand,Affiliates,Tenancy Override,Unclassified,EXCLUDING,CTC,2017-11-13,0.0,16.3632
ClientBrand,Affiliates,Affiliate Commission,Unclassified,EXCLUDING,CTC,2017-11-20,0.0,22025.86
ClientBrand,Affiliates,Agency Commission,Unclassified,EXCLUDING,CTC,2017-11-20,0.0,5476.9818000000005
ClientBrand,Affiliates,Agency Tools,Unclassified,EXCLUDING,CTC,2017-11-20,0.0,58.309999999999995
ClientBrand,Affiliates,Network Override,Unclassified,EXCLUDING,CTC,2017-11-20,0.0,1982.46
ClientBrand,Affiliates,Tenancy,Unclassified,EXCLUDING,CTC,2017-11-20,0.0,2123.3199999999997
ClientBrand,Affiliates,Tenancy Override,Unclassified,EXCLUDING,CTC,2017-11-20,0.0,84.93280000000001
ClientBrand,Affiliates,Affiliate Commission,Unclassified,EXCLUDING,CTC,2017-11-27,0.0,9159.91
ClientBrand,Affiliates,Agency Commission,Unclassified,EXCLUDING,CTC,2017-11-27,0.0,2313.3554
ClientBrand,Affiliates,Agency Tools,Unclassified,EXCLUDING,CTC,2017-11-27,0.0,57.51350000000001
ClientBrand,Affiliates,Network Override,Unclassified,EXCLUDING,CTC,2017-11-27,0.0,824.55
ClientBrand,Affiliates,Tenancy,Unclassified,EXCLUDING,CTC,2017-11-27,0.0,1494.7799999999997
ClientBrand,Affiliates,Tenancy Override,Unclassified,EXCLUDING,CTC,2017-11-27,0.0,59.79119999999999
ClientBrand,Affiliates,Affiliate Commission,Unclassified,EXCLUDING,CTC,2017-12-04,0.0,4065.52
ClientBrand,Affiliates,Agency Commission,Unclassified,EXCLUDING,CTC,2017-12-04,0.0,1155.2336
ClientBrand,Affiliates,Agency Tools,Unclassified,EXCLUDING,CTC,2017-12-04,0.0,56.45150000000001
ClientBrand,Affiliates,Network Override,Unclassified,EXCLUDING,CTC,2017-12-04,0.0,365.90999999999997
ClientBrand,Affiliates,Tenancy,Unclassified,EXCLUDING,CTC,2017-12-04,0.0,409.08
ClientBrand,Affiliates,Tenancy Override,Unclassified,EXCLUDING,CTC,2017-12-04,0.0,16.3632
ClientBrand,Affiliates,Affiliate Commission,Unclassified,EXCLUDING,CTC,2017-12-11,0.0,2365.2200000000003
ClientBrand,Affiliates,Agency Commission,Unclassified,EXCLUDING,CTC,2017-12-11,0.0,715.7854
ClientBrand,Affiliates,Agency Tools,Unclassified,EXCLUDING,CTC,2017-12-11,0.0,56.45150000000001
ClientBrand,Affiliates,Network Override,Unclassified,EXCLUDING,CTC,2017-12-11,0.0,212.85000000000002
ClientBrand,Affiliates,Tenancy,Unclassified,EXCLUDING,CTC,2017-12-11,0.0,409.08
ClientBrand,Affiliates,Tenancy Override,Unclassified,EXCLUDING,CTC,2017-12-11,0.0,16.3632
ClientBrand,Affiliates,Affiliate Commission,Unclassified,EXCLUDING,CTC,2017-12-18,0.0,2733.55
ClientBrand,Affiliates,Agency Commission,Unclassified,EXCLUDING,CTC,2017-12-18,0.0,835.162
ClientBrand,Affiliates,Agency Tools,Unclassified,EXCLUDING,CTC,2017-12-18,0.0,56.45150000000001
ClientBrand,Affiliates,Network Override,Unclassified,EXCLUDING,CTC,2017-12-18,0.0,246.08999999999997
ClientBrand,Affiliates,Tenancy,Unclassified,EXCLUDING,CTC,2017-12-18,0.0,409.08
ClientBrand,Affiliates,Tenancy Override,Unclassified,EXCLUDING,CTC,2017-12-18,0.0,16.3632
ClientBrand,Affiliates,Affiliate Commission,Unclassified,EXCLUDING,CTC,2017-12-25,0.0,48680.37000000001
ClientBrand,Affiliates,Agency Commission,Unclassified,EXCLUDING,CTC,2017-12-25,0.0,11078.443000000001
ClientBrand,Affiliates,Agency Tools,Unclassified,EXCLUDING,CTC,2017-12-25,0.0,56.45150000000001
ClientBrand,Affiliates,Network Override,Unclassified,EXCLUDING,CTC,2017-12-25,0.0,4381.23
ClientBrand,Affiliates,Tenancy,Unclassified,EXCLUDING,CTC,2017-12-25,0.0,3216.5
ClientBrand,Affiliates,Tenancy Override,Unclassified,EXCLUDING,CTC,2017-12-25,0.0,128.66
ClientBrand,Affiliates,Affiliate Commission,Unclassified,EXCLUDING,CTC,2018-01-01,0.0,23347.329999999998
ClientBrand,Affiliates,Agency Commission,Unclassified,EXCLUDING,CTC,2018-01-01,0.0,5357.775599999999
ClientBrand,Affiliates,Agency Tools,Unclassified,EXCLUDING,CTC,2018-01-01,0.0,56.45150000000001
ClientBrand,Affiliates,Network Override,Unclassified,EXCLUDING,CTC,2018-01-01,0.0,2101.13
ClientBrand,Affiliates,Tenancy,Unclassified,EXCLUDING,CTC,2018-01-01,0.0,500.0
ClientBrand,Affiliates,Affiliate Commission,Unclassified,EXCLUDING,CTC,2018-01-08,0.0,17987.83
ClientBrand,Affiliates,Agency Commission,Unclassified,EXCLUDING,CTC,2018-01-08,0.0,4173.196800000001
ClientBrand,Affiliates,Agency Tools,Unclassified,EXCLUDING,CTC,2018-01-08,0.0,56.45150000000001
ClientBrand,Affiliates,Network Override,Unclassified,EXCLUDING,CTC,2018-01-08,0.0,1618.87
ClientBrand,Affiliates,Tenancy,Unclassified,EXCLUDING,CTC,2018-01-08,0.0,500.0
ClientBrand,Affiliates,Affiliate Commission,Unclassified,EXCLUDING,CTC,2018-01-15,0.0,10731.06
ClientBrand,Affiliates,Agency Commission,Unclassified,EXCLUDING,CTC,2018-01-15,0.0,2614.0618
ClientBrand,Affiliates,Agency Tools,Unclassified,EXCLUDING,CTC,2018-01-15,0.0,56.45150000000001
ClientBrand,Affiliates,Network Override,Unclassified,EXCLUDING,CTC,2018-01-15,0.0,965.83
ClientBrand,Affiliates,Tenancy,Unclassified,EXCLUDING,CTC,2018-01-15,0.0,500.0
ClientBrand,Affiliates,Affiliate Commission,Unclassified,EXCLUDING,CTC,2018-01-22,0.0,18438.03
ClientBrand,Affiliates,Agency Commission,Unclassified,EXCLUDING,CTC,2018-01-22,0.0,2867.2945999999997
ClientBrand,Affiliates,Agency Tools,Unclassified,EXCLUDING,CTC,2018-01-22,0.0,56.45150000000001
ClientBrand,Affiliates,Network Override,Unclassified,EXCLUDING,CTC,2018-01-22,0.0,1659.45
ClientBrand,Affiliates,Tenancy,Unclassified,EXCLUDING,CTC,2018-01-22,0.0,500.0
ClientBrand,Affiliates,Affiliate Commission,Unclassified,EXCLUDING,CTC,2018-01-29,0.0,7065.09
ClientBrand,Affiliates,Agency Commission,Unclassified,EXCLUDING,CTC,2018-01-29,0.0,1684.3218000000002
ClientBrand,Affiliates,Agency Tools,Unclassified,EXCLUDING,CTC,2018-01-29,0.0,59.90778000000001
ClientBrand,Affiliates,Network Override,Unclassified,EXCLUDING,CTC,2018-01-29,0.0,635.9
ClientBrand,Affiliates,Tenancy,Unclassified,EXCLUDING,CTC,2018-01-29,0.0,500.0
ClientBrand,Affiliates,Affiliate Commission,Unclassified,EXCLUDING,CTC,2018-02-05,0.0,7304.92
ClientBrand,Affiliates,Agency Commission,Unclassified,EXCLUDING,CTC,2018-02-05,0.0,2006.4476
ClientBrand,Affiliates,Agency Tools,Unclassified,EXCLUDING,CTC,2018-02-05,0.0,62.499990000000004
ClientBrand,Affiliates,Network Override,Unclassified,EXCLUDING,CTC,2018-02-05,0.0,657.47
ClientBrand,Affiliates,Tenancy,Unclassified,EXCLUDING,CTC,2018-02-05,0.0,1500.0
ClientBrand,Affiliates,Affiliate Commission,Unclassified,EXCLUDING,CTC,2018-02-12,0.0,7092.19
ClientBrand,Affiliates,Agency Commission,Unclassified,EXCLUDING,CTC,2018-02-12,0.0,1961.0466
ClientBrand,Affiliates,Agency Tools,Unclassified,EXCLUDING,CTC,2018-02-12,0.0,62.499990000000004
ClientBrand,Affiliates,Network Override,Unclassified,EXCLUDING,CTC,2018-02-12,0.0,638.4
ClientBrand,Affiliates,Tenancy,Unclassified,EXCLUDING,CTC,2018-02-12,0.0,1500.0
ClientBrand,Affiliates,Affiliate Commission,Unclassified,EXCLUDING,CTC,2018-02-19,0.0,6770.57
ClientBrand,Affiliates,Agency Commission,Unclassified,EXCLUDING,CTC,2018-02-19,0.0,1918.3536
ClientBrand,Affiliates,Agency Tools,Unclassified,EXCLUDING,CTC,2018-02-19,0.0,62.499990000000004
ClientBrand,Affiliates,Network Override,Unclassified,EXCLUDING,CTC,2018-02-19,0.0,609.41
ClientBrand,Affiliates,Tenancy,Unclassified,EXCLUDING,CTC,2018-02-19,0.0,1500.0
ClientBrand,Affiliates,Affiliate Commission,Unclassified,EXCLUDING,CTC,2018-02-26,0.0,7141.049999999999
ClientBrand,Affiliates,Agency Commission,Unclassified,EXCLUDING,CTC,2018-02-26,0.0,1965.3272000000002
ClientBrand,Affiliates,Agency Tools,Unclassified,EXCLUDING,CTC,2018-02-26,0.0,59.043710000000004
ClientBrand,Affiliates,Network Override,Unclassified,EXCLUDING,CTC,2018-02-26,0.0,642.71
ClientBrand,Affiliates,Tenancy,Unclassified,EXCLUDING,CTC,2018-02-26,0.0,1500.0
ClientBrand,Affiliates,Affiliate Commission,Unclassified,EXCLUDING,CTC,2018-03-05,0.0,7394.41
ClientBrand,Affiliates,Agency Commission,Unclassified,EXCLUDING,CTC,2018-03-05,0.0,2067.7176
ClientBrand,Affiliates,Agency Tools,Unclassified,EXCLUDING,CTC,2018-03-05,0.0,56.45150000000001
ClientBrand,Affiliates,Network Override,Unclassified,EXCLUDING,CTC,2018-03-05,0.0,665.55
ClientBrand,Affiliates,Affiliate Commission,Unclassified,EXCLUDING,CTC,2018-03-12,0.0,6385.13
ClientBrand,Affiliates,Agency Commission,Unclassified,EXCLUDING,CTC,2018-03-12,0.0,1957.8123999999998
ClientBrand,Affiliates,Agency Tools,Unclassified,EXCLUDING,CTC,2018-03-12,0.0,56.45150000000001
ClientBrand,Affiliates,Network Override,Unclassified,EXCLUDING,CTC,2018-03-12,0.0,574.6099999999999
ClientBrand,Affiliates,Affiliate Commission,Unclassified,EXCLUDING,CTC,2018-03-19,0.0,6458.14
ClientBrand,Affiliates,Agency Commission,Unclassified,EXCLUDING,CTC,2018-03-19,0.0,2071.0768
ClientBrand,Affiliates,Agency Tools,Unclassified,EXCLUDING,CTC,2018-03-19,0.0,56.45150000000001
ClientBrand,Affiliates,Network Override,Unclassified,EXCLUDING,CTC,2018-03-19,0.0,581.28
ClientBrand,Affiliates,Affiliate Commission,Unclassified,EXCLUDING,CTC,2018-03-26,0.0,12463.000000000002
ClientBrand,Affiliates,Agency Commission,Unclassified,EXCLUDING,CTC,2018-03-26,0.0,3472.521
ClientBrand,Affiliates,Agency Tools,Unclassified,EXCLUDING,CTC,2018-03-26,0.0,56.71700000000001
ClientBrand,Affiliates,Network Override,Unclassified,EXCLUDING,CTC,2018-03-26,0.0,1121.6499999999999
ClientBrand,Affiliates,Affiliate Commission,Unclassified,EXCLUDING,CTC,2018-04-02,0.0,13902.36
ClientBrand,Affiliates,Agency Commission,Unclassified,EXCLUDING,CTC,2018-04-02,0.0,3649.1798
ClientBrand,Affiliates,Agency Tools,Unclassified,EXCLUDING,CTC,2018-04-02,0.0,58.309999999999995
ClientBrand,Affiliates,Network Override,Unclassified,EXCLUDING,CTC,2018-04-02,0.0,1251.29
ClientBrand,Affiliates,Tenancy,Unclassified,EXCLUDING,CTC,2018-04-02,0.0,42.980000000000004
ClientBrand,Affiliates,Affiliate Commission,Unclassified,EXCLUDING,CTC,2018-04-09,0.0,7392.400000000001
ClientBrand,Affiliates,Agency Commission,Unclassified,EXCLUDING,CTC,2018-04-09,0.0,2000.9458
ClientBrand,Affiliates,Agency Tools,Unclassified,EXCLUDING,CTC,2018-04-09,0.0,58.309999999999995
ClientBrand,Affiliates,Network Override,Unclassified,EXCLUDING,CTC,2018-04-09,0.0,665.3
ClientBrand,Affiliates,Tenancy,Unclassified,EXCLUDING,CTC,2018-04-09,0.0,42.980000000000004
ClientBrand,Affiliates,Affiliate Commission,Unclassified,EXCLUDING,CTC,2018-04-16,0.0,5791.62
ClientBrand,Affiliates,Agency Commission,Unclassified,EXCLUDING,CTC,2018-04-16,0.0,1634.5149999999999
ClientBrand,Affiliates,Agency Tools,Unclassified,EXCLUDING,CTC,2018-04-16,0.0,58.309999999999995
ClientBrand,Affiliates,Network Override,Unclassified,EXCLUDING,CTC,2018-04-16,0.0,521.26
ClientBrand,Affiliates,Tenancy,Unclassified,EXCLUDING,CTC,2018-04-16,0.0,42.980000000000004
ClientBrand,Affiliates,Affiliate Commission,Unclassified,EXCLUDING,CTC,2018-04-23,0.0,5667.85
ClientBrand,Affiliates,Agency Commission,Unclassified,EXCLUDING,CTC,2018-04-23,0.0,1604.484
ClientBrand,Affiliates,Agency Tools,Unclassified,EXCLUDING,CTC,2018-04-23,0.0,58.309999999999995
ClientBrand,Affiliates,Network Override,Unclassified,EXCLUDING,CTC,2018-04-23,0.0,510.09999999999997
ClientBrand,Affiliates,Tenancy,Unclassified,EXCLUDING,CTC,2018-04-23,0.0,42.980000000000004
ClientBrand,Affiliates,Affiliate Commission,Unclassified,EXCLUDING,CTC,2018-04-30,0.0,7923.28
ClientBrand,Affiliates,Agency Commission,Unclassified,EXCLUDING,CTC,2018-04-30,0.0,2265.9170000000004
ClientBrand,Affiliates,Agency Tools,Unclassified,EXCLUDING,CTC,2018-04-30,0.0,56.717000000000006
ClientBrand,Affiliates,Network Override,Unclassified,EXCLUDING,CTC,2018-04-30,0.0,713.15
ClientBrand,Affiliates,Tenancy,Unclassified,EXCLUDING,CTC,2018-04-30,0.0,42.980000000000004
ClientBrand,Affiliates,Affiliate Commission,Unclassified,EXCLUDING,CTC,2018-05-07,0.0,5260.99
ClientBrand,Affiliates,Agency Commission,Unclassified,EXCLUDING,CTC,2018-05-07,0.0,1663.1370000000002
ClientBrand,Affiliates,Agency Tools,Unclassified,EXCLUDING,CTC,2018-05-07,0.0,56.45150000000001
ClientBrand,Affiliates,Network Override,Unclassified,EXCLUDING,CTC,2018-05-07,0.0,473.6
ClientBrand,Affiliates,Tenancy,Unclassified,EXCLUDING,CTC,2018-05-07,0.0,1350.0
ClientBrand,Affiliates,Affiliate Commission,Unclassified,EXCLUDING,CTC,2018-05-14,0.0,5357.24
ClientBrand,Affiliates,Agency Commission,Unclassified,EXCLUDING,CTC,2018-05-14,0.0,1544.7300000000002
ClientBrand,Affiliates,Agency Tools,Unclassified,EXCLUDING,CTC,2018-05-14,0.0,56.45150000000001
ClientBrand,Affiliates,Network Override,Unclassified,EXCLUDING,CTC,2018-05-14,0.0,482.17
ClientBrand,Affiliates,Tenancy,Unclassified,EXCLUDING,CTC,2018-05-14,0.0,1350.0
ClientBrand,Affiliates,Affiliate Commission,Unclassified,EXCLUDING,CTC,2018-05-21,0.0,17146.739999999998
ClientBrand,Affiliates,Agency Commission,Unclassified,EXCLUDING,CTC,2018-05-21,0.0,2409.94
ClientBrand,Affiliates,Agency Tools,Unclassified,EXCLUDING,CTC,2018-05-21,0.0,56.45150000000001
ClientBrand,Affiliates,Network Override,Unclassified,EXCLUDING,CTC,2018-05-21,0.0,1543.3100000000002
ClientBrand,Affiliates,Tenancy,Unclassified,EXCLUDING,CTC,2018-05-21,0.0,1350.0
ClientBrand,Affiliates,Affiliate Commission,Unclassified,EXCLUDING,CTC,2018-05-28,0.0,9197.61
ClientBrand,Affiliates,Agency Commission,Unclassified,EXCLUDING,CTC,2018-05-28,0.0,2525.5166
ClientBrand,Affiliates,Agency Tools,Unclassified,EXCLUDING,CTC,2018-05-28,0.0,57.24800000000001
ClientBrand,Affiliates,Network Override,Unclassified,EXCLUDING,CTC,2018-05-28,0.0,827.88
ClientBrand,Affiliates,Tenancy,Unclassified,EXCLUDING,CTC,2018-05-28,0.0,1350.0
ClientBrand,Affiliates,Affiliate Commission,Unclassified,EXCLUDING,CTC,2018-06-04,0.0,7031.32
ClientBrand,Affiliates,Agency Commission,Unclassified,EXCLUDING,CTC,2018-06-04,0.0,2056.4896
ClientBrand,Affiliates,Agency Tools,Unclassified,EXCLUDING,CTC,2018-06-04,0.0,58.309999999999995
ClientBrand,Affiliates,Network Override,Unclassified,EXCLUDING,CTC,2018-06-04,0.0,632.84
ClientBrand,Affiliates,Tenancy,Unclassified,EXCLUDING,CTC,2018-06-04,0.0,6.21
ClientBrand,Affiliates,Affiliate Commission,Unclassified,EXCLUDING,CTC,2018-06-11,0.0,5307.299999999999
ClientBrand,Affiliates,Agency Commission,Unclassified,EXCLUDING,CTC,2018-06-11,0.0,1742.9672
ClientBrand,Affiliates,Agency Tools,Unclassified,EXCLUDING,CTC,2018-06-11,0.0,58.309999999999995
ClientBrand,Affiliates,Network Override,Unclassified,EXCLUDING,CTC,2018-06-11,0.0,477.72
ClientBrand,Affiliates,Tenancy,Unclassified,EXCLUDING,CTC,2018-06-11,0.0,6.21
ClientBrand,Affiliates,Affiliate Commission,Unclassified,EXCLUDING,CTC,2018-06-18,0.0,5785.139999999999
ClientBrand,Affiliates,Agency Commission,Unclassified,EXCLUDING,CTC,2018-06-18,0.0,1719.8278
ClientBrand,Affiliates,Agency Tools,Unclassified,EXCLUDING,CTC,2018-06-18,0.0,58.309999999999995
ClientBrand,Affiliates,Network Override,Unclassified,EXCLUDING,CTC,2018-06-18,0.0,520.76
ClientBrand,Affiliates,Tenancy,Unclassified,EXCLUDING,CTC,2018-06-18,0.0,6.21
ClientBrand,Affiliates,Affiliate Commission,Unclassified,EXCLUDING,CTC,2018-06-25,0.0,5989.860000000001
ClientBrand,Affiliates,Agency Commission,Unclassified,EXCLUDING,CTC,2018-06-25,0.0,1964.9804
ClientBrand,Affiliates,Agency Tools,Unclassified,EXCLUDING,CTC,2018-06-25,0.0,58.04449999999999
ClientBrand,Affiliates,Network Override,Unclassified,EXCLUDING,CTC,2018-06-25,0.0,539.25
ClientBrand,Affiliates,Tenancy,Unclassified,EXCLUDING,CTC,2018-06-25,0.0,6.21
ClientBrand,Affiliates,Affiliate Commission,Unclassified,EXCLUDING,CTC,2018-07-02,0.0,5184.49
ClientBrand,Affiliates,Agency Commission,Unclassified,EXCLUDING,CTC,2018-07-02,0.0,1616.1348
ClientBrand,Affiliates,Agency Tools,Unclassified,EXCLUDING,CTC,2018-07-02,0.0,56.45150000000001
ClientBrand,Affiliates,Network Override,Unclassified,EXCLUDING,CTC,2018-07-02,0.0,466.73
ClientBrand,Affiliates,Tenancy,Unclassified,EXCLUDING,CTC,2018-07-02,0.0,1075.304
ClientBrand,Affiliates,Affiliate Commission,Unclassified,EXCLUDING,CTC,2018-07-09,0.0,5541.27
ClientBrand,Affiliates,Agency Commission,Unclassified,EXCLUDING,CTC,2018-07-09,0.0,2004.1246
ClientBrand,Affiliates,Agency Tools,Unclassified,EXCLUDING,CTC,2018-07-09,0.0,56.45150000000001
ClientBrand,Affiliates,Network Override,Unclassified,EXCLUDING,CTC,2018-07-09,0.0,498.82
ClientBrand,Affiliates,Tenancy,Unclassified,EXCLUDING,CTC,2018-07-09,0.0,1075.304
ClientBrand,Affiliates,Affiliate Commission,Unclassified,EXCLUDING,CTC,2018-07-16,0.0,6593.92
ClientBrand,Affiliates,Agency Commission,Unclassified,EXCLUDING,CTC,2018-07-16,0.0,2102.8154000000004
ClientBrand,Affiliates,Agency Tools,Unclassified,EXCLUDING,CTC,2018-07-16,0.0,56.45150000000001
ClientBrand,Affiliates,Network Override,Unclassified,EXCLUDING,CTC,2018-07-16,0.0,593.64
ClientBrand,Affiliates,Tenancy,Unclassified,EXCLUDING,CTC,2018-07-16,0.0,1075.304
ClientBrand,Affiliates,Affiliate Commission,Unclassified,EXCLUDING,CTC,2018-07-23,0.0,7741.880000000001
ClientBrand,Affiliates,Agency Commission,Unclassified,EXCLUDING,CTC,2018-07-23,0.0,2520.9722
ClientBrand,Affiliates,Agency Tools,Unclassified,EXCLUDING,CTC,2018-07-23,0.0,56.45150000000001
ClientBrand,Affiliates,Network Override,Unclassified,EXCLUDING,CTC,2018-07-23,0.0,696.9000000000001
ClientBrand,Affiliates,Tenancy,Unclassified,EXCLUDING,CTC,2018-07-23,0.0,1075.304
ClientBrand,Affiliates,Affiliate Commission,Unclassified,EXCLUDING,CTC,2018-07-30,0.0,5677.88
ClientBrand,Affiliates,Agency Commission,Unclassified,EXCLUDING,CTC,2018-07-30,0.0,1987.1791999999998
ClientBrand,Affiliates,Agency Tools,Unclassified,EXCLUDING,CTC,2018-07-30,0.0,56.45150000000001
ClientBrand,Affiliates,Network Override,Unclassified,EXCLUDING,CTC,2018-07-30,0.0,511.0899999999999
ClientBrand,Affiliates,Tenancy,Unclassified,EXCLUDING,CTC,2018-07-30,0.0,1075.304
ClientBrand,Affiliates,Affiliate Commission,Unclassified,EXCLUDING,CTC,2018-08-06,0.0,5706.63
ClientBrand,Affiliates,Agency Commission,Unclassified,EXCLUDING,CTC,2018-08-06,0.0,1897.607
ClientBrand,Affiliates,Agency Tools,Unclassified,EXCLUDING,CTC,2018-08-06,0.0,56.45150000000001
ClientBrand,Affiliates,Network Override,Unclassified,EXCLUDING,CTC,2018-08-06,0.0,513.81
ClientBrand,Affiliates,Tenancy,Unclassified,EXCLUDING,CTC,2018-08-06,0.0,660.4300000000001
ClientBrand,Affiliates,Affiliate Commission,Unclassified,EXCLUDING,CTC,2018-08-13,0.0,6363.900000000001
ClientBrand,Affiliates,Agency Commission,Unclassified,EXCLUDING,CTC,2018-08-13,0.0,2118.674
ClientBrand,Affiliates,Agency Tools,Unclassified,EXCLUDING,CTC,2018-08-13,0.0,56.45150000000001
ClientBrand,Affiliates,Network Override,Unclassified,EXCLUDING,CTC,2018-08-13,0.0,572.86
ClientBrand,Affiliates,Tenancy,Unclassified,EXCLUDING,CTC,2018-08-13,0.0,660.4300000000001
ClientBrand,Affiliates,Affiliate Commission,Unclassified,EXCLUDING,CTC,2018-08-20,0.0,8996.59
ClientBrand,Affiliates,Agency Commission,Unclassified,EXCLUDING,CTC,2018-08-20,0.0,2962.6818
ClientBrand,Affiliates,Agency Tools,Unclassified,EXCLUDING,CTC,2018-08-20,0.0,56.45150000000001
ClientBrand,Affiliates,Network Override,Unclassified,EXCLUDING,CTC,2018-08-20,0.0,809.9500000000002
ClientBrand,Affiliates,Tenancy,Unclassified,EXCLUDING,CTC,2018-08-20,0.0,660.4300000000001
ClientBrand,Affiliates,Affiliate Commission,Unclassified,EXCLUDING,CTC,2018-08-27,0.0,8958.02
ClientBrand,Affiliates,Agency Commission,Unclassified,EXCLUDING,CTC,2018-08-27,0.0,2980.6112
ClientBrand,Affiliates,Agency Tools,Unclassified,EXCLUDING,CTC,2018-08-27,0.0,56.98250000000001
ClientBrand,Affiliates,Network Override,Unclassified,EXCLUDING,CTC,2018-08-27,0.0,806.37
ClientBrand,Affiliates,Tenancy,Unclassified,EXCLUDING,CTC,2018-08-27,0.0,660.4300000000001
ClientBrand,Affiliates,Affiliate Commission,Unclassified,EXCLUDING,CTC,2018-09-03,0.0,4398.05
ClientBrand,Affiliates,Agency Commission,Unclassified,EXCLUDING,CTC,2018-09-03,0.0,1568.2628000000002
ClientBrand,Affiliates,Agency Tools,Unclassified,EXCLUDING,CTC,2018-09-03,0.0,58.309999999999995
ClientBrand,Affiliates,Network Override,Unclassified,EXCLUDING,CTC,2018-09-03,0.0,395.88000000000005
ClientBrand,Affiliates,Tenancy,Unclassified,EXCLUDING,CTC,2018-09-03,0.0,52.019999999999996
ClientBrand,Affiliates,Affiliate Commission,Unclassified,EXCLUDING,CTC,2018-09-10,0.0,6018.8099999999995
ClientBrand,Affiliates,Agency Commission,Unclassified,EXCLUDING,CTC,2018-09-10,0.0,2093.9076
ClientBrand,Affiliates,Agency Tools,Unclassified,EXCLUDING,CTC,2018-09-10,0.0,58.309999999999995
ClientBrand,Affiliates,Network Override,Unclassified,EXCLUDING,CTC,2018-09-10,0.0,541.7700000000001
ClientBrand,Affiliates,Tenancy,Unclassified,EXCLUDING,CTC,2018-09-10,0.0,52.019999999999996
ClientBrand,Affiliates,Affiliate Commission,Unclassified,EXCLUDING,CTC,2018-09-17,0.0,6540.25
ClientBrand,Affiliates,Agency Commission,Unclassified,EXCLUDING,CTC,2018-09-17,0.0,2396.2079999999996
ClientBrand,Affiliates,Agency Tools,Unclassified,EXCLUDING,CTC,2018-09-17,0.0,58.309999999999995
ClientBrand,Affiliates,Network Override,Unclassified,EXCLUDING,CTC,2018-09-17,0.0,588.9300000000001
ClientBrand,Affiliates,Tenancy,Unclassified,EXCLUDING,CTC,2018-09-17,0.0,52.019999999999996
ClientBrand,Affiliates,Affiliate Commission,Unclassified,EXCLUDING,CTC,2018-09-24,0.0,5932.829999999999
ClientBrand,Affiliates,Agency Commission,Unclassified,EXCLUDING,CTC,2018-09-24,0.0,2131.064
ClientBrand,Affiliates,Agency Tools,Unclassified,EXCLUDING,CTC,2018-09-24,0.0,58.309999999999995
ClientBrand,Affiliates,Network Override,Unclassified,EXCLUDING,CTC,2018-09-24,0.0,534.15
ClientBrand,Affiliates,Tenancy,Unclassified,EXCLUDING,CTC,2018-09-24,0.0,52.019999999999996
ClientBrand,Affiliates,Affiliate Commission,Unclassified,EXCLUDING,CTC,2018-10-01,0.0,5847.8099999999995
ClientBrand,Affiliates,Agency Commission,Unclassified,EXCLUDING,CTC,2018-10-01,0.0,2143.4510000000005
ClientBrand,Affiliates,Agency Tools,Unclassified,EXCLUDING,CTC,2018-10-01,0.0,56.45150000000001
ClientBrand,Affiliates,Network Override,Unclassified,EXCLUDING,CTC,2018-10-01,0.0,526.4599999999999
ClientBrand,Affiliates,Tenancy,Unclassified,EXCLUDING,CTC,2018-10-01,0.0,335.396
ClientBrand,Affiliates,Affiliate Commission,Unclassified,EXCLUDING,CTC,2018-10-08,0.0,6635.81
ClientBrand,Affiliates,Agency Commission,Unclassified,EXCLUDING,CTC,2018-10-08,0.0,2474.3201999999997
ClientBrand,Affiliates,Agency Tools,Unclassified,EXCLUDING,CTC,2018-10-08,0.0,56.45150000000001
ClientBrand,Affiliates,Network Override,Unclassified,EXCLUDING,CTC,2018-10-08,0.0,597.46
ClientBrand,Affiliates,Tenancy,Unclassified,EXCLUDING,CTC,2018-10-08,0.0,335.396
ClientBrand,Affiliates,Affiliate Commission,Unclassified,EXCLUDING,CTC,2018-10-15,0.0,6203.57
ClientBrand,Affiliates,Agency Commission,Unclassified,EXCLUDING,CTC,2018-10-15,0.0,2232.917
ClientBrand,Affiliates,Agency Tools,Unclassified,EXCLUDING,CTC,2018-10-15,0.0,56.45150000000001
ClientBrand,Affiliates,Network Override,Unclassified,EXCLUDING,CTC,2018-10-15,0.0,558.47
ClientBrand,Affiliates,Tenancy,Unclassified,EXCLUDING,CTC,2018-10-15,0.0,335.396
ClientBrand,Affiliates,Affiliate Commission,Unclassified,EXCLUDING,CTC,2018-10-22,0.0,9052.9
ClientBrand,Affiliates,Agency Commission,Unclassified,EXCLUDING,CTC,2018-10-22,0.0,3189.5728
ClientBrand,Affiliates,Agency Tools,Unclassified,EXCLUDING,CTC,2018-10-22,0.0,56.45150000000001
ClientBrand,Affiliates,Network Override,Unclassified,EXCLUDING,CTC,2018-10-22,0.0,815.0999999999999
ClientBrand,Affiliates,Tenancy,Unclassified,EXCLUDING,CTC,2018-10-22,0.0,335.396
ClientBrand,Affiliates,Affiliate Commission,Unclassified,EXCLUDING,CTC,2018-10-29,0.0,10103.64
ClientBrand,Affiliates,Agency Commission,Unclassified,EXCLUDING,CTC,2018-10-29,0.0,3524.1872000000003
ClientBrand,Affiliates,Agency Tools,Unclassified,EXCLUDING,CTC,2018-10-29,0.0,57.51350000000001
ClientBrand,Affiliates,Network Override,Unclassified,EXCLUDING,CTC,2018-10-29,0.0,909.52
ClientBrand,Affiliates,Tenancy,Unclassified,EXCLUDING,CTC,2018-10-29,0.0,335.396
ClientBrand,Affiliates,Affiliate Commission,Unclassified,EXCLUDING,CTC,2018-11-05,0.0,6427.090000000001
ClientBrand,Affiliates,Agency Commission,Unclassified,EXCLUDING,CTC,2018-11-05,0.0,2280.6318
ClientBrand,Affiliates,Agency Tools,Unclassified,EXCLUDING,CTC,2018-11-05,0.0,58.309999999999995
ClientBrand,Affiliates,Network Override,Unclassified,EXCLUDING,CTC,2018-11-05,0.0,578.61
ClientBrand,Affiliates,Tenancy,Unclassified,EXCLUDING,CTC,2018-11-05,0.0,1200.0
ClientBrand,Affiliates,Affiliate Commission,Unclassified,EXCLUDING,CTC,2018-11-12,0.0,6798.66
ClientBrand,Affiliates,Agency Commission,Unclassified,EXCLUDING,CTC,2018-11-12,0.0,2308.1108
ClientBrand,Affiliates,Agency Tools,Unclassified,EXCLUDING,CTC,2018-11-12,0.0,58.309999999999995
ClientBrand,Affiliates,Network Override,Unclassified,EXCLUDING,CTC,2018-11-12,0.0,611.89
ClientBrand,Affiliates,Tenancy,Unclassified,EXCLUDING,CTC,2018-11-12,0.0,1200.0
ClientBrand,Affiliates,Affiliate Commission,Unclassified,EXCLUDING,CTC,2018-11-19,0.0,20123.33
ClientBrand,Affiliates,Agency Commission,Unclassified,EXCLUDING,CTC,2018-11-19,0.0,6755.415400000001
ClientBrand,Affiliates,Agency Tools,Unclassified,EXCLUDING,CTC,2018-11-19,0.0,58.309999999999995
ClientBrand,Affiliates,Network Override,Unclassified,EXCLUDING,CTC,2018-11-19,0.0,1811.15
ClientBrand,Affiliates,Tenancy,Unclassified,EXCLUDING,CTC,2018-11-19,0.0,1200.0
ClientBrand,Affiliates,Affiliate Commission,Unclassified,EXCLUDING,CTC,2018-11-26,0.0,12748.560000000001
ClientBrand,Affiliates,Agency Commission,Unclassified,EXCLUDING,CTC,2018-11-26,0.0,4269.4186
ClientBrand,Affiliates,Agency Tools,Unclassified,EXCLUDING,CTC,2018-11-26,0.0,57.778999999999996
ClientBrand,Affiliates,Network Override,Unclassified,EXCLUDING,CTC,2018-11-26,0.0,1147.43
ClientBrand,Affiliates,Tenancy,Unclassified,EXCLUDING,CTC,2018-11-26,0.0,1200.0
ClientBrand,Affiliates,Affiliate Commission,Unclassified,EXCLUDING,CTC,2018-12-03,0.0,7966.500000000001
ClientBrand,Affiliates,Agency Commission,Unclassified,EXCLUDING,CTC,2018-12-03,0.0,2565.0176
ClientBrand,Affiliates,Agency Tools,Unclassified,EXCLUDING,CTC,2018-12-03,0.0,56.45150000000001
ClientBrand,Affiliates,Network Override,Unclassified,EXCLUDING,CTC,2018-12-03,0.0,717.0099999999999
ClientBrand,Affiliates,Tenancy,Unclassified,EXCLUDING,CTC,2018-12-03,0.0,400.0
ClientBrand,Affiliates,Affiliate Commission,Unclassified,EXCLUDING,CTC,2018-12-10,0.0,5176.3
ClientBrand,Affiliates,Agency Commission,Unclassified,EXCLUDING,CTC,2018-12-10,0.0,1727.9848
ClientBrand,Affiliates,Agency Tools,Unclassified,EXCLUDING,CTC,2018-12-10,0.0,56.45150000000001
ClientBrand,Affiliates,Network Override,Unclassified,EXCLUDING,CTC,2018-12-10,0.0,465.88
ClientBrand,Affiliates,Tenancy,Unclassified,EXCLUDING,CTC,2018-12-10,0.0,400.0
ClientBrand,Affiliates,Affiliate Commission,Unclassified,EXCLUDING,CTC,2018-12-17,0.0,6039.7300000000005
ClientBrand,Affiliates,Agency Commission,Unclassified,EXCLUDING,CTC,2018-12-17,0.0,2113.1732
ClientBrand,Affiliates,Agency Tools,Unclassified,EXCLUDING,CTC,2018-12-17,0.0,56.45150000000001
ClientBrand,Affiliates,Network Override,Unclassified,EXCLUDING,CTC,2018-12-17,0.0,543.63
ClientBrand,Affiliates,Tenancy,Unclassified,EXCLUDING,CTC,2018-12-17,0.0,400.0
ClientBrand,Affiliates,Affiliate Commission,Unclassified,EXCLUDING,CTC,2018-12-24,0.0,52471.13
ClientBrand,Affiliates,Agency Commission,Unclassified,EXCLUDING,CTC,2018-12-24,0.0,16208.9396
ClientBrand,Affiliates,Agency Tools,Unclassified,EXCLUDING,CTC,2018-12-24,0.0,56.45150000000001
ClientBrand,Affiliates,Network Override,Unclassified,EXCLUDING,CTC,2018-12-24,0.0,4722.82
ClientBrand,Affiliates,Tenancy,Unclassified,EXCLUDING,CTC,2018-12-24,0.0,400.0
ClientBrand,Affiliates,Affiliate Commission,Unclassified,EXCLUDING,CTC,2018-12-31,0.0,14664.92785
ClientBrand,Affiliates,Agency Commission,Unclassified,EXCLUDING,CTC,2018-12-31,0.0,4639.6993999999995
ClientBrand,Affiliates,Agency Tools,Unclassified,EXCLUDING,CTC,2018-12-31,0.0,48.387096774193544
ClientBrand,Affiliates,Manual TX TD Income,Unclassified,EXCLUDING,CTC,2018-12-31,0.0,80.0
ClientBrand,Affiliates,Network Override,Unclassified,EXCLUDING,CTC,2018-12-31,0.0,1319.8444599999998
ClientBrand,Affiliates,Tenancy,Unclassified,EXCLUDING,CTC,2018-12-31,0.0,1034.2049541505812
ClientBrand,Affiliates,Affiliate Commission,Unclassified,EXCLUDING,CTC,2019-01-07,0.0,12072.293250000002
ClientBrand,Affiliates,Agency Commission,Unclassified,EXCLUDING,CTC,2019-01-07,0.0,3876.6448
ClientBrand,Affiliates,Agency Tools,Unclassified,EXCLUDING,CTC,2019-01-07,0.0,56.4516129032258
ClientBrand,Affiliates,Network Override,Unclassified,EXCLUDING,CTC,2019-01-07,0.0,1086.5072799999998
ClientBrand,Affiliates,Tenancy,Unclassified,EXCLUDING,CTC,2019-01-07,0.0,864.1174593427518
ClientBrand,Affiliates,Affiliate Commission,Unclassified,EXCLUDING,CTC,2019-01-14,0.0,9097.75495
ClientBrand,Affiliates,Agency Commission,Unclassified,EXCLUDING,CTC,2019-01-14,0.0,3147.2889999999998
ClientBrand,Affiliates,Agency Tools,Unclassified,EXCLUDING,CTC,2019-01-14,0.0,56.4516129032258
ClientBrand,Affiliates,Network Override,Unclassified,EXCLUDING,CTC,2019-01-14,0.0,818.7989299999999
ClientBrand,Affiliates,Tenancy,Unclassified,EXCLUDING,CTC,2019-01-14,0.0,701.5415429593625
ClientBrand,Affiliates,Affiliate Commission,Unclassified,EXCLUDING,CTC,2019-01-21,0.0,11433.5099
ClientBrand,Affiliates,Agency Commission,Unclassified,EXCLUDING,CTC,2019-01-21,0.0,3831.7125999999994
ClientBrand,Affiliates,Agency Tools,Unclassified,EXCLUDING,CTC,2019-01-21,0.0,56.4516129032258
ClientBrand,Affiliates,Network Override,Unclassified,EXCLUDING,CTC,2019-01-21,0.0,1029.01687
ClientBrand,Affiliates,Tenancy,Unclassified,EXCLUDING,CTC,2019-01-21,0.0,854.1019174218923
ClientBrand,Affiliates,Affiliate Commission,Unclassified,EXCLUDING,CTC,2019-01-28,0.0,9067.78805
ClientBrand,Affiliates,Agency Commission,Unclassified,EXCLUDING,CTC,2019-01-28,0.0,2971.2578000000003
ClientBrand,Affiliates,Agency Tools,Unclassified,EXCLUDING,CTC,2019-01-28,0.0,56.4516129032258
ClientBrand,Affiliates,Network Override,Unclassified,EXCLUDING,CTC,2019-01-28,0.0,816.10159
ClientBrand,Affiliates,Tenancy,Unclassified,EXCLUDING,CTC,2019-01-28,0.0,662.3035830335382
ClientBrand,Affiliates,Affiliate Commission,Unclassified,EXCLUDING,CTC,2019-02-04,0.0,7726.6884500000015
ClientBrand,Affiliates,Agency Commission,Unclassified,EXCLUDING,CTC,2019-02-04,0.0,2780.969
ClientBrand,Affiliates,Agency Tools,Unclassified,EXCLUDING,CTC,2019-02-04,0.0,56.4516129032258
ClientBrand,Affiliates,Network Override,Unclassified,EXCLUDING,CTC,2019-02-04,0.0,695.40272
ClientBrand,Affiliates,Tenancy,Unclassified,EXCLUDING,CTC,2019-02-04,0.0,619.887555029791
ClientBrand,Affiliates,Affiliate Commission,Unclassified,EXCLUDING,CTC,2019-02-11,0.0,7820.023100000001
ClientBrand,Affiliates,Agency Commission,Unclassified,EXCLUDING,CTC,2019-02-11,0.0,2774.5244
ClientBrand,Affiliates,Agency Tools,Unclassified,EXCLUDING,CTC,2019-02-11,0.0,56.4516129032258
ClientBrand,Affiliates,Network Override,Unclassified,EXCLUDING,CTC,2019-02-11,0.0,703.80312
ClientBrand,Affiliates,Tenancy,Unclassified,EXCLUDING,CTC,2019-02-11,0.0,618.4510315240831
ClientBrand,Affiliates,Affiliate Commission,Unclassified,EXCLUDING,CTC,2019-02-18,0.0,6914.7050500000005
ClientBrand,Affiliates,Agency Commission,Unclassified,EXCLUDING,CTC,2019-02-18,0.0,2516.9612
ClientBrand,Affiliates,Agency Tools,Unclassified,EXCLUDING,CTC,2019-02-18,0.0,56.4516129032258
ClientBrand,Affiliates,Network Override,Unclassified,EXCLUDING,CTC,2019-02-18,0.0,622.3241700000001
ClientBrand,Affiliates,Tenancy,Unclassified,EXCLUDING,CTC,2019-02-18,0.0,561.0393083751918
ClientBrand,Affiliates,Affiliate Commission,Unclassified,EXCLUDING,CTC,2019-02-25,0.0,5482.341560000001
ClientBrand,Affiliates,Agency Commission,Unclassified,EXCLUDING,CTC,2019-02-25,0.0,2647.0005648000006
ClientBrand,Affiliates,Agency Tools,Unclassified,EXCLUDING,CTC,2019-02-25,0.0,56.4516129032258
ClientBrand,Affiliates,Network Override,Unclassified,EXCLUDING,CTC,2019-02-25,0.0,493.41103999999996
ClientBrand,Affiliates,Tenancy,Unclassified,EXCLUDING,CTC,2019-02-25,0.0,590.0255300495431
ClientBrand,Affiliates,Affiliate Commission,Unclassified,EXCLUDING,CTC,2019-03-04,0.0,5817.28027
ClientBrand,Affiliates,Agency Commission,Unclassified,EXCLUDING,CTC,2019-03-04,0.0,2129.6654678000004
ClientBrand,Affiliates,Agency Tools,Unclassified,EXCLUDING,CTC,2019-03-04,0.0,56.4516129032258
ClientBrand,Affiliates,Network Override,Unclassified,EXCLUDING,CTC,2019-03-04,0.0,523.5552200000002
ClientBrand,Affiliates,Tenancy,Unclassified,EXCLUDING,CTC,2019-03-04,0.0,474.70975759381645
ClientBrand,Affiliates,Affiliate Commission,Unclassified,EXCLUDING,CTC,2019-03-11,0.0,3942.5481099999997
ClientBrand,Affiliates,Agency Commission,Unclassified,EXCLUDING,CTC,2019-03-11,0.0,1807.1879367999995
ClientBrand,Affiliates,Agency Tools,Unclassified,EXCLUDING,CTC,2019-03-11,0.0,56.4516129032258
ClientBrand,Affiliates,Network Override,Unclassified,EXCLUDING,CTC,2019-03-11,0.0,354.82934
ClientBrand,Affiliates,Tenancy,Unclassified,EXCLUDING,CTC,2019-03-11,0.0,402.8284067971575
ClientBrand,Affiliates,Affiliate Commission,Unclassified,EXCLUDING,CTC,2019-03-18,0.0,4822.41625
ClientBrand,Affiliates,Agency Commission,Unclassified,EXCLUDING,CTC,2019-03-18,0.0,2210.312196
ClientBrand,Affiliates,Agency Tools,Unclassified,EXCLUDING,CTC,2019-03-18,0.0,56.4516129032258
ClientBrand,Affiliates,Network Override,Unclassified,EXCLUDING,CTC,2019-03-18,0.0,434.01742
ClientBrand,Affiliates,Tenancy,Unclassified,EXCLUDING,CTC,2019-03-18,0.0,492.68619068783863
ClientBrand,Affiliates,Affiliate Commission,Unclassified,EXCLUDING,CTC,2019-03-25,0.0,5500.53494
ClientBrand,Affiliates,Agency Commission,Unclassified,EXCLUDING,CTC,2019-03-25,0.0,2290.5335664
ClientBrand,Affiliates,Agency Tools,Unclassified,EXCLUDING,CTC,2019-03-25,0.0,56.4516129032258
ClientBrand,Affiliates,Network Override,Unclassified,EXCLUDING,CTC,2019-03-25,0.0,495.04823000000005
ClientBrand,Affiliates,Tenancy,Unclassified,EXCLUDING,CTC,2019-03-25,0.0,510.56781006525534
ClientBrand,Affiliates,Affiliate Commission,Unclassified,EXCLUDING,CTC,2019-04-01,0.0,6359.648609999999
ClientBrand,Affiliates,Agency Commission,Unclassified,EXCLUDING,CTC,2019-04-01,0.0,2339.6393646
ClientBrand,Affiliates,Agency Tools,Unclassified,EXCLUDING,CTC,2019-04-01,0.0,56.4516129032258
ClientBrand,Affiliates,Network Override,Unclassified,EXCLUDING,CTC,2019-04-01,0.0,572.36847
ClientBrand,Affiliates,Tenancy,Unclassified,EXCLUDING,CTC,2019-04-01,0.0,521.5136613796657
ClientBrand,Affiliates,Affiliate Commission,Unclassified,EXCLUDING,CTC,2019-04-08,0.0,6509.50044
ClientBrand,Affiliates,Agency Commission,Unclassified,EXCLUDING,CTC,2019-04-08,0.0,2391.966536
ClientBrand,Affiliates,Agency Tools,Unclassified,EXCLUDING,CTC,2019-04-08,0.0,56.4516129032258
ClientBrand,Affiliates,Network Override,Unclassified,EXCLUDING,CTC,2019-04-08,0.0,585.8551500000001
ClientBrand,Affiliates,Tenancy,Unclassified,EXCLUDING,CTC,2019-04-08,0.0,533.1775678600224
ClientBrand,Affiliates,Affiliate Commission,Unclassified,EXCLUDING,CTC,2019-04-15,0.0,9839.345689999998
ClientBrand,Affiliates,Agency Commission,Unclassified,EXCLUDING,CTC,2019-04-15,0.0,3559.5905646
ClientBrand,Affiliates,Agency Tools,Unclassified,EXCLUDING,CTC,2019-04-15,0.0,56.4516129032258
ClientBrand,Affiliates,Network Override,Unclassified,EXCLUDING,CTC,2019-04-15,0.0,885.5412299999999
ClientBrand,Affiliates,Tenancy,Unclassified,EXCLUDING,CTC,2019-04-15,0.0,793.4449797883425
ClientBrand,Affiliates,Affiliate Commission,Unclassified,EXCLUDING,CTC,2019-04-22,0.0,10803.45612
ClientBrand,Affiliates,Agency Commission,Unclassified,EXCLUDING,CTC,2019-04-22,0.0,3967.6560154000003
ClientBrand,Affiliates,Agency Tools,Unclassified,EXCLUDING,CTC,2019-04-22,0.0,56.4516129032258
ClientBrand,Affiliates,Network Override,Unclassified,EXCLUDING,CTC,2019-04-22,0.0,972.31115
ClientBrand,Affiliates,Tenancy,Unclassified,EXCLUDING,CTC,2019-04-22,0.0,884.4041722815138
ClientBrand,Affiliates,Affiliate Commission,Unclassified,EXCLUDING,CTC,2019-04-29,0.0,4755.564109999999
ClientBrand,Affiliates,Agency Commission,Unclassified,EXCLUDING,CTC,2019-04-29,0.0,634.5758992
ClientBrand,Affiliates,Agency Tools,Unclassified,EXCLUDING,CTC,2019-04-29,0.0,16.129032258064516
ClientBrand,Affiliates,Network Override,Unclassified,EXCLUDING,CTC,2019-04-29,0.0,428.00115000000005
ClientBrand,Affiliates,Tenancy,Unclassified,EXCLUDING,CTC,2019-04-29,0.0,392.19166919014395
ClientBrand,Affiliates,Affiliate Commission,Unclassified,EXCLUDING,CTC,2019-05-06,0.0,5058.00515
ClientBrand,Affiliates,Network Override,Unclassified,EXCLUDING,CTC,2019-05-06,0.0,455.22102000000007
ClientBrand,Affiliates,Tenancy,Unclassified,EXCLUDING,CTC,2019-05-06,0.0,423.3515417785562
ClientBrand,Affiliates,Affiliate Commission,Unclassified,EXCLUDING,CTC,2019-05-13,0.0,5138.2479
ClientBrand,Affiliates,Network Override,Unclassified,EXCLUDING,CTC,2019-05-13,0.0,462.44266
ClientBrand,Affiliates,Tenancy,Unclassified,EXCLUDING,CTC,2019-05-13,0.0,424.1447213774004
ClientBrand,Affiliates,Affiliate Commission,Unclassified,EXCLUDING,CTC,2019-05-20,0.0,5938.860960000001
ClientBrand,Affiliates,Network Override,Unclassified,EXCLUDING,CTC,2019-05-20,0.0,534.49796
ClientBrand,Affiliates,Tenancy,Unclassified,EXCLUDING,CTC,2019-05-20,0.0,477.0840207563253
ClientBrand,Affiliates,Affiliate Commission,Unclassified,EXCLUDING,CTC,2019-05-27,0.0,7065.23002
ClientBrand,Affiliates,Network Override,Unclassified,EXCLUDING,CTC,2019-05-27,0.0,635.8713200000001
ClientBrand,Affiliates,Tenancy,Unclassified,EXCLUDING,CTC,2019-05-27,0.0,562.4032545210234
ClientBrand,Affiliates,Affiliate Commission,Unclassified,EXCLUDING,CTC,2019-06-03,0.0,6503.273050000001
ClientBrand,Affiliates,Network Override,Unclassified,EXCLUDING,CTC,2019-06-03,0.0,585.29513
ClientBrand,Affiliates,Tenancy,Unclassified,EXCLUDING,CTC,2019-06-03,0.0,526.5326522738799
ClientBrand,Affiliates,Affiliate Commission,Unclassified,EXCLUDING,CTC,2019-06-10,0.0,6539.49745
ClientBrand,Affiliates,Network Override,Unclassified,EXCLUDING,CTC,2019-06-10,0.0,588.55521
ClientBrand,Affiliates,Tenancy,Unclassified,EXCLUDING,CTC,2019-06-10,0.0,510.37808214717376
ClientBrand,Affiliates,Affiliate Commission,Unclassified,EXCLUDING,CTC,2019-06-17,0.0,5770.78874
ClientBrand,Affiliates,Network Override,Unclassified,EXCLUDING,CTC,2019-06-17,0.0,519.3714200000001
ClientBrand,Affiliates,Tenancy,Unclassified,EXCLUDING,CTC,2019-06-17,0.0,452.00337155928554
ClientBrand,Affiliates,Affiliate Commission,Unclassified,EXCLUDING,CTC,2019-06-24,0.0,5862.169809999999
ClientBrand,Affiliates,Network Override,Unclassified,EXCLUDING,CTC,2019-06-24,0.0,527.59577
ClientBrand,Affiliates,Tenancy,Unclassified,EXCLUDING,CTC,2019-06-24,0.0,475.29851962585604
ClientBrand,Affiliates,Affiliate Commission,Unclassified,EXCLUDING,CTC,2019-07-01,0.0,6006.472949999999
ClientBrand,Affiliates,Network Override,Unclassified,EXCLUDING,CTC,2019-07-01,0.0,540.5831900000001
ClientBrand,Affiliates,Tenancy,Unclassified,EXCLUDING,CTC,2019-07-01,0.0,483.1293849369267
ClientBrand,Affiliates,Affiliate Commission,Unclassified,EXCLUDING,CTC,2019-07-08,0.0,6002.89675
ClientBrand,Affiliates,Network Override,Unclassified,EXCLUDING,CTC,2019-07-08,0.0,540.2614
ClientBrand,Affiliates,Tenancy,Unclassified,EXCLUDING,CTC,2019-07-08,0.0,487.81637555768197
ClientBrand,Affiliates,Affiliate Commission,Unclassified,EXCLUDING,CTC,2019-07-15,0.0,5862.245510000001
ClientBrand,Affiliates,Network Override,Unclassified,EXCLUDING,CTC,2019-07-15,0.0,527.60261
ClientBrand,Affiliates,Tenancy,Unclassified,EXCLUDING,CTC,2019-07-15,0.0,462.88859353939904
ClientBrand,Affiliates,Affiliate Commission,Unclassified,EXCLUDING,CTC,2019-07-22,0.0,6649.470990000001
ClientBrand,Affiliates,Network Override,Unclassified,EXCLUDING,CTC,2019-07-22,0.0,598.45291
ClientBrand,Affiliates,Tenancy,Unclassified,EXCLUDING,CTC,2019-07-22,0.0,537.562984393058
ClientBrand,Affiliates,Affiliate Commission,Unclassified,EXCLUDING,CTC,2019-07-29,0.0,7895.3282100000015
ClientBrand,Affiliates,Network Override,Unclassified,EXCLUDING,CTC,2019-07-29,0.0,710.5802
ClientBrand,Affiliates,Tenancy,Unclassified,EXCLUDING,CTC,2019-07-29,0.0,649.2640884727737
ClientBrand,Affiliates,Affiliate Commission,Unclassified,EXCLUDING,CTC,2019-08-05,0.0,5791.972739999999
ClientBrand,Affiliates,Network Override,Unclassified,EXCLUDING,CTC,2019-08-05,0.0,521.27812
ClientBrand,Affiliates,Tenancy,Unclassified,EXCLUDING,CTC,2019-08-05,0.0,481.28294200611913
ClientBrand,Affiliates,Affiliate Commission,Unclassified,EXCLUDING,CTC,2019-08-12,0.0,6395.8913999999995
ClientBrand,Affiliates,Network Override,Unclassified,EXCLUDING,CTC,2019-08-12,0.0,575.63081
ClientBrand,Affiliates,Tenancy,Unclassified,EXCLUDING,CTC,2019-08-12,0.0,533.4916976526779
ClientBrand,Affiliates,Affiliate Commission,Unclassified,EXCLUDING,CTC,2019-08-19,0.0,8795.925070000001
ClientBrand,Affiliates,Manual TX TD Income,Unclassified,EXCLUDING,CTC,2019-08-19,0.0,270.0
ClientBrand,Affiliates,Network Override,Unclassified,EXCLUDING,CTC,2019-08-19,0.0,791.6336100000001
ClientBrand,Affiliates,Tenancy,Unclassified,EXCLUDING,CTC,2019-08-19,0.0,654.1080922762587
ClientBrand,Affiliates,Affiliate Commission,Unclassified,EXCLUDING,CTC,2019-08-26,0.0,12057.427790000002
ClientBrand,Affiliates,Network Override,Unclassified,EXCLUDING,CTC,2019-08-26,0.0,1085.16907
ClientBrand,Affiliates,Tenancy,Unclassified,EXCLUDING,CTC,2019-08-26,0.0,899.0358626773665
ClientBrand,Affiliates,Affiliate Commission,Unclassified,EXCLUDING,CTC,2019-09-02,0.0,5177.1922
ClientBrand,Affiliates,Network Override,Unclassified,EXCLUDING,CTC,2019-09-02,0.0,465.94781000000006
ClientBrand,Affiliates,Tenancy,Unclassified,EXCLUDING,CTC,2019-09-02,0.0,397.918972631355
ClientBrand,Affiliates,Affiliate Commission,Unclassified,EXCLUDING,CTC,2019-09-09,0.0,7158.9466999999995
ClientBrand,Affiliates,Network Override,Unclassified,EXCLUDING,CTC,2019-09-09,0.0,644.30598
ClientBrand,Affiliates,Tenancy,Unclassified,EXCLUDING,CTC,2019-09-09,0.0,564.9603581974004
ClientBrand,Affiliates,Affiliate Commission,Unclassified,EXCLUDING,CTC,2019-09-16,0.0,5488.10495
ClientBrand,Affiliates,Network Override,Unclassified,EXCLUDING,CTC,2019-09-16,0.0,493.9300700000001
ClientBrand,Affiliates,Tenancy,Unclassified,EXCLUDING,CTC,2019-09-16,0.0,448.1370668217993
ClientBrand,Affiliates,Affiliate Commission,Unclassified,EXCLUDING,CTC,2019-09-23,0.0,8209.996669999999
ClientBrand,Affiliates,Network Override,Unclassified,EXCLUDING,CTC,2019-09-23,0.0,738.9003
ClientBrand,Affiliates,Tenancy,Unclassified,EXCLUDING,CTC,2019-09-23,0.0,641.1538359907298
ClientBrand,Affiliates,Affiliate Commission,Unclassified,EXCLUDING,CTC,2019-09-30,0.0,7688.627849999999
ClientBrand,Affiliates,Network Override,Unclassified,EXCLUDING,CTC,2019-09-30,0.0,691.9770099999998
ClientBrand,Affiliates,Tenancy,Unclassified,EXCLUDING,CTC,2019-09-30,0.0,624.6995944800628
ClientBrand,Affiliates,Affiliate Commission,Unclassified,EXCLUDING,CTC,2019-10-07,0.0,6938.034550000001
ClientBrand,Affiliates,Network Override,Unclassified,EXCLUDING,CTC,2019-10-07,0.0,624.42371
ClientBrand,Affiliates,Tenancy,Unclassified,EXCLUDING,CTC,2019-10-07,0.0,545.533610160647
ClientBrand,Affiliates,Affiliate Commission,Unclassified,EXCLUDING,CTC,2019-10-14,0.0,8714.576500000001
ClientBrand,Affiliates,Network Override,Unclassified,EXCLUDING,CTC,2019-10-14,0.0,784.31243
ClientBrand,Affiliates,Tenancy,Unclassified,EXCLUDING,CTC,2019-10-14,0.0,700.9589625300857
ClientBrand,Affiliates,Affiliate Commission,Unclassified,EXCLUDING,CTC,2019-10-21,0.0,8780.41275
ClientBrand,Affiliates,Network Override,Unclassified,EXCLUDING,CTC,2019-10-21,0.0,790.23785
ClientBrand,Affiliates,Tenancy,Unclassified,EXCLUDING,CTC,2019-10-21,0.0,694.8671898533963
ClientBrand,Affiliates,Affiliate Commission,Unclassified,EXCLUDING,CTC,2019-10-28,0.0,9597.519289999998
ClientBrand,Affiliates,Manual TX TD Income,Unclassified,EXCLUDING,CTC,2019-10-28,0.0,220.0
ClientBrand,Affiliates,Network Override,Unclassified,EXCLUDING,CTC,2019-10-28,0.0,863.7774599999999
ClientBrand,Affiliates,Tenancy,Unclassified,EXCLUDING,CTC,2019-10-28,0.0,752.9169963879812
ClientBrand,Affiliates,Affiliate Commission,Unclassified,EXCLUDING,CTC,2019-11-04,0.0,7291.535970000001
ClientBrand,Affiliates,Network Override,Unclassified,EXCLUDING,CTC,2019-11-04,0.0,656.2388100000001
ClientBrand,Affiliates,Tenancy,Unclassified,EXCLUDING,CTC,2019-11-04,0.0,598.2225889770995
ClientBrand,Affiliates,Affiliate Commission,Unclassified,EXCLUDING,CTC,2019-11-11,0.0,7783.926600000002
ClientBrand,Affiliates,Network Override,Unclassified,EXCLUDING,CTC,2019-11-11,0.0,700.55382
ClientBrand,Affiliates,Tenancy,Unclassified,EXCLUDING,CTC,2019-11-11,0.0,636.5258702007337
ClientBrand,Affiliates,Affiliate Commission,Unclassified,EXCLUDING,CTC,2019-11-18,0.0,9691.87839
ClientBrand,Affiliates,Network Override,Unclassified,EXCLUDING,CTC,2019-11-18,0.0,872.2699999999999
ClientBrand,Affiliates,Tenancy,Unclassified,EXCLUDING,CTC,2019-11-18,0.0,781.7274888368919
ClientBrand,Affiliates,Affiliate Commission,Unclassified,EXCLUDING,CTC,2019-11-25,0.0,23594.810319999993
ClientBrand,Affiliates,Manual TX TD Income,Unclassified,EXCLUDING,CTC,2019-11-25,0.0,296.0
ClientBrand,Affiliates,Network Override,Unclassified,EXCLUDING,CTC,2019-11-25,0.0,2123.5348999999997
ClientBrand,Affiliates,Tenancy,Unclassified,EXCLUDING,CTC,2019-11-25,0.0,1871.9980968463747
ClientBrand,Affiliates,Affiliate Commission,Unclassified,EXCLUDING,CTC,2019-12-02,0.0,9357.20192
ClientBrand,Affiliates,Network Override,Unclassified,EXCLUDING,CTC,2019-12-02,0.0,842.14895
ClientBrand,Affiliates,Tenancy,Unclassified,EXCLUDING,CTC,2019-12-02,0.0,762.8642852756886
ClientBrand,Affiliates,Affiliate Commission,Unclassified,EXCLUDING,CTC,2019-12-09,0.0,4541.9477
ClientBrand,Affiliates,Manual TX TD Income,Unclassified,EXCLUDING,CTC,2019-12-09,0.0,20.0
ClientBrand,Affiliates,Network Override,Unclassified,EXCLUDING,CTC,2019-12-09,0.0,408.77592000000004
ClientBrand,Affiliates,Tenancy,Unclassified,EXCLUDING,CTC,2019-12-09,0.0,389.1235595572115
ClientBrand,Affiliates,Affiliate Commission,Unclassified,EXCLUDING,CTC,2019-12-16,0.0,2583.97471
ClientBrand,Affiliates,Network Override,Unclassified,EXCLUDING,CTC,2019-12-16,0.0,232.55792999999994
ClientBrand,Affiliates,Tenancy,Unclassified,EXCLUDING,CTC,2019-12-16,0.0,209.8939922462473
ClientBrand,Affiliates,Affiliate Commission,Unclassified,EXCLUDING,CTC,2019-12-23,0.0,23665.648190000007
ClientBrand,Affiliates,Network Override,Unclassified,EXCLUDING,CTC,2019-12-23,0.0,2129.90984
ClientBrand,Affiliates,Tenancy,Unclassified,EXCLUDING,CTC,2019-12-23,0.0,1885.0106200909688
ClientBrand,Affiliates,Affiliate Commission,Unclassified,EXCLUDING,CTC,2019-12-30,0.0,15989.147000000003
ClientBrand,Affiliates,Manual TX TD Income,Unclassified,EXCLUDING,CTC,2019-12-30,0.0,624.0
ClientBrand,Affiliates,Network Override,Unclassified,EXCLUDING,CTC,2019-12-30,0.0,1439.0248300000003
ClientBrand,Affiliates,Tenancy,Unclassified,EXCLUDING,CTC,2019-12-30,0.0,1336.9171868319836
ClientBrand,Affiliates,Affiliate Commission,Unclassified,EXCLUDING,CTC,2020-01-06,259241.1700000001,16327.246710000025
ClientBrand,Affiliates,Media Fees,Unclassified,EXCLUDING,CTC,2020-01-06,0.0,518.96
ClientBrand,Affiliates,Affiliate Commission,Unclassified,EXCLUDING,CTC,2020-01-13,210721.20000000007,12855.64922999999
ClientBrand,Affiliates,Media Fees,Unclassified,EXCLUDING,CTC,2020-01-13,0.0,0.0
ClientBrand,Affiliates,Affiliate Commission,Unclassified,EXCLUDING,CTC,2020-01-20,192857.08000000007,11399.592879999995
ClientBrand,Affiliates,Media Fees,Unclassified,EXCLUDING,CTC,2020-01-20,0.0,0.0
ClientBrand,Affiliates,Affiliate Commission,Unclassified,EXCLUDING,CTC,2020-01-27,155481.26999999996,9218.593959999995
ClientBrand,Affiliates,Media Fees,Unclassified,EXCLUDING,CTC,2020-01-27,0.0,4990.96
ClientBrand,Affiliates,Affiliate Commission,Unclassified,EXCLUDING,CTC,2020-02-03,127037.23999999999,7618.591670000004
ClientBrand,Affiliates,Media Fees,Unclassified,EXCLUDING,CTC,2020-02-03,0.0,0.0
ClientBrand,Affiliates,Affiliate Commission,Unclassified,EXCLUDING,CTC,2020-02-10,212198.97000000015,13412.382759999977
ClientBrand,Affiliates,Media Fees,Unclassified,EXCLUDING,CTC,2020-02-10,0.0,2120.0
ClientBrand,Affiliates,Affiliate Commission,Unclassified,EXCLUDING,CTC,2020-02-17,285209.9900000002,18363.80082999998
ClientBrand,Affiliates,Media Fees,Unclassified,EXCLUDING,CTC,2020-02-17,0.0,0.0
ClientBrand,Affiliates,Affiliate Commission,Unclassified,EXCLUDING,CTC,2020-02-24,284830.1100000003,17764.068940000005
ClientBrand,Affiliates,Media Fees,Unclassified,EXCLUDING,CTC,2020-02-24,0.0,0.0
ClientBrand,Affiliates,Affiliate Commission,Unclassified,EXCLUDING,CTC,2020-03-02,198841.28000000012,12366.510449999994
ClientBrand,Affiliates,Media Fees,Unclassified,EXCLUDING,CTC,2020-03-02,0.0,468.0
ClientBrand,Affiliates,Affiliate Commission,Unclassified,EXCLUDING,CTC,2020-03-09,139713.5500000001,8604.897899999996
ClientBrand,Affiliates,Media Fees,Unclassified,EXCLUDING,CTC,2020-03-09,0.0,0.0
ClientBrand,Affiliates,Affiliate Commission,Unclassified,EXCLUDING,CTC,2020-03-16,147627.0400000002,8704.911739999992
ClientBrand,Affiliates,Media Fees,Unclassified,EXCLUDING,CTC,2020-03-16,0.0,0.0
ClientBrand,Affiliates,Affiliate Commission,Unclassified,EXCLUDING,CTC,2020-03-23,108853.66999999998,6446.397929999994
ClientBrand,Affiliates,Media Fees,Unclassified,EXCLUDING,CTC,2020-03-23,0.0,0.0
ClientBrand,Affiliates,Affiliate Commission,Unclassified,EXCLUDING,CTC,2020-03-30,102149.84999999999,5918.985420000001
ClientBrand,Affiliates,Media Fees,Unclassified,EXCLUDING,CTC,2020-03-30,0.0,0.0
ClientBrand,Affiliates,Affiliate Commission,Unclassified,EXCLUDING,CTC,2020-04-06,177129.91000000012,10114.804089999994
ClientBrand,Affiliates,Media Fees,Unclassified,EXCLUDING,CTC,2020-04-06,0.0,0.0
ClientBrand,Affiliates,Affiliate Commission,Unclassified,EXCLUDING,CTC,2020-04-13,211024.64999999997,12216.943699999998
ClientBrand,Affiliates,Media Fees,Unclassified,EXCLUDING,CTC,2020-04-13,0.0,0.0
ClientBrand,Affiliates,Affiliate Commission,Unclassified,EXCLUDING,CTC,2020-04-20,157756.94999999995,9514.762129999996
ClientBrand,Affiliates,Media Fees,Unclassified,EXCLUDING,CTC,2020-04-20,0.0,0.0
ClientBrand,Affiliates,Affiliate Commission,Unclassified,EXCLUDING,CTC,2020-04-27,198750.12000000005,11590.558440000004
ClientBrand,Affiliates,Media Fees,Unclassified,EXCLUDING,CTC,2020-04-27,0.0,0.0
ClientBrand,Affiliates,Affiliate Commission,Unclassified,EXCLUDING,CTC,2020-05-04,180789.39000000025,10265.522550000003
ClientBrand,Affiliates,Media Fees,Unclassified,EXCLUDING,CTC,2020-05-04,0.0,0.0
ClientBrand,Affiliates,Affiliate Commission,Unclassified,EXCLUDING,CTC,2020-05-11,203450.04,11580.731939999989
ClientBrand,Affiliates,Media Fees,Unclassified,EXCLUDING,CTC,2020-05-11,0.0,0.0
ClientBrand,Affiliates,Affiliate Commission,Unclassified,EXCLUDING,CTC,2020-05-18,177891.07000000007,10435.962079999996
ClientBrand,Affiliates,Media Fees,Unclassified,EXCLUDING,CTC,2020-05-18,0.0,0.0
ClientBrand,Affiliates,Affiliate Commission,Unclassified,EXCLUDING,CTC,2020-05-25,222767.65999999995,13420.48306
ClientBrand,Affiliates,Media Fees,Unclassified,EXCLUDING,CTC,2020-05-25,0.0,0.0
ClientBrand,Affiliates,Affiliate Commission,Unclassified,EXCLUDING,CTC,2020-06-01,256939.26999999947,14964.679239999981
ClientBrand,Affiliates,Media Fees,Unclassified,EXCLUDING,CTC,2020-06-01,0.0,0.0
ClientBrand,Affiliates,Affiliate Commission,Unclassified,EXCLUDING,CTC,2020-06-08,379979.50999999995,23023.820349999998
ClientBrand,Affiliates,Media Fees,Unclassified,EXCLUDING,CTC,2020-06-08,0.0,0.0
ClientBrand,Affiliates,Affiliate Commission,Unclassified,EXCLUDING,CTC,2020-06-15,322637.66999999975,19244.35589999998
ClientBrand,Affiliates,Media Fees,Unclassified,EXCLUDING,CTC,2020-06-15,0.0,0.0
ClientBrand,Affiliates,Affiliate Commission,Unclassified,EXCLUDING,CTC,2020-06-22,247491.6799999999,14975.59221999999
ClientBrand,Affiliates,Media Fees,Unclassified,EXCLUDING,CTC,2020-06-22,0.0,0.0
ClientBrand,Affiliates,Affiliate Commission,Unclassified,EXCLUDING,CTC,2020-06-29,301526.38000000006,17649.435559999994
ClientBrand,Affiliates,Media Fees,Unclassified,EXCLUDING,CTC,2020-06-29,0.0,0.0
ClientBrand,Affiliates,Affiliate Commission,Unclassified,EXCLUDING,CTC,2020-07-06,229724.83000000013,14389.504019999995
ClientBrand,Affiliates,Media Fees,Unclassified,EXCLUDING,CTC,2020-07-06,0.0,0.0
ClientBrand,Affiliates,Affiliate Commission,Unclassified,EXCLUDING,CTC,2020-07-13,348551.4999999997,21958.342319999996
ClientBrand,Affiliates,Media Fees,Unclassified,EXCLUDING,CTC,2020-07-13,0.0,0.0
ClientBrand,Affiliates,Affiliate Commission,Unclassified,EXCLUDING,CTC,2020-07-20,208776.14000000016,13075.405420000001
ClientBrand,Affiliates,Media Fees,Unclassified,EXCLUDING,CTC,2020-07-20,0.0,0.0
ClientBrand,Affiliates,Affiliate Commission,Unclassified,EXCLUDING,CTC,2020-07-27,204876.37,12719.116200000004
ClientBrand,Affiliates,Media Fees,Unclassified,EXCLUDING,CTC,2020-07-27,0.0,0.0
ClientBrand,Affiliates,Affiliate Commission,Unclassified,EXCLUDING,CTC,2020-08-03,174633.09999999995,11151.85843
ClientBrand,Affiliates,Media Fees,Unclassified,EXCLUDING,CTC,2020-08-03,0.0,0.0
ClientBrand,Affiliates,Affiliate Commission,Unclassified,EXCLUDING,CTC,2020-08-10,159003.87999999998,9761.69032
ClientBrand,Affiliates,Media Fees,Unclassified,EXCLUDING,CTC,2020-08-10,0.0,0.0
ClientBrand,Affiliates,Affiliate Commission,Unclassified,EXCLUDING,CTC,2020-08-17,201820.56000000023,12151.34058999999
ClientBrand,Affiliates,Media Fees,Unclassified,EXCLUDING,CTC,2020-08-17,0.0,0.0
ClientBrand,Affiliates,Affiliate Commission,Unclassified,EXCLUDING,CTC,2020-08-24,206050.01999999996,12837.516669999994
ClientBrand,Affiliates,Media Fees,Unclassified,EXCLUDING,CTC,2020-08-24,0.0,0.0
ClientBrand,Affiliates,Affiliate Commission,Unclassified,EXCLUDING,CTC,2020-08-31,212104.8600000001,13216.575739999993
ClientBrand,Affiliates,Media Fees,Unclassified,EXCLUDING,CTC,2020-08-31,0.0,0.0
ClientBrand,Affiliates,Affiliate Commission,Unclassified,EXCLUDING,CTC,2020-09-07,142033.83000000002,8561.344669999999
ClientBrand,Affiliates,Media Fees,Unclassified,EXCLUDING,CTC,2020-09-07,0.0,0.0
ClientBrand,Affiliates,Affiliate Commission,Unclassified,EXCLUDING,CTC,2020-09-14,166068.4300000001,10004.712370000003
ClientBrand,Affiliates,Media Fees,Unclassified,EXCLUDING,CTC,2020-09-14,0.0,0.0
ClientBrand,Affiliates,Affiliate Commission,Unclassified,EXCLUDING,CTC,2020-09-21,203036.6,12639.399900000006
ClientBrand,Affiliates,Media Fees,Unclassified,EXCLUDING,CTC,2020-09-21,0.0,0.0
ClientBrand,Affiliates,Affiliate Commission,Unclassified,EXCLUDING,CTC,2020-09-28,330916.88000000024,21024.226319999994
ClientBrand,Affiliates,Media Fees,Unclassified,EXCLUDING,CTC,2020-09-28,0.0,0.0
ClientBrand,Affiliates,Affiliate Commission,Unclassified,EXCLUDING,CTC,2020-10-05,436805.9699999998,28492.75127000001
ClientBrand,Affiliates,Media Fees,Unclassified,EXCLUDING,CTC,2020-10-05,0.0,0.0
ClientBrand,Affiliates,Affiliate Commission,Unclassified,EXCLUDING,CTC,2020-10-12,266328.65999999986,17147.724989999984
ClientBrand,Affiliates,Media Fees,Unclassified,EXCLUDING,CTC,2020-10-12,0.0,0.0
ClientBrand,Affiliates,Affiliate Commission,Unclassified,EXCLUDING,CTC,2020-10-19,123262.55000000002,7202.78341
ClientBrand,Affiliates,Media Fees,Unclassified,EXCLUDING,CTC,2020-10-19,0.0,0.0
ClientBrand,Affiliates,Affiliate Commission,Unclassified,EXCLUDING,CTC,2020-10-26,167817.97,10274.078090000005
ClientBrand,Affiliates,Media Fees,Unclassified,EXCLUDING,CTC,2020-10-26,0.0,0.0
ClientBrand,Affiliates,Affiliate Commission,Unclassified,EXCLUDING,CTC,2020-11-02,232037.60999999975,14770.729909999973
ClientBrand,Affiliates,Media Fees,Unclassified,EXCLUDING,CTC,2020-11-02,0.0,5000.0
ClientBrand,Affiliates,Affiliate Commission,Unclassified,EXCLUDING,CTC,2020-11-09,159766.52000000005,10018.779479999994
ClientBrand,Affiliates,Media Fees,Unclassified,EXCLUDING,CTC,2020-11-09,0.0,0.0
ClientBrand,Affiliates,Affiliate Commission,Unclassified,EXCLUDING,CTC,2020-11-16,152260.43000000002,9442.222660000001
ClientBrand,Affiliates,Media Fees,Unclassified,EXCLUDING,CTC,2020-11-16,0.0,0.0
ClientBrand,Affiliates,Affiliate Commission,Unclassified,EXCLUDING,CTC,2020-11-23,311243.4699999997,17571.937359999985
ClientBrand,Affiliates,Media Fees,Unclassified,EXCLUDING,CTC,2020-11-23,0.0,0.0
ClientBrand,Affiliates,Affiliate Commission,Unclassified,EXCLUDING,CTC,2020-11-30,147911.0,8172.05266
ClientBrand,Affiliates,Media Fees,Unclassified,EXCLUDING,CTC,2020-11-30,0.0,0.0
ClientBrand,Affiliates,Affiliate Commission,Unclassified,EXCLUDING,CTC,2020-12-07,119764.11000000004,6540.071360000004
ClientBrand,Affiliates,Media Fees,Unclassified,EXCLUDING,CTC,2020-12-07,0.0,0.0
ClientBrand,Affiliates,Affiliate Commission,Unclassified,EXCLUDING,CTC,2020-12-14,74916.48000000001,4098.99072
ClientBrand,Affiliates,Media Fees,Unclassified,EXCLUDING,CTC,2020-12-14,0.0,0.0
ClientBrand,Affiliates,Affiliate Commission,Unclassified,EXCLUDING,CTC,2020-12-21,374350.8599999998,20370.795379999996
ClientBrand,Affiliates,Media Fees,Unclassified,EXCLUDING,CTC,2020-12-21,0.0,2600.0
ClientBrand,Affiliates,Affiliate Commission,Unclassified,EXCLUDING,CTC,2020-12-28,444909.5299999999,24535.084669999993
ClientBrand,Affiliates,Media Fees,Unclassified,EXCLUDING,CTC,2020-12-28,0.0,0.0
ClientBrand,Affiliates,Affiliate Commission,Unclassified,EXCLUDING,CTC,2021-01-04,302982.70999999985,17524.292799999992
ClientBrand,Affiliates,Media Fees,Unclassified,EXCLUDING,CTC,2021-01-04,0.0,0.0
ClientBrand,Affiliates,Affiliate Commission,Unclassified,EXCLUDING,CTC,2021-01-11,178823.42000000007,10018.65071
ClientBrand,Affiliates,Media Fees,Unclassified,EXCLUDING,CTC,2021-01-11,0.0,0.0
ClientBrand,Affiliates,Affiliate Commission,Unclassified,EXCLUDING,CTC,2021-01-18,170137.93999999992,9636.938890000001
ClientBrand,Affiliates,Media Fees,Unclassified,EXCLUDING,CTC,2021-01-18,0.0,0.0
ClientBrand,Affiliates,Affiliate Commission,Unclassified,EXCLUDING,CTC,2021-01-25,210897.36999999988,11432.006279999996
ClientBrand,Affiliates,Media Fees,Unclassified,EXCLUDING,CTC,2021-01-25,0.0,0.0
ClientBrand,Affiliates,Affiliate Commission,Unclassified,EXCLUDING,CTC,2021-02-01,136693.0,7913.923830000004
ClientBrand,Affiliates,Media Fees,Unclassified,EXCLUDING,CTC,2021-02-01,0.0,0.0
ClientBrand,Affiliates,Affiliate Commission,Unclassified,EXCLUDING,CTC,2021-02-08,154458.68000000002,7936.404950000002
ClientBrand,Affiliates,Media Fees,Unclassified,EXCLUDING,CTC,2021-02-08,0.0,0.0
ClientBrand,Affiliates,Affiliate Commission,Unclassified,EXCLUDING,CTC,2021-02-15,222960.11999999982,12178.948390000007
ClientBrand,Affiliates,Media Fees,Unclassified,EXCLUDING,CTC,2021-02-15,0.0,0.0
ClientBrand,Affiliates,Affiliate Commission,Unclassified,EXCLUDING,CTC,2021-02-22,198617.7100000001,10581.881800000003
ClientBrand,Affiliates,Media Fees,Unclassified,EXCLUDING,CTC,2021-02-22,0.0,0.0
ClientBrand,Affiliates,Affiliate Commission,Unclassified,EXCLUDING,CTC,2021-03-01,211544.9499999998,11822.640629999993
ClientBrand,Affiliates,Media Fees,Unclassified,EXCLUDING,CTC,2021-03-01,0.0,0.0
ClientBrand,Affiliates,Affiliate Commission,Unclassified,EXCLUDING,CTC,2021-03-08,196284.67999999988,10676.104240000004
ClientBrand,Affiliates,Media Fees,Unclassified,EXCLUDING,CTC,2021-03-08,0.0,0.0
ClientBrand,Affiliates,Affiliate Commission,Unclassified,EXCLUDING,CTC,2021-03-15,153351.95000000004,8039.036540000003
ClientBrand,Affiliates,Media Fees,Unclassified,EXCLUDING,CTC,2021-03-15,0.0,0.0
ClientBrand,Affiliates,Affiliate Commission,Unclassified,EXCLUDING,CTC,2021-03-22,162906.27999999997,9098.685409999998
ClientBrand,Affiliates,Media Fees,Unclassified,EXCLUDING,CTC,2021-03-22,0.0,0.0
ClientBrand,Affiliates,Affiliate Commission,Unclassified,EXCLUDING,CTC,2021-03-29,126152.23000000001,6803.515710000002
ClientBrand,Affiliates,Media Fees,Unclassified,EXCLUDING,CTC,2021-03-29,0.0,0.0
ClientBrand,Affiliates,Affiliate Commission,Unclassified,EXCLUDING,CTC,2021-04-05,149526.46000000002,8101.594059999992
ClientBrand,Affiliates,Media Fees,Unclassified,EXCLUDING,CTC,2021-04-05,0.0,0.0
ClientBrand,Affiliates,Affiliate Commission,Unclassified,EXCLUDING,CTC,2021-04-12,171904.51000000004,10265.532169999999
ClientBrand,Affiliates,Media Fees,Unclassified,EXCLUDING,CTC,2021-04-12,0.0,0.0
ClientBrand,Affiliates,Affiliate Commission,Unclassified,EXCLUDING,CTC,2021-04-19,165426.52000000002,9199.700420000005
ClientBrand,Affiliates,Media Fees,Unclassified,EXCLUDING,CTC,2021-04-19,0.0,0.0
ClientBrand,Affiliates,Affiliate Commission,Unclassified,EXCLUDING,CTC,2021-04-26,184649.47999999998,10127.713179999999
ClientBrand,Affiliates,Media Fees,Unclassified,EXCLUDING,CTC,2021-04-26,0.0,0.0
ClientBrand,Affiliates,Affiliate Commission,Unclassified,EXCLUDING,CTC,2021-05-03,220743.00000000006,12456.95877
ClientBrand,Affiliates,Media Fees,Unclassified,EXCLUDING,CTC,2021-05-03,0.0,0.0
ClientBrand,Affiliates,Affiliate Commission,Unclassified,EXCLUDING,CTC,2021-05-10,99790.18000000001,5727.162210000001
ClientBrand,Affiliates,Media Fees,Unclassified,EXCLUDING,CTC,2021-05-10,0.0,0.0
ClientBrand,Affiliates,Affiliate Commission,Unclassified,EXCLUDING,CTC,2021-05-17,110723.89000000003,6294.952689999999
ClientBrand,Affiliates,Media Fees,Unclassified,EXCLUDING,CTC,2021-05-17,0.0,0.0
ClientBrand,Affiliates,Affiliate Commission,Unclassified,EXCLUDING,CTC,2021-05-24,158207.16000000003,9199.77171
ClientBrand,Affiliates,Media Fees,Unclassified,EXCLUDING,CTC,2021-05-24,0.0,0.0
ClientBrand,Affiliates,Affiliate Commission,Unclassified,EXCLUDING,CTC,2021-05-31,168024.40999999997,9478.079980000002
ClientBrand,Affiliates,Media Fees,Unclassified,EXCLUDING,CTC,2021-05-31,0.0,0.0
ClientBrand,Affiliates,Affiliate Commission,Unclassified,EXCLUDING,CTC,2021-06-07,86049.00000000001,4818.930789999998
ClientBrand,Affiliates,Media Fees,Unclassified,EXCLUDING,CTC,2021-06-07,0.0,0.0
ClientBrand,Affiliates,Affiliate Commission,Unclassified,EXCLUDING,CTC,2021-06-14,118859.51000000001,6729.046540000005
ClientBrand,Affiliates,Media Fees,Unclassified,EXCLUDING,CTC,2021-06-14,0.0,0.0
ClientBrand,Affiliates,Affiliate Commission,Unclassified,EXCLUDING,CTC,2021-06-21,111869.48000000001,5889.702449999999
ClientBrand,Affiliates,Media Fees,Unclassified,EXCLUDING,CTC,2021-06-21,0.0,0.0
ClientBrand,Affiliates,Affiliate Commission,Unclassified,EXCLUDING,CTC,2021-06-28,106324.97,5675.729389999999
ClientBrand,Affiliates,Media Fees,Unclassified,EXCLUDING,CTC,2021-06-28,0.0,0.0
ClientBrand,Affiliates,Affiliate Commission,Unclassified,EXCLUDING,CTC,2021-07-05,105396.81,5549.462619999997
ClientBrand,Affiliates,Media Fees,Unclassified,EXCLUDING,CTC,2021-07-05,0.0,0.0
ClientBrand,Affiliates,Affiliate Commission,Unclassified,EXCLUDING,CTC,2021-07-12,104868.46999999996,5658.526789999999
ClientBrand,Affiliates,Media Fees,Unclassified,EXCLUDING,CTC,2021-07-12,0.0,0.0
ClientBrand,Affiliates,Affiliate Commission,Unclassified,EXCLUDING,CTC,2021-07-19,110627.02,6294.716499999999
ClientBrand,Affiliates,Media Fees,Unclassified,EXCLUDING,CTC,2021-07-19,0.0,518.96
ClientBrand,Affiliates,Affiliate Commission,Unclassified,EXCLUDING,CTC,2021-07-26,116765.11000000002,6574.997279999997
ClientBrand,Affiliates,Media Fees,Unclassified,EXCLUDING,CTC,2021-07-26,0.0,0.0
ClientBrand,Affiliates,Affiliate Commission,Unclassified,EXCLUDING,CTC,2021-08-02,130537.75000000003,6792.404479999999
ClientBrand,Affiliates,Media Fees,Unclassified,EXCLUDING,CTC,2021-08-02,0.0,0.0
ClientBrand,Affiliates,Affiliate Commission,Unclassified,EXCLUDING,CTC,2021-08-09,125907.64999999998,6580.9088299999985
ClientBrand,Affiliates,Media Fees,Unclassified,EXCLUDING,CTC,2021-08-09,0.0,0.0
ClientBrand,Affiliates,Affiliate Commission,Unclassified,EXCLUDING,CTC,2021-08-16,106909.20000000003,5826.894720000002
ClientBrand,Affiliates,Media Fees,Unclassified,EXCLUDING,CTC,2021-08-16,0.0,0.0
ClientBrand,Affiliates,Affiliate Commission,Unclassified,EXCLUDING,CTC,2021-08-23,125000.08,6413.374530000004
ClientBrand,Affiliates,Media Fees,Unclassified,EXCLUDING,CTC,2021-08-23,0.0,0.0
ClientBrand,Affiliates,Affiliate Commission,Unclassified,EXCLUDING,CTC,2021-08-30,127936.80999999997,7242.94597
ClientBrand,Affiliates,Media Fees,Unclassified,EXCLUDING,CTC,2021-08-30,0.0,0.0
ClientBrand,Affiliates,Affiliate Commission,Unclassified,EXCLUDING,CTC,2021-09-06,81895.96999999999,4379.74938
ClientBrand,Affiliates,Media Fees,Unclassified,EXCLUDING,CTC,2021-09-06,0.0,0.0
ClientBrand,Affiliates,Affiliate Commission,Unclassified,EXCLUDING,CTC,2021-09-13,111019.30999999997,5471.288560000001
ClientBrand,Affiliates,Media Fees,Unclassified,EXCLUDING,CTC,2021-09-13,0.0,0.0
ClientBrand,Affiliates,Affiliate Commission,Unclassified,EXCLUDING,CTC,2021-09-20,139214.65,7909.77785
ClientBrand,Affiliates,Media Fees,Unclassified,EXCLUDING,CTC,2021-09-20,0.0,519.0
ClientBrand,Affiliates,Affiliate Commission,Unclassified,EXCLUDING,CTC,2021-09-27,111373.25,6272.6434899999995
ClientBrand,Affiliates,Media Fees,Unclassified,EXCLUDING,CTC,2021-09-27,0.0,0.0
ClientBrand,Affiliates,Affiliate Commission,Unclassified,EXCLUDING,CTC,2021-10-04,119974.66,6909.098549999994
ClientBrand,Affiliates,Media Fees,Unclassified,EXCLUDING,CTC,2021-10-04,0.0,0.0
ClientBrand,Affiliates,Affiliate Commission,Unclassified,EXCLUDING,CTC,2021-10-11,108251.37,6130.081000000001
ClientBrand,Affiliates,Media Fees,Unclassified,EXCLUDING,CTC,2021-10-11,0.0,0.0
ClientBrand,Affiliates,Affiliate Commission,Unclassified,EXCLUDING,CTC,2021-10-18,102669.30000000002,5765.777390000002
ClientBrand,Affiliates,Media Fees,Unclassified,EXCLUDING,CTC,2021-10-18,0.0,0.0
ClientBrand,Affiliates,Affiliate Commission,Unclassified,EXCLUDING,CTC,2021-10-25,123565.49000000002,6688.770360000002
ClientBrand,Affiliates,Media Fees,Unclassified,EXCLUDING,CTC,2021-10-25,0.0,0.0
ClientBrand,Affiliates,Affiliate Commission,Unclassified,EXCLUDING,CTC,2021-11-01,105737.24000000002,5870.357420000001
ClientBrand,Affiliates,Media Fees,Unclassified,EXCLUDING,CTC,2021-11-01,0.0,0.0
ClientBrand,Affiliates,Affiliate Commission,Unclassified,EXCLUDING,CTC,2021-11-08,96064.66,5209.507590000004
ClientBrand,Affiliates,Media Fees,Unclassified,EXCLUDING,CTC,2021-11-08,0.0,0.0
ClientBrand,Affiliates,Affiliate Commission,Unclassified,EXCLUDING,CTC,2021-11-15,127061.39999999997,6725.4252499999975
ClientBrand,Affiliates,Media Fees,Unclassified,EXCLUDING,CTC,2021-11-15,0.0,0.0
ClientBrand,Affiliates,Affiliate Commission,Unclassified,EXCLUDING,CTC,2021-11-22,259264.19000000012,14234.135370000005
ClientBrand,Affiliates,Media Fees,Unclassified,EXCLUDING,CTC,2021-11-22,0.0,2753.92
ClientBrand,Affiliates,Affiliate Commission,Unclassified,EXCLUDING,CTC,2021-11-29,144330.45,7174.689689999998
ClientBrand,Affiliates,Media Fees,Unclassified,EXCLUDING,CTC,2021-11-29,0.0,0.0
ClientBrand,Affiliates,Affiliate Commission,Unclassified,EXCLUDING,CTC,2021-12-06,64069.32000000002,3166.2189400000007
ClientBrand,Affiliates,Media Fees,Unclassified,EXCLUDING,CTC,2021-12-06,0.0,5000.0
ClientBrand,Affiliates,Affiliate Commission,Unclassified,EXCLUDING,CTC,2021-12-13,53219.310000000005,2567.8749400000006
ClientBrand,Affiliates,Media Fees,Unclassified,EXCLUDING,CTC,2021-12-13,0.0,0.0
ClientBrand,Affiliates,Affiliate Commission,Unclassified,EXCLUDING,CTC,2021-12-20,186991.56000000006,9822.813390000007
ClientBrand,Affiliates,Media Fees,Unclassified,EXCLUDING,CTC,2021-12-20,0.0,3368.96
ClientBrand,Affiliates,Affiliate Commission,Unclassified,EXCLUDING,CTC,2021-12-27,387420.9399999997,21175.295629999964
ClientBrand,Affiliates,Media Fees,Unclassified,EXCLUDING,CTC,2021-12-27,0.0,830.96
ClientBrand,Affiliates,Affiliate Commission,Unclassified,EXCLUDING,CTC,2022-01-03,263705.3100000001,14731.241299999996
ClientBrand,Affiliates,Media Fees,Unclassified,EXCLUDING,CTC,2022-01-03,0.0,0.0
ClientBrand,Affiliates,Affiliate Commission,Unclassified,EXCLUDING,CTC,2022-01-10,171101.30000000013,9500.578230000003
ClientBrand,Affiliates,Media Fees,Unclassified,EXCLUDING,CTC,2022-01-10,0.0,0.0
ClientBrand,Affiliates,Affiliate Commission,Unclassified,EXCLUDING,CTC,2022-01-17,126882.80999999998,7324.632390000004
ClientBrand,Affiliates,Media Fees,Unclassified,EXCLUDING,CTC,2022-01-17,0.0,0.0
ClientBrand,Affiliates,Affiliate Commission,Unclassified,EXCLUDING,CTC,2022-01-24,169788.13999999993,8928.047380000004
ClientBrand,Affiliates,Media Fees,Unclassified,EXCLUDING,CTC,2022-01-24,0.0,0.0
ClientBrand,Affiliates,Affiliate Commission,Unclassified,EXCLUDING,CTC,2022-01-31,163993.32000000004,9458.395600000003
ClientBrand,Affiliates,Media Fees,Unclassified,EXCLUDING,CTC,2022-01-31,0.0,0.0
ClientBrand,Affiliates,Affiliate Commission,Unclassified,EXCLUDING,CTC,2022-02-07,104055.28000000001,5382.549999999999
ClientBrand,Affiliates,Media Fees,Unclassified,EXCLUDING,CTC,2022-02-07,0.0,0.0
ClientBrand,Affiliates,Affiliate Commission,Unclassified,EXCLUDING,CTC,2022-02-14,100237.33,5727.34
ClientBrand,Affiliates,Media Fees,Unclassified,EXCLUDING,CTC,2022-02-14,0.0,0.0
ClientBrand,Affiliates,Media Fees,Unclassified,EXCLUDING,CTC,2022-02-21,133229.5,7431.550000000001
ClientBrand,Affiliates,Media Fees,Unclassified,EXCLUDING,CTC,2022-02-28,120827.93000000001,6313.66
ClientBrand,Affiliates,Media Fees,Unclassified,EXCLUDING,CTC,2022-03-07,121569.99,6263.110000000001
ClientBrand,Affiliates,Media Fees,Unclassified,EXCLUDING,CTC,2022-03-14,115081.15000000001,5813.7699999999995
ClientBrand,Affiliates,Media Fees,Unclassified,EXCLUDING,CTC,2022-03-21,122315.62,7114.17
ClientBrand,Affiliates,Media Fees,Unclassified,EXCLUDING,CTC,2022-03-28,104217.61,5719.52
ClientBrand,Affiliates,Media Fees,Unclassified,EXCLUDING,CTC,2022-04-04,111742.02999999998,5975.679999999999
ClientBrand,Affiliates,Media Fees,Unclassified,EXCLUDING,CTC,2022-04-11,151003.03,7915.340000000001
ClientBrand,Affiliates,Media Fees,Unclassified,EXCLUDING,CTC,2022-04-18,165695.08000000002,8783.070000000002
ClientBrand,Affiliates,Media Fees,Unclassified,EXCLUDING,CTC,2022-04-25,134060.29,7140.299999999999
ClientBrand,Affiliates,Media Fees,Unclassified,EXCLUDING,CTC,2022-05-02,143729.52,8837.54
ClientBrand,Affiliates,Media Fees,Unclassified,EXCLUDING,CTC,2022-05-09,103131.51000000001,5735.72
ClientBrand,Affiliates,Media Fees,Unclassified,EXCLUDING,CTC,2022-05-16,102987.65,5590.74
ClientBrand,Affiliates,Media Fees,Unclassified,EXCLUDING,CTC,2022-05-23,99840.13999999998,5386.099999999999
ClientBrand,Affiliates,Media Fees,Unclassified,EXCLUDING,CTC,2022-05-30,154507.77,8461.75
ClientBrand,Affiliates,Media Fees,Unclassified,EXCLUDING,CTC,2022-06-06,87500.75,4643.83
ClientBrand,Affiliates,Media Fees,Unclassified,EXCLUDING,CTC,2022-06-13,84179.96,4627.32
ClientBrand,Affiliates,Media Fees,Unclassified,EXCLUDING,CTC,2022-06-20,91473.56,4828.52
ClientBrand,Affiliates,Media Fees,Unclassified,EXCLUDING,CTC,2022-06-27,92067.5,5170.030000000001
ClientBrand,Affiliates,Media Fees,Unclassified,EXCLUDING,CTC,2022-07-04,86554.85,5001.879999999999
ClientBrand,Affiliates,Media Fees,Unclassified,EXCLUDING,CTC,2022-07-11,101277.45,5343.3
ClientBrand,Affiliates,Media Fees,Unclassified,EXCLUDING,CTC,2022-07-18,118942.94,6632.99
ClientBrand,Affiliates,Media Fees,Unclassified,EXCLUDING,CTC,2022-07-25,136447.79,7399.3
ClientBrand,Affiliates,Media Fees,Unclassified,EXCLUDING,CTC,2022-08-01,154814.23,7379.49
ClientBrand,Affiliates,Media Fees,Unclassified,EXCLUDING,CTC,2022-08-08,95095.03,4908.46
ClientBrand,Affiliates,Media Fees,Unclassified,EXCLUDING,CTC,2022-08-15,151786.45,7563.320000000001
ClientBrand,Affiliates,Media Fees,Unclassified,EXCLUDING,CTC,2022-08-22,181333.37,8689.03
ClientBrand,Affiliates,Media Fees,Unclassified,EXCLUDING,CTC,2022-08-29,197378.94,9223.23
ClientBrand,Affiliates,Media Fees,Unclassified,EXCLUDING,CTC,2022-09-05,147930.65999999997,6965.2
ClientBrand,Affiliates,Media Fees,Unclassified,EXCLUDING,CTC,2022-09-12,173914.51,8227.73
ClientBrand,Affiliates,Media Fees,Unclassified,EXCLUDING,CTC,2022-09-19,161617.06,9407.300000000001
ClientBrand,Affiliates,Media Fees,Unclassified,EXCLUDING,CTC,2022-09-26,187335.76,8647.08
ClientBrand,Affiliates,Media Fees,Unclassified,EXCLUDING,CTC,2022-10-03,210377.93,10608.34
ClientBrand,Affiliates,Media Fees,Unclassified,EXCLUDING,CTC,2022-10-10,172051.13,7729.71
ClientBrand,Affiliates,Media Fees,Unclassified,EXCLUDING,CTC,2022-10-17,193816.62,7766.27
ClientBrand,Affiliates,Media Fees,Unclassified,EXCLUDING,CTC,2022-10-24,248002.37,12205.37
ClientBrand,Affiliates,Media Fees,Unclassified,EXCLUDING,CTC,2022-10-31,208538.81,8848.48
ClientBrand,Affiliates,Media Fees,Unclassified,EXCLUDING,CTC,2022-11-07,193960.41999999998,15580.14
ClientBrand,Affiliates,Media Fees,Unclassified,EXCLUDING,CTC,2022-11-14,258898.97999999998,12768.839999999998
ClientBrand,Affiliates,Media Fees,Unclassified,EXCLUDING,CTC,2022-11-21,551333.6200000001,20978.449999999997
ClientBrand,Affiliates,Media Fees,Unclassified,EXCLUDING,CTC,2022-11-28,309917.22,12175.38
ClientBrand,Affiliates,Media Fees,Unclassified,EXCLUDING,CTC,2022-12-05,131895.76,5535.65
ClientBrand,Affiliates,Media Fees,Unclassified,EXCLUDING,CTC,2022-12-12,65029.99,2284.34
ClientBrand,Affiliates,Media Fees,Unclassified,EXCLUDING,CTC,2022-12-19,115554.39,4253.95
ClientBrand,Affiliates,Media Fees,Unclassified,EXCLUDING,CTC,2022-12-26,713010.23,30863.79
ClientBrand,Affiliates,Media Fees,Unclassified,EXCLUDING,CTC,2023-01-02,419362.41,17476.86
ClientBrand,Affiliates,Media Fees,Unclassified,EXCLUDING,CTC,2023-01-09,254148.87999999998,10174.810000000001
ClientBrand,Affiliates,Media Fees,Unclassified,EXCLUDING,CTC,2023-01-16,195238.09000000003,8223.2
ClientBrand,Affiliates,Media Fees,Unclassified,EXCLUDING,CTC,2023-01-23,268837.58,11557.369999999999
ClientBrand,Affiliates,Media Fees,Unclassified,EXCLUDING,CTC,2023-01-30,229837.27000000002,9448.83
ClientBrand,Affiliates,Media Fees,Unclassified,EXCLUDING,CTC,2023-02-06,213762.83,8059.9400000000005
