Brand,Media L1,Media L2,Message,GRP Definition,Confirm VAT,Confirm CTC,wc Mon,Spend,Impacts,GRPs,Comment
ClientBrand,Digital Radio,,Promo,All Adult 30s Equiv,EXCLUDING,CTC,2016-12-19,4002.8571428571427,499189.28571428574,0.9749790736607142,Converted to GRPs using All Adult Universe size of 51.2m
ClientBrand,Digital Radio,,Promo,All Adult 30s Equiv,EXCLUDING,CTC,2016-12-26,1601.1428571428573,199675.71428571426,0.38999162946428567,Converted to GRPs using All Adult Universe size of 51.2m
ClientBrand,Digital Radio,,Promo,All Adult 30s Equiv,EXCLUDING,CTC,2017-04-10,4993.75,395687,0.772826171875,Converted to GRPs using All Adult Universe size of 51.2m
ClientBrand,Digital Radio,,Promo,All Adult 30s Equiv,EXCLUDING,CTC,2017-04-24,4993.75,395811,0.773068359375,Converted to GRPs using All Adult Universe size of 51.2m
ClientBrand,Digital Radio,,Promo,All Adult 30s Equiv,EXCLUDING,CTC,2017-08-28,7650.0,710505,1.387705078125,Converted to GRPs using All Adult Universe size of 51.2m
ClientBrand,Digital Radio,,Promo,All Adult 30s Equiv,EXCLUDING,CTC,2017-12-18,4994.599999999999,431604,0.8429765625,Converted to GRPs using All Adult Universe size of 51.2m
ClientBrand,Digital Radio,,Promo,All Adult 30s Equiv,EXCLUDING,CTC,2017-12-25,11537.9,996930,1.9471289062500001,Converted to GRPs using All Adult Universe size of 51.2m
ClientBrand,Digital Radio,,Promo,All Adult 30s Equiv,EXCLUDING,CTC,2018-01-01,4695.4,406077,0.793119140625,Converted to GRPs using All Adult Universe size of 51.2m
ClientBrand,Digital Radio,,Promo,All Adult 30s Equiv,EXCLUDING,CTC,2018-01-08,4578.099999999999,396812,0.7750234375,Converted to GRPs using All Adult Universe size of 51.2m
ClientBrand,Digital Radio,,Promo,All Adult 30s Equiv,EXCLUDING,CTC,2018-01-15,4578.099999999999,395954,0.77334765625,Converted to GRPs using All Adult Universe size of 51.2m
ClientBrand,Digital Radio,,Promo,All Adult 30s Equiv,EXCLUDING,CTC,2018-01-22,4578.099999999999,396751,0.774904296875,Converted to GRPs using All Adult Universe size of 51.2m
ClientBrand,Digital Radio,,Promo,All Adult 30s Equiv,EXCLUDING,CTC,2018-02-05,2497.2999999999997,218327,0.42641992187499994,Converted to GRPs using All Adult Universe size of 51.2m
ClientBrand,Digital Radio,,Promo,All Adult 30s Equiv,EXCLUDING,CTC,2018-12-31,10586.0,523949,1.023337890625,Converted to GRPs using All Adult Universe size of 51.2m
ClientBrand,Digital Radio,,Promo,All Adult 30s Equiv,EXCLUDING,CTC,2019-01-07,9992.0,494125,0.965087890625,Converted to GRPs using All Adult Universe size of 51.2m
ClientBrand,Digital Radio,,Promo,All Adult 30s Equiv,EXCLUDING,CTC,2019-01-21,9992.0,493477,0.9638222656250001,Converted to GRPs using All Adult Universe size of 51.2m
ClientBrand,Digital Radio,,Promo,All Adult 30s Equiv,EXCLUDING,CTC,2019-02-18,9992.0,499091,0.9747871093750001,Converted to GRPs using All Adult Universe size of 51.2m
ClientBrand,Digital Radio,,Promo,All Adult 30s Equiv,EXCLUDING,CTC,2019-02-25,711.0,49159,0.09601367187500001,Converted to GRPs using All Adult Universe size of 51.2m
ClientBrand,Digital Radio,,Promo,All Adult 30s Equiv,EXCLUDING,CTC,2019-03-04,779.0,93498,0.18261328125,Converted to GRPs using All Adult Universe size of 51.2m
ClientBrand,Digital Radio,,Promo,All Adult 30s Equiv,EXCLUDING,CTC,2019-03-11,746.0,74548,0.1456015625,Converted to GRPs using All Adult Universe size of 51.2m
ClientBrand,Digital Radio,,Promo,All Adult 30s Equiv,EXCLUDING,CTC,2019-03-18,889.0,127773,0.249556640625,Converted to GRPs using All Adult Universe size of 51.2m
ClientBrand,Digital Radio,,Promo,All Adult 30s Equiv,EXCLUDING,CTC,2019-03-25,170.0,20968,0.040953125,Converted to GRPs using All Adult Universe size of 51.2m
ClientBrand,Digital Radio,,Promo,All Adult 30s Equiv,EXCLUDING,CTC,2019-04-01,729.0,26051,0.050880859375000004,Converted to GRPs using All Adult Universe size of 51.2m
ClientBrand,Digital Radio,,Promo,All Adult 30s Equiv,EXCLUDING,CTC,2019-04-08,3357.0,25764000,50.3203125,Converted to GRPs using All Adult Universe size of 51.2m
ClientBrand,Digital Radio,,Promo,All Adult 30s Equiv,EXCLUDING,CTC,2019-04-15,6072.0,762824,1.489890625,Converted to GRPs using All Adult Universe size of 51.2m
ClientBrand,Digital Radio,,Promo,All Adult 30s Equiv,EXCLUDING,CTC,2019-04-22,800.0,19418,0.03792578125,Converted to GRPs using All Adult Universe size of 51.2m
ClientBrand,Digital Radio,,Promo,All Adult 30s Equiv,EXCLUDING,CTC,2019-04-29,9938.0,1015969,1.9843144531249999,Converted to GRPs using All Adult Universe size of 51.2m
ClientBrand,Digital Radio,,Promo,All Adult 30s Equiv,EXCLUDING,CTC,2019-05-20,10170.0,548024,1.070359375,Converted to GRPs using All Adult Universe size of 51.2m
ClientBrand,Digital Radio,,Promo,All Adult 30s Equiv,EXCLUDING,CTC,2019-05-27,531.1393863928281,50271,0.098185546875,Converted to GRPs using All Adult Universe size of 51.2m
ClientBrand,Digital Radio,,Promo,All Adult 30s Equiv,EXCLUDING,CTC,2019-06-03,1004.0310467172736,95029,0.185603515625,Converted to GRPs using All Adult Universe size of 51.2m
ClientBrand,Digital Radio,,Promo,All Adult 30s Equiv,EXCLUDING,CTC,2019-06-10,989.3555358322775,93640,0.182890625,Converted to GRPs using All Adult Universe size of 51.2m
ClientBrand,Digital Radio,,Promo,All Adult 30s Equiv,EXCLUDING,CTC,2019-06-17,1007.6338899223015,95370,0.18626953125,Converted to GRPs using All Adult Universe size of 51.2m
ClientBrand,Digital Radio,,Promo,All Adult 30s Equiv,EXCLUDING,CTC,2019-06-24,746.2005988219825,70626,0.13794140625,Converted to GRPs using All Adult Universe size of 51.2m
ClientBrand,Digital Radio,,Promo,All Adult 30s Equiv,EXCLUDING,CTC,2019-07-01,100.4992509273454,9512,0.018578125,Converted to GRPs using All Adult Universe size of 51.2m
ClientBrand,Digital Radio,,Promo,All Adult 30s Equiv,EXCLUDING,CTC,2019-07-08,93.02942645240499,8805,0.017197265625,Converted to GRPs using All Adult Universe size of 51.2m
ClientBrand,Digital Radio,,Promo,All Adult 30s Equiv,EXCLUDING,CTC,2019-07-15,2550.633375275587,241411,0.471505859375,Converted to GRPs using All Adult Universe size of 51.2m
ClientBrand,Digital Radio,,Promo,All Adult 30s Equiv,EXCLUDING,CTC,2019-07-22,7512.477489658,711037,1.3887441406249998,Converted to GRPs using All Adult Universe size of 51.2m
ClientBrand,Digital Radio,,Promo,All Adult 30s Equiv,EXCLUDING,CTC,2019-07-29,4307.0,120991,0.236310546875,Converted to GRPs using All Adult Universe size of 51.2m
ClientBrand,Digital Radio,,Promo,All Adult 30s Equiv,EXCLUDING,CTC,2019-08-05,800.0,20546,0.04012890625,Converted to GRPs using All Adult Universe size of 51.2m
ClientBrand,Digital Radio,,Promo,All Adult 30s Equiv,EXCLUDING,CTC,2019-08-12,100.0,5624,0.010984375,Converted to GRPs using All Adult Universe size of 51.2m
ClientBrand,Digital Radio,,Promo,All Adult 30s Equiv,EXCLUDING,CTC,2019-08-19,7119.0,492465,0.961845703125,WK 34 Promo Converted to GRPs using All Adult Universe size of 51.2m
ClientBrand,Digital Radio,,Promo,All Adult 30s Equiv,EXCLUDING,CTC,2019-09-23,7058.0,499847,0.9762636718750001,Sleepmatch WK 39 Converted to GRPs using All Adult Universe size of 51.2m
ClientBrand,Digital Radio,,Promo,All Adult 30s Equiv,EXCLUDING,CTC,2019-09-23,397.6578312944423,26780,0.052304687499999995,Worcester Opening Converted to GRPs using All Adult Universe size of 51.2m
ClientBrand,Digital Radio,,Promo,All Adult 30s Equiv,EXCLUDING,CTC,2019-09-30,689.6942976151219,46447,0.090716796875,Worcester Opening Converted to GRPs using All Adult Universe size of 51.2m
ClientBrand,Digital Radio,,Promo,All Adult 30s Equiv,EXCLUDING,CTC,2019-10-07,710.7651139932702,47866,0.09348828125,Worcester Opening Converted to GRPs using All Adult Universe size of 51.2m
ClientBrand,Digital Radio,,Promo,All Adult 30s Equiv,EXCLUDING,CTC,2019-10-14,637.5740964260444,42937,0.083861328125,Worcester Opening Converted to GRPs using All Adult Universe size of 51.2m
ClientBrand,Digital Radio,,Promo,All Adult 30s Equiv,EXCLUDING,CTC,2019-10-21,399.42446371519856,21915,0.042802734375000005,Cheltenham Opening Converted to GRPs using All Adult Universe size of 51.2m
ClientBrand,Digital Radio,,Promo,All Adult 30s Equiv,EXCLUDING,CTC,2019-10-21,580.6724978629263,39105,0.07637695312500001,Worcester Opening Converted to GRPs using All Adult Universe size of 51.2m
ClientBrand,Digital Radio,,Promo,All Adult 30s Equiv,EXCLUDING,CTC,2019-10-28,437.84503270956947,24023,0.046919921875,Cheltenham Opening Converted to GRPs using All Adult Universe size of 51.2m
ClientBrand,Digital Radio,,Promo,All Adult 30s Equiv,EXCLUDING,CTC,2019-10-28,293.07590053242745,19737,0.038548828125,Worcester Opening Converted to GRPs using All Adult Universe size of 51.2m
ClientBrand,Digital Radio,,Promo,All Adult 30s Equiv,EXCLUDING,CTC,2019-11-04,262.60130838277803,14408,0.028140625000000002,Cheltenham Opening Converted to GRPs using All Adult Universe size of 51.2m
ClientBrand,Digital Radio,,Promo,All Adult 30s Equiv,EXCLUDING,CTC,2019-11-04,273.50483923122977,18419,0.035974609375,Worcester Opening Converted to GRPs using All Adult Universe size of 51.2m
ClientBrand,Digital Radio,,Promo,All Adult 30s Equiv,EXCLUDING,CTC,2019-11-11,506.9765403925149,27816,0.054328125000000005,Cheltenham Opening Converted to GRPs using All Adult Universe size of 51.2m
ClientBrand,Digital Radio,,Promo,All Adult 30s Equiv,EXCLUDING,CTC,2019-11-11,465.5625834419212,31353,0.061236328124999996,Worcester Opening Converted to GRPs using All Adult Universe size of 51.2m
ClientBrand,Digital Radio,,Promo,All Adult 30s Equiv,EXCLUDING,CTC,2019-11-18,429.78910695268524,23581,0.046056640625,Cheltenham Opening Converted to GRPs using All Adult Universe size of 51.2m
ClientBrand,Digital Radio,,Promo,All Adult 30s Equiv,EXCLUDING,CTC,2019-11-18,339.10798705269525,22837,0.044603515625,Worcester Opening Converted to GRPs using All Adult Universe size of 51.2m
ClientBrand,Digital Radio,,Promo,All Adult 30s Equiv,EXCLUDING,CTC,2019-11-25,359.1266088544044,19704,0.038484375,Cheltenham Opening Converted to GRPs using All Adult Universe size of 51.2m
ClientBrand,Digital Radio,,Promo,All Adult 30s Equiv,EXCLUDING,CTC,2019-11-25,250.31060724908193,16857,0.032923828125,Worcester Opening Converted to GRPs using All Adult Universe size of 51.2m
ClientBrand,Digital Radio,,Promo,All Adult 30s Equiv,EXCLUDING,CTC,2019-12-23,6641.45,603183,1.178091796875,Peaks 
ClientBrand,Digital Radio,,Promo,All Adult 30s Equiv,EXCLUDING,CTC,2019-12-30,1585.1428571428573,143413,0.28010351562499997,5 Store
ClientBrand,Digital Radio,,Promo,All Adult 30s Equiv,EXCLUDING,CTC,2019-12-30,5174.2991140555,466206,0.91055859375,Peak Row 1
ClientBrand,Digital Radio,,Promo,All Adult 30s Equiv,EXCLUDING,CTC,2019-12-30,5185.03919348063,462626,0.9035664062500001,Peak Row 2
ClientBrand,Digital Radio,,Promo,All Adult 30s Equiv,EXCLUDING,CTC,2020-01-06,1585.1428571428573,143413,0.28010351562499997,5 Store
ClientBrand,Digital Radio,,Promo,All Adult 30s Equiv,EXCLUDING,CTC,2020-01-06,1038.94016343799,91615,0.17893554687500002,Peaks
ClientBrand,Digital Radio,,Promo,All Adult 30s Equiv,EXCLUDING,CTC,2020-01-13,1585.1428571428573,143413,0.28010351562499997,5 Store
ClientBrand,Digital Radio,,Promo,All Adult 30s Equiv,EXCLUDING,CTC,2020-01-13,9063.181817227121,782872,1.529046875,Peaks
ClientBrand,Digital Radio,,Promo,All Adult 30s Equiv,EXCLUDING,CTC,2020-01-20,1585.1428571428573,143413,0.28010351562499997,5 Store
ClientBrand,Digital Radio,,Promo,All Adult 30s Equiv,EXCLUDING,CTC,2020-01-20,840.12247694606,75320,0.147109375,Peaks
ClientBrand,Digital Radio,,Promo,All Adult 30s Equiv,EXCLUDING,CTC,2020-01-27,1585.1428571428573,143413,0.28010351562499997,5 Store
ClientBrand,Digital Radio,,Promo,All Adult 30s Equiv,EXCLUDING,CTC,2020-02-03,1585.1428571428573,143413,0.28010351562499997,5 Store
ClientBrand,Digital Radio,,Promo,All Adult 30s Equiv,EXCLUDING,CTC,2020-02-10,1585.1428571428573,143413,0.28010351562499997,5 Store
ClientBrand,Radio,,Promo,All Adult 30s Equiv,EXCLUDING,CTC,2010-12-27,119874.0,Missing Data,Missing Data,
ClientBrand,Radio,,Promo,All Adult 30s Equiv,EXCLUDING,CTC,2011-01-03,76519.0,Missing Data,Missing Data,
ClientBrand,Radio,,Promo,All Adult 30s Equiv,EXCLUDING,CTC,2011-01-10,80486.0,Missing Data,Missing Data,
ClientBrand,Radio,,Promo,All Adult 30s Equiv,EXCLUDING,CTC,2011-01-24,15610.0,Missing Data,Missing Data,
ClientBrand,Radio,,Promo,All Adult 30s Equiv,EXCLUDING,CTC,2011-01-31,60937.0,Missing Data,Missing Data,
ClientBrand,Radio,,Promo,All Adult 30s Equiv,EXCLUDING,CTC,2011-02-07,78531.0,Missing Data,Missing Data,
ClientBrand,Radio,,Promo,All Adult 30s Equiv,EXCLUDING,CTC,2011-02-21,18284.0,Missing Data,Missing Data,
ClientBrand,Radio,,Promo,All Adult 30s Equiv,EXCLUDING,CTC,2011-02-28,77898.0,Missing Data,Missing Data,
ClientBrand,Radio,,Promo,All Adult 30s Equiv,EXCLUDING,CTC,2011-03-21,16387.0,Missing Data,Missing Data,
ClientBrand,Radio,,Promo,All Adult 30s Equiv,EXCLUDING,CTC,2011-03-28,23333.0,Missing Data,Missing Data,
ClientBrand,Radio,,Promo,All Adult 30s Equiv,EXCLUDING,CTC,2011-04-04,39867.0,Missing Data,Missing Data,
ClientBrand,Radio,,Promo,All Adult 30s Equiv,EXCLUDING,CTC,2011-04-11,47168.0,Missing Data,Missing Data,
ClientBrand,Radio,,Promo,All Adult 30s Equiv,EXCLUDING,CTC,2011-04-18,71021.0,Missing Data,Missing Data,
ClientBrand,Radio,,Promo,All Adult 30s Equiv,EXCLUDING,CTC,2011-04-25,85166.0,Missing Data,Missing Data,
ClientBrand,Radio,,Promo,All Adult 30s Equiv,EXCLUDING,CTC,2011-05-09,33142.0,Missing Data,Missing Data,
ClientBrand,Radio,,Promo,All Adult 30s Equiv,EXCLUDING,CTC,2011-05-23,49558.0,Missing Data,Missing Data,
ClientBrand,Radio,,Promo,All Adult 30s Equiv,EXCLUDING,CTC,2011-08-22,15125.0,Missing Data,Missing Data,
ClientBrand,Radio,,Promo,All Adult 30s Equiv,EXCLUDING,CTC,2011-08-29,8487.0,Missing Data,Missing Data,
ClientBrand,Radio,,Promo,All Adult 30s Equiv,EXCLUDING,CTC,2011-12-19,67949.95,Missing Data,Missing Data,
ClientBrand,Radio,,Promo,All Adult 30s Equiv,EXCLUDING,CTC,2011-12-26,118880.76,Missing Data,Missing Data,
ClientBrand,Radio,,Promo,All Adult 30s Equiv,EXCLUDING,CTC,2012-01-02,108558.97,Missing Data,Missing Data,
ClientBrand,Radio,,Promo,All Adult 30s Equiv,EXCLUDING,CTC,2012-01-09,59008.32,Missing Data,Missing Data,
ClientBrand,Radio,,Promo,All Adult 30s Equiv,EXCLUDING,CTC,2012-01-23,56697.35,Missing Data,Missing Data,
ClientBrand,Radio,,Promo,All Adult 30s Equiv,EXCLUDING,CTC,2012-01-30,60623.37,Missing Data,Missing Data,
ClientBrand,Radio,,Promo,All Adult 30s Equiv,EXCLUDING,CTC,2012-02-20,52700.0,Missing Data,Missing Data,
ClientBrand,Radio,,Promo,All Adult 30s Equiv,EXCLUDING,CTC,2012-02-27,74800.0,Missing Data,Missing Data,
ClientBrand,Radio,,Promo,All Adult 30s Equiv,EXCLUDING,CTC,2012-06-25,69994.0,Missing Data,Missing Data,
ClientBrand,Radio,,Promo,All Adult 30s Equiv,EXCLUDING,CTC,2012-07-02,7500.0,Missing Data,Missing Data,
ClientBrand,Radio,,Promo,All Adult 30s Equiv,EXCLUDING,CTC,2012-07-09,7500.0,Missing Data,Missing Data,
ClientBrand,Radio,,Promo,All Adult 30s Equiv,EXCLUDING,CTC,2012-07-16,7500.0,Missing Data,Missing Data,
ClientBrand,Radio,,Promo,All Adult 30s Equiv,EXCLUDING,CTC,2012-07-23,7500.0,Missing Data,Missing Data,
ClientBrand,Radio,,Promo,All Adult 30s Equiv,EXCLUDING,CTC,2012-08-20,106354.0,Missing Data,Missing Data,
ClientBrand,Radio,,Promo,All Adult 30s Equiv,EXCLUDING,CTC,2012-09-03,50000.0,Missing Data,Missing Data,
ClientBrand,Radio,,Promo,All Adult 30s Equiv,EXCLUDING,CTC,2012-09-10,45000.0,Missing Data,Missing Data,
ClientBrand,Radio,,Promo,All Adult 30s Equiv,EXCLUDING,CTC,2012-09-24,45000.0,Missing Data,Missing Data,
ClientBrand,Radio,,Promo,All Adult 30s Equiv,EXCLUDING,CTC,2012-12-17,33304.402,Missing Data,Missing Data,
ClientBrand,Radio,,Promo,All Adult 30s Equiv,EXCLUDING,CTC,2012-12-24,124174.43,Missing Data,Missing Data,
ClientBrand,Radio,,Promo,All Adult 30s Equiv,EXCLUDING,CTC,2012-12-31,81455.381,Missing Data,Missing Data,
ClientBrand,Radio,,Promo,All Adult 30s Equiv,EXCLUDING,CTC,2013-01-07,61279.05,Missing Data,Missing Data,
ClientBrand,Radio,,Promo,All Adult 30s Equiv,EXCLUDING,CTC,2013-01-21,66221.0,Missing Data,Missing Data,
ClientBrand,Radio,,Promo,All Adult 30s Equiv,EXCLUDING,CTC,2013-03-11,33959.2,Missing Data,Missing Data,
ClientBrand,Radio,,Promo,All Adult 30s Equiv,EXCLUDING,CTC,2013-03-25,63612.1,Missing Data,Missing Data,
ClientBrand,Radio,,Promo,All Adult 30s Equiv,EXCLUDING,CTC,2013-04-01,51616.82,Missing Data,Missing Data,
ClientBrand,Radio,,Promo,All Adult 30s Equiv,EXCLUDING,CTC,2013-04-15,43326.0,Missing Data,Missing Data,
ClientBrand,Radio,,Promo,All Adult 30s Equiv,EXCLUDING,CTC,2013-04-29,59982.55,Missing Data,Missing Data,
ClientBrand,Radio,,Promo,All Adult 30s Equiv,EXCLUDING,CTC,2013-05-06,212.54,Missing Data,Missing Data,
ClientBrand,Radio,,Promo,All Adult 30s Equiv,EXCLUDING,CTC,2013-05-13,212.54,Missing Data,Missing Data,
ClientBrand,Radio,,Promo,All Adult 30s Equiv,EXCLUDING,CTC,2013-05-20,63200.0,Missing Data,Missing Data,
ClientBrand,Radio,,Promo,All Adult 30s Equiv,EXCLUDING,CTC,2013-05-27,212.54,Missing Data,Missing Data,
ClientBrand,Radio,,Promo,All Adult 30s Equiv,EXCLUDING,CTC,2013-06-03,212.54,Missing Data,Missing Data,
ClientBrand,Radio,,Promo,All Adult 30s Equiv,EXCLUDING,CTC,2013-06-10,213.0,Missing Data,Missing Data,
ClientBrand,Radio,,Promo,All Adult 30s Equiv,EXCLUDING,CTC,2013-06-17,45801.86,Missing Data,Missing Data,
ClientBrand,Radio,,Promo,All Adult 30s Equiv,EXCLUDING,CTC,2013-06-24,212.54,Missing Data,Missing Data,
ClientBrand,Radio,,Promo,All Adult 30s Equiv,EXCLUDING,CTC,2013-07-01,213.0,Missing Data,Missing Data,
ClientBrand,Radio,,Promo,All Adult 30s Equiv,EXCLUDING,CTC,2013-07-08,212.54,Missing Data,Missing Data,
ClientBrand,Radio,,Promo,All Adult 30s Equiv,EXCLUDING,CTC,2013-07-29,49702.9,Missing Data,Missing Data,
ClientBrand,Radio,,Promo,All Adult 30s Equiv,EXCLUDING,CTC,2013-08-19,59165.95,Missing Data,Missing Data,
ClientBrand,Radio,,Promo,All Adult 30s Equiv,EXCLUDING,CTC,2013-09-02,2184.5,Missing Data,Missing Data,
ClientBrand,Radio,,Promo,All Adult 30s Equiv,EXCLUDING,CTC,2013-09-23,40912.51,Missing Data,Missing Data,
ClientBrand,Radio,,Promo,All Adult 30s Equiv,EXCLUDING,CTC,2013-10-14,51645.15,Missing Data,Missing Data,
ClientBrand,Radio,,Promo,All Adult 30s Equiv,EXCLUDING,CTC,2013-11-11,50491.0,Missing Data,Missing Data,
ClientBrand,Radio,,Promo,All Adult 30s Equiv,EXCLUDING,CTC,2013-11-18,51519.35,Missing Data,Missing Data,
ClientBrand,Radio,,Promo,All Adult 30s Equiv,EXCLUDING,CTC,2013-12-23,35476.0,28842276.42276423,52.954644039885856,calculated based on CPT for Radio (2016) and an universe size of 54466000
ClientBrand,Radio,,Promo,All Adult 30s Equiv,EXCLUDING,CTC,2013-12-30,88690.0,72105691.05691057,132.38661009971463,calculated based on CPT for Radio (2016) and an universe size of 54466000
ClientBrand,Radio,,Promo,All Adult 30s Equiv,EXCLUDING,CTC,2014-01-06,124166.0,100947967.4796748,185.34125413960047,calculated based on CPT for Radio (2016) and an universe size of 54466000
ClientBrand,Radio,,Promo,All Adult 30s Equiv,EXCLUDING,CTC,2014-01-13,48262.76,39238016.26016261,72.04130330878458,calculated based on CPT for Radio (2016) and an universe size of 54466000
ClientBrand,Radio,,Promo,All Adult 30s Equiv,EXCLUDING,CTC,2014-01-27,50917.42,41396276.42276423,76.00388576867077,calculated based on CPT for Radio (2016) and an universe size of 54466000
ClientBrand,Radio,,Promo,All Adult 30s Equiv,EXCLUDING,CTC,2014-02-24,49979.15,40633455.28455284,74.60334022060155,calculated based on CPT for Radio (2016) and an universe size of 54466000
ClientBrand,Radio,,Promo,All Adult 30s Equiv,EXCLUDING,CTC,2014-03-17,97986.43854999999,79663771.17886178,146.26330404079937,calculated based on CPT for Radio (2016) and an universe size of 54466000
ClientBrand,Radio,,Promo,All Adult 30s Equiv,EXCLUDING,CTC,2014-03-24,97986.44,79663772.35772358,146.26330620519877,calculated based on CPT for Radio (2016) and an universe size of 54466000
ClientBrand,Radio,,Promo,All Adult 30s Equiv,EXCLUDING,CTC,2014-04-07,50918.28,41396975.6097561,76.00516948143078,calculated based on CPT for Radio (2016) and an universe size of 54466000
ClientBrand,Radio,,Promo,All Adult 30s Equiv,EXCLUDING,CTC,2014-04-14,88975.0,72337398.37398374,132.81202653762668,calculated based on CPT for Radio (2016) and an universe size of 54466000
ClientBrand,Radio,,Promo,All Adult 30s Equiv,EXCLUDING,CTC,2014-04-21,1400.0,1138211.382113821,2.0897649581643982,calculated based on CPT for Radio (2016) and an universe size of 54466000
ClientBrand,Radio,,Promo,All Adult 30s Equiv,EXCLUDING,CTC,2014-04-28,97530.0,79292682.92682926,145.58198312126694,calculated based on CPT for Radio (2016) and an universe size of 54466000
ClientBrand,Radio,,Promo,All Adult 30s Equiv,EXCLUDING,CTC,2014-05-05,47784.45,38849146.34146341,71.32733511082769,calculated based on CPT for Radio (2016) and an universe size of 54466000
ClientBrand,Radio,,Promo,All Adult 30s Equiv,EXCLUDING,CTC,2014-05-12,85447.1,69469186.99186993,127.54596811197798,calculated based on CPT for Radio (2016) and an universe size of 54466000
ClientBrand,Radio,,Promo,All Adult 30s Equiv,EXCLUDING,CTC,2014-05-19,98913.65,80417601.62601626,147.64734261009852,calculated based on CPT for Radio (2016) and an universe size of 54466000
ClientBrand,Radio,,Promo,All Adult 30s Equiv,EXCLUDING,CTC,2014-05-26,74794.05,60808170.73170732,111.64427483513994,calculated based on CPT for Radio (2016) and an universe size of 54466000
ClientBrand,Radio,,Promo,All Adult 30s Equiv,EXCLUDING,CTC,2014-06-02,79435.72,64581886.17886179,118.57284577325633,calculated based on CPT for Radio (2016) and an universe size of 54466000
ClientBrand,Radio,,Promo,All Adult 30s Equiv,EXCLUDING,CTC,2014-06-09,79486.9,64623495.934959345,118.64924160936978,calculated based on CPT for Radio (2016) and an universe size of 54466000
ClientBrand,Radio,,Promo,All Adult 30s Equiv,EXCLUDING,CTC,2014-06-16,79524.3,64653902.439024396,118.7050681875379,calculated based on CPT for Radio (2016) and an universe size of 54466000
ClientBrand,Radio,,Promo,All Adult 30s Equiv,EXCLUDING,CTC,2014-07-14,79169.8,64365691.056910574,118.17590984634556,calculated based on CPT for Radio (2016) and an universe size of 54466000
ClientBrand,Radio,,Promo,All Adult 30s Equiv,EXCLUDING,CTC,2014-07-21,79472.07,64611439.02439025,118.62710502770581,calculated based on CPT for Radio (2016) and an universe size of 54466000
ClientBrand,Radio,,Promo,All Adult 30s Equiv,EXCLUDING,CTC,2014-08-04,456.02,370747.9674796748,0.6806961544443778,calculated based on CPT for Radio (2016) and an universe size of 54466000
ClientBrand,Radio,,Promo,All Adult 30s Equiv,EXCLUDING,CTC,2014-08-11,456.03,370756.0975609756,0.680711081336936,calculated based on CPT for Radio (2016) and an universe size of 54466000
ClientBrand,Radio,,Promo,All Adult 30s Equiv,EXCLUDING,CTC,2014-08-18,79714.03,64808154.47154471,118.98827612004685,calculated based on CPT for Radio (2016) and an universe size of 54466000
ClientBrand,Radio,,Promo,All Adult 30s Equiv,EXCLUDING,CTC,2014-08-25,69569.72,56560747.967479676,103.84597357522065,calculated based on CPT for Radio (2016) and an universe size of 54466000
ClientBrand,Radio,,Promo,All Adult 30s Equiv,EXCLUDING,CTC,2014-09-01,3185.245,2589630.081300813,4.754580988691685,calculated based on CPT for Radio (2016) and an universe size of 54466000
ClientBrand,Radio,,Promo,All Adult 30s Equiv,EXCLUDING,CTC,2014-09-08,69347.495,56380077.23577236,103.51426070534345,calculated based on CPT for Radio (2016) and an universe size of 54466000
ClientBrand,Radio,,Promo,All Adult 30s Equiv,EXCLUDING,CTC,2014-09-15,680.62,553349.593495935,1.0159541613041805,calculated based on CPT for Radio (2016) and an universe size of 54466000
ClientBrand,Radio,,Promo,All Adult 30s Equiv,EXCLUDING,CTC,2014-09-22,680.62,553349.593495935,1.0159541613041805,calculated based on CPT for Radio (2016) and an universe size of 54466000
ClientBrand,Radio,,Promo,All Adult 30s Equiv,EXCLUDING,CTC,2014-09-29,3471.73,2822544.7154471544,5.182214070148633,calculated based on CPT for Radio (2016) and an universe size of 54466000
ClientBrand,Radio,,Promo,All Adult 30s Equiv,EXCLUDING,CTC,2014-10-06,68274.76,55507934.959349595,101.91300069648881,calculated based on CPT for Radio (2016) and an universe size of 54466000
ClientBrand,Radio,,Promo,All Adult 30s Equiv,EXCLUDING,CTC,2014-10-13,2186.34,1777512.1951219514,3.263526227595108,calculated based on CPT for Radio (2016) and an universe size of 54466000
ClientBrand,Radio,,Promo,All Adult 30s Equiv,EXCLUDING,CTC,2014-10-20,707.56,575252.0325203252,1.0561672098562869,calculated based on CPT for Radio (2016) and an universe size of 54466000
ClientBrand,Radio,,Promo,All Adult 30s Equiv,EXCLUDING,CTC,2014-10-27,61827.27,50266073.1707317,92.28890164640639,calculated based on CPT for Radio (2016) and an universe size of 54466000
ClientBrand,Radio,,Promo,All Adult 30s Equiv,EXCLUDING,CTC,2014-11-10,707.56,575252.0325203252,1.0561672098562869,calculated based on CPT for Radio (2016) and an universe size of 54466000
ClientBrand,Radio,,Promo,All Adult 30s Equiv,EXCLUDING,CTC,2014-11-17,93810.43,76268642.27642275,140.029820945953,calculated based on CPT for Radio (2016) and an universe size of 54466000
ClientBrand,Radio,,Promo,All Adult 30s Equiv,EXCLUDING,CTC,2014-12-01,18750.0,15243902.43902439,27.987923546844616,calculated based on CPT for Radio (2016) and an universe size of 54466000
ClientBrand,Radio,,Promo,All Adult 30s Equiv,EXCLUDING,CTC,2014-12-08,19457.56,15819154.471544717,29.044090756700907,calculated based on CPT for Radio (2016) and an universe size of 54466000
ClientBrand,Radio,,Promo,All Adult 30s Equiv,EXCLUDING,CTC,2014-12-15,19452.53,15815065.040650407,29.03658252974407,calculated based on CPT for Radio (2016) and an universe size of 54466000
ClientBrand,Radio,,Promo,All Adult 30s Equiv,EXCLUDING,CTC,2014-12-22,96750.0,78658536.58536586,144.41768550171824,calculated based on CPT for Radio (2016) and an universe size of 54466000
ClientBrand,Radio,,Promo,All Adult 30s Equiv,EXCLUDING,CTC,2014-12-29,100215.6,81476097.56097561,149.59074938672862,calculated based on CPT for Radio (2016) and an universe size of 54466000
ClientBrand,Radio,,Promo,All Adult 30s Equiv,EXCLUDING,CTC,2015-01-05,114964.68999999999,93467227.6422764,171.60655756302356,calculated based on CPT for Radio (2016) and an universe size of 54466000
ClientBrand,Radio,,Promo,All Adult 30s Equiv,EXCLUDING,CTC,2015-01-12,75838.79,61657552.84552845,113.20374700827756,calculated based on CPT for Radio (2016) and an universe size of 54466000
ClientBrand,Radio,,Promo,All Adult 30s Equiv,EXCLUDING,CTC,2015-01-26,75792.77,61620138.21138211,113.1350534487242,calculated based on CPT for Radio (2016) and an universe size of 54466000
ClientBrand,Radio,,Promo,All Adult 30s Equiv,EXCLUDING,CTC,2015-02-09,1229.1,999268.2926829269,1.8346643643427585,calculated based on CPT for Radio (2016) and an universe size of 54466000
ClientBrand,Radio,,Promo,All Adult 30s Equiv,EXCLUDING,CTC,2015-02-16,74796.84,60810439.02439024,111.64843943816372,calculated based on CPT for Radio (2016) and an universe size of 54466000
ClientBrand,Radio,,Promo,All Adult 30s Equiv,EXCLUDING,CTC,2015-02-23,76043.42,61823918.699186996,113.5091960106984,calculated based on CPT for Radio (2016) and an universe size of 54466000
ClientBrand,Radio,,Promo,All Adult 30s Equiv,EXCLUDING,CTC,2015-03-02,267.104,217157.72357723577,0.39870327098967384,calculated based on CPT for Radio (2016) and an universe size of 54466000 Converted from gross costs to CTC using 0.85 assumption
ClientBrand,Radio,,Promo,All Adult 30s Equiv,EXCLUDING,CTC,2015-03-23,797.317,648225.2032520325,1.190146519391974,calculated based on CPT for Radio (2016) and an universe size of 54466000 Converted from gross costs to CTC using 0.85 assumption
ClientBrand,Radio,,Promo,All Adult 30s Equiv,EXCLUDING,CTC,2015-03-30,153692.24850000002,124953047.56097563,229.41476804056774,calculated based on CPT for Radio (2016) and an universe size of 54466000 Converted from gross costs to CTC using 0.85 assumption
ClientBrand,Radio,,Promo,All Adult 30s Equiv,EXCLUDING,CTC,2015-04-06,101769.14000000003,82739138.21138214,151.90970185323346,calculated based on CPT for Radio (2016) and an universe size of 54466000 Converted from gross costs to CTC using 0.85 assumption
ClientBrand,Radio,,Promo,All Adult 30s Equiv,EXCLUDING,CTC,2015-04-27,119885.27499999997,97467703.25203249,178.95146192493021,calculated based on CPT for Radio (2016) and an universe size of 54466000 Converted from gross costs to CTC using 0.85 assumption
ClientBrand,Radio,,Promo,All Adult 30s Equiv,EXCLUDING,CTC,2015-05-18,87563.35350000003,71189718.29268296,130.70487697404428,calculated based on CPT for Radio (2016) and an universe size of 54466000 Converted from gross costs to CTC using 0.85 assumption
ClientBrand,Radio,,Promo,All Adult 30s Equiv,EXCLUDING,CTC,2015-05-25,354.195,287963.4146341463,0.5287030709693136,calculated based on CPT for Radio (2016) and an universe size of 54466000 Converted from gross costs to CTC using 0.85 assumption
ClientBrand,Radio,,Promo,All Adult 30s Equiv,EXCLUDING,CTC,2015-06-01,982.0730000000001,798433.3333333334,1.465929815542418,calculated based on CPT for Radio (2016) and an universe size of 54466000 Converted from gross costs to CTC using 0.85 assumption
ClientBrand,Radio,,Promo,All Adult 30s Equiv,EXCLUDING,CTC,2015-06-08,727.1325,591164.6341463416,1.0853828703160533,calculated based on CPT for Radio (2016) and an universe size of 54466000 Converted from gross costs to CTC using 0.85 assumption
ClientBrand,Radio,,Promo,All Adult 30s Equiv,EXCLUDING,CTC,2015-06-15,52970.325500000006,43065305.28455285,79.06823575175862,calculated based on CPT for Radio (2016) and an universe size of 54466000 Converted from gross costs to CTC using 0.85 assumption
ClientBrand,Radio,,Promo,All Adult 30s Equiv,EXCLUDING,CTC,2015-06-22,54873.01649999998,44612208.53658535,81.9083621646263,calculated based on CPT for Radio (2016) and an universe size of 54466000 Converted from gross costs to CTC using 0.85 assumption
ClientBrand,Radio,,Promo,All Adult 30s Equiv,EXCLUDING,CTC,2015-06-29,3417.629,2778560.162601626,5.101458088718881,calculated based on CPT for Radio (2016) and an universe size of 54466000 Converted from gross costs to CTC using 0.85 assumption
ClientBrand,Radio,,Promo,All Adult 30s Equiv,EXCLUDING,CTC,2015-07-06,3290.3585,2675088.2113821134,4.911482780784551,calculated based on CPT for Radio (2016) and an universe size of 54466000 Converted from gross costs to CTC using 0.85 assumption
ClientBrand,Radio,,Promo,All Adult 30s Equiv,EXCLUDING,CTC,2015-07-13,1011.3725000000001,822254.0650406505,1.5096648643936594,calculated based on CPT for Radio (2016) and an universe size of 54466000 Converted from gross costs to CTC using 0.85 assumption
ClientBrand,Radio,,Promo,All Adult 30s Equiv,EXCLUDING,CTC,2015-07-20,99213.83600000002,80661655.28455286,148.09542702704965,calculated based on CPT for Radio (2016) and an universe size of 54466000 Converted from gross costs to CTC using 0.85 assumption
ClientBrand,Radio,,Promo,All Adult 30s Equiv,EXCLUDING,CTC,2015-08-10,1401.0890000000002,1139096.7479674798,2.0913904967639994,calculated based on CPT for Radio (2016) and an universe size of 54466000 Converted from gross costs to CTC using 0.85 assumption
ClientBrand,Radio,,Promo,All Adult 30s Equiv,EXCLUDING,CTC,2015-08-17,1773.2359999999999,1441655.2845528454,2.6468903252540033,calculated based on CPT for Radio (2016) and an universe size of 54466000 Converted from gross costs to CTC using 0.85 assumption
ClientBrand,Radio,,Promo,All Adult 30s Equiv,EXCLUDING,CTC,2015-08-24,157436.21800000008,127996925.2032521,235.00335108737946,calculated based on CPT for Radio (2016) and an universe size of 54466000 Converted from gross costs to CTC using 0.85 assumption
ClientBrand,Radio,,Promo,All Adult 30s Equiv,EXCLUDING,CTC,2015-08-31,1018.4190000000001,827982.9268292685,1.5201830992348775,calculated based on CPT for Radio (2016) and an universe size of 54466000 Converted from gross costs to CTC using 0.85 assumption
ClientBrand,Radio,,Promo,All Adult 30s Equiv,EXCLUDING,CTC,2015-09-07,100780.42850000001,81935307.72357725,150.4338628200662,calculated based on CPT for Radio (2016) and an universe size of 54466000 Converted from gross costs to CTC using 0.85 assumption
ClientBrand,Radio,,Promo,All Adult 30s Equiv,EXCLUDING,CTC,2015-09-14,4419.065,3592735.772357723,6.596290846321969,calculated based on CPT for Radio (2016) and an universe size of 54466000 Converted from gross costs to CTC using 0.85 assumption
ClientBrand,Radio,,Promo,All Adult 30s Equiv,EXCLUDING,CTC,2015-09-21,2143.2324999999996,1742465.4471544714,3.1991801254993417,calculated based on CPT for Radio (2016) and an universe size of 54466000 Converted from gross costs to CTC using 0.85 assumption
ClientBrand,Radio,,Promo,All Adult 30s Equiv,EXCLUDING,CTC,2015-09-28,2153.7045,1750979.2682926827,3.2148115673864117,calculated based on CPT for Radio (2016) and an universe size of 54466000 Converted from gross costs to CTC using 0.85 assumption
ClientBrand,Radio,,Promo,All Adult 30s Equiv,EXCLUDING,CTC,2015-10-05,100118.8395,81397430.48780489,149.44631602798972,calculated based on CPT for Radio (2016) and an universe size of 54466000 Converted from gross costs to CTC using 0.85 assumption
ClientBrand,Radio,,Promo,All Adult 30s Equiv,EXCLUDING,CTC,2015-10-12,1286.7555,1046142.6829268293,1.9207261097323638,calculated based on CPT for Radio (2016) and an universe size of 54466000 Converted from gross costs to CTC using 0.85 assumption
ClientBrand,Radio,,Promo,All Adult 30s Equiv,EXCLUDING,CTC,2015-10-19,1286.7555,1046142.6829268293,1.9207261097323638,calculated based on CPT for Radio (2016) and an universe size of 54466000 Converted from gross costs to CTC using 0.85 assumption
ClientBrand,Radio,,Promo,All Adult 30s Equiv,EXCLUDING,CTC,2015-10-26,103975.927,84533273.98373984,155.20374909804252,calculated based on CPT for Radio (2016) and an universe size of 54466000 Converted from gross costs to CTC using 0.85 assumption
ClientBrand,Radio,,Promo,All Adult 30s Equiv,EXCLUDING,CTC,2015-11-02,7811.414999999999,6350743.902439023,11.660015243342677,calculated based on CPT for Radio (2016) and an universe size of 54466000 Converted from gross costs to CTC using 0.85 assumption
ClientBrand,Radio,,Promo,All Adult 30s Equiv,EXCLUDING,CTC,2015-11-09,7948.0525,6461831.300813008,11.863972571536387,calculated based on CPT for Radio (2016) and an universe size of 54466000 Converted from gross costs to CTC using 0.85 assumption
ClientBrand,Radio,,Promo,All Adult 30s Equiv,EXCLUDING,CTC,2015-11-16,3192.4215,2595464.634146341,4.765293273136161,calculated based on CPT for Radio (2016) and an universe size of 54466000 Converted from gross costs to CTC using 0.85 assumption
ClientBrand,Radio,,Promo,All Adult 30s Equiv,EXCLUDING,CTC,2015-11-23,5802.967000000001,4717859.349593497,8.662026492845989,calculated based on CPT for Radio (2016) and an universe size of 54466000 Converted from gross costs to CTC using 0.85 assumption
ClientBrand,Radio,,Promo,All Adult 30s Equiv,EXCLUDING,CTC,2015-11-30,1813.866,1474687.8048780488,2.707538289718446,calculated based on CPT for Radio (2016) and an universe size of 54466000 Converted from gross costs to CTC using 0.85 assumption
ClientBrand,Radio,,Promo,All Adult 30s Equiv,EXCLUDING,CTC,2015-12-07,3979.8020000000006,3235611.3821138213,5.940607685737564,calculated based on CPT for Radio (2016) and an universe size of 54466000 Converted from gross costs to CTC using 0.85 assumption
ClientBrand,Radio,,Promo,All Adult 30s Equiv,EXCLUDING,CTC,2015-12-14,1064.3615,865334.5528455285,1.588760975370926,calculated based on CPT for Radio (2016) and an universe size of 54466000 Converted from gross costs to CTC using 0.85 assumption
ClientBrand,Radio,,Promo,All Adult 30s Equiv,EXCLUDING,CTC,2015-12-21,135181.193147,109903409.06260164,201.78351460103855,calculated based on CPT for Radio (2016) and an universe size of 54466000 Converted from gross costs to CTC using 0.85 assumption
ClientBrand,Radio,,Promo,All Adult 30s Equiv,EXCLUDING,CTC,2015-12-28,112312.19999999998,91310731.70731705,167.6472142388225,calculated based on CPT for Radio (2016) and an universe size of 54466000 Converted from gross costs to CTC using 0.85 assumption
ClientBrand,Radio,,Promo,All Adult 30s Equiv,EXCLUDING,CTC,2016-01-04,91853.95534361321,70154240.00000001,137.02,Calculated impressions based on Uni of 51.2m
ClientBrand,Radio,,Promo,All Adult 30s Equiv,EXCLUDING,CTC,2016-01-11,93596.91464804609,71485440,139.62,Calculated impressions based on Uni of 51.2m
ClientBrand,Radio,,Promo,All Adult 30s Equiv,EXCLUDING,CTC,2016-01-18,93730.98844069477,71587840,139.82,Calculated impressions based on Uni of 51.2m
ClientBrand,Radio,,Promo,All Adult 30s Equiv,EXCLUDING,CTC,2016-01-25,556.4062394920372,424960,0.83,Calculated impressions based on Uni of 51.2m
ClientBrand,Radio,,Promo,All Adult 30s Equiv,EXCLUDING,CTC,2016-02-08,95567.79939998174,72990720,142.56,Calculated impressions based on Uni of 51.2m
ClientBrand,Radio,,Promo,All Adult 30s Equiv,EXCLUDING,CTC,2016-02-22,94884.02305747345,72468480,141.54,Calculated impressions based on Uni of 51.2m
ClientBrand,Radio,,Promo,All Adult 30s Equiv,EXCLUDING,CTC,2016-03-14,53810.5166795492,41098240,80.27,Calculated impressions based on Uni of 51.2m
ClientBrand,Radio,,Promo,All Adult 30s Equiv,EXCLUDING,CTC,2016-03-21,73304.84613066781,55987200,109.35,Calculated impressions based on Uni of 51.2m
ClientBrand,Radio,,Promo,All Adult 30s Equiv,EXCLUDING,CTC,2016-03-28,70496.00017467789,53841920,105.16,Calculated impressions based on Uni of 51.2m
ClientBrand,Radio,,Promo,All Adult 30s Equiv,EXCLUDING,CTC,2016-04-25,82777.15958129732,63221760,123.48,Calculated impressions based on Uni of 51.2m
ClientBrand,Radio,,Promo,All Adult 30s Equiv,EXCLUDING,CTC,2016-05-16,589.9246876542082,450560,0.88,Calculated impressions based on Uni of 51.2m
ClientBrand,Radio,,Promo,All Adult 30s Equiv,EXCLUDING,CTC,2016-05-23,75389.69360635483,57579520,112.46,Calculated impressions based on Uni of 51.2m
ClientBrand,Radio,,Promo,All Adult 30s Equiv,EXCLUDING,CTC,2016-05-30,811.1464455245364,619520,1.21,Calculated impressions based on Uni of 51.2m
ClientBrand,Radio,,Promo,All Adult 30s Equiv,EXCLUDING,CTC,2016-06-06,703.8874114055894,537600,1.05,Calculated impressions based on Uni of 51.2m
ClientBrand,Radio,,Promo,All Adult 30s Equiv,EXCLUDING,CTC,2016-06-13,1106.1087893516406,844800,1.65,Calculated impressions based on Uni of 51.2m
ClientBrand,Radio,,Promo,All Adult 30s Equiv,EXCLUDING,CTC,2016-06-20,1166.4419960435482,890880,1.74,Calculated impressions based on Uni of 51.2m
ClientBrand,Radio,,Promo,All Adult 30s Equiv,EXCLUDING,CTC,2016-06-27,1481.5154087679548,1131520,2.21,Calculated impressions based on Uni of 51.2m
ClientBrand,Radio,,Promo,All Adult 30s Equiv,EXCLUDING,CTC,2016-07-04,12582.825440078965,9610240,18.77,Calculated impressions based on Uni of 51.2m
ClientBrand,Radio,,Promo,All Adult 30s Equiv,EXCLUDING,CTC,2016-07-11,19755.773346783542,15088640,29.47,Calculated impressions based on Uni of 51.2m
ClientBrand,Radio,,Promo,All Adult 30s Equiv,EXCLUDING,CTC,2016-07-18,76683.50570541463,58567680,114.39,Calculated impressions based on Uni of 51.2m
ClientBrand,Radio,,Promo,All Adult 30s Equiv,EXCLUDING,CTC,2016-07-25,2761.920128562884,2109440,4.12,Calculated impressions based on Uni of 51.2m
ClientBrand,Radio,,Promo,All Adult 30s Equiv,EXCLUDING,CTC,2016-08-01,3184.2525754062376,2432000,4.75,Calculated impressions based on Uni of 51.2m
ClientBrand,Radio,,Promo,All Adult 30s Equiv,EXCLUDING,CTC,2016-08-08,1374.2563746490077,1049599.9999999998,2.05,Calculated impressions based on Uni of 51.2m
ClientBrand,Radio,,Promo,All Adult 30s Equiv,EXCLUDING,CTC,2016-08-22,69336.26186826678,52956160,103.43,Calculated impressions based on Uni of 51.2m
ClientBrand,Radio,,Promo,All Adult 30s Equiv,EXCLUDING,CTC,2016-09-12,77320.35622049589,59054080,115.34,Calculated impressions based on Uni of 51.2m
ClientBrand,Radio,,Promo,All Adult 30s Equiv,EXCLUDING,CTC,2016-09-19,757.5169284650628,578559.9999999999,1.13,Calculated impressions based on Uni of 51.2m
ClientBrand,Radio,,Promo,All Adult 30s Equiv,EXCLUDING,CTC,2016-09-26,227.92544750276227,174080,0.34,Calculated impressions based on Uni of 51.2m
ClientBrand,Radio,,Promo,All Adult 30s Equiv,EXCLUDING,CTC,2016-10-24,51799.40978981894,39562240,77.27,Calculated impressions based on Uni of 51.2m
ClientBrand,Radio,,Promo,All Adult 30s Equiv,EXCLUDING,CTC,2016-11-21,113.96272375138113,87040,0.17,Calculated impressions based on Uni of 51.2m
ClientBrand,Radio,,Promo,All Adult 30s Equiv,EXCLUDING,CTC,2016-11-28,201.11068897302553,153600,0.3,Calculated impressions based on Uni of 51.2m
ClientBrand,Radio,,Promo,All Adult 30s Equiv,EXCLUDING,CTC,2016-12-05,14674.37660539843,11207680,21.89,Calculated impressions based on Uni of 51.2m
ClientBrand,Radio,,Promo,All Adult 30s Equiv,EXCLUDING,CTC,2016-12-12,415.62875721091945,317440,0.62,Calculated impressions based on Uni of 51.2m
ClientBrand,Radio,,Promo,All Adult 30s Equiv,EXCLUDING,CTC,2016-12-19,129528.69107789332,98928640,193.22,Calculated impressions based on Uni of 51.2m
ClientBrand,Radio,,Promo,All Adult 30s Equiv,EXCLUDING,CTC,2016-12-26,120525.6359015342,92052480,179.79,Calculated impressions based on Uni of 51.2m
ClientBrand,Radio,,Promo,All Adult 30s Equiv,EXCLUDING,CTC,2017-01-02,84231.86023153554,64332800,125.65,Calculated impressions based on Uni of 51.2m
ClientBrand,Radio,,Promo,All Adult 30s Equiv,EXCLUDING,CTC,2017-01-09,84131.30488704902,64256000,125.5,Calculated impressions based on Uni of 51.2m
ClientBrand,Radio,,Promo,All Adult 30s Equiv,EXCLUDING,CTC,2017-01-16,84587.15578205454,64604160,126.18,Calculated impressions based on Uni of 51.2m
ClientBrand,Radio,,Promo,All Adult 30s Equiv,EXCLUDING,CTC,2017-02-06,80605.16414038863,61562880,120.24,Calculated impressions based on Uni of 51.2m
ClientBrand,Radio,,Promo,All Adult 30s Equiv,EXCLUDING,CTC,2017-02-20,81242.01465546987,62049280,121.19,Calculated impressions based on Uni of 51.2m
ClientBrand,Radio,,Promo,All Adult 30s Equiv,EXCLUDING,CTC,2017-04-03,341.88817125414346,261120,0.51,Calculated impressions based on Uni of 51.2m
ClientBrand,Radio,,Promo,All Adult 30s Equiv,EXCLUDING,CTC,2017-04-10,72520.51444367302,55388160,108.18,Calculated impressions based on Uni of 51.2m
ClientBrand,Radio,,Promo,All Adult 30s Equiv,EXCLUDING,CTC,2017-04-17,429.0361364757878,327680,0.64,Calculated impressions based on Uni of 51.2m
ClientBrand,Radio,,Promo,All Adult 30s Equiv,EXCLUDING,CTC,2017-04-24,70288.18579607242,53683200,104.85,Calculated impressions based on Uni of 51.2m
ClientBrand,Radio,,Promo,All Adult 30s Equiv,EXCLUDING,CTC,2017-05-22,36186.51663587973,27637760,53.98,Calculated impressions based on Uni of 51.2m
ClientBrand,Radio,,Promo,All Adult 30s Equiv,EXCLUDING,CTC,2017-07-17,1816.699890389664,1387520,2.71,Calculated impressions based on Uni of 51.2m
ClientBrand,Radio,,Promo,All Adult 30s Equiv,EXCLUDING,CTC,2017-07-24,516.1841016974322,394240,0.77,Calculated impressions based on Uni of 51.2m
ClientBrand,Radio,,Promo,All Adult 30s Equiv,EXCLUDING,CTC,2017-07-31,1032.3682033948644,788480,1.54,Calculated impressions based on Uni of 51.2m
ClientBrand,Radio,,Promo,All Adult 30s Equiv,EXCLUDING,CTC,2017-08-07,1669.2187184761121,1274880.0000000002,2.49,Calculated impressions based on Uni of 51.2m
ClientBrand,Radio,,Promo,All Adult 30s Equiv,EXCLUDING,CTC,2017-08-14,1407.7748228111789,1075200,2.1,Calculated impressions based on Uni of 51.2m
ClientBrand,Radio,,Promo,All Adult 30s Equiv,EXCLUDING,CTC,2017-08-21,100240.27107378836,76559360,149.53,Calculated impressions based on Uni of 51.2m
ClientBrand,Radio,,Promo,All Adult 30s Equiv,EXCLUDING,CTC,2017-08-28,1870.3294074491378,1428480,2.79,Calculated impressions based on Uni of 51.2m
ClientBrand,Radio,,Promo,All Adult 30s Equiv,EXCLUDING,CTC,2017-09-04,2091.551165319466,1597440,3.12,Calculated impressions based on Uni of 51.2m
ClientBrand,Radio,,Promo,All Adult 30s Equiv,EXCLUDING,CTC,2017-09-11,76817.57949806332,58670080,114.59,Calculated impressions based on Uni of 51.2m
ClientBrand,Radio,,Promo,All Adult 30s Equiv,EXCLUDING,CTC,2017-09-18,154.18486154598625,117760,0.23,Calculated impressions based on Uni of 51.2m
ClientBrand,Radio,,Promo,All Adult 30s Equiv,EXCLUDING,CTC,2017-09-25,154.18486154598625,117760,0.23,Calculated impressions based on Uni of 51.2m
ClientBrand,Radio,,Promo,All Adult 30s Equiv,EXCLUDING,CTC,2017-10-02,603.3320669190766,460800,0.9,Calculated impressions based on Uni of 51.2m
ClientBrand,Radio,,Promo,All Adult 30s Equiv,EXCLUDING,CTC,2017-10-09,683.7763425082869,522240,1.02,Calculated impressions based on Uni of 51.2m
ClientBrand,Radio,,Promo,All Adult 30s Equiv,EXCLUDING,CTC,2017-10-16,1213.3678234705874,926720,1.81,Calculated impressions based on Uni of 51.2m
ClientBrand,Radio,,Promo,All Adult 30s Equiv,EXCLUDING,CTC,2017-10-23,70066.96403820209,53514240,104.52,Calculated impressions based on Uni of 51.2m
ClientBrand,Radio,,Promo,All Adult 30s Equiv,EXCLUDING,CTC,2017-10-30,677.0726528758527,517120,1.01,Calculated impressions based on Uni of 51.2m
ClientBrand,Radio,,Promo,All Adult 30s Equiv,EXCLUDING,CTC,2017-11-06,770.9243077299311,588799.9999999999,1.15,Calculated impressions based on Uni of 51.2m
ClientBrand,Radio,,Promo,All Adult 30s Equiv,EXCLUDING,CTC,2017-11-13,791.0353766272337,604160,1.18,Calculated impressions based on Uni of 51.2m
ClientBrand,Radio,,Promo,All Adult 30s Equiv,EXCLUDING,CTC,2017-11-20,449.1472053730904,343040,0.67,Calculated impressions based on Uni of 51.2m
ClientBrand,Radio,,Promo,All Adult 30s Equiv,EXCLUDING,CTC,2017-11-27,1112.8124789840745,849920,1.66,Calculated impressions based on Uni of 51.2m
ClientBrand,Radio,,Promo,All Adult 30s Equiv,EXCLUDING,CTC,2017-12-04,127.37010301624952,97280,0.19,Calculated impressions based on Uni of 51.2m
ClientBrand,Radio,,Promo,All Adult 30s Equiv,EXCLUDING,CTC,2017-12-18,115846.46053809514,88478720,172.81,Calculated impressions based on Uni of 51.2m
ClientBrand,Radio,,Promo,All Adult 30s Equiv,EXCLUDING,CTC,2017-12-25,178713.66191106293,136494079.99999997,266.59,Calculated impressions based on Uni of 51.2m
ClientBrand,Radio,,Promo,All Adult 30s Equiv,EXCLUDING,CTC,2018-01-01,79712.915,69485710.87,126.91,Adults impacts - Equiv
ClientBrand,Radio,,Promo,All Adult 30s Equiv,EXCLUDING,CTC,2018-01-08,82415.473,73332546.42,133.94,Adults impacts - Equiv
ClientBrand,Radio,,Promo,All Adult 30s Equiv,EXCLUDING,CTC,2018-01-15,80071.6235,70444536.91,128.66,Adults impacts - Equiv
ClientBrand,Radio,,Promo,All Adult 30s Equiv,EXCLUDING,CTC,2018-01-22,80195.8425,70994774.17,129.67,Adults impacts - Equiv
ClientBrand,Radio,,Promo,All Adult 30s Equiv,EXCLUDING,CTC,2018-01-29,362.8225,389725.5,0.71,Adults impacts - Equiv
ClientBrand,Radio,,Promo,All Adult 30s Equiv,EXCLUDING,CTC,2018-02-05,85246.6105,56204791.43,102.65,Adults impacts - Equiv
ClientBrand,Radio,,Promo,All Adult 30s Equiv,EXCLUDING,CTC,2018-02-12,532.015,415328.06,0.76,Adults impacts - Equiv
ClientBrand,Radio,,Promo,All Adult 30s Equiv,EXCLUDING,CTC,2018-02-19,25295.626,48173780.49,87.99,Adults impacts - Equiv
ClientBrand,Radio,,Promo,All Adult 30s Equiv,EXCLUDING,CTC,2018-03-26,22219.85,51140545.13,93.4,Adults impacts - Equiv
ClientBrand,Radio,,Promo,All Adult 30s Equiv,EXCLUDING,CTC,2018-04-16,176.73199999999997,197804.67,0.36,Adults impacts - Equiv
ClientBrand,Radio,,Promo,All Adult 30s Equiv,EXCLUDING,CTC,2018-04-23,501.56800000000004,558055.67,1.02,Adults impacts - Equiv
ClientBrand,Radio,,Promo,All Adult 30s Equiv,EXCLUDING,CTC,2018-04-30,25467.8955,61667732.93,112.63,Adults impacts - Equiv
ClientBrand,Radio,,Promo,All Adult 30s Equiv,EXCLUDING,CTC,2018-05-07,663.6885,634806.26,1.16,Adults impacts - Equiv
ClientBrand,Radio,,Promo,All Adult 30s Equiv,EXCLUDING,CTC,2018-05-14,754.0435,753332.07,1.38,Adults impacts - Equiv
ClientBrand,Radio,,Promo,All Adult 30s Equiv,EXCLUDING,CTC,2018-05-21,24966.302,64022659.39,116.93,Adults impacts - Equiv
ClientBrand,Radio,,Promo,All Adult 30s Equiv,EXCLUDING,CTC,2018-08-06,961.537,585633.87,1.07,Adults impacts - Equiv
ClientBrand,Radio,,Promo,All Adult 30s Equiv,EXCLUDING,CTC,2018-08-13,1022.0400000000001,730606.28,1.33,Adults impacts - Equiv
ClientBrand,Radio,,Promo,All Adult 30s Equiv,EXCLUDING,CTC,2018-08-20,24968.7245,68676300.27,125.43,Adults impacts - Equiv
ClientBrand,Radio,,Promo,All Adult 30s Equiv,EXCLUDING,CTC,2018-08-27,991.4230000000001,382465.61,0.7,Adults impacts - Equiv
ClientBrand,Radio,,Promo,All Adult 30s Equiv,EXCLUDING,CTC,2018-09-17,24972.0055,46477810.2,84.89,Adults impacts - Equiv
ClientBrand,Radio,,Promo,All Adult 30s Equiv,EXCLUDING,CTC,2018-10-22,88119.4745,59243174.95,108.2,Adults impacts - Equiv
ClientBrand,Radio,,Promo,All Adult 30s Equiv,EXCLUDING,CTC,2018-12-10,12053.9095,8149152.2,14.88,Adults impacts - Equiv
ClientBrand,Radio,,Promo,All Adult 30s Equiv,EXCLUDING,CTC,2018-12-17,28866.0,85200663.13,155.61,Adults impacts - Equiv
ClientBrand,Radio,,Promo,All Adult 30s Equiv,EXCLUDING,CTC,2018-12-24,84826.3365,101679950.36,185.71,Adults impacts - Equiv
ClientBrand,Radio,,Promo,All Adult 30s Equiv,EXCLUDING,CTC,2018-12-31,92016.0,73339425,134.05,Adults impacts - Equiv
ClientBrand,Radio,,Promo,All Adult 30s Equiv,EXCLUDING,CTC,2019-01-07,80282.0,87933877,105.09,Adults impacts - Equiv
ClientBrand,Radio,,Promo,All Adult 30s Equiv,EXCLUDING,CTC,2019-01-21,80282.0,93827621,111.52,Adults impacts - Equiv
ClientBrand,Radio,,Promo,All Adult 30s Equiv,EXCLUDING,CTC,2019-02-11,0.0,19136859,34.953705049652044,Free Of Charge
ClientBrand,Radio,,Promo,All Adult 30s Equiv,EXCLUDING,CTC,2019-02-18,80208.0,55476624,101.32872654004755,Adults impacts - Equiv
ClientBrand,Radio,,Promo,All Adult 30s Equiv,EXCLUDING,CTC,2019-04-15,49000.0,60107071,109.78629414223587,Adults impacts - Equiv
ClientBrand,Radio,,Promo,All Adult 30s Equiv,EXCLUDING,CTC,2019-04-29,80000.0,62362581,113.90601051139242,Adults impacts - Equiv
ClientBrand,Radio,,Promo,All Adult 30s Equiv,EXCLUDING,CTC,2019-05-20,10000.0,42604838,77.81825330584331,Adults impacts - Equiv
ClientBrand,Radio,,Promo,All Adult 30s Equiv,EXCLUDING,CTC,2019-06-17,147.73000000000002,137127,0.2504641285355991,Adults impacts - Equiv
ClientBrand,Radio,,Promo,All Adult 30s Equiv,EXCLUDING,CTC,2019-06-24,196.452,189111,0.3454135349821383,Adults impacts - Equiv
ClientBrand,Radio,,Promo,All Adult 30s Equiv,EXCLUDING,CTC,2019-07-01,95.37,86732,0.15841704985998073,Adults impacts - Equiv
ClientBrand,Radio,,Promo,All Adult 30s Equiv,EXCLUDING,CTC,2019-07-08,387.9145,192596,0.351778929747185,Adults impacts - Equiv
ClientBrand,Radio,,Promo,All Adult 30s Equiv,EXCLUDING,CTC,2019-07-15,513.1875,192575,0.3517405729925032,Adults impacts - Equiv
ClientBrand,Radio,,Promo,All Adult 30s Equiv,EXCLUDING,CTC,2019-07-22,90520.5,74529253,136.12858447318314,Adults impacts - Equiv
ClientBrand,Radio,,Promo,All Adult 30s Equiv,EXCLUDING,CTC,2019-07-29,628.0395,222868,0.40707110487702564,Adults impacts - Equiv
ClientBrand,Radio,,Promo,All Adult 30s Equiv,EXCLUDING,CTC,2019-08-05,318.325,83080,0.15174662756960752,Adults impacts - Equiv
ClientBrand,Radio,,Promo,All Adult 30s Equiv,EXCLUDING,CTC,2019-08-19,59497.274242406,77967360,152.28,WK 34 Promo
ClientBrand,Radio,,Promo,All Adult 30s Equiv,EXCLUDING,CTC,2019-09-23,49794.6791342,60948480,119.04,Sleepmatch WK 39
ClientBrand,Radio,,Promo,All Adult 30s Equiv,EXCLUDING,CTC,2019-12-23,51327.69642,78131200,152.6,Peaks
ClientBrand,Radio,,Promo,All Adult,EXCLUDING,CTC,2019-12-30,46189.0,72087595,131,"Peaks Dec19-Feb20- Updated ""2022/02/08"""
ClientBrand,Radio,,Promo,All Adult 30s Equiv,EXCLUDING,CTC,2020-01-06,42480.626188,66447360,129.78,Peaks
ClientBrand,Radio,,Promo,All Adult,EXCLUDING,CTC,2020-01-06,58309.0,91002999,165,"Peaks Dec19-Feb20- Updated ""2022/02/08"""
ClientBrand,Radio,,Promo,All Adult 30s Equiv,EXCLUDING,CTC,2020-01-13,58201.475331999995,86476800,168.9,Peaks
ClientBrand,Radio,,Promo,All Adult 30s Equiv,EXCLUDING,CTC,2020-01-20,11472.52106,24524800,47.9,Peaks
ClientBrand,Radio,,Promo,All Adult,EXCLUDING,CTC,2020-01-20,17854.0,27864740,51,"Peaks Dec19-Feb20- Updated ""2022/02/08"""
ClientBrand,Radio,,Promo,All Adult 30s Equiv,EXCLUDING,CTC,2020-02-17,36659.859236000004,64409600,125.8,Peaks
ClientBrand,Radio,,Promo,All Adult,EXCLUDING,CTC,2020-02-17,44978.0,70197561,128,"Peaks Dec19-Feb20- Updated ""2022/02/08"""
ClientBrand,Radio,,Promo,All Adult,EXCLUDING,CTC,2020-06-15,19678.0,18624321,34,"June Week 24 - 25 Audio- Updated ""2022/02/08"""
ClientBrand,Radio,,Promo,All Adult,EXCLUDING,CTC,2020-06-22,39859.0,37724144,69,"June Week 24 - 25 Audio- Updated ""2022/02/08"""
ClientBrand,Radio,,Promo,All Adult,EXCLUDING,CTC,2020-08-24,19913.0,27158361,49,"Dreams Week 35- Updated ""2022/02/08"""
ClientBrand,Radio,,Promo,All Adult,EXCLUDING,CTC,2020-08-31,5105.0,6962839,13,"Dreams Week 35- Updated ""2022/02/08"""
ClientBrand,Radio,,Promo,All Adult,EXCLUDING,CTC,2020-10-26,23934.0,31333259,57,"Dreams Week 44- Updated ""2022/02/08"""
ClientBrand,Radio,,Promo,All Adult,EXCLUDING,CTC,2020-11-30,804.0,348868,28,"Dreams Hedge End Store Support- Updated ""2022/02/08"""
ClientBrand,Radio,,Promo,All Adult,EXCLUDING,CTC,2020-12-07,1221.0,529966,42,"Dreams Hedge End Store Support- Updated ""2022/02/08"""
ClientBrand,Radio,,Promo,All Adult,EXCLUDING,CTC,2020-12-14,157.0,68131,5,"Dreams Hedge End Store Support- Updated ""2022/02/08"""
ClientBrand,Radio,,Promo,All Adult,EXCLUDING,CTC,2020-12-21,36820.0,34722377,63,"Dreams Week 52- Updated ""2022/02/08"""
ClientBrand,Radio,,Promo,All Adult,EXCLUDING,CTC,2021-03-01,850.0,801664,1,"Dreams Week 3- Updated ""2022/02/08"""
ClientBrand,Radio,,Promo,All Adult,EXCLUDING,CTC,2021-03-08,29703.0,28010447,51,"Dreams Week 11- Updated ""2022/02/08"""
ClientBrand,Radio,,Promo,All Adult,EXCLUDING,CTC,2021-03-29,5525.0,5210453,114,"Scotland Store Re-Opening- Updated ""2022/02/08"""
ClientBrand,Radio,,Promo,All Adult,EXCLUDING,CTC,2021-04-05,30631.0,28885378,200,"Store Opening W15-16- Updated ""2022/02/08"""
ClientBrand,Radio,,Promo,All Adult,EXCLUDING,CTC,2021-04-12,19560.0,18445218,35,"Store Opening W15-16- Updated ""2022/02/08"""
ClientBrand,Radio,,Promo,All Adult,EXCLUDING,CTC,2021-04-26,51760.0,48810610,88,"Promo Week 18- Updated ""2022/02/08"""
ClientBrand,Radio,,Promo,All Adult,EXCLUDING,CTC,2021-05-24,33314.0,78440456,142,"Dreams Week 22- Updated ""2022/02/08"""
ClientBrand,Radio,,Promo,All Adult,EXCLUDING,CTC,2021-05-31,4969.0,11700676,21,"Dreams Week 22- Updated ""2022/02/08"""
ClientBrand,Radio,,Promo,All Adult,EXCLUDING,CTC,2021-08-23,39035.0,71776978,130,"Dreams Audio Week 35 2021- Updated ""2022/02/08"""
ClientBrand,Radio,,Brand,All Adult,EXCLUDING,CTC,2021-09-27,50999.0,85116615,154,"Dreams Promo 40 - Updated ""2022/02/08"""
ClientBrand,Radio,,Brand,All Adult,EXCLUDING,CTC,2021-10-11,75783.0,40203185,73,"Dreams Log 42-47 30 & 20- Updated ""2022/02/08"""
ClientBrand,Radio,,Brand,All Adult,EXCLUDING,CTC,2021-10-18,79961.0,79029247,143,"Dreams Log 42-47 30 & 20 / Dreams Promo 43- Updated ""2022/02/08"""
ClientBrand,Radio,,Brand,All Adult,EXCLUDING,CTC,2021-10-25,35806.0,23810497,43,"Dreams Log 42-47 30 & 20- Updated ""2022/02/08"""
ClientBrand,Radio,,Brand,All Adult,EXCLUDING,CTC,2021-11-01,49555.0,54186056,98,"Dreams Log 42-47 30 & 20- Updated ""2022/02/08"""
ClientBrand,Radio,,Promo,All Adult,EXCLUDING,CTC,2021-11-08,17358.0,17958177,32,"Dreams Log 42-47 30 & 20- Updated ""2022/02/08"""
ClientBrand,Radio,,Promo,All Adult,EXCLUDING,CTC,2021-11-15,17358.0,17009115,31,"Dreams Log 42-47 30 & 20- Updated ""2022/02/08"""
ClientBrand,Radio,,Promo,All Adult 30s Equiv,EXCLUDING,CTC,2021-12-27,18118.424644320003,18284381.09,32.84,Adults impacts - Equiv
ClientBrand,Radio,,Promo,All Adult 30s Equiv,EXCLUDING,CTC,2022-01-03,44081.3081709,51372075.74,92.27,Adults impacts - Equiv
ClientBrand,Radio,,Promo,All Adult 30s Equiv,EXCLUDING,CTC,2022-01-10,35376.20294208,51146393.46,91.87,Adults impacts - Equiv
ClientBrand,Radio,,Promo,All Adult 30s Equiv,EXCLUDING,CTC,2022-01-17,33744.50883804001,46182082.38,82.95,Adults impacts - Equiv
ClientBrand,Radio,,Promo,All Adult 30s Equiv,EXCLUDING,CTC,2022-01-24,2140.2902020500005,2189810.13,3.93,Adults impacts - Equiv
ClientBrand,Radio,,Promo,All Adult 30s Equiv,EXCLUDING,CTC,2022-01-31,42112.31755731001,40638124.85,72.99,Adults impacts - Equiv
ClientBrand,Radio,,Promo,All Adult 30s Equiv,EXCLUDING,CTC,2022-02-07,2044.6339013100003,2580845.78,4.64,Adults impacts - Equiv
ClientBrand,Radio,,Promo,All Adult 30s Equiv,EXCLUDING,CTC,2022-02-14,2093.0001292200004,2505857.48,4.5,Adults impacts - Equiv
ClientBrand,Radio,,Promo,All Adult 30s Equiv,EXCLUDING,CTC,2022-02-28,1386.6344992500003,444639.37,0.8,Adults impacts - Equiv
ClientBrand,Radio,,Promo,All Adult 30s Equiv,EXCLUDING,CTC,2022-03-07,1580.6114524200002,1255082.83,2.25,Adults impacts - Equiv
ClientBrand,Radio,,Promo,All Adult 30s Equiv,EXCLUDING,CTC,2022-03-14,146.69555901000004,166979.1,0.3,Adults impacts - Equiv
ClientBrand,Radio,,Promo,All Adult 30s Equiv,EXCLUDING,CTC,2022-03-21,2597.2742495700004,2814820.65,5.06,Adults impacts - Equiv
ClientBrand,Radio,,Promo,All Adult 30s Equiv,EXCLUDING,CTC,2022-04-04,2879.5566699900005,2550739.38,4.58,Adults impacts - Equiv
ClientBrand,Radio,,Promo,All Adult 30s Equiv,EXCLUDING,CTC,2022-04-11,41569.857288960004,39661037.28,71.24,Adults impacts - Equiv
ClientBrand,Radio,,Promo,All Adult 30s Equiv,EXCLUDING,CTC,2022-04-18,8538.466086150002,10891010.78,19.56,Adults impacts - Equiv
ClientBrand,Radio,,Promo,All Adult 30s Equiv,EXCLUDING,CTC,2022-04-25,41012.85156969001,42951533.93,77.15,Adults impacts - Equiv
ClientBrand,Radio,,Promo,All Adult 30s Equiv,EXCLUDING,CTC,2022-05-02,30740.35250286001,27905985.25,50.12,Adults impacts - Equiv
ClientBrand,Radio,,Promo,All Adult 30s Equiv,EXCLUDING,CTC,2022-05-09,21773.802340290003,18254706.01,32.79,Adults impacts - Equiv
ClientBrand,Radio,,Promo,All Adult 30s Equiv,EXCLUDING,CTC,2022-05-16,19789.328979420003,16628260.11,29.87,Adults impacts - Equiv
ClientBrand,Radio,,Promo,All Adult 30s Equiv,EXCLUDING,CTC,2022-05-23,21302.359628550006,12700175.81,22.81,Adults impacts - Equiv
ClientBrand,Radio,,Promo,All Adult 30s Equiv,EXCLUDING,CTC,2022-05-30,22697.92447923,15019603.51,26.98,Adults impacts - Equiv
ClientBrand,Radio,,Promo,All Adult 30s Equiv,EXCLUDING,CTC,2022-06-06,0.0,1823.04,0,Adults impacts - Equiv
ClientBrand,Radio,,Promo,All Adult 30s Equiv,EXCLUDING,CTC,2022-08-22,41921.37813864001,40567653.09,72.87,Adults impacts - Equiv
ClientBrand,Radio,,Promo,All Adult 30s Equiv,EXCLUDING,CTC,2022-08-29,3078.6193237800007,4261020.49,7.65,Adults impacts - Equiv
ClientBrand,Radio,,Promo,All Adult 30s Equiv,EXCLUDING,CTC,2022-10-17,7133.094338370001,4937745.08,8.87,Adults impacts - Equiv
ClientBrand,Radio,,Promo,All Adult 30s Equiv,EXCLUDING,CTC,2022-10-24,36936.24594660001,26821588,48.18,Adults impacts - Equiv
ClientBrand,Radio,,Promo,All Adult 30s Equiv,EXCLUDING,CTC,2022-10-31,0.0,815.5,0,Adults impacts - Equiv
ClientBrand,Radio,,Promo,All Adult 30s Equiv,EXCLUDING,CTC,2022-11-21,4658.9617374300005,2982261.37,5.36,Adults impacts - Equiv
ClientBrand,Radio,,Promo,All Adult 30s Equiv,EXCLUDING,CTC,2022-12-19,43000.18021299001,38711828.24,69.53,Adults impacts - Equiv
ClientBrand,Radio,,Promo,All Adult 30s Equiv,EXCLUDING,CTC,2022-12-26,55999.98604200001,59280094.25,106.48,Adults impacts - Equiv
ClientBrand,Radio,,Promo,All Adult 30s Equiv,EXCLUDING,CTC,2023-01-02,39999.99003000001,41054533.36,73.74,Adults impacts - Equiv
ClientBrand,Radio Internet,,Promo,All Adult,EXCLUDING,CTC,2021-02-22,1281.543052,104276,0.00208552,"Home Movers- Updated ""2022/02/08"" converted to ratings using assumed universe of 50m"
ClientBrand,Radio Internet,,Promo,All Adult,EXCLUDING,CTC,2021-03-01,1203.723318,97944,0.00195888,"Home Movers- Updated ""2022/02/08"" converted to ratings using assumed universe of 50m"
ClientBrand,Radio Internet,,Promo,All Adult,EXCLUDING,CTC,2021-03-08,7147.740132,581594,0.01163188,"Home Movers, Brand- Updated ""2022/02/08"" converted to ratings using assumed universe of 50m"
ClientBrand,Radio Internet,,Promo,All Adult,EXCLUDING,CTC,2021-03-15,911.714966,74184,0.00148368,"Home Movers- Updated ""2022/02/08"" converted to ratings using assumed universe of 50m"
ClientBrand,Radio Internet,,Promo,All Adult,EXCLUDING,CTC,2021-03-22,612.0008379,49797,0.00099594,"Home Movers- Updated ""2022/02/08"" converted to ratings using assumed universe of 50m"
ClientBrand,Radio Internet,,Promo,All Adult,EXCLUDING,CTC,2021-03-29,5900.178691,480083,0.00960166,"Home Movers, Regional- Updated ""2022/02/08"" converted to ratings using assumed universe of 50m"
ClientBrand,Radio Internet,,Promo,All Adult,EXCLUDING,CTC,2021-04-05,8423.519215,685401,0.01370802,"Home Movers, Store Opening- Updated ""2022/02/08"" converted to ratings using assumed universe of 50m"
ClientBrand,Radio Internet,,Promo,All Adult,EXCLUDING,CTC,2021-04-12,1204.165755,97980,0.0019596,"Home Movers- Updated ""2022/02/08"" converted to ratings using assumed universe of 50m"
ClientBrand,Radio Internet,,Promo,All Adult,EXCLUDING,CTC,2021-04-19,1194.616492,97203,0.00194406,"Home Movers- Updated ""2022/02/08"" converted to ratings using assumed universe of 50m"
ClientBrand,Radio Internet,,Promo,All Adult,EXCLUDING,CTC,2021-04-26,1168.549585,95082,0.00190164,"Home Movers- Updated ""2022/02/08"" converted to ratings using assumed universe of 50m"
ClientBrand,Radio Internet,,Promo,All Adult,EXCLUDING,CTC,2021-05-17,1095.15422,89110,0.0017822,"Home Movers- Updated ""2022/02/08"" converted to ratings using assumed universe of 50m"
ClientBrand,Radio Internet,,Promo,All Adult,EXCLUDING,CTC,2021-05-24,1176.169331,95702,0.00191404,"Home Movers- Updated ""2022/02/08"" converted to ratings using assumed universe of 50m"
ClientBrand,Radio Internet,,Promo,All Adult,EXCLUDING,CTC,2021-05-31,1921.540314,156351,0.00312702,"Home Movers, Regional- Updated ""2022/02/08"" converted to ratings using assumed universe of 50m"
ClientBrand,Radio Internet,,Promo,All Adult,EXCLUDING,CTC,2021-06-07,2564.991041,208707,0.00417414,"Home Movers, F&B- Updated ""2022/02/08"" converted to ratings using assumed universe of 50m"
ClientBrand,Radio Internet,,Promo,All Adult,EXCLUDING,CTC,2021-06-14,2565.13852,208719,0.00417438,"Home Movers, F&B- Updated ""2022/02/08"" converted to ratings using assumed universe of 50m"
ClientBrand,Radio Internet,,Promo,All Adult,EXCLUDING,CTC,2021-06-21,2766.103191,225071,0.00450142,"Home Movers, F&B- Updated ""2022/02/08"" converted to ratings using assumed universe of 50m"
ClientBrand,Radio Internet,,Promo,All Adult,EXCLUDING,CTC,2021-06-28,2826.618726,229995,0.0045999,"Home Movers, F&B- Updated ""2022/02/08"" converted to ratings using assumed universe of 50m"
ClientBrand,Radio Internet,,Promo,All Adult,EXCLUDING,CTC,2021-07-05,2175.154975,176987,0.00353974,"Home Movers, F&B- Updated ""2022/02/08"" converted to ratings using assumed universe of 50m"
ClientBrand,Radio Internet,,Promo,All Adult,EXCLUDING,CTC,2021-07-12,6041.230032,491560,0.0098312,"Home Movers, F&B- Updated ""2022/02/08"" converted to ratings using assumed universe of 50m"
ClientBrand,Radio Internet,,Promo,All Adult,EXCLUDING,CTC,2021-07-19,1658.31494,134933,0.00269866,"Home Movers, Regional- Updated ""2022/02/08"" converted to ratings using assumed universe of 50m"
ClientBrand,Radio Internet,,Promo,All Adult,EXCLUDING,CTC,2021-07-26,1759.239712,143145,0.0028629,"Home Movers, Regional- Updated ""2022/02/08"" converted to ratings using assumed universe of 50m"
ClientBrand,Radio Internet,,Promo,All Adult,EXCLUDING,CTC,2021-08-02,578.6828816,47086,0.00094172,"Home Movers- Updated ""2022/02/08"" converted to ratings using assumed universe of 50m"
ClientBrand,Radio Internet,,Promo,All Adult,EXCLUDING,CTC,2021-08-09,580.5140788,47235,0.0009447,"Home Movers- Updated ""2022/02/08"" converted to ratings using assumed universe of 50m"
ClientBrand,Radio Internet,,Promo,All Adult,EXCLUDING,CTC,2021-08-16,577.195802,46965,0.0009393,"Home Movers- Updated ""2022/02/08"" converted to ratings using assumed universe of 50m"
ClientBrand,Radio Internet,,Promo,All Adult,EXCLUDING,CTC,2021-08-23,566.5650266,46100,0.000922,"Home Movers- Updated ""2022/02/08"" converted to ratings using assumed universe of 50m"
ClientBrand,Radio Internet,,Promo,All Adult,EXCLUDING,CTC,2021-08-30,510.0682928,41503,0.00083006,"Home Movers- Updated ""2022/02/08"" converted to ratings using assumed universe of 50m"
ClientBrand,Radio Internet,,Promo,All Adult,EXCLUDING,CTC,2021-09-06,505.7545331,41152,0.00082304,"Home Movers- Updated ""2022/02/08"" converted to ratings using assumed universe of 50m"
ClientBrand,Radio Internet,,Promo,All Adult,EXCLUDING,CTC,2021-09-13,4651.720087,378499,0.00756998,"Home Movers, Store Opening- Updated ""2022/02/08"" converted to ratings using assumed universe of 50m"
ClientBrand,Radio Internet,,Promo,All Adult,EXCLUDING,CTC,2021-09-20,4921.778653,400473,0.00800946,"Home Movers, Store Opening- Updated ""2022/02/08"" converted to ratings using assumed universe of 50m"
ClientBrand,Radio Internet,,Promo,All Adult,EXCLUDING,CTC,2021-09-27,11677.47053,950167,0.01900334,"Home Movers, Store Opening, Promo- Updated ""2022/02/08"" converted to ratings using assumed universe of 50m"
ClientBrand,Radio Internet,,Promo,All Adult,EXCLUDING,CTC,2021-10-11,2987.18645,243060,0.0048612,"Brand- Updated ""2022/02/08"" converted to ratings using assumed universe of 50m"
ClientBrand,Radio Internet,,Promo,All Adult,EXCLUDING,CTC,2021-10-18,11368.76019,925048,0.01850096,"Brand, Promo- Updated ""2022/02/08"" converted to ratings using assumed universe of 50m"
ClientBrand,Radio Internet,,Promo,All Adult,EXCLUDING,CTC,2021-10-25,4465.024006,363308,0.00726616,"Brand- Updated ""2022/02/08"" converted to ratings using assumed universe of 50m"
ClientBrand,Radio Internet,,Promo,All Adult,EXCLUDING,CTC,2021-11-01,4474.167702,364052,0.00728104,"Brand- Updated ""2022/02/08"" converted to ratings using assumed universe of 50m"
ClientBrand,Radio Internet,,Promo,All Adult,EXCLUDING,CTC,2021-12-20,2440.567954,198583,0.00397166,"Promo- Updated ""2022/02/08"" converted to ratings using assumed universe of 50m"
ClientBrand,Radio Internet,,Promo,All Adult,EXCLUDING,CTC,2021-12-27,5157.056763,419617,0.00839234,"Promo- Updated ""2022/02/08"" converted to ratings using assumed universe of 50m"
ClientBrand,Radio Sponsorship,,Brand,All Adult 30s Equiv,EXCLUDING,CTC,2013-12-23,51000.0,38305239.94551553,74.81492176858501,Heart
ClientBrand,Radio Sponsorship,,Brand,All Adult 30s Equiv,EXCLUDING,CTC,2013-12-30,51000.0,38305239.94551553,74.81492176858501,Heart
ClientBrand,Radio Sponsorship,,Brand,All Adult 30s Equiv,EXCLUDING,CTC,2014-12-01,18750.0,11909239.68436545,23.26023375852627,Total Bauer Radio
ClientBrand,Radio Sponsorship,,Brand,All Adult 30s Equiv,EXCLUDING,CTC,2014-12-08,18750.0,11909239.68436545,23.26023375852627,Total Bauer Radio
ClientBrand,Radio Sponsorship,,Brand,All Adult 30s Equiv,EXCLUDING,CTC,2014-12-15,18750.0,11909239.68436545,23.26023375852627,Total Bauer Radio
ClientBrand,Radio Sponsorship,,Brand,All Adult 30s Equiv,EXCLUDING,CTC,2014-12-22,18750.0,11909239.68436545,23.26023375852627,Total Bauer Radio
ClientBrand,Radio Sponsorship,,Brand,All Adult 30s Equiv,EXCLUDING,CTC,2014-12-29,44000.0,27947015.79264426,54.58401522000832,Total Bauer Radio
ClientBrand,Radio Sponsorship,,Brand,All Adult 30s Equiv,EXCLUDING,CTC,2016-12-26,55372.4,18207949.999999996,33.25531487434248,Heart Breakfast & Late Evening Sponsorship Ads15+impacts (000s)
ClientBrand,Radio Sponsorship,,Brand,All Adult 30s Equiv,EXCLUDING,CTC,2017-01-02,48076.92307692308,36433149.99999999,66.54213544710694,Heart Breakfast & Late Evening Sponsorship Ads15+impacts (000s)
ClientBrand,Radio Sponsorship,,Brand,All Adult 30s Equiv,EXCLUDING,CTC,2017-01-09,46896.88833955,28438350,51.940294418468724,Heart Breakfast & Late Evening Sponsorship Ads15+impacts (000s)
ClientBrand,Radio Sponsorship,,Brand,All Adult 30s Equiv,EXCLUDING,CTC,2017-01-09,1180.0347373730717,715574.9999999999,1.306938559322034,Heart Promotional Burst Ads15+impacts (000s)
ClientBrand,Radio Sponsorship,,Brand,All Adult 30s Equiv,EXCLUDING,CTC,2017-01-16,46896.88833955,28438350,51.940294418468724,Heart Breakfast & Late Evening Sponsorship Ads15+impacts (000s)
ClientBrand,Radio Sponsorship,,Brand,All Adult 30s Equiv,EXCLUDING,CTC,2017-01-16,1180.0347373730717,715574.9999999999,1.306938559322034,Heart Promotional Burst Ads15+impacts (000s)
ClientBrand,Radio Sponsorship,,Brand,All Adult 30s Equiv,EXCLUDING,CTC,2017-01-23,46896.88833955,28438350,51.940294418468724,Heart Breakfast & Late Evening Sponsorship Ads15+impacts (000s)
ClientBrand,Radio Sponsorship,,Brand,All Adult 30s Equiv,EXCLUDING,CTC,2017-01-23,1180.0347373730717,715574.9999999999,1.306938559322034,Heart Promotional Burst Ads15+impacts (000s)
ClientBrand,Radio Sponsorship,,Brand,All Adult 30s Equiv,EXCLUDING,CTC,2017-01-30,46896.88833955,28438350,51.940294418468724,Heart Breakfast & Late Evening Sponsorship Ads15+impacts (000s)
ClientBrand,Radio Sponsorship,,Brand,All Adult 30s Equiv,EXCLUDING,CTC,2017-01-30,1180.0347373730717,715574.9999999999,1.306938559322034,Heart Promotional Burst Ads15+impacts (000s)
ClientBrand,Radio Sponsorship,,Brand,All Adult 30s Equiv,EXCLUDING,CTC,2017-02-06,39284.31636334007,28438350,51.940294418468724,Heart Breakfast & Late Evening Sponsorship Ads15+impacts (000s)
ClientBrand,Radio Sponsorship,,Brand,All Adult 30s Equiv,EXCLUDING,CTC,2017-02-06,8792.606713583002,6365065,11.625264830508474,Heart Promotional Burst Ads15+impacts (000s)
ClientBrand,Radio Sponsorship,,Brand,All Adult 30s Equiv,EXCLUDING,CTC,2017-02-13,42701.52653180554,28438350,51.940294418468724,Heart Breakfast & Late Evening Sponsorship Ads15+impacts (000s)
ClientBrand,Radio Sponsorship,,Brand,All Adult 30s Equiv,EXCLUDING,CTC,2017-02-13,5375.396545117537,3579904.9999999995,6.538400423728813,Heart Promotional Burst Ads15+impacts (000s)
ClientBrand,Radio Sponsorship,,Brand,All Adult 30s Equiv,EXCLUDING,CTC,2017-02-20,48076.92307692308,28438350,51.940294418468724,Heart Breakfast & Late Evening Sponsorship Ads15+impacts (000s)
ClientBrand,Radio Sponsorship,,Brand,All Adult 30s Equiv,EXCLUDING,CTC,2017-02-27,48076.92307692308,28438350,51.940294418468724,Heart Breakfast & Late Evening Sponsorship Ads15+impacts (000s)
ClientBrand,Radio Sponsorship,,Brand,All Adult 30s Equiv,EXCLUDING,CTC,2017-03-06,48076.92307692308,28438350,51.940294418468724,Heart Breakfast & Late Evening Sponsorship Ads15+impacts (000s)
ClientBrand,Radio Sponsorship,,Brand,All Adult 30s Equiv,EXCLUDING,CTC,2017-03-13,48076.92307692308,28438350,51.940294418468724,Heart Breakfast & Late Evening Sponsorship Ads15+impacts (000s)
ClientBrand,Radio Sponsorship,,Brand,All Adult 30s Equiv,EXCLUDING,CTC,2017-03-20,32620.246259250078,28438350,51.940294418468724,Heart Breakfast & Late Evening Sponsorship Ads15+impacts (000s)
ClientBrand,Radio Sponsorship,,Brand,All Adult 30s Equiv,EXCLUDING,CTC,2017-03-20,1747.5498571352198,1523514.9999999998,2.782574152542373,Heart Promotional Burst Ads15+impacts (000s)
ClientBrand,Radio Sponsorship,,Brand,All Adult 30s Equiv,EXCLUDING,CTC,2017-03-20,13709.126960537782,11951624.999999998,21.828654661016948,Smooth Promotional Bursts Ads15+impacts (000s)
ClientBrand,Radio Sponsorship,,Brand,All Adult 30s Equiv,EXCLUDING,CTC,2017-03-27,48076.92307692308,28438350,51.940294418468724,Heart Breakfast & Late Evening Sponsorship Ads15+impacts (000s)
ClientBrand,Radio Sponsorship,,Brand,All Adult 30s Equiv,EXCLUDING,CTC,2017-04-03,48076.92307692308,28438350,51.940294418468724,Heart Breakfast & Late Evening Sponsorship Ads15+impacts (000s)
ClientBrand,Radio Sponsorship,,Brand,All Adult 30s Equiv,EXCLUDING,CTC,2017-04-10,48076.92307692308,36433149.99999999,66.54213544710694,Heart Breakfast & Late Evening Sponsorship Ads15+impacts (000s)
ClientBrand,Radio Sponsorship,,Brand,All Adult 30s Equiv,EXCLUDING,CTC,2017-04-17,48076.92307692308,28438350,51.940294418468724,Heart Breakfast & Late Evening Sponsorship Ads15+impacts (000s)
ClientBrand,Radio Sponsorship,,Brand,All Adult 30s Equiv,EXCLUDING,CTC,2017-04-24,38782.13696954509,28438350,51.940294418468724,Heart Breakfast & Late Evening Sponsorship Ads15+impacts (000s)
ClientBrand,Radio Sponsorship,,Brand,All Adult 30s Equiv,EXCLUDING,CTC,2017-04-24,9294.786107377984,6815724.999999999,12.448358050847457,Heart Promotional Burst Ads15+impacts (000s)
ClientBrand,Radio Sponsorship,,Brand,All Adult 30s Equiv,EXCLUDING,CTC,2017-05-01,48076.92307692308,28438350,51.940294418468724,Heart Breakfast & Late Evening Sponsorship Ads15+impacts (000s)
ClientBrand,Radio Sponsorship,,Brand,All Adult 30s Equiv,EXCLUDING,CTC,2017-05-08,45547.42105020791,28438350,51.940294418468724,Heart Breakfast & Late Evening Sponsorship Ads15+impacts (000s)
ClientBrand,Radio Sponsorship,,Brand,All Adult 30s Equiv,EXCLUDING,CTC,2017-05-08,2529.50202671517,1579340,2.8845338983050848,Heart Promotional Burst Ads15+impacts (000s)
ClientBrand,Radio Sponsorship,,Brand,All Adult 30s Equiv,EXCLUDING,CTC,2017-05-15,45074.938675506586,28438350,51.940294418468724,Heart Breakfast & Late Evening Sponsorship Ads15+impacts (000s)
ClientBrand,Radio Sponsorship,,Brand,All Adult 30s Equiv,EXCLUDING,CTC,2017-05-15,3001.984401416493,1893989.9999999998,3.459216101694915,Heart Promotional Burst Ads15+impacts (000s)
ClientBrand,Radio Sponsorship,,Brand,All Adult 30s Equiv,EXCLUDING,CTC,2017-05-22,48076.92307692308,28438350,51.940294418468724,Heart Breakfast & Late Evening Sponsorship Ads15+impacts (000s)
ClientBrand,Radio Sponsorship,,Brand,All Adult 30s Equiv,EXCLUDING,CTC,2017-05-29,7286.398011007532,9073085,16.571239406779657,Classic FM Promotional Burst Ads15+impacts (000s)
ClientBrand,Radio Sponsorship,,Brand,All Adult 30s Equiv,EXCLUDING,CTC,2017-05-29,22838.22281796501,28438350,51.940294418468724,Heart Breakfast & Late Evening Sponsorship Ads15+impacts (000s)
ClientBrand,Radio Sponsorship,,Brand,All Adult 30s Equiv,EXCLUDING,CTC,2017-05-29,10224.10675154575,12731144.999999998,23.25238347457627,Heart Promotional Burst Ads15+impacts (000s)
ClientBrand,Radio Sponsorship,,Brand,All Adult 30s Equiv,EXCLUDING,CTC,2017-05-29,7728.195496404788,9623214.999999998,17.5760063559322,Smooth Promotional Bursts Ads15+impacts (000s)
ClientBrand,Radio Sponsorship,,Brand,All Adult 30s Equiv,EXCLUDING,CTC,2017-06-05,4612.469554742383,4072179.9999999995,7.437499999999998,Classic FM Promotional Burst Ads15+impacts (000s)
ClientBrand,Radio Sponsorship,,Brand,All Adult 30s Equiv,EXCLUDING,CTC,2017-06-05,32211.499384140203,28438350,51.940294418468724,Heart Breakfast & Late Evening Sponsorship Ads15+impacts (000s)
ClientBrand,Radio Sponsorship,,Brand,All Adult 30s Equiv,EXCLUDING,CTC,2017-06-05,6397.904554372224,5648474.999999999,10.316472457627118,Heart Promotional Burst Ads15+impacts (000s)
ClientBrand,Radio Sponsorship,,Brand,All Adult 30s Equiv,EXCLUDING,CTC,2017-06-05,4855.049583668266,4286344.999999999,7.828654661016948,Smooth Promotional Bursts Ads15+impacts (000s)
ClientBrand,Radio Sponsorship,,Brand,All Adult 30s Equiv,EXCLUDING,CTC,2017-06-12,45824.78000605696,28438350,51.940294418468724,Heart Breakfast & Late Evening Sponsorship Ads15+impacts (000s)
ClientBrand,Radio Sponsorship,,Brand,All Adult 30s Equiv,EXCLUDING,CTC,2017-06-12,2252.1430708661205,1397655,2.5527012711864407,Heart Promotional Burst Ads15+impacts (000s)
ClientBrand,Radio Sponsorship,,Brand,All Adult 30s Equiv,EXCLUDING,CTC,2017-06-19,46227.37144537216,28438350,51.940294418468724,Heart Breakfast & Late Evening Sponsorship Ads15+impacts (000s)
ClientBrand,Radio Sponsorship,,Brand,All Adult 30s Equiv,EXCLUDING,CTC,2017-06-19,1849.5516315509205,1137814.9999999998,2.0781249999999996,Heart Promotional Burst Ads15+impacts (000s)
ClientBrand,Radio Sponsorship,,Brand,All Adult 30s Equiv,EXCLUDING,CTC,2017-06-26,39703.477783040486,28438350,51.940294418468724,Heart Breakfast & Late Evening Sponsorship Ads15+impacts (000s)
ClientBrand,Radio Sponsorship,,Brand,All Adult 30s Equiv,EXCLUDING,CTC,2017-06-26,8373.445293882593,5997634.999999999,10.954184322033896,Heart Promotional Burst Ads15+impacts (000s)
ClientBrand,Radio Sponsorship,,Brand,All Adult 30s Equiv,EXCLUDING,CTC,2017-07-03,39702.30755828368,28438350,51.940294418468724,Heart Breakfast & Late Evening Sponsorship Ads15+impacts (000s)
ClientBrand,Radio Sponsorship,,Brand,All Adult 30s Equiv,EXCLUDING,CTC,2017-07-03,8374.615518639388,5998650,10.95603813559322,Heart Promotional Burst Ads15+impacts (000s)
ClientBrand,Radio Sponsorship,,Brand,All Adult 30s Equiv,EXCLUDING,CTC,2017-07-10,39702.30755828368,28438350,51.940294418468724,Heart Breakfast & Late Evening Sponsorship Ads15+impacts (000s)
ClientBrand,Radio Sponsorship,,Brand,All Adult 30s Equiv,EXCLUDING,CTC,2017-07-10,8374.615518639388,5998650,10.95603813559322,Heart Promotional Burst Ads15+impacts (000s)
ClientBrand,Radio Sponsorship,,Brand,All Adult 30s Equiv,EXCLUDING,CTC,2017-07-17,3935.072257853672,3961544.9999999995,7.235434322033897,Classic FM Promotional Burst Ads15+impacts (000s)
ClientBrand,Radio Sponsorship,,Brand,All Adult 30s Equiv,EXCLUDING,CTC,2017-07-17,28248.312752760092,28438350,51.940294418468724,Heart Breakfast & Late Evening Sponsorship Ads15+impacts (000s)
ClientBrand,Radio Sponsorship,,Brand,All Adult 30s Equiv,EXCLUDING,CTC,2017-07-17,11716.4936480957,11795314.999999998,21.543167372881353,Heart Promotional Burst Ads15+impacts (000s)
ClientBrand,Radio Sponsorship,,Brand,All Adult 30s Equiv,EXCLUDING,CTC,2017-07-17,4177.044418213621,4205144.999999999,7.680349576271185,Smooth Promotional Bursts Ads15+impacts (000s)
ClientBrand,Radio Sponsorship,,Brand,All Adult 30s Equiv,EXCLUDING,CTC,2017-07-24,48076.92307692308,28438350,51.940294418468724,Heart Breakfast & Late Evening Sponsorship Ads15+impacts (000s)
ClientBrand,Radio Sponsorship,,Brand,All Adult 30s Equiv,EXCLUDING,CTC,2017-07-31,48076.92307692308,28438350,51.940294418468724,Heart Breakfast & Late Evening Sponsorship Ads15+impacts (000s)
ClientBrand,Radio Sponsorship,,Brand,All Adult 30s Equiv,EXCLUDING,CTC,2017-08-07,48076.92307692308,28438350,51.940294418468724,Heart Breakfast & Late Evening Sponsorship Ads15+impacts (000s)
ClientBrand,Radio Sponsorship,,Brand,All Adult 30s Equiv,EXCLUDING,CTC,2017-08-14,106576.92307692308,28438350,51.940294418468724,Heart Breakfast & Late Evening Sponsorship Ads15+impacts (000s)
ClientBrand,Radio Sponsorship,,Brand,All Adult 30s Equiv,EXCLUDING,CTC,2017-08-21,48076.92307692308,28438350,51.940294418468724,Heart Breakfast & Late Evening Sponsorship Ads15+impacts (000s)
ClientBrand,Radio Sponsorship,,Brand,All Adult 30s Equiv,EXCLUDING,CTC,2017-08-28,48076.92307692308,36433149.99999999,66.54213544710694,Heart Breakfast & Late Evening Sponsorship Ads15+impacts (000s)
ClientBrand,Radio Sponsorship,,Brand,All Adult 30s Equiv,EXCLUDING,CTC,2017-09-04,48076.92307692308,28438350,51.940294418468724,Heart Breakfast & Late Evening Sponsorship Ads15+impacts (000s)
ClientBrand,Radio Sponsorship,,Brand,All Adult 30s Equiv,EXCLUDING,CTC,2017-09-11,48076.92307692308,28438350,51.940294418468724,Heart Breakfast & Late Evening Sponsorship Ads15+impacts (000s)
ClientBrand,Radio Sponsorship,,Brand,All Adult 30s Equiv,EXCLUDING,CTC,2017-09-18,48076.92307692308,28438350,51.940294418468724,Heart Breakfast & Late Evening Sponsorship Ads15+impacts (000s)
ClientBrand,Radio Sponsorship,,Brand,All Adult 30s Equiv,EXCLUDING,CTC,2017-09-25,48076.92307692308,28438350,51.940294418468724,Heart Breakfast & Late Evening Sponsorship Ads15+impacts (000s)
ClientBrand,Radio Sponsorship,,Brand,All Adult 30s Equiv,EXCLUDING,CTC,2017-10-02,4238.137484877597,3055149.9999999995,5.579978813559321,Classic FM Promotional Burst Ads15+impacts (000s)
ClientBrand,Radio Sponsorship,,Brand,All Adult 30s Equiv,EXCLUDING,CTC,2017-10-02,39449.990063685516,28438350,51.940294418468724,Heart Breakfast & Late Evening Sponsorship Ads15+impacts (000s)
ClientBrand,Radio Sponsorship,,Brand,All Adult 30s Equiv,EXCLUDING,CTC,2017-10-02,3056.80946168414,2203564.9999999995,4.024629237288135,Smooth Promotional Bursts Ads15+impacts (000s) Row 1
ClientBrand,Radio Sponsorship,,Brand,All Adult 30s Equiv,EXCLUDING,CTC,2017-10-02,1331.9860666758161,960189.9999999999,1.753707627118644,Smooth Promotional Bursts Ads15+impacts (000s) Row 2
ClientBrand,Radio Sponsorship,,Brand,All Adult 30s Equiv,EXCLUDING,CTC,2017-10-09,2899.117740841271,2291870,4.185911016949152,Classic FM Promotional Burst Ads15+impacts (000s)
ClientBrand,Radio Sponsorship,,Brand,All Adult 30s Equiv,EXCLUDING,CTC,2017-10-09,35973.29909866326,28438350,51.940294418468724,Heart Breakfast & Late Evening Sponsorship Ads15+impacts (000s)
ClientBrand,Radio Sponsorship,,Brand,All Adult 30s Equiv,EXCLUDING,CTC,2017-10-09,5261.552038072421,4159469.9999999995,7.596927966101694,Heart Promotional Burst Ads15+impacts (000s)
ClientBrand,Radio Sponsorship,,Brand,All Adult 30s Equiv,EXCLUDING,CTC,2017-10-09,3942.954199346121,3117064.9999999995,5.693061440677965,Smooth Promotional Bursts Ads15+impacts (000s)
ClientBrand,Radio Sponsorship,,Brand,All Adult 30s Equiv,EXCLUDING,CTC,2017-10-16,39903.42373391972,28438350,51.940294418468724,Heart Breakfast & Late Evening Sponsorship Ads15+impacts (000s)
ClientBrand,Radio Sponsorship,,Brand,All Adult 30s Equiv,EXCLUDING,CTC,2017-10-16,8173.499343003364,5825084.999999999,10.63903601694915,Heart Promotional Burst Ads15+impacts (000s)
ClientBrand,Radio Sponsorship,,Brand,All Adult 30s Equiv,EXCLUDING,CTC,2017-10-23,45638.46935329926,28438350,51.940294418468724,Heart Breakfast & Late Evening Sponsorship Ads15+impacts (000s)
ClientBrand,Radio Sponsorship,,Brand,All Adult 30s Equiv,EXCLUDING,CTC,2017-10-23,2438.453723623815,1519455,2.7751588983050848,Heart Promotional Burst Ads15+impacts (000s)
ClientBrand,Radio Sponsorship,,Brand,All Adult 30s Equiv,EXCLUDING,CTC,2017-10-30,34230.904477168086,28438350,51.940294418468724,Heart Breakfast & Late Evening Sponsorship Ads15+impacts (000s)
ClientBrand,Radio Sponsorship,,Brand,All Adult 30s Equiv,EXCLUDING,CTC,2017-10-30,13846.018599754982,11502994.999999998,21.009269067796605,Heart Promotional Burst Ads15+impacts (000s)
ClientBrand,Radio Sponsorship,,Brand,All Adult 30s Equiv,EXCLUDING,CTC,2017-11-06,33147.63411329471,28438350,51.940294418468724,Heart Breakfast & Late Evening Sponsorship Ads15+impacts (000s)
ClientBrand,Radio Sponsorship,,Brand,All Adult 30s Equiv,EXCLUDING,CTC,2017-11-06,14929.28896362837,12808284.999999998,23.39327330508474,Heart Promotional Burst Ads15+impacts (000s)
ClientBrand,Radio Sponsorship,,Brand,All Adult 30s Equiv,EXCLUDING,CTC,2017-11-13,48076.92307692308,28438350,51.940294418468724,Heart Breakfast & Late Evening Sponsorship Ads15+impacts (000s)
ClientBrand,Radio Sponsorship,,Brand,All Adult 30s Equiv,EXCLUDING,CTC,2017-11-20,46143.442832343186,28438350,51.940294418468724,Heart Breakfast & Late Evening Sponsorship Ads15+impacts (000s)
ClientBrand,Radio Sponsorship,,Brand,All Adult 30s Equiv,EXCLUDING,CTC,2017-11-20,1933.4802445798882,1191610,2.1763771186440675,Heart Promotional Burst Ads15+impacts (000s)
ClientBrand,Radio Sponsorship,,Brand,All Adult 30s Equiv,EXCLUDING,CTC,2017-11-27,46194.08021847182,28438350,51.940294418468724,Heart Breakfast & Late Evening Sponsorship Ads15+impacts (000s)
ClientBrand,Radio Sponsorship,,Brand,All Adult 30s Equiv,EXCLUDING,CTC,2017-11-27,1882.8428584512546,1159129.9999999998,2.1170550847457625,Heart Promotional Burst Ads15+impacts (000s)
ClientBrand,Radio Sponsorship,,Brand,All Adult 30s Equiv,EXCLUDING,CTC,2017-12-04,48076.92307692308,28438350,51.940294418468724,Heart Breakfast & Late Evening Sponsorship Ads15+impacts (000s)
ClientBrand,Radio Sponsorship,,Brand,All Adult 30s Equiv,EXCLUDING,CTC,2017-12-11,36738.58242006133,28438350,51.940294418468724,Heart Breakfast & Late Evening Sponsorship Ads15+impacts (000s)
ClientBrand,Radio Sponsorship,,Brand,All Adult 30s Equiv,EXCLUDING,CTC,2017-12-11,11338.34065686175,8776705,16.029925847457626,Heart Promotional Burst Ads15+impacts (000s)
ClientBrand,Radio Sponsorship,,Brand,All Adult 30s Equiv,EXCLUDING,CTC,2017-12-18,30941.09524236478,28438350,51.940294418468724,Heart Breakfast & Late Evening Sponsorship Ads15+impacts (000s)
ClientBrand,Radio Sponsorship,,Brand,All Adult 30s Equiv,EXCLUDING,CTC,2017-12-18,17135.827834558295,15749755,28.765625,Heart Promotional Burst Ads15+impacts (000s)
ClientBrand,Radio Sponsorship,,Brand,All Adult 30s Equiv,EXCLUDING,CTC,2017-12-25,15871.478517772199,16122000,29.44549970777323,Classic FM Promotional Burst Ads15+impacts (000s)
ClientBrand,Radio Sponsorship,,Brand,All Adult 30s Equiv,EXCLUDING,CTC,2017-12-25,35867.01138567002,36433149.99999999,66.54213544710694,Heart Breakfast & Late Evening Sponsorship Ads15+impacts (000s)
ClientBrand,Radio Sponsorship,,Brand,All Adult 30s Equiv,EXCLUDING,CTC,2017-12-25,16748.63317348086,17013000,31.07283752191701,Smooth Promotional Bursts Ads15+impacts (000s)
ClientBrand,Radio Sponsorship,,Brand,All Adult 30s Equiv,EXCLUDING,CTC,2018-01-01,26609.314014387463,26921000,49.168980128579776,Heart Breakfast & Late Evening Sponsorship
ClientBrand,Radio Sponsorship,,Brand,All Adult 30s Equiv,EXCLUDING,CTC,2018-01-01,28763.08598561254,29100000,62.147501461133835,Heart Promotional Burst
ClientBrand,Radio Sponsorship,,Brand,All Adult 30s Equiv,EXCLUDING,CTC,2018-01-08,32027.750920914317,34027000,53.14874342489772,Heart Breakfast & Late Evening Sponsorship
ClientBrand,Radio Sponsorship,,Brand,All Adult 30s Equiv,EXCLUDING,CTC,2018-01-08,9633.644772549977,10235000,4.53864699006429,Heart Promotional Burst
ClientBrand,Radio Sponsorship,,Brand,All Adult 30s Equiv,EXCLUDING,CTC,2018-01-08,6415.527383458782,6816000,62.147501461133835,Classic FM Promotional Burst
ClientBrand,Radio Sponsorship,,Brand,All Adult 30s Equiv,EXCLUDING,CTC,2018-01-15,40004.73092065785,34027000,62.147501461133835,Heart Breakfast & Late Evening Sponsorship
ClientBrand,Radio Sponsorship,,Brand,All Adult 30s Equiv,EXCLUDING,CTC,2018-01-15,900.5678985871195,766000,62.147501461133835,Heart Promotional Burst
ClientBrand,Radio Sponsorship,,Brand,All Adult 30s Equiv,EXCLUDING,CTC,2018-01-15,7171.624257678106,6100000,62.147501461133835,Classic FM Promotional Burst
ClientBrand,Radio Sponsorship,,Brand,All Adult 30s Equiv,EXCLUDING,CTC,2018-01-22,40768.3968783727,34027000,18.693381063705434,Heart Breakfast & Late Evening Sponsorship
ClientBrand,Radio Sponsorship,,Brand,All Adult 30s Equiv,EXCLUDING,CTC,2018-01-22,7308.526198550371,6100000,1.5707188778492112,Classic FM Promotional Burst
ClientBrand,Radio Sponsorship,,Brand,All Adult 30s Equiv,EXCLUDING,CTC,2018-01-29,40152.01289886512,34027000,12.44886031560491,Heart Breakfast & Late Evening Sponsorship
ClientBrand,Radio Sponsorship,,Brand,All Adult 30s Equiv,EXCLUDING,CTC,2018-01-29,726.8827679695804,616000,62.147501461133835,Heart Promotional Burst
ClientBrand,Radio Sponsorship,,Brand,All Adult 30s Equiv,EXCLUDING,CTC,2018-01-29,7198.027410088377,6100000,62.147501461133835,Classic FM Promotional Burst
ClientBrand,Radio Sponsorship,,Brand,All Adult 30s Equiv,EXCLUDING,CTC,2018-02-05,34063.788892003366,34027000,62.147501461133835,Heart Breakfast & Late Evening Sponsorship
ClientBrand,Radio Sponsorship,,Brand,All Adult 30s Equiv,EXCLUDING,CTC,2018-02-05,7906.539062187163,7898000,3.901227352425482,Heart Promotional Burst
ClientBrand,Radio Sponsorship,,Brand,All Adult 30s Equiv,EXCLUDING,CTC,2018-02-05,6106.595122732551,6100000,62.147501461133835,Classic FM Promotional Burst
ClientBrand,Radio Sponsorship,,Brand,All Adult 30s Equiv,EXCLUDING,CTC,2018-02-12,36431.35269772095,34027000,1.3990356516656925,Heart Breakfast & Late Evening Sponsorship
ClientBrand,Radio Sponsorship,,Brand,All Adult 30s Equiv,EXCLUDING,CTC,2018-02-12,5114.543504776,4777000,62.147501461133835,Heart Promotional Burst
ClientBrand,Radio Sponsorship,,Brand,All Adult 30s Equiv,EXCLUDING,CTC,2018-02-12,6531.026874426126,6100000,1.3387638807714786,Classic FM Promotional Burst
ClientBrand,Radio Sponsorship,,Brand,All Adult 30s Equiv,EXCLUDING,CTC,2018-02-19,40004.73092065785,34027000,11.14114552893045,Heart Breakfast & Late Evening Sponsorship
ClientBrand,Radio Sponsorship,,Brand,All Adult 30s Equiv,EXCLUDING,CTC,2018-02-19,900.5678985871195,766000,16.481589713617765,Heart Promotional Burst
ClientBrand,Radio Sponsorship,,Brand,All Adult 30s Equiv,EXCLUDING,CTC,2018-02-19,7171.624257678106,6100000,62.147501461133835,Classic FM Promotional Burst
ClientBrand,Radio Sponsorship,,Brand,All Adult 30s Equiv,EXCLUDING,CTC,2018-02-26,40768.3968783727,34027000,62.147501461133835,Heart Breakfast & Late Evening Sponsorship
ClientBrand,Radio Sponsorship,,Brand,All Adult 30s Equiv,EXCLUDING,CTC,2018-02-26,7308.526198550371,6100000,1.3387638807714786,Classic FM Promotional Burst
ClientBrand,Radio Sponsorship,,Brand,All Adult 30s Equiv,EXCLUDING,CTC,2018-03-05,44761.90826985694,34027000,11.14114552893045,Heart Breakfast & Late Evening Sponsorship
ClientBrand,Radio Sponsorship,,Brand,All Adult 30s Equiv,EXCLUDING,CTC,2018-03-05,3315.0148070661385,2520000,62.147501461133835,Heart Promotional Burst
ClientBrand,Radio Sponsorship,,Brand,All Adult 30s Equiv,EXCLUDING,CTC,2018-03-12,42838.41682042687,34027000,62.147501461133835,Heart Breakfast & Late Evening Sponsorship
ClientBrand,Radio Sponsorship,,Brand,All Adult 30s Equiv,EXCLUDING,CTC,2018-03-12,5238.506256496201,4161000,1.5232320280537697,Heart Promotional Burst
ClientBrand,Radio Sponsorship,,Brand,All Adult 30s Equiv,EXCLUDING,CTC,2018-03-19,37855.22299059265,34027000,1.125073056691993,Heart Breakfast & Late Evening Sponsorship
ClientBrand,Radio Sponsorship,,Brand,All Adult 30s Equiv,EXCLUDING,CTC,2018-03-19,10221.700086330422,9188000,62.147501461133835,Heart Promotional Burst
ClientBrand,Radio Sponsorship,,Brand,All Adult 30s Equiv,EXCLUDING,CTC,2018-03-26,18892.194656386797,28346000,11.14114552893045,Heart Breakfast & Late Evening Sponsorship
ClientBrand,Radio Sponsorship,,Brand,All Adult 30s Equiv,EXCLUDING,CTC,2018-03-26,11329.585019541353,16999000,0.11323787258912917,Heart Promotional Burst
ClientBrand,Radio Sponsorship,,Brand,All Adult 30s Equiv,EXCLUDING,CTC,2018-03-26,6393.594275690346,9593000,62.147501461133835,Classic FM Promotional Burst
ClientBrand,Radio Sponsorship,,Brand,All Adult 30s Equiv,EXCLUDING,CTC,2018-03-26,11461.549125304586,17197000,48.33796025715956,Smooth Promotional Burst
ClientBrand,Radio Sponsorship,,Brand,All Adult 30s Equiv,EXCLUDING,CTC,2018-04-02,22019.627548220695,27415000,62.147501461133835,Heart Breakfast & Late Evening Sponsorship
ClientBrand,Radio Sponsorship,,Brand,All Adult 30s Equiv,EXCLUDING,CTC,2018-04-02,26057.295528702383,32442000,62.147501461133835,Heart Promotional Burst
ClientBrand,Radio Sponsorship,,Brand,All Adult 30s Equiv,EXCLUDING,CTC,2018-04-09,44947.61681334382,34027000,14.425043834015197,Heart Breakfast & Late Evening Sponsorship
ClientBrand,Radio Sponsorship,,Brand,All Adult 30s Equiv,EXCLUDING,CTC,2018-04-09,3129.3062635792608,2369000,1.3789450613676213,Heart Promotional Burst
ClientBrand,Radio Sponsorship,,Brand,All Adult 30s Equiv,EXCLUDING,CTC,2018-04-16,40457.85733989023,34027000,11.14114552893045,Heart Breakfast & Late Evening Sponsorship
ClientBrand,Radio Sponsorship,,Brand,All Adult 30s Equiv,EXCLUDING,CTC,2018-04-16,7619.0657370328445,6408000,62.147501461133835,Heart Promotional Burst
ClientBrand,Radio Sponsorship,,Brand,All Adult 30s Equiv,EXCLUDING,CTC,2018-04-23,43067.3545225342,34027000,62.147501461133835,Heart Breakfast & Late Evening Sponsorship
ClientBrand,Radio Sponsorship,,Brand,All Adult 30s Equiv,EXCLUDING,CTC,2018-04-23,5009.5685543888785,3958000,2.6117767387492696,Heart Promotional Burst
ClientBrand,Radio Sponsorship,,Brand,All Adult 30s Equiv,EXCLUDING,CTC,2018-04-30,45009.44977544878,34027000,8.72479544126242,Heart Breakfast & Late Evening Sponsorship
ClientBrand,Radio Sponsorship,,Brand,All Adult 30s Equiv,EXCLUDING,CTC,2018-04-30,3067.473301474292,2319000,62.147501461133835,Heart Promotional Burst
ClientBrand,Radio Sponsorship,,Brand,All Adult 30s Equiv,EXCLUDING,CTC,2018-05-07,24871.75374396328,27415000,11.14114552893045,Heart Breakfast & Late Evening Sponsorship
ClientBrand,Radio Sponsorship,,Brand,All Adult 30s Equiv,EXCLUDING,CTC,2018-05-07,13468.76002490895,14846000,3.0026300409117477,Heart Promotional Burst
ClientBrand,Radio Sponsorship,,Brand,All Adult 30s Equiv,EXCLUDING,CTC,2018-05-07,2193.685958522824,2418000,3.2144944476914086,Classic FM Promotional Burst
ClientBrand,Radio Sponsorship,,Brand,All Adult 30s Equiv,EXCLUDING,CTC,2018-05-07,7542.723349528022,8314000,22.737068965517242,Smooth Promotional Burst
ClientBrand,Radio Sponsorship,,Brand,All Adult 30s Equiv,EXCLUDING,CTC,2018-05-14,48076.92307692308,34027000,62.147501461133835,Heart Breakfast & Late Evening Sponsorship
ClientBrand,Radio Sponsorship,,Brand,All Adult 30s Equiv,EXCLUDING,CTC,2018-05-21,45009.44977544878,34027000,1.3990356516656925,Heart Breakfast & Late Evening Sponsorship
ClientBrand,Radio Sponsorship,,Brand,All Adult 30s Equiv,EXCLUDING,CTC,2018-05-21,3067.473301474292,2319000,62.147501461133835,Heart Promotional Burst
ClientBrand,Radio Sponsorship,,Brand,All Adult 30s Equiv,EXCLUDING,CTC,2018-05-28,17562.946008499403,27415000,11.14114552893045,Heart Breakfast & Late Evening Sponsorship
ClientBrand,Radio Sponsorship,,Brand,All Adult 30s Equiv,EXCLUDING,CTC,2018-05-28,17009.439338744032,26551000,16.070645821157218,Heart Promotional Burst
ClientBrand,Radio Sponsorship,,Brand,All Adult 30s Equiv,EXCLUDING,CTC,2018-05-28,3289.649015270634,5135000,31.956823495032143,Classic FM Promotional Burst
ClientBrand,Radio Sponsorship,,Brand,All Adult 30s Equiv,EXCLUDING,CTC,2018-05-28,10214.88871440901,15945000,27.88756575102279,Smooth Promotional Burst
ClientBrand,Radio Sponsorship,,Brand,All Adult 30s Equiv,EXCLUDING,CTC,2018-06-04,45020.59778018168,34027000,62.147501461133835,Heart Breakfast & Late Evening Sponsorship
ClientBrand,Radio Sponsorship,,Brand,All Adult 30s Equiv,EXCLUDING,CTC,2018-06-04,3056.3252967414014,2310000,62.147501461133835,Heart Promotional Burst
ClientBrand,Radio Sponsorship,,Brand,All Adult 30s Equiv,EXCLUDING,CTC,2018-06-11,44804.81654082114,34027000,11.14114552893045,Heart Breakfast & Late Evening Sponsorship
ClientBrand,Radio Sponsorship,,Brand,All Adult 30s Equiv,EXCLUDING,CTC,2018-06-11,3272.106536101935,2485000,3.0208942139099944,Heart Promotional Burst
ClientBrand,Radio Sponsorship,,Brand,All Adult 30s Equiv,EXCLUDING,CTC,2018-06-18,48076.92307692308,34027000,62.147501461133835,Heart Breakfast & Late Evening Sponsorship
ClientBrand,Radio Sponsorship,,Brand,All Adult 30s Equiv,EXCLUDING,CTC,2018-06-25,45237.216534537,34027000,4.602571595558153,Heart Breakfast & Late Evening Sponsorship
ClientBrand,Radio Sponsorship,,Brand,All Adult 30s Equiv,EXCLUDING,CTC,2018-06-25,2839.7065423860768,2136000,50.07123027469316,Heart Promotional Burst
ClientBrand,Radio Sponsorship,,Brand,All Adult 30s Equiv,EXCLUDING,CTC,2018-07-02,37999.430014133504,34027000,62.147501461133835,Heart Breakfast & Late Evening Sponsorship
ClientBrand,Radio Sponsorship,,Brand,All Adult 30s Equiv,EXCLUDING,CTC,2018-07-02,10077.493062789572,9024000,43.29339567504383,Heart Promotional Burst
ClientBrand,Radio Sponsorship,,Brand,All Adult 30s Equiv,EXCLUDING,CTC,2018-07-09,46926.75085449246,34027000,7.599722384570427,Heart Breakfast & Late Evening Sponsorship
ClientBrand,Radio Sponsorship,,Brand,All Adult 30s Equiv,EXCLUDING,CTC,2018-07-09,1150.17222243062,834000,19.829412624196376,Heart Promotional Burst
ClientBrand,Radio Sponsorship,,Brand,All Adult 30s Equiv,EXCLUDING,CTC,2018-07-16,47989.48228280271,34027000,62.147501461133835,Heart Breakfast & Late Evening Sponsorship
ClientBrand,Radio Sponsorship,,Brand,All Adult 30s Equiv,EXCLUDING,CTC,2018-07-16,87.44079412036818,62000,19.30888369374635,Heart Promotional Burst
ClientBrand,Radio Sponsorship,,Brand,All Adult 30s Equiv,EXCLUDING,CTC,2018-07-23,47033.33510259506,34027000,16.781122150789013,Heart Breakfast & Late Evening Sponsorship
ClientBrand,Radio Sponsorship,,Brand,All Adult 30s Equiv,EXCLUDING,CTC,2018-07-23,1043.5879743280123,755000,62.147501461133835,Heart Promotional Burst
ClientBrand,Radio Sponsorship,,Brand,All Adult 30s Equiv,EXCLUDING,CTC,2018-07-30,46137.95474908936,34027000,51.771624780829924,Heart Breakfast & Late Evening Sponsorship
ClientBrand,Radio Sponsorship,,Brand,All Adult 30s Equiv,EXCLUDING,CTC,2018-07-30,1938.968327833714,1430000,2.8236411455289305,Heart Promotional Burst
ClientBrand,Radio Sponsorship,,Brand,All Adult 30s Equiv,EXCLUDING,CTC,2018-08-06,45861.16064978446,34027000,31.047267679719464,Heart Breakfast & Late Evening Sponsorship
ClientBrand,Radio Sponsorship,,Brand,All Adult 30s Equiv,EXCLUDING,CTC,2018-08-06,2215.762427138615,1644000,62.147501461133835,Heart Promotional Burst
ClientBrand,Radio Sponsorship,,Brand,All Adult 30s Equiv,EXCLUDING,CTC,2018-08-13,38199.0720949531,34027000,17.520821157218,Heart Breakfast & Late Evening Sponsorship
ClientBrand,Radio Sponsorship,,Brand,All Adult 30s Equiv,EXCLUDING,CTC,2018-08-13,9877.850981969974,8799000,2.9916715371127998,Heart Promotional Burst
ClientBrand,Radio Sponsorship,,Brand,All Adult 30s Equiv,EXCLUDING,CTC,2018-08-20,101636.52816732888,34027000,31.408898305084747,Heart Breakfast & Late Evening Sponsorship
ClientBrand,Radio Sponsorship,,Brand,All Adult 30s Equiv,EXCLUDING,CTC,2018-08-20,4940.394909594203,1654000,62.147501461133835,Heart Promotional Burst
ClientBrand,Radio Sponsorship,,Brand,All Adult 30s Equiv,EXCLUDING,CTC,2018-08-27,18167.679965730913,27415000,50.07123027469316,Heart Breakfast & Late Evening Sponsorship
ClientBrand,Radio Sponsorship,,Brand,All Adult 30s Equiv,EXCLUDING,CTC,2018-08-27,15708.43282537609,23704000,9.011542957334893,Heart Promotional Burst
ClientBrand,Radio Sponsorship,,Brand,All Adult 30s Equiv,EXCLUDING,CTC,2018-08-27,7194.83864263872,10857000,35.94023962594974,Classic FM Promotional Burst
ClientBrand,Radio Sponsorship,,Brand,All Adult 30s Equiv,EXCLUDING,CTC,2018-08-27,7005.971643177355,10572000,62.147501461133835,Smooth Promotional Burst
ClientBrand,Radio Sponsorship,,Brand,All Adult 30s Equiv,EXCLUDING,CTC,2018-09-03,45987.50348687099,34027000,59.25263004091175,Heart Breakfast & Late Evening Sponsorship
ClientBrand,Radio Sponsorship,,Brand,All Adult 30s Equiv,EXCLUDING,CTC,2018-09-03,2089.419590052092,1546000,6.023524254821742,Heart Promotional Burst
ClientBrand,Radio Sponsorship,,Brand,All Adult 30s Equiv,EXCLUDING,CTC,2018-09-10,45868.875971918176,34027000,62.147501461133835,Heart Breakfast & Late Evening Sponsorship
ClientBrand,Radio Sponsorship,,Brand,All Adult 30s Equiv,EXCLUDING,CTC,2018-09-10,2208.047105004907,1638000,62.147501461133835,Heart Promotional Burst
ClientBrand,Radio Sponsorship,,Brand,All Adult 30s Equiv,EXCLUDING,CTC,2018-09-17,38711.59898574177,34027000,4.326782583284629,Heart Breakfast & Late Evening Sponsorship
ClientBrand,Radio Sponsorship,,Brand,All Adult 30s Equiv,EXCLUDING,CTC,2018-09-17,5613.278555137094,4934000,49.013734658094684,Classic FM Promotional Burst
ClientBrand,Radio Sponsorship,,Brand,All Adult 30s Equiv,EXCLUDING,CTC,2018-09-17,3752.045536044211,3298000,3.183445353594389,Smooth Promotional Burst
ClientBrand,Radio Sponsorship,,Brand,All Adult 30s Equiv,EXCLUDING,CTC,2018-09-24,40003.752666368215,34027000,62.147501461133835,Heart Breakfast & Late Evening Sponsorship
ClientBrand,Radio Sponsorship,,Brand,All Adult 30s Equiv,EXCLUDING,CTC,2018-09-24,1818.7264635398838,1547000,2.825467562828755,Heart Promotional Burst
ClientBrand,Radio Sponsorship,,Brand,All Adult 30s Equiv,EXCLUDING,CTC,2018-09-24,4766.074391202772,4054000,34.07364114552893,Classic FM Promotional Burst
ClientBrand,Radio Sponsorship,,Brand,All Adult 30s Equiv,EXCLUDING,CTC,2018-09-24,1488.3695558122124,1266000,62.147501461133835,Smooth Promotional Burst
ClientBrand,Radio Sponsorship,,Brand,All Adult 30s Equiv,EXCLUDING,CTC,2018-10-01,38141.18256833512,34027000,11.703682057276446,Heart Breakfast & Late Evening Sponsorship
ClientBrand,Radio Sponsorship,,Brand,All Adult 30s Equiv,EXCLUDING,CTC,2018-10-01,9935.74050858796,8864000,7.404295733489187,Heart Promotional Burst
ClientBrand,Radio Sponsorship,,Brand,All Adult 30s Equiv,EXCLUDING,CTC,2018-10-08,45920.37786774629,34027000,62.147501461133835,Heart Breakfast & Late Evening Sponsorship
ClientBrand,Radio Sponsorship,,Brand,All Adult 30s Equiv,EXCLUDING,CTC,2018-10-08,2156.5452091767884,1598000,2.3122443015780245,Heart Promotional Burst
ClientBrand,Radio Sponsorship,,Brand,All Adult 30s Equiv,EXCLUDING,CTC,2018-10-15,48076.92307692308,34027000,7.22895967270602,Heart Breakfast & Late Evening Sponsorship
ClientBrand,Radio Sponsorship,,Brand,All Adult 30s Equiv,EXCLUDING,CTC,2018-10-22,46140.55736958008,34027000,62.147501461133835,Heart Breakfast & Late Evening Sponsorship
ClientBrand,Radio Sponsorship,,Brand,All Adult 30s Equiv,EXCLUDING,CTC,2018-10-22,1936.3657073430027,1428000,62.147501461133835,Heart Promotional Burst
ClientBrand,Radio Sponsorship,,Brand,All Adult 30s Equiv,EXCLUDING,CTC,2018-10-29,46959.07975825879,34027000,4.235461718293395,Heart Breakfast & Late Evening Sponsorship
ClientBrand,Radio Sponsorship,,Brand,All Adult 30s Equiv,EXCLUDING,CTC,2018-10-29,1117.8433186642849,810000,16.189362945645822,Heart Promotional Burst
ClientBrand,Radio Sponsorship,,Brand,All Adult 30s Equiv,EXCLUDING,CTC,2018-11-05,47048.21436077368,34027000,50.07123027469316,Heart Breakfast & Late Evening Sponsorship
ClientBrand,Radio Sponsorship,,Brand,All Adult 30s Equiv,EXCLUDING,CTC,2018-11-05,1028.7087161493996,744000,62.147501461133835,Heart Promotional Burst
ClientBrand,Radio Sponsorship,,Brand,All Adult 30s Equiv,EXCLUDING,CTC,2018-11-12,48076.92307692308,34027000,27.11499123319696,Heart Breakfast & Late Evening Sponsorship
ClientBrand,Radio Sponsorship,,Brand,All Adult 30s Equiv,EXCLUDING,CTC,2018-11-19,46891.778070297296,34027000,4.416277030976038,Heart Breakfast & Late Evening Sponsorship
ClientBrand,Radio Sponsorship,,Brand,All Adult 30s Equiv,EXCLUDING,CTC,2018-11-19,1185.1450066257876,860000,2.918614845119813,Heart Promotional Burst
ClientBrand,Radio Sponsorship,,Brand,All Adult 30s Equiv,EXCLUDING,CTC,2018-11-26,48076.92307692308,34027000,15.184833430742255,Heart Breakfast & Late Evening Sponsorship
ClientBrand,Radio Sponsorship,,Brand,All Adult 30s Equiv,EXCLUDING,CTC,2018-12-03,47063.1030362043,34027000,62.147501461133835,Heart Breakfast & Late Evening Sponsorship
ClientBrand,Radio Sponsorship,,Brand,All Adult 30s Equiv,EXCLUDING,CTC,2018-12-03,1013.820040718775,733000,62.147501461133835,Heart Promotional Burst
ClientBrand,Radio Sponsorship,,Brand,All Adult 30s Equiv,EXCLUDING,CTC,2018-12-10,47063.1030362043,34027000,62.147501461133835,Heart Breakfast & Late Evening Sponsorship
ClientBrand,Radio Sponsorship,,Brand,All Adult 30s Equiv,EXCLUDING,CTC,2018-12-10,1013.820040718775,733000,62.147501461133835,Heart Promotional Burst
ClientBrand,Radio Sponsorship,,Brand,All Adult 30s Equiv,EXCLUDING,CTC,2018-12-17,30701.776547152273,34027000,4.235461718293395,Heart Breakfast & Late Evening Sponsorship
ClientBrand,Radio Sponsorship,,Brand,All Adult 30s Equiv,EXCLUDING,CTC,2018-12-17,1588.0073683541893,1760000,2.60812390414962,Heart Promotional Burst
ClientBrand,Radio Sponsorship,,Brand,All Adult 30s Equiv,EXCLUDING,CTC,2018-12-17,15787.139161416619,17497000,3.183445353594389,Smooth Promotional Burst
ClientBrand,Radio Sponsorship,,Brand,All Adult 30s Equiv,EXCLUDING,CTC,2018-12-24,11612.914495712228,19678000,50.07123027469316,Heart Breakfast & Late Evening Sponsorship
ClientBrand,Radio Sponsorship,,Brand,All Adult 30s Equiv,EXCLUDING,CTC,2018-12-24,15837.187387281907,26836000,62.147501461133835,Heart Promotional Burst
ClientBrand,Radio Sponsorship,,Brand,All Adult 30s Equiv,EXCLUDING,CTC,2018-12-24,11009.78416668398,18656000,29.76329631794272,Classic FM Promotional Burst
ClientBrand,Radio Sponsorship,,Brand,All Adult 30s Equiv,EXCLUDING,CTC,2018-12-24,9617.037027244967,16296000,62.147501461133835,Smooth Promotional Burst
ClientBrand,Radio Sponsorship,,Brand,All Adult 30s Equiv,EXCLUDING,CTC,2018-12-31,22200.311262324463,25988000,48.49320572764465,Heart Breakfast & Late Evening Sponsorship
ClientBrand,Radio Sponsorship,,Brand,All Adult 30s Equiv,EXCLUDING,CTC,2018-12-31,22608.643907521906,26466000,1.4793980128579778,Heart Promotional Burst
ClientBrand,Radio Sponsorship,,Brand,All Adult 30s Equiv,EXCLUDING,CTC,2018-12-31,10634.588075445485,12449000,47.46493278784337,Classic FM Promotional Burst
ClientBrand,Radio Sponsorship,,Brand,All Adult 30s Equiv,EXCLUDING,CTC,2018-12-31,13043.579831631223,15269000,62.147501461133835,Smooth Promotional Burst
ClientBrand,Radio Sponsorship,,Brand,All Adult 30s Equiv,EXCLUDING,CTC,2019-01-07,50701.43415906128,34027000,9.378652834599649,Heart Breakfast & Late Evening Sponsorship
ClientBrand,Radio Sponsorship,,Brand,All Adult 30s Equiv,EXCLUDING,CTC,2019-01-07,2597.1316818774444,1743000,62.147501461133835,Heart Promotional Burst
ClientBrand,Radio Sponsorship,,Brand,All Adult 30s Equiv,EXCLUDING,CTC,2019-01-14,50701.43415906128,34027000,29.122223845704266,Heart Breakfast & Late Evening Sponsorship
ClientBrand,Radio Sponsorship,,Brand,All Adult 30s Equiv,EXCLUDING,CTC,2019-01-14,2597.1316818774444,1743000,1.35885447106955,Heart Promotional Burst
ClientBrand,Radio Sponsorship,,Brand,All Adult 30s Equiv,EXCLUDING,CTC,2019-01-21,50701.43415906128,34027000,62.147501461133835,Heart Breakfast & Late Evening Sponsorship Row 1
ClientBrand,Radio Sponsorship,,Brand,All Adult 30s Equiv,EXCLUDING,CTC,2019-01-21,0.0,2160140.2688486264,4.2190239625949735,Heart Breakfast & Late Evening Sponsorship Row 2
ClientBrand,Radio Sponsorship,,Brand,All Adult 30s Equiv,EXCLUDING,CTC,2019-04-15,23586.69792480681,24814000,47.62763915547025,Heart Promotional Burst
ClientBrand,Radio Sponsorship,,Brand,All Adult 30s Equiv,EXCLUDING,CTC,2019-04-15,15728.584289585648,16547000,31.760076775431862,Smooth Promotional Burst
ClientBrand,Radio Sponsorship,,Brand,All Adult 30s Equiv,EXCLUDING,CTC,2019-04-22,23586.69792480681,24814000,47.62763915547025,Heart Promotional Burst
ClientBrand,Radio Sponsorship,,Brand,All Adult 30s Equiv,EXCLUDING,CTC,2019-04-22,21187.535131133383,22290000,42.783109404990405,Smooth Promotional Burst
